dataset,model,forecast_origin,target_date,horizon,y_true,y_pred,residual,elapsed_seconds,fit_parameters
gold,PLS_Regression,2007-06-06,2007-06-07,1,670.85,669.7817578599419,1.068242140058146,0.0555930999998963,
gold,PLS_Regression,2007-06-13,2007-06-14,1,650.75,644.4818527582511,6.26814724174892,0.0338597999998455,
gold,PLS_Regression,2007-06-20,2007-06-21,1,654.5,659.225010772945,-4.725010772944984,0.0338076000007276,
gold,PLS_Regression,2007-06-28,2007-06-29,1,648.5,645.4193648901205,3.080635109879495,0.0355911999995441,
gold,PLS_Regression,2007-07-05,2007-07-06,1,647.75,655.6707446384071,-7.920744638407086,0.0347233000011328,
gold,PLS_Regression,2007-07-12,2007-07-13,1,667.5,663.4110051575833,4.088994842416696,0.0343083999996451,
gold,PLS_Regression,2007-07-19,2007-07-20,1,676.0,673.0316258789874,2.96837412101263,0.0375626999993983,
gold,PLS_Regression,2007-07-26,2007-07-27,1,663.5,676.019577664121,-12.519577664121016,0.0336050999994768,
gold,PLS_Regression,2007-08-02,2007-08-03,1,666.35,665.2420181963532,1.107981803646794,0.0373811999997997,
gold,PLS_Regression,2007-08-09,2007-08-10,1,664.5,671.1329516639084,-6.632951663908443,0.0346232000010786,
gold,PLS_Regression,2007-08-16,2007-08-17,1,653.0,664.4293246582972,-11.42932465829722,0.0333499000007577,
gold,PLS_Regression,2007-08-23,2007-08-24,1,659.75,661.9606885243327,-2.210688524332681,0.0412198999983957,
gold,PLS_Regression,2007-09-10,2007-09-11,1,704.25,703.5113446675239,0.738655332476128,0.0339609000002383,
gold,PLS_Regression,2007-09-17,2007-09-18,1,717.7,710.6319989785204,7.068001021479631,0.0324025000008987,
gold,PLS_Regression,2007-09-25,2007-09-26,1,730.55,728.913375876434,1.63662412356598,0.032999999999447,
gold,PLS_Regression,2007-10-02,2007-10-03,1,733.15,737.5090019071101,-4.359001907110155,0.0314407000005303,
gold,PLS_Regression,2007-10-09,2007-10-10,1,740.5,730.0858351925771,10.414164807422935,0.0337644000010186,
gold,PLS_Regression,2007-10-16,2007-10-17,1,759.75,761.636288446449,-1.886288446449044,0.0334712000003492,
gold,PLS_Regression,2007-10-23,2007-10-24,1,757.35,757.879772789172,-0.5297727891719433,0.0340991000011854,
gold,PLS_Regression,2007-10-30,2007-10-31,1,783.0,785.2598479328524,-2.259847932852381,0.0416022999997949,
gold,PLS_Regression,2007-11-06,2007-11-07,1,841.75,817.5976699780515,24.1523300219485,0.0330697999997937,
gold,PLS_Regression,2007-11-13,2007-11-14,1,808.25,804.6916456798251,3.5583543201748853,0.0318922000005841,
gold,PLS_Regression,2007-11-20,2007-11-21,1,796.25,789.9356243824616,6.314375617538417,0.0411464000007981,
gold,PLS_Regression,2007-11-27,2007-11-28,1,796.5,824.6012490013906,-28.10124900139056,0.0413313000008201,
gold,PLS_Regression,2007-12-04,2007-12-05,1,801.75,789.266583769165,12.48341623083502,0.0486619000002974,
gold,PLS_Regression,2007-12-11,2007-12-12,1,807.5,806.3893678335148,1.1106321664851748,0.0421101000010821,
gold,PLS_Regression,2007-12-18,2007-12-19,1,801.5,795.4951701405455,6.004829859454503,0.0479919999997946,
gold,PLS_Regression,2008-01-10,2008-01-11,1,893.75,876.450066315063,17.299933684936946,0.0500214000003325,
gold,PLS_Regression,2008-01-17,2008-01-18,1,872.75,881.7189214488974,-8.96892144889739,0.0529286000000865,
gold,PLS_Regression,2008-01-28,2008-01-29,1,927.5,917.1834433716735,10.316556628326452,0.0421906999999919,
gold,PLS_Regression,2008-02-05,2008-02-06,1,892.0,890.2720613799556,1.7279386200443696,0.0418272000006254,
gold,PLS_Regression,2008-02-12,2008-02-13,1,905.75,920.4317673196332,-14.681767319633307,0.0414163999994343,
gold,PLS_Regression,2008-02-19,2008-02-20,1,924.85,916.6036575073496,8.246342492650342,0.0430354000000079,
gold,PLS_Regression,2008-02-26,2008-02-27,1,958.75,934.5606573018,24.189342698200107,0.0419493999997939,
gold,PLS_Regression,2008-03-04,2008-03-05,1,966.25,981.953145221386,-15.70314522138608,0.0468299000003753,
gold,PLS_Regression,2008-03-11,2008-03-12,1,975.75,980.985995260047,-5.235995260047048,0.0439205999991827,
gold,PLS_Regression,2008-03-18,2008-03-19,1,995.25,1008.164728621768,-12.91472862176795,0.043662600000971,
gold,PLS_Regression,2008-04-04,2008-04-07,1,914.7,903.6549839706512,11.045016029348972,0.0556083999999827,
gold,PLS_Regression,2008-04-11,2008-04-14,1,917.75,925.1878185626042,-7.437818562604207,0.0531819999996514,
gold,PLS_Regression,2008-04-22,2008-04-23,1,916.25,919.6675009541896,-3.417500954189677,0.0372799999986455,
gold,PLS_Regression,2008-04-29,2008-04-30,1,867.75,886.3295830415562,-18.579583041556248,0.0410836999999446,
gold,PLS_Regression,2008-05-15,2008-05-16,1,885.0,864.7252493620983,20.27475063790166,0.0473419000009016,
gold,PLS_Regression,2008-05-22,2008-05-23,1,922.25,927.188859706137,-4.938859706137009,0.0469988000004377,
gold,PLS_Regression,2008-06-09,2008-06-10,1,884.5,903.0279083865172,-18.527908386517083,0.0531453000003239,
gold,PLS_Regression,2008-06-16,2008-06-17,1,883.0,870.9141295994236,12.085870400576368,0.0480444000004354,
gold,PLS_Regression,2008-06-24,2008-06-25,1,887.25,889.3128151680205,-2.0628151680205065,0.0593096000011428,
gold,PLS_Regression,2008-07-01,2008-07-02,1,936.0,929.4595725620064,6.540427437993685,0.045871199999965,
gold,PLS_Regression,2008-07-08,2008-07-09,1,923.25,929.0498061707784,-5.799806170778311,0.0446886999998241,
gold,PLS_Regression,2008-07-15,2008-07-16,1,974.0,981.0320886806136,-7.0320886806134695,0.0477291999995941,
gold,PLS_Regression,2008-07-22,2008-07-23,1,934.75,973.9004218294032,-39.150421829403285,0.0536992999986978,
gold,PLS_Regression,2008-07-29,2008-07-30,1,914.1,929.0675572493028,-14.967557249302786,0.0446689000000333,
gold,PLS_Regression,2008-08-05,2008-08-06,1,884.75,885.7799355618122,-1.0299355618121808,0.0439848999994865,
gold,PLS_Regression,2008-08-12,2008-08-13,1,824.0,810.6058035272065,13.39419647279351,0.0387535000008938,
gold,PLS_Regression,2008-08-19,2008-08-20,1,806.75,788.5712815685345,18.17871843146554,0.0452685000000201,
gold,PLS_Regression,2008-09-04,2008-09-05,1,796.25,808.1276401668053,-11.87764016680535,0.0412250999997922,
gold,PLS_Regression,2008-09-11,2008-09-12,1,757.5,743.7660720312103,13.733927968789658,0.0504141999990679,
gold,PLS_Regression,2008-09-18,2008-09-19,1,837.5,859.1344390550735,-21.63443905507347,0.0553713999997853,
gold,PLS_Regression,2008-09-26,2008-09-29,1,876.5,869.8369438037134,6.663056196286561,0.0540815000003931,
gold,PLS_Regression,2008-10-03,2008-10-06,1,836.5,844.0846094656229,-7.584609465622861,0.0569391000008181,
gold,PLS_Regression,2008-10-10,2008-10-13,1,865.0,915.9344531326494,-50.93445313264942,0.0644544999995559,
gold,PLS_Regression,2008-10-17,2008-10-20,1,803.0,802.6799303940257,0.320069605974254,0.0562217000006057,
gold,PLS_Regression,2008-10-24,2008-10-27,1,720.5,690.8042101162769,29.695789883723137,0.0638424999997369,
gold,PLS_Regression,2008-10-31,2008-11-03,1,734.0,729.3989110023563,4.601088997643728,0.0508144999985233,
gold,PLS_Regression,2008-11-07,2008-11-10,1,751.75,740.8087145180295,10.941285481970452,0.0534809000000677,
gold,PLS_Regression,2008-11-14,2008-11-17,1,745.0,727.409008701477,17.590991298523022,0.0440536000005522,
gold,PLS_Regression,2008-11-21,2008-11-24,1,816.75,758.0791727205486,58.67082727945137,0.0541133999995508,
gold,PLS_Regression,2008-11-28,2008-12-01,1,795.5,812.7732969890172,-17.27329698901724,0.0529987999998411,
gold,PLS_Regression,2008-12-05,2008-12-08,1,772.25,771.8983371686047,0.3516628313952878,0.0540669000001798,
gold,PLS_Regression,2008-12-12,2008-12-15,1,827.5,814.7997969639175,12.700203036082485,0.0425388000003295,
gold,PLS_Regression,2008-12-19,2008-12-22,1,846.0,841.5261832767665,4.47381672323354,0.0395485000008193,
gold,PLS_Regression,2009-01-13,2009-01-14,1,827.25,817.4405754952184,9.809424504781646,0.0414082999996026,
gold,PLS_Regression,2009-01-20,2009-01-21,1,860.5,835.7027746030287,24.79722539697127,0.0426256999999168,
gold,PLS_Regression,2009-01-30,2009-02-02,1,913.75,915.3176800313838,-1.5676800313838155,0.0427786000000196,
gold,PLS_Regression,2009-02-06,2009-02-09,1,901.0,914.760808812614,-13.76080881261396,0.0409240999997564,
gold,PLS_Regression,2009-02-13,2009-02-16,1,943.0,940.4094175945,2.5905824054999584,0.0433909999992465,
gold,PLS_Regression,2009-02-20,2009-02-23,1,987.0,981.1491833975668,5.850816602433156,0.0516961000012088,
gold,PLS_Regression,2009-02-27,2009-03-02,1,949.5,943.126934285026,6.373065714974018,0.05084110000098,
gold,PLS_Regression,2009-03-06,2009-03-09,1,934.75,935.8198595377252,-1.0698595377252786,0.0540851999994629,
gold,PLS_Regression,2009-03-13,2009-03-16,1,923.0,919.4420622760048,3.55793772399511,0.0596687999986897,
gold,PLS_Regression,2009-03-20,2009-03-23,1,952.75,956.2032357734428,-3.453235773442884,0.0553555999995296,
gold,PLS_Regression,2009-03-27,2009-03-30,1,923.0,927.4439154945596,-4.443915494559633,0.0647265999996307,
gold,PLS_Regression,2009-04-03,2009-04-06,1,879.5,902.4980155232132,-22.99801552321333,0.0537319999984902,
gold,PLS_Regression,2009-04-22,2009-04-23,1,894.5,885.2484483962112,9.251551603788812,0.0608609000009892,
gold,PLS_Regression,2009-04-29,2009-04-30,1,889.0,894.3019219678364,-5.3019219678363925,0.0554689000000507,
gold,PLS_Regression,2009-05-15,2009-05-18,1,929.75,925.3299941940631,4.420005805936739,0.0594802000014169,
gold,PLS_Regression,2009-06-02,2009-06-03,1,979.0,974.2861118509512,4.713888149048898,0.0553442999989783,
gold,PLS_Regression,2009-06-09,2009-06-10,1,961.25,951.366098678728,9.883901321272106,0.0470654000000649,
gold,PLS_Regression,2009-06-16,2009-06-17,1,933.75,935.825714361803,-2.075714361802966,0.0531436000001122,
gold,PLS_Regression,2009-06-24,2009-06-25,1,934.25,928.0259083352192,6.224091664780872,0.0654888000008213,
gold,PLS_Regression,2009-07-01,2009-07-02,1,936.0,932.1384760487816,3.861523951218487,0.0599001999999018,
gold,PLS_Regression,2009-07-08,2009-07-09,1,914.75,921.0414934252176,-6.291493425217482,0.0638452999992296,
gold,PLS_Regression,2009-07-15,2009-07-16,1,935.25,929.7912037872496,5.458796212750485,0.0590188000005582,
gold,PLS_Regression,2009-07-22,2009-07-23,1,955.25,945.7779302891754,9.4720697108246,0.0545913999994809,
gold,PLS_Regression,2009-07-29,2009-07-30,1,932.0,936.9921957944704,-4.992195794470263,0.0430711999997583,
gold,PLS_Regression,2009-08-05,2009-08-06,1,960.75,964.1043898060092,-3.354389806009067,0.0498907000001054,
gold,PLS_Regression,2009-08-12,2009-08-13,1,956.0,943.6767321595762,12.323267840423796,0.0562096000012388,
gold,PLS_Regression,2009-08-19,2009-08-20,1,943.5,934.3000470595482,9.199952940451794,0.0532937999996647,
gold,PLS_Regression,2009-08-26,2009-08-27,1,943.5,949.5631654005092,-6.06316540050932,0.0398846999996749,
gold,PLS_Regression,2009-09-11,2009-09-14,1,994.25,997.819919705894,-3.569919705894108,0.0458470999983546,
gold,PLS_Regression,2009-09-18,2009-09-21,1,999.25,1014.8624016695632,-15.612401669563267,0.0419567999997525,
gold,PLS_Regression,2009-09-25,2009-09-28,1,990.5,998.5456388188908,-8.04563881889078,0.0450121000012586,
gold,PLS_Regression,2009-10-05,2009-10-06,1,1020.25,1003.8127139202657,16.437286079734463,0.0446443000000726,
gold,PLS_Regression,2009-10-12,2009-10-13,1,1064.5,1051.0876285133288,13.41237148667119,0.0368053000001964,
gold,PLS_Regression,2009-10-19,2009-10-20,1,1064.0,1054.0500658331378,9.94993416686225,0.0473870999994687,
gold,PLS_Regression,2009-10-26,2009-10-27,1,1040.75,1055.8044858317655,-15.054485831765533,0.0365562999995745,
gold,PLS_Regression,2009-11-02,2009-11-03,1,1058.0,1051.8013988195312,6.198601180468813,0.0450061999999888,
gold,PLS_Regression,2009-11-09,2009-11-10,1,1099.75,1107.5014821136742,-7.751482113674228,0.0404322000013053,
gold,PLS_Regression,2009-11-16,2009-11-17,1,1131.75,1127.8564248701964,3.893575129803594,0.0378258000000641,
gold,PLS_Regression,2009-11-23,2009-11-24,1,1170.25,1165.2516814819064,4.998318518093583,0.0487929999999323,
gold,PLS_Regression,2009-11-30,2009-12-01,1,1193.5,1172.0525034589314,21.44749654106863,0.0599421999995684,
gold,PLS_Regression,2009-12-07,2009-12-08,1,1164.25,1150.3820646079016,13.867935392098389,0.0555777000008674,
gold,PLS_Regression,2009-12-14,2009-12-15,1,1115.0,1121.01260029822,-6.01260029822015,0.0620157000012113,
gold,PLS_Regression,2009-12-21,2009-12-22,1,1094.25,1112.5102556609804,-18.26025566098042,0.0602507999992667,
gold,PLS_Regression,2010-01-13,2010-01-14,1,1137.5,1133.9690759972814,3.5309240027186206,0.0598415000004024,
gold,PLS_Regression,2010-01-20,2010-01-21,1,1104.0,1130.121090293772,-26.12109029377212,0.0517164000011689,
gold,PLS_Regression,2010-02-01,2010-02-02,1,1114.0,1081.7725915450735,32.22740845492649,0.0604800999990402,
gold,PLS_Regression,2010-02-08,2010-02-09,1,1068.0,1066.652565520374,1.3474344796259174,0.0505147000003489,
gold,PLS_Regression,2010-02-15,2010-02-16,1,1115.25,1098.2536798009985,16.996320199001502,0.0540172999990318,
gold,PLS_Regression,2010-02-22,2010-02-23,1,1112.0,1118.9578007141886,-6.957800714188579,0.0566507000003184,
gold,PLS_Regression,2010-03-01,2010-03-02,1,1116.0,1116.945435946894,-0.945435946894122,0.0707664000001386,
gold,PLS_Regression,2010-03-08,2010-03-09,1,1120.0,1134.0774494893,-14.077449489299852,0.0569780000005266,
gold,PLS_Regression,2010-03-15,2010-03-16,1,1113.25,1104.7705519962688,8.47944800373125,0.0467518999994354,
gold,PLS_Regression,2010-03-22,2010-03-23,1,1100.75,1105.0232959628593,-4.273295962859265,0.0434284999992087,
gold,PLS_Regression,2010-03-29,2010-03-30,1,1109.75,1110.617328198373,-0.8673281983726611,0.040604700001495,
gold,PLS_Regression,2010-04-15,2010-04-16,1,1157.0,1152.0605842041157,4.939415795884315,0.0383928999999625,
gold,PLS_Regression,2010-04-22,2010-04-23,1,1140.0,1144.3832677328717,-4.383267732871673,0.0426201999998738,
gold,PLS_Regression,2010-04-29,2010-04-30,1,1175.25,1170.090831233034,5.159168766965877,0.0402953000011621,
gold,PLS_Regression,2010-05-17,2010-05-18,1,1215.0,1230.1939259489827,-15.193925948982724,0.0327192000004288,
gold,PLS_Regression,2010-05-24,2010-05-25,1,1189.5,1182.9799282296992,6.520071770300774,0.0366350999993301,
gold,PLS_Regression,2010-06-09,2010-06-10,1,1220.0,1236.0551425951166,-16.05514259511665,0.037447600001542,
gold,PLS_Regression,2010-06-16,2010-06-17,1,1234.5,1235.2739321322365,-0.7739321322364958,0.0486657000001287,
gold,PLS_Regression,2010-06-23,2010-06-24,1,1233.25,1242.6292049609274,-9.379204960927382,0.0409861999996792,
gold,PLS_Regression,2010-07-01,2010-07-02,1,1210.5,1240.441002910611,-29.94100291061068,0.0570017000009102,
gold,PLS_Regression,2010-07-08,2010-07-09,1,1196.25,1199.9325783614493,-3.6825783614492593,0.0438857999997708,
gold,PLS_Regression,2010-07-15,2010-07-16,1,1204.75,1212.3781380282664,-7.628138028266449,0.0414732999997795,
gold,PLS_Regression,2010-07-22,2010-07-23,1,1198.75,1187.381796985615,11.368203014385015,0.0393055999993521,
gold,PLS_Regression,2010-07-29,2010-07-30,1,1168.0,1165.4231786930677,2.5768213069322883,0.0407704999997804,
gold,PLS_Regression,2010-08-05,2010-08-06,1,1194.5,1195.7210957989175,-1.2210957989175313,0.0549246999999013,
gold,PLS_Regression,2010-08-12,2010-08-13,1,1215.0,1200.4466140967645,14.553385903235494,0.0439260000002832,
gold,PLS_Regression,2010-08-19,2010-08-20,1,1230.5,1228.0540238438737,2.445976156126335,0.0411409000007552,
gold,PLS_Regression,2010-08-26,2010-08-27,1,1234.5,1241.0199343365016,-6.519934336501592,0.0477970000010827,
gold,PLS_Regression,2010-09-13,2010-09-14,1,1253.25,1243.8078111750049,9.442188824995128,0.0415611999997054,
gold,PLS_Regression,2010-09-20,2010-09-21,1,1278.75,1280.4001247067292,-1.6501247067292295,0.0501005000005534,
gold,PLS_Regression,2010-09-28,2010-09-29,1,1307.5,1290.203946244725,17.296053755274897,0.0479611999999178,
gold,PLS_Regression,2010-10-05,2010-10-06,1,1347.0,1325.7908219632848,21.20917803671523,0.0467155999995156,
gold,PLS_Regression,2010-10-12,2010-10-13,1,1358.5,1344.3691563038365,14.130843696163538,0.0418642000004183,
gold,PLS_Regression,2010-10-19,2010-10-20,1,1340.5,1367.6053702818567,-27.10537028185672,0.038330199999109,
gold,PLS_Regression,2010-10-26,2010-10-27,1,1332.25,1335.2543233547285,-3.0043233547285126,0.0365229999988514,
gold,PLS_Regression,2010-11-02,2010-11-03,1,1358.5,1359.0034891471155,-0.5034891471154879,0.0418015999985073,
gold,PLS_Regression,2010-11-09,2010-11-10,1,1402.0,1415.3692341477008,-13.369234147700809,0.035099300001093,
gold,PLS_Regression,2010-11-16,2010-11-17,1,1336.5,1363.200389380487,-26.700389380486968,0.0386541000007127,
gold,PLS_Regression,2010-11-23,2010-11-24,1,1376.25,1361.5977316694657,14.652268330534298,0.0400096000012126,
gold,PLS_Regression,2010-11-30,2010-12-01,1,1391.5,1374.76501197364,16.734988026360043,0.0440856000004714,
gold,PLS_Regression,2010-12-07,2010-12-08,1,1395.0,1425.8207105410647,-30.820710541064727,0.0498227999996743,
gold,PLS_Regression,2010-12-14,2010-12-15,1,1388.25,1404.4374641157956,-16.187464115795592,0.0541300999993836,
gold,PLS_Regression,2010-12-21,2010-12-22,1,1389.0,1386.3558145623997,2.6441854376003,0.0456896000014239,
gold,PLS_Regression,2011-01-13,2011-01-14,1,1369.25,1381.7363965526845,-12.486396552684482,0.063770700000532,
gold,PLS_Regression,2011-01-20,2011-01-21,1,1344.0,1365.931343284565,-21.931343284564942,0.0625462000007246,
gold,PLS_Regression,2011-02-01,2011-02-02,1,1337.0,1337.4480893350485,-0.4480893350482802,0.0447564999994938,
gold,PLS_Regression,2011-02-08,2011-02-09,1,1362.5,1354.0795094431537,8.420490556846289,0.0453772000000753,
gold,PLS_Regression,2011-02-15,2011-02-16,1,1374.5,1372.0291604796384,2.470839520361551,0.0394092000005912,
gold,PLS_Regression,2011-02-22,2011-02-23,1,1401.25,1395.5312972579798,5.718702742020241,0.036997600000177,
gold,PLS_Regression,2011-03-01,2011-03-02,1,1430.5,1415.0013495459257,15.498650454074324,0.041131600000881,
gold,PLS_Regression,2011-03-08,2011-03-09,1,1431.5,1435.9764442765502,-4.476444276550183,0.0474309999990509,
gold,PLS_Regression,2011-03-15,2011-03-16,1,1398.5,1408.801530114098,-10.301530114097886,0.0531558000002405,
gold,PLS_Regression,2011-03-22,2011-03-23,1,1433.0,1426.3165522397285,6.68344776027152,0.0459960999996837,
gold,PLS_Regression,2011-03-29,2011-03-30,1,1419.0,1414.7837608641842,4.21623913581584,0.0471195000009174,
gold,PLS_Regression,2011-04-05,2011-04-06,1,1457.0,1434.890798912558,22.10920108744199,0.0637829999996029,
gold,PLS_Regression,2011-04-12,2011-04-13,1,1458.0,1462.130462323548,-4.130462323548045,0.0466338000005635,
gold,PLS_Regression,2011-04-19,2011-04-20,1,1505.0,1495.229493330638,9.77050666936202,0.0390714000004663,
gold,PLS_Regression,2011-05-13,2011-05-16,1,1495.0,1509.6349376106564,-14.63493761065638,0.0549721000006684,
gold,PLS_Regression,2011-05-24,2011-05-25,1,1527.0,1520.9504725581487,6.049527441851296,0.0528016999996907,
gold,PLS_Regression,2011-06-09,2011-06-10,1,1541.0,1535.3028653384315,5.697134661568271,0.0507321999994019,
gold,PLS_Regression,2011-06-16,2011-06-17,1,1526.25,1525.369275697777,0.8807243022229159,0.0523923999990074,
gold,PLS_Regression,2011-06-23,2011-06-24,1,1521.0,1542.8489403029018,-21.84894030290184,0.0540045999987341,
gold,PLS_Regression,2011-07-01,2011-07-04,1,1495.25,1494.6452781350615,0.6047218649382557,0.0453127000000677,
gold,PLS_Regression,2011-07-08,2011-07-11,1,1543.5,1526.651719536051,16.848280463949095,0.0468726999988575,
gold,PLS_Regression,2011-07-15,2011-07-18,1,1598.25,1579.688307536202,18.56169246379796,0.0406136999990849,
gold,PLS_Regression,2011-07-22,2011-07-25,1,1618.5,1589.961563372075,28.53843662792497,0.0403876000000309,
gold,PLS_Regression,2011-07-29,2011-08-01,1,1613.5,1615.0709452082997,-1.5709452082996904,0.0522899999996298,
gold,PLS_Regression,2011-08-05,2011-08-08,1,1709.75,1665.6736408910992,44.07635910890076,0.0676863999997294,
gold,PLS_Regression,2011-08-12,2011-08-15,1,1738.0,1757.1627484312976,-19.162748431297587,0.053936700000122,
gold,PLS_Regression,2011-08-19,2011-08-22,1,1877.75,1860.3900186784272,17.359981321572832,0.0517623999985517,
gold,PLS_Regression,2011-09-06,2011-09-07,1,1844.0,1891.073839430728,-47.073839430728185,0.0462812999994639,
gold,PLS_Regression,2011-09-13,2011-09-14,1,1829.0,1809.2904336170784,19.70956638292182,0.0539178999988507,
gold,PLS_Regression,2011-09-20,2011-09-21,1,1810.25,1794.5243506118704,15.725649388129568,0.049351800000295,
gold,PLS_Regression,2011-09-28,2011-09-29,1,1620.0,1650.171762744682,-30.171762744681928,0.0524196000005758,
gold,PLS_Regression,2011-10-05,2011-10-06,1,1649.5,1603.346972805495,46.15302719450506,0.0425039000001561,
gold,PLS_Regression,2011-10-12,2011-10-13,1,1673.0,1684.4238478311277,-11.42384783112766,0.0544047000003047,
gold,PLS_Regression,2011-10-19,2011-10-20,1,1629.0,1651.8137435024944,-22.81374350249439,0.0638164000010874,
gold,PLS_Regression,2011-10-26,2011-10-27,1,1708.0,1710.188754493194,-2.188754493193983,0.0479679999989457,
gold,PLS_Regression,2011-11-02,2011-11-03,1,1732.5,1730.4100782417324,2.0899217582675647,0.0542178000014246,
gold,PLS_Regression,2011-11-09,2011-11-10,1,1766.0,1781.503501239716,-15.503501239716115,0.0441793000009056,
gold,PLS_Regression,2011-11-16,2011-11-17,1,1756.0,1774.7419427577252,-18.741942757725155,0.0470237999998062,
gold,PLS_Regression,2011-11-23,2011-11-24,1,1699.0,1685.7843061935373,13.215693806462696,0.0446080000001529,
gold,PLS_Regression,2011-11-30,2011-12-01,1,1750.0,1705.5329328743617,44.46706712563832,0.0407278999991831,
gold,PLS_Regression,2011-12-07,2011-12-08,1,1739.0,1730.04708578624,8.952914213760096,0.0579753000001801,
gold,PLS_Regression,2011-12-14,2011-12-15,1,1590.0,1635.3014125291484,-45.301412529148365,0.0687973000003694,
gold,PLS_Regression,2011-12-21,2011-12-22,1,1609.0,1635.9073922600255,-26.90739226002552,0.0570995999987644,
gold,PLS_Regression,2012-01-13,2012-01-16,1,1643.5,1643.6022489359973,-0.1022489359972951,0.0476617999993322,
gold,PLS_Regression,2012-01-20,2012-01-23,1,1675.0,1648.2783518841638,26.72164811583616,0.0526541999988694,
gold,PLS_Regression,2012-02-01,2012-02-02,1,1747.5,1743.2576313514703,4.242368648529691,0.0539986000003409,
gold,PLS_Regression,2012-02-08,2012-02-09,1,1733.0,1741.9936518403124,-8.993651840312396,0.0483906000008573,
gold,PLS_Regression,2012-02-15,2012-02-16,1,1716.0,1726.4827147686506,-10.482714768650569,0.0466994999987946,
gold,PLS_Regression,2012-02-22,2012-02-23,1,1776.5,1755.3265523856253,21.17344761437471,0.0486437999988993,
gold,PLS_Regression,2012-02-29,2012-03-01,1,1721.0,1788.5439987718532,-67.54399877185324,0.0554611000006843,
gold,PLS_Regression,2012-03-07,2012-03-08,1,1701.5,1680.7053212106728,20.79467878932724,0.0460591999999451,
gold,PLS_Regression,2012-03-14,2012-03-15,1,1646.75,1664.639282752777,-17.889282752777035,0.0549596000000747,
gold,PLS_Regression,2012-03-21,2012-03-22,1,1636.0,1656.2862973577649,-20.28629735776485,0.0510467999993125,
gold,PLS_Regression,2012-03-28,2012-03-29,1,1655.75,1678.0144842894356,-22.264484289435583,0.0502494999982445,
gold,PLS_Regression,2012-04-04,2012-04-05,1,1622.5,1635.3702690939324,-12.870269093932391,0.0450452999994013,
gold,PLS_Regression,2012-04-23,2012-04-24,1,1638.75,1633.3537194279188,5.396280572081196,0.0342975999992631,
gold,PLS_Regression,2012-04-30,2012-05-01,1,1661.25,1662.716503336254,-1.466503336253936,0.0363798999987921,
gold,PLS_Regression,2012-05-16,2012-05-17,1,1547.0,1538.5056497104706,8.494350289529393,0.0401633999990735,
gold,PLS_Regression,2012-05-23,2012-05-24,1,1558.5,1555.0666214485248,3.4333785514752435,0.0339584000012109,
gold,PLS_Regression,2012-05-30,2012-05-31,1,1567.5,1550.4079615257642,17.09203847423578,0.0336697000002459,
gold,PLS_Regression,2012-06-18,2012-06-19,1,1628.5,1623.6547478821558,4.845252117844211,0.0338974999995116,
gold,PLS_Regression,2012-06-25,2012-06-26,1,1583.25,1568.0944583528888,15.15554164711125,0.0383408000016061,
gold,PLS_Regression,2012-07-04,2012-07-05,1,1616.75,1616.3402914101996,0.4097085898004025,0.0354996999994909,
gold,PLS_Regression,2012-07-11,2012-07-12,1,1565.5,1577.6456043413264,-12.14560434132636,0.0396590000000287,
gold,PLS_Regression,2012-07-18,2012-07-19,1,1580.0,1580.870778514699,-0.8707785146989409,0.0503907000002072,
gold,PLS_Regression,2012-07-25,2012-07-26,1,1603.0,1587.5776526445798,15.422347355420245,0.0377229000005172,
gold,PLS_Regression,2012-08-01,2012-08-02,1,1604.5,1615.3559674531411,-10.855967453141147,0.0350010999991354,
gold,PLS_Regression,2012-08-08,2012-08-09,1,1612.75,1608.4457726060934,4.304227393906558,0.0362298000000009,
gold,PLS_Regression,2012-08-15,2012-08-16,1,1603.5,1596.8773234654984,6.622676534501579,0.0357401999990543,
gold,PLS_Regression,2012-08-22,2012-08-23,1,1662.5,1640.0920006997617,22.40799930023832,0.0422525000012683,
gold,PLS_Regression,2012-09-07,2012-09-10,1,1732.75,1697.2182659568648,35.5317340431352,0.0542242999999871,
gold,PLS_Regression,2012-09-14,2012-09-17,1,1767.25,1770.651844862671,-3.401844862670941,0.0442474999999831,
gold,PLS_Regression,2012-09-21,2012-09-24,1,1758.5,1774.746940507392,-16.246940507391855,0.0410473000010824,
gold,PLS_Regression,2012-10-01,2012-10-02,1,1778.5,1772.6110339182578,5.888966081742183,0.0377735999991273,
gold,PLS_Regression,2012-10-08,2012-10-09,1,1770.75,1771.6930307098169,-0.9430307098168668,0.0427240000008168,
gold,PLS_Regression,2012-10-15,2012-10-16,1,1737.5,1749.9700742715693,-12.470074271569274,0.0385119000002305,
gold,PLS_Regression,2012-10-22,2012-10-23,1,1717.0,1726.3202180088938,-9.32021800889379,0.039575100001457,
gold,PLS_Regression,2012-10-29,2012-10-30,1,1713.5,1712.0641751690157,1.4358248309845294,0.0429957000014837,
gold,PLS_Regression,2012-11-05,2012-11-06,1,1691.75,1681.3497849369444,10.400215063055612,0.0400057999995624,
gold,PLS_Regression,2012-11-12,2012-11-13,1,1724.75,1735.0656016616435,-10.31560166164354,0.044424000001527,
gold,PLS_Regression,2012-11-19,2012-11-20,1,1734.0,1723.116570330317,10.883429669682982,0.0556336000008741,
gold,PLS_Regression,2012-11-26,2012-11-27,1,1747.25,1747.7071849143813,-0.4571849143812869,0.0414502999992691,
gold,PLS_Regression,2012-12-03,2012-12-04,1,1706.75,1719.453778114082,-12.70377811408207,0.0430661999998847,
gold,PLS_Regression,2012-12-10,2012-12-11,1,1709.75,1708.3122237927516,1.437776207248362,0.0450607999991916,
gold,PLS_Regression,2012-12-17,2012-12-18,1,1699.5,1690.9348508442672,8.565149155732797,0.0444358000004285,
gold,PLS_Regression,2013-01-09,2013-01-10,1,1663.0,1662.260556774191,0.7394432258090546,0.0549818999988929,
gold,PLS_Regression,2013-01-16,2013-01-17,1,1683.25,1680.5578506107515,2.6921493892484705,0.0619182999998884,
gold,PLS_Regression,2013-01-25,2013-01-28,1,1656.75,1671.5717089901427,-14.821708990142724,0.0529069999993225,
gold,PLS_Regression,2013-02-04,2013-02-05,1,1678.0,1664.8423617647466,13.157638235253444,0.0609641999999439,
gold,PLS_Regression,2013-02-11,2013-02-12,1,1641.75,1664.4773289507443,-22.72732895074432,0.0460256000005756,
gold,PLS_Regression,2013-02-18,2013-02-19,1,1613.5,1612.14692707409,1.3530729259100551,0.0541241999999329,
gold,PLS_Regression,2013-02-25,2013-02-26,1,1597.25,1590.8267598479297,6.423240152070321,0.0519320999992487,
gold,PLS_Regression,2013-03-04,2013-03-05,1,1584.25,1576.6860621288542,7.563937871145754,0.0478170999995199,
gold,PLS_Regression,2013-03-11,2013-03-12,1,1582.5,1577.563530802612,4.936469197388078,0.0414992999994865,
gold,PLS_Regression,2013-03-18,2013-03-19,1,1602.5,1599.421567808942,3.0784321910580275,0.0397413999999116,
gold,PLS_Regression,2013-03-25,2013-03-26,1,1597.25,1603.3782301632325,-6.128230163232274,0.0482678999997006,
gold,PLS_Regression,2013-04-11,2013-04-12,1,1548.0,1557.0479082771494,-9.047908277149418,0.0558084999993298,
gold,PLS_Regression,2013-04-18,2013-04-19,1,1414.0,1391.1504478313163,22.84955216868366,0.0515206000000034,
gold,PLS_Regression,2013-04-25,2013-04-26,1,1462.25,1444.3544362611444,17.89556373885557,0.0485239000008732,
gold,PLS_Regression,2013-05-15,2013-05-16,1,1377.0,1413.1570774344125,-36.15707743441226,0.0448137000003043,
gold,PLS_Regression,2013-05-22,2013-05-23,1,1386.0,1384.8583005600476,1.14169943995239,0.0480222999995021,
gold,PLS_Regression,2013-06-07,2013-06-10,1,1376.75,1409.7700706430585,-33.02007064305826,0.0644988999993074,
gold,PLS_Regression,2013-06-14,2013-06-17,1,1386.0,1380.384240667335,5.615759332664993,0.0503250000001571,
gold,PLS_Regression,2013-06-21,2013-06-24,1,1283.25,1288.8984062628956,-5.648406262895605,0.0418242999985523,
gold,PLS_Regression,2013-07-01,2013-07-02,1,1260.75,1239.6683842931227,21.0816157068773,0.0472355000001698,
gold,PLS_Regression,2013-07-08,2013-07-09,1,1252.0,1224.8223864095942,27.177613590405823,0.0499323000003641,
gold,PLS_Regression,2013-07-15,2013-07-16,1,1286.0,1279.8195961104925,6.180403889507488,0.0467521999999007,
gold,PLS_Regression,2013-07-22,2013-07-23,1,1326.75,1312.767540821827,13.98245917817303,0.0399818000005325,
gold,PLS_Regression,2013-07-29,2013-07-30,1,1322.25,1330.49890646724,-8.248906467239976,0.0365693000003375,
gold,PLS_Regression,2013-08-05,2013-08-06,1,1292.0,1309.1296199064172,-17.129619906417247,0.0380763999983173,
gold,PLS_Regression,2013-08-12,2013-08-13,1,1334.0,1325.1670676982235,8.83293230177651,0.0368316000003687,
gold,PLS_Regression,2013-08-19,2013-08-20,1,1365.75,1374.7473784138397,-8.99737841383967,0.0359363999996276,
gold,PLS_Regression,2013-09-04,2013-09-05,1,1391.75,1403.431351204366,-11.68135120436591,0.0427061000009416,
gold,PLS_Regression,2013-09-11,2013-09-12,1,1340.25,1365.5281825470654,-25.2781825470654,0.0450349999991885,
gold,PLS_Regression,2013-09-18,2013-09-19,1,1363.5,1300.0675382470854,63.432461752914605,0.0376911999992444,
gold,PLS_Regression,2013-09-26,2013-09-27,1,1321.5,1331.632211669866,-10.132211669866138,0.036297899998317,
gold,PLS_Regression,2013-10-03,2013-10-04,1,1316.0,1307.6230865009552,8.376913499044804,0.0389110999985859,
gold,PLS_Regression,2013-10-10,2013-10-11,1,1285.75,1298.6543039062549,-12.90430390625488,0.0421022999998967,
gold,PLS_Regression,2013-10-17,2013-10-18,1,1317.0,1307.2265779234067,9.773422076593306,0.0387078000003384,
gold,PLS_Regression,2013-10-24,2013-10-25,1,1341.75,1336.369145319905,5.380854680094672,0.0431355999990046,
gold,PLS_Regression,2013-10-31,2013-11-01,1,1314.75,1334.6758342396483,-19.92583423964834,0.0392933000002813,
gold,PLS_Regression,2013-11-07,2013-11-08,1,1309.0,1316.3798968436413,-7.379896843641291,0.0487551999995048,
gold,PLS_Regression,2013-11-14,2013-11-15,1,1281.75,1282.7198710907192,-0.9698710907191526,0.0532177999994019,
gold,PLS_Regression,2013-11-21,2013-11-22,1,1241.75,1249.5186403094826,-7.768640309482635,0.0494362999997974,
gold,PLS_Regression,2013-11-28,2013-11-29,1,1245.25,1242.27968008533,2.970319914669972,0.0540581000004749,
gold,PLS_Regression,2013-12-05,2013-12-06,1,1230.75,1232.6256794300764,-1.8756794300763888,0.0390038000005006,
gold,PLS_Regression,2013-12-12,2013-12-13,1,1222.75,1244.054465952213,-21.30446595221292,0.0384462000001804,
gold,PLS_Regression,2013-12-19,2013-12-20,1,1195.0,1206.5578739979833,-11.55787399798328,0.0422061999997822,
gold,PLS_Regression,2014-01-13,2014-01-14,1,1248.75,1245.3967317099016,3.3532682900984128,0.0349893000002339,
gold,PLS_Regression,2014-01-20,2014-01-21,1,1247.75,1254.1735455634232,-6.423545563423204,0.0388815999995131,
gold,PLS_Regression,2014-01-30,2014-01-31,1,1246.5,1253.6861834804736,-7.186183480473574,0.0363163000001804,
gold,PLS_Regression,2014-02-06,2014-02-07,1,1260.0,1258.5279831730666,1.4720168269334408,0.0424892999999428,
gold,PLS_Regression,2014-02-13,2014-02-14,1,1308.5,1289.835352412298,18.66464758770212,0.0373770000005606,
gold,PLS_Regression,2014-02-20,2014-02-21,1,1320.75,1313.5070983727771,7.242901627222864,0.0429853000005095,
gold,PLS_Regression,2014-02-27,2014-02-28,1,1327.75,1331.2462518142815,-3.4962518142815497,0.03701589999946,
gold,PLS_Regression,2014-03-06,2014-03-07,1,1348.25,1334.1136934479632,14.136306552036784,0.0428425000009156,
gold,PLS_Regression,2014-03-13,2014-03-14,1,1370.0,1370.313390922589,-0.313390922588951,0.0430374999996274,
gold,PLS_Regression,2014-03-20,2014-03-21,1,1338.5,1327.2903861407997,11.209613859200545,0.0356805999999778,
gold,PLS_Regression,2014-03-27,2014-03-28,1,1295.75,1295.466525987251,0.2834740127486839,0.036039200000232,
gold,PLS_Regression,2014-04-03,2014-04-04,1,1293.5,1286.9082999796956,6.591700020304415,0.0377556999992521,
gold,Holt_Winters,2007-06-06,2007-06-07,1,670.85,669.9752621368291,0.8747378631709353,3.1664787999998225,"{""smoothing_level"": 0.950192151406436, ""smoothing_trend"": 0.0, ""smoothing_seasonal"": 0.0, ""damping_trend"": NaN}"
gold,Holt_Winters,2007-06-13,2007-06-14,1,650.75,644.6573783269876,6.092621673012445,2.8991079999996145,"{""smoothing_level"": 0.9504185001805533, ""smoothing_trend"": 0.0, ""smoothing_seasonal"": 0.0, ""damping_trend"": NaN}"
gold,Holt_Winters,2007-06-20,2007-06-21,1,654.5,659.5113051558794,-5.011305155879427,2.4083799,"{""smoothing_level"": 0.9501362047179148, ""smoothing_trend"": 0.0, ""smoothing_seasonal"": 0.0, ""damping_trend"": NaN}"
gold,Holt_Winters,2007-06-28,2007-06-29,1,648.5,645.7011512654631,2.798848734536932,2.6901424000006955,"{""smoothing_level"": 0.9501369299966246, ""smoothing_trend"": 0.0, ""smoothing_seasonal"": 0.0, ""damping_trend"": NaN}"
gold,Holt_Winters,2007-07-05,2007-07-06,1,647.75,655.9406320927197,-8.190632092719738,2.3589996000009705,"{""smoothing_level"": 0.9501390309452268, ""smoothing_trend"": 0.0, ""smoothing_seasonal"": 0.0, ""damping_trend"": NaN}"
gold,Holt_Winters,2007-07-12,2007-07-13,1,667.5,663.1655373048591,4.334462695140928,2.859878299999764,"{""smoothing_level"": 0.9500160132529989, ""smoothing_trend"": 0.0, ""smoothing_seasonal"": 0.0, ""damping_trend"": NaN}"
gold,Holt_Winters,2007-07-19,2007-07-20,1,676.0,672.8524605181838,3.1475394818162385,3.2230686000002606,"{""smoothing_level"": 0.9500220506605903, ""smoothing_trend"": 0.0, ""smoothing_seasonal"": 0.0, ""damping_trend"": NaN}"
gold,Holt_Winters,2007-07-26,2007-07-27,1,663.5,675.6335436633901,-12.133543663390128,2.8962367000003724,"{""smoothing_level"": 0.9501942790925024, ""smoothing_trend"": 0.0, ""smoothing_seasonal"": 0.0, ""damping_trend"": NaN}"
gold,Holt_Winters,2007-08-02,2007-08-03,1,666.35,665.2318515359176,1.1181484640824235,2.953193100000135,"{""smoothing_level"": 0.950144186169076, ""smoothing_trend"": 0.0, ""smoothing_seasonal"": 0.0, ""damping_trend"": NaN}"
gold,Holt_Winters,2007-08-09,2007-08-10,1,664.5,670.946527790034,-6.446527790033997,2.7112176999999065,"{""smoothing_level"": 0.9500640856902789, ""smoothing_trend"": 0.0, ""smoothing_seasonal"": 0.0, ""damping_trend"": NaN}"
gold,Holt_Winters,2007-08-16,2007-08-17,1,653.0,664.3162422411883,-11.31624224118832,3.06995199999983,"{""smoothing_level"": 0.9499328459405961, ""smoothing_trend"": 0.0, ""smoothing_seasonal"": 0.0, ""damping_trend"": NaN}"
gold,Holt_Winters,2007-08-23,2007-08-24,1,659.75,662.1005093618239,-2.3505093618239243,3.099616600000445,"{""smoothing_level"": 0.9497406069666298, ""smoothing_trend"": 0.0, ""smoothing_seasonal"": 0.0, ""damping_trend"": NaN}"
gold,Holt_Winters,2007-09-10,2007-09-11,1,704.25,703.6472989002751,0.6027010997248681,3.1004169000007096,"{""smoothing_level"": 0.9509178989060073, ""smoothing_trend"": 0.0, ""smoothing_seasonal"": 0.0, ""damping_trend"": NaN}"
gold,Holt_Winters,2007-09-17,2007-09-18,1,717.7,710.1996806319873,7.500319368012697,3.0588418999996065,"{""smoothing_level"": 0.9508723480353359, ""smoothing_trend"": 0.0, ""smoothing_seasonal"": 0.0, ""damping_trend"": NaN}"
gold,Holt_Winters,2007-09-25,2007-09-26,1,730.55,728.1772769813783,2.3727230186216275,3.12596239999948,"{""smoothing_level"": 0.9511613065431844, ""smoothing_trend"": 0.0, ""smoothing_seasonal"": 0.0, ""damping_trend"": NaN}"
gold,Holt_Winters,2007-10-02,2007-10-03,1,733.15,736.3199000690992,-3.169900069099185,2.58553750000101,"{""smoothing_level"": 0.9510367709546452, ""smoothing_trend"": 0.0, ""smoothing_seasonal"": 0.0, ""damping_trend"": NaN}"
gold,Holt_Winters,2007-10-09,2007-10-10,1,740.5,729.2965241532543,11.203475846745732,2.3321654999999737,"{""smoothing_level"": 0.9509734614330638, ""smoothing_trend"": 0.0, ""smoothing_seasonal"": 0.0, ""damping_trend"": NaN}"
gold,Holt_Winters,2007-10-16,2007-10-17,1,759.75,761.5728282193342,-1.822828219334156,2.75071349999962,"{""smoothing_level"": 0.9512356544917071, ""smoothing_trend"": 0.0, ""smoothing_seasonal"": 0.0, ""damping_trend"": NaN}"
gold,Holt_Winters,2007-10-23,2007-10-24,1,757.35,757.5631114097146,-0.2131114097145428,2.488656900000933,"{""smoothing_level"": 0.9506902708353548, ""smoothing_trend"": 0.0, ""smoothing_seasonal"": 0.0, ""damping_trend"": NaN}"
gold,Holt_Winters,2007-10-30,2007-10-31,1,783.0,784.5007058053924,-1.5007058053923856,2.539496199999121,"{""smoothing_level"": 0.951153034346244, ""smoothing_trend"": 0.0, ""smoothing_seasonal"": 0.0, ""damping_trend"": NaN}"
gold,Holt_Winters,2007-11-06,2007-11-07,1,841.75,816.9221734439355,24.82782655606445,2.694038099998579,"{""smoothing_level"": 0.9517147959415746, ""smoothing_trend"": 0.0, ""smoothing_seasonal"": 0.0, ""damping_trend"": NaN}"
gold,Holt_Winters,2007-11-13,2007-11-14,1,808.25,804.2210109525499,4.028989047450068,2.4906010999984574,"{""smoothing_level"": 0.9530529466996429, ""smoothing_trend"": 0.0, ""smoothing_seasonal"": 0.0, ""damping_trend"": NaN}"
gold,Holt_Winters,2007-11-20,2007-11-21,1,796.25,789.7448398947012,6.505160105298842,2.52539969999998,"{""smoothing_level"": 0.9530603141817134, ""smoothing_trend"": 0.0, ""smoothing_seasonal"": 0.0, ""damping_trend"": NaN}"
gold,Holt_Winters,2007-11-27,2007-11-28,1,796.5,823.9485664396586,-27.448566439658634,2.789429500000552,"{""smoothing_level"": 0.953134144483433, ""smoothing_trend"": 0.0, ""smoothing_seasonal"": 0.0, ""damping_trend"": NaN}"
gold,Holt_Winters,2007-12-04,2007-12-05,1,801.75,790.1014714896711,11.648528510328902,2.932349200000317,"{""smoothing_level"": 0.9531040524281342, ""smoothing_trend"": 0.0, ""smoothing_seasonal"": 0.0, ""damping_trend"": NaN}"
gold,Holt_Winters,2007-12-11,2007-12-12,1,807.5,806.5648918060531,0.9351081939469168,2.5895543999995425,"{""smoothing_level"": 0.9524172637502174, ""smoothing_trend"": 0.0, ""smoothing_seasonal"": 0.0, ""damping_trend"": NaN}"
gold,Holt_Winters,2007-12-18,2007-12-19,1,801.5,795.9710568607744,5.528943139225589,2.627991999999722,"{""smoothing_level"": 0.9524950983873296, ""smoothing_trend"": 0.0, ""smoothing_seasonal"": 0.0, ""damping_trend"": NaN}"
gold,Holt_Winters,2008-01-10,2008-01-11,1,893.75,874.8539310389597,18.896068961040328,2.413536799998837,"{""smoothing_level"": 0.9508068741199746, ""smoothing_trend"": 0.0, ""smoothing_seasonal"": 0.0, ""damping_trend"": NaN}"
gold,Holt_Winters,2008-01-17,2008-01-18,1,872.75,881.6841216289629,-8.934121628962885,2.4997983000012027,"{""smoothing_level"": 0.9517187862919799, ""smoothing_trend"": 0.0, ""smoothing_seasonal"": 0.0, ""damping_trend"": NaN}"
gold,Holt_Winters,2008-01-28,2008-01-29,1,927.5,916.802857083856,10.697142916144116,2.489224799999647,"{""smoothing_level"": 0.9531689847001265, ""smoothing_trend"": 0.0, ""smoothing_seasonal"": 0.0, ""damping_trend"": NaN}"
gold,Holt_Winters,2008-02-05,2008-02-06,1,892.0,890.4283236547857,1.571676345214314,2.498402100000021,"{""smoothing_level"": 0.953355497515808, ""smoothing_trend"": 0.0, ""smoothing_seasonal"": 0.0, ""damping_trend"": NaN}"
gold,Holt_Winters,2008-02-12,2008-02-13,1,905.75,920.619996252246,-14.869996252246096,2.4085281000006944,"{""smoothing_level"": 0.9537833162647964, ""smoothing_trend"": 0.0, ""smoothing_seasonal"": 0.0, ""damping_trend"": NaN}"
gold,Holt_Winters,2008-02-19,2008-02-20,1,924.85,916.1212995359576,8.728700464042504,2.6107675999992352,"{""smoothing_level"": 0.9535863832433635, ""smoothing_trend"": 0.0, ""smoothing_seasonal"": 0.0, ""damping_trend"": NaN}"
gold,Holt_Winters,2008-02-26,2008-02-27,1,958.75,934.7569946397564,23.99300536024361,2.2730542000008427,"{""smoothing_level"": 0.954634609796737, ""smoothing_trend"": 0.0, ""smoothing_seasonal"": 0.0, ""damping_trend"": NaN}"
gold,Holt_Winters,2008-03-04,2008-03-05,1,966.25,981.7308737828432,-15.48087378284322,2.366933700001028,"{""smoothing_level"": 0.9540408715093308, ""smoothing_trend"": 0.0, ""smoothing_seasonal"": 0.0, ""damping_trend"": NaN}"
gold,Holt_Winters,2008-03-11,2008-03-12,1,975.75,980.3163263979212,-4.566326397921216,2.393060999998852,"{""smoothing_level"": 0.9524064351082866, ""smoothing_trend"": 0.0, ""smoothing_seasonal"": 0.0, ""damping_trend"": NaN}"
gold,Holt_Winters,2008-03-18,2008-03-19,1,995.25,1006.6914427132792,-11.441442713279343,2.3892581000000064,"{""smoothing_level"": 0.9519136939721494, ""smoothing_trend"": 0.0, ""smoothing_seasonal"": 0.0, ""damping_trend"": NaN}"
gold,Holt_Winters,2008-04-04,2008-04-07,1,914.7,905.0981752224284,9.60182477757155,2.300724300001093,"{""smoothing_level"": 0.9587476482923692, ""smoothing_trend"": 0.0, ""smoothing_seasonal"": 0.0, ""damping_trend"": NaN}"
gold,Holt_Winters,2008-04-11,2008-04-14,1,917.75,925.9754544197268,-8.225454419726816,2.3442080999993777,"{""smoothing_level"": 0.9571023677125511, ""smoothing_trend"": 0.0, ""smoothing_seasonal"": 0.0, ""damping_trend"": NaN}"
gold,Holt_Winters,2008-04-22,2008-04-23,1,916.25,922.2287092241172,-5.97870922411721,2.3163048999995226,"{""smoothing_level"": 0.9553561290610425, ""smoothing_trend"": 0.0, ""smoothing_seasonal"": 0.0, ""damping_trend"": NaN}"
gold,Holt_Winters,2008-04-29,2008-04-30,1,867.75,886.3983964566005,-18.64839645660049,2.341436099999555,"{""smoothing_level"": 0.95658531736974, ""smoothing_trend"": 0.0, ""smoothing_seasonal"": 0.0, ""damping_trend"": NaN}"
gold,Holt_Winters,2008-05-15,2008-05-16,1,885.0,866.2647688677478,18.73523113225224,2.358347400000639,"{""smoothing_level"": 0.9562850647972084, ""smoothing_trend"": 0.0, ""smoothing_seasonal"": 0.0, ""damping_trend"": NaN}"
gold,Holt_Winters,2008-05-22,2008-05-23,1,922.25,928.2241874448822,-5.9741874448822045,2.393813000000592,"{""smoothing_level"": 0.9580311439929742, ""smoothing_trend"": 0.0, ""smoothing_seasonal"": 0.0, ""damping_trend"": NaN}"
gold,Holt_Winters,2008-06-09,2008-06-10,1,884.5,903.5319992558886,-19.03199925588865,2.362672700000985,"{""smoothing_level"": 0.9603145306114025, ""smoothing_trend"": 0.0, ""smoothing_seasonal"": 0.0, ""damping_trend"": NaN}"
gold,Holt_Winters,2008-06-16,2008-06-17,1,883.0,871.8016449958849,11.198355004115117,2.344699999999648,"{""smoothing_level"": 0.9596847167771813, ""smoothing_trend"": 0.0, ""smoothing_seasonal"": 0.0, ""damping_trend"": NaN}"
gold,Holt_Winters,2008-06-24,2008-06-25,1,887.25,889.0673542432517,-1.817354243251657,2.3436846000004152,"{""smoothing_level"": 0.9599958644975436, ""smoothing_trend"": 0.0, ""smoothing_seasonal"": 0.0, ""damping_trend"": NaN}"
gold,Holt_Winters,2008-07-01,2008-07-02,1,936.0,929.7262631827584,6.273736817241456,2.3438033999991603,"{""smoothing_level"": 0.9613962813367735, ""smoothing_trend"": 0.0, ""smoothing_seasonal"": 0.0, ""damping_trend"": NaN}"
gold,Holt_Winters,2008-07-08,2008-07-09,1,923.25,929.0659466259788,-5.815946625978654,2.361924500000896,"{""smoothing_level"": 0.9613278742434475, ""smoothing_trend"": 0.0, ""smoothing_seasonal"": 0.0, ""damping_trend"": NaN}"
gold,Holt_Winters,2008-07-15,2008-07-16,1,974.0,980.9604883887932,-6.960488388793237,2.4814956999998685,"{""smoothing_level"": 0.9627283981760435, ""smoothing_trend"": 0.0, ""smoothing_seasonal"": 0.0, ""damping_trend"": NaN}"
gold,Holt_Winters,2008-07-22,2008-07-23,1,934.75,972.8545070319204,-38.104507031920434,2.5527492000001075,"{""smoothing_level"": 0.9625094853868856, ""smoothing_trend"": 0.0, ""smoothing_seasonal"": 0.0, ""damping_trend"": NaN}"
gold,Holt_Winters,2008-07-29,2008-07-30,1,914.1,928.864215037706,-14.764215037705869,2.541606000000684,"{""smoothing_level"": 0.962512836588697, ""smoothing_trend"": 0.0, ""smoothing_seasonal"": 0.0, ""damping_trend"": NaN}"
gold,Holt_Winters,2008-08-05,2008-08-06,1,884.75,885.0527452218977,-0.3027452218976805,2.404887400000007,"{""smoothing_level"": 0.9626983544296909, ""smoothing_trend"": 0.0, ""smoothing_seasonal"": 0.0, ""damping_trend"": NaN}"
gold,Holt_Winters,2008-08-12,2008-08-13,1,824.0,810.8511934457856,13.148806554214389,2.355929400000605,"{""smoothing_level"": 0.9633399550549414, ""smoothing_trend"": 0.0, ""smoothing_seasonal"": 0.0, ""damping_trend"": NaN}"
gold,Holt_Winters,2008-08-19,2008-08-20,1,806.75,791.3420857391974,15.407914260802611,2.3580736000003526,"{""smoothing_level"": 0.9584243680998485, ""smoothing_trend"": 0.0, ""smoothing_seasonal"": 0.0, ""damping_trend"": NaN}"
gold,Holt_Winters,2008-09-04,2008-09-05,1,796.25,809.943099896852,-13.693099896852004,2.3836559999999736,"{""smoothing_level"": 0.9580229385045163, ""smoothing_trend"": 0.0, ""smoothing_seasonal"": 0.0, ""damping_trend"": NaN}"
gold,Holt_Winters,2008-09-11,2008-09-12,1,757.5,744.1469649179581,13.353035082041856,2.3756882999987283,"{""smoothing_level"": 0.9598886715372218, ""smoothing_trend"": 0.0, ""smoothing_seasonal"": 0.0, ""damping_trend"": NaN}"
gold,Holt_Winters,2008-09-18,2008-09-19,1,837.5,861.2479688199427,-23.747968819942685,2.361193099999582,"{""smoothing_level"": 0.9607310729410918, ""smoothing_trend"": 0.0, ""smoothing_seasonal"": 0.0, ""damping_trend"": NaN}"
gold,Holt_Winters,2008-09-26,2008-09-29,1,876.5,870.0432151475873,6.4567848524127385,2.376883100001578,"{""smoothing_level"": 0.9520555287310618, ""smoothing_trend"": 0.0, ""smoothing_seasonal"": 0.0, ""damping_trend"": NaN}"
gold,Holt_Winters,2008-10-03,2008-10-06,1,836.5,843.74769250203,-7.247692502029963,2.3541574999999284,"{""smoothing_level"": 0.9522374628785129, ""smoothing_trend"": 0.0, ""smoothing_seasonal"": 0.0, ""damping_trend"": NaN}"
gold,Holt_Winters,2008-10-10,2008-10-13,1,865.0,916.6239782349946,-51.62397823499464,2.357013499999084,"{""smoothing_level"": 0.9513889625462951, ""smoothing_trend"": 0.0, ""smoothing_seasonal"": 0.0, ""damping_trend"": NaN}"
gold,Holt_Winters,2008-10-17,2008-10-20,1,803.0,802.7179105088179,0.2820894911820915,2.380310800001098,"{""smoothing_level"": 0.9513627198126683, ""smoothing_trend"": 0.0, ""smoothing_seasonal"": 0.0, ""damping_trend"": NaN}"
gold,Holt_Winters,2008-10-24,2008-10-27,1,720.5,694.0076656823062,26.492334317693803,2.3904302999999345,"{""smoothing_level"": 0.9583462680122394, ""smoothing_trend"": 0.0, ""smoothing_seasonal"": 0.0, ""damping_trend"": NaN}"
gold,Holt_Winters,2008-10-31,2008-11-03,1,734.0,730.4671815934455,3.5328184065544974,2.4020335000004707,"{""smoothing_level"": 0.9556108426439339, ""smoothing_trend"": 0.0, ""smoothing_seasonal"": 0.0, ""damping_trend"": NaN}"
gold,Holt_Winters,2008-11-07,2008-11-10,1,751.75,741.9640909812329,9.785909018767144,2.413517999999385,"{""smoothing_level"": 0.9544431764050477, ""smoothing_trend"": 0.0, ""smoothing_seasonal"": 0.0, ""damping_trend"": NaN}"
gold,Holt_Winters,2008-11-14,2008-11-17,1,745.0,728.9085460353463,16.091453964653738,2.377704000000449,"{""smoothing_level"": 0.9543401649415127, ""smoothing_trend"": 0.0, ""smoothing_seasonal"": 0.0, ""damping_trend"": NaN}"
gold,Holt_Winters,2008-11-21,2008-11-24,1,816.75,757.9727653843072,58.777234615692805,2.357262400000764,"{""smoothing_level"": 0.954827578917732, ""smoothing_trend"": 0.0, ""smoothing_seasonal"": 0.0, ""damping_trend"": NaN}"
gold,Holt_Winters,2008-11-28,2008-12-01,1,795.5,813.6272421816012,-18.12724218160122,2.3778533000004245,"{""smoothing_level"": 0.9547075737793533, ""smoothing_trend"": 0.0, ""smoothing_seasonal"": 0.0, ""damping_trend"": NaN}"
gold,Holt_Winters,2008-12-05,2008-12-08,1,772.25,771.9067528035106,0.3432471964894148,2.3712663000005705,"{""smoothing_level"": 0.9558592318560022, ""smoothing_trend"": 0.0, ""smoothing_seasonal"": 0.0, ""damping_trend"": NaN}"
gold,Holt_Winters,2008-12-12,2008-12-15,1,827.5,814.108206874572,13.391793125427968,2.3730085999995936,"{""smoothing_level"": 0.9566313844585671, ""smoothing_trend"": 0.0, ""smoothing_seasonal"": 0.0, ""damping_trend"": NaN}"
gold,Holt_Winters,2008-12-19,2008-12-22,1,846.0,840.5415586892265,5.458441310773537,2.3926637999993545,"{""smoothing_level"": 0.9564271922766225, ""smoothing_trend"": 0.0, ""smoothing_seasonal"": 0.0, ""damping_trend"": NaN}"
gold,Holt_Winters,2009-01-13,2009-01-14,1,827.25,817.0771636951984,10.172836304801647,2.3895948999997927,"{""smoothing_level"": 0.9562068025257406, ""smoothing_trend"": 0.0, ""smoothing_seasonal"": 0.0, ""damping_trend"": NaN}"
gold,Holt_Winters,2009-01-20,2009-01-21,1,860.5,835.4286545962766,25.0713454037234,2.393091699999786,"{""smoothing_level"": 0.9548184167262245, ""smoothing_trend"": 0.0, ""smoothing_seasonal"": 0.0, ""damping_trend"": NaN}"
gold,Holt_Winters,2009-01-30,2009-02-02,1,913.75,917.4555749378987,-3.7055749378988594,2.4356542000005,"{""smoothing_level"": 0.9560836738289341, ""smoothing_trend"": 0.0, ""smoothing_seasonal"": 0.0, ""damping_trend"": NaN}"
gold,Holt_Winters,2009-02-06,2009-02-09,1,901.0,914.1490893084648,-13.149089308464909,2.40495379999993,"{""smoothing_level"": 0.955892671851966, ""smoothing_trend"": 0.0, ""smoothing_seasonal"": 0.0, ""damping_trend"": NaN}"
gold,Holt_Winters,2009-02-13,2009-02-16,1,943.0,939.5445840289836,3.4554159710163503,2.592661399999997,"{""smoothing_level"": 0.9569069497691203, ""smoothing_trend"": 0.0, ""smoothing_seasonal"": 0.0, ""damping_trend"": NaN}"
gold,Holt_Winters,2009-02-20,2009-02-23,1,987.0,980.7994797954788,6.200520204521126,2.45770789999915,"{""smoothing_level"": 0.9574855471040946, ""smoothing_trend"": 0.0, ""smoothing_seasonal"": 0.0, ""damping_trend"": NaN}"
gold,Holt_Winters,2009-02-27,2009-03-02,1,949.5,943.9621096269132,5.537890373086839,2.490578799999639,"{""smoothing_level"": 0.9585420426156659, ""smoothing_trend"": 0.0, ""smoothing_seasonal"": 0.0, ""damping_trend"": NaN}"
gold,Holt_Winters,2009-03-06,2009-03-09,1,934.75,936.8866236749408,-2.1366236749406653,2.387604300000021,"{""smoothing_level"": 0.9590887082438453, ""smoothing_trend"": 0.0, ""smoothing_seasonal"": 0.0, ""damping_trend"": NaN}"
gold,Holt_Winters,2009-03-13,2009-03-16,1,923.0,919.8947358620952,3.105264137904669,2.387775099999999,"{""smoothing_level"": 0.9594919985194349, ""smoothing_trend"": 0.0, ""smoothing_seasonal"": 0.0, ""damping_trend"": NaN}"
gold,Holt_Winters,2009-03-20,2009-03-23,1,952.75,956.3173360336588,-3.567336033658762,2.433682599999884,"{""smoothing_level"": 0.9603122886588054, ""smoothing_trend"": 0.0, ""smoothing_seasonal"": 0.0, ""damping_trend"": NaN}"
gold,Holt_Winters,2009-03-27,2009-03-30,1,923.0,927.4561178658648,-4.45611786586494,2.3940614000002824,"{""smoothing_level"": 0.9602286855701304, ""smoothing_trend"": 0.0, ""smoothing_seasonal"": 0.0, ""damping_trend"": NaN}"
gold,Holt_Winters,2009-04-03,2009-04-06,1,879.5,902.16793743988,-22.66793743988012,2.39493500000026,"{""smoothing_level"": 0.9605176364669388, ""smoothing_trend"": 0.0, ""smoothing_seasonal"": 0.0, ""damping_trend"": NaN}"
gold,Holt_Winters,2009-04-22,2009-04-23,1,894.5,885.2671650084395,9.23283499156048,2.411292299999332,"{""smoothing_level"": 0.9613458573685254, ""smoothing_trend"": 0.0, ""smoothing_seasonal"": 0.0, ""damping_trend"": NaN}"
gold,Holt_Winters,2009-04-29,2009-04-30,1,889.0,894.7475262753342,-5.747526275334167,2.4066992000007303,"{""smoothing_level"": 0.9616888708719499, ""smoothing_trend"": 0.0, ""smoothing_seasonal"": 0.0, ""damping_trend"": NaN}"
gold,Holt_Winters,2009-05-15,2009-05-18,1,929.75,925.063338270452,4.68666172954795,2.420059299998684,"{""smoothing_level"": 0.9617577819198174, ""smoothing_trend"": 0.0, ""smoothing_seasonal"": 0.0, ""damping_trend"": NaN}"
gold,Holt_Winters,2009-06-02,2009-06-03,1,979.0,972.3649065840712,6.635093415928736,2.4442581000002974,"{""smoothing_level"": 0.9627306174499191, ""smoothing_trend"": 0.0, ""smoothing_seasonal"": 0.0, ""damping_trend"": NaN}"
gold,Holt_Winters,2009-06-09,2009-06-10,1,961.25,952.448781144412,8.80121885558799,2.448976200001198,"{""smoothing_level"": 0.9616495630036186, ""smoothing_trend"": 0.0, ""smoothing_seasonal"": 0.0, ""damping_trend"": NaN}"
gold,Holt_Winters,2009-06-16,2009-06-17,1,933.75,936.732710551704,-2.982710551704145,2.4313763999998628,"{""smoothing_level"": 0.9615946124403297, ""smoothing_trend"": 0.0, ""smoothing_seasonal"": 0.0, ""damping_trend"": NaN}"
gold,Holt_Winters,2009-06-24,2009-06-25,1,934.25,928.5783970896406,5.671602910359411,2.4227506999995967,"{""smoothing_level"": 0.9613421963351294, ""smoothing_trend"": 0.0, ""smoothing_seasonal"": 0.0, ""damping_trend"": NaN}"
gold,Holt_Winters,2009-07-01,2009-07-02,1,936.0,932.004050384123,3.995949615876953,2.425687399998424,"{""smoothing_level"": 0.9614908349595568, ""smoothing_trend"": 0.0, ""smoothing_seasonal"": 0.0, ""damping_trend"": NaN}"
gold,Holt_Winters,2009-07-08,2009-07-09,1,914.75,921.0796150500936,-6.32961505009348,2.4301328000001376,"{""smoothing_level"": 0.9613240535755817, ""smoothing_trend"": 0.0, ""smoothing_seasonal"": 0.0, ""damping_trend"": NaN}"
gold,Holt_Winters,2009-07-15,2009-07-16,1,935.25,929.8036410301124,5.446358969887456,2.4214350000002014,"{""smoothing_level"": 0.9617261844820018, ""smoothing_trend"": 0.0, ""smoothing_seasonal"": 0.0, ""damping_trend"": NaN}"
gold,Holt_Winters,2009-07-22,2009-07-23,1,955.25,945.7335661357776,9.51643386422245,2.415830699999788,"{""smoothing_level"": 0.9616617063603997, ""smoothing_trend"": 0.0, ""smoothing_seasonal"": 0.0, ""damping_trend"": NaN}"
gold,Holt_Winters,2009-07-29,2009-07-30,1,932.0,936.4003076364824,-4.400307636482353,2.4291198999999324,"{""smoothing_level"": 0.9614350681923173, ""smoothing_trend"": 0.0, ""smoothing_seasonal"": 0.0, ""damping_trend"": NaN}"
gold,Holt_Winters,2009-08-05,2009-08-06,1,960.75,964.2240341687368,-3.4740341687366936,2.425856100000601,"{""smoothing_level"": 0.9617509943211736, ""smoothing_trend"": 0.0, ""smoothing_seasonal"": 0.0, ""damping_trend"": NaN}"
gold,Holt_Winters,2009-08-12,2009-08-13,1,956.0,943.748964884097,12.25103511590305,2.4279564000007667,"{""smoothing_level"": 0.961882302846439, ""smoothing_trend"": 0.0, ""smoothing_seasonal"": 0.0, ""damping_trend"": NaN}"
gold,Holt_Winters,2009-08-19,2009-08-20,1,943.5,934.5524879426227,8.947512057377253,2.4811239000009664,"{""smoothing_level"": 0.9617478458783142, ""smoothing_trend"": 0.0, ""smoothing_seasonal"": 0.0, ""damping_trend"": NaN}"
gold,Holt_Winters,2009-08-26,2009-08-27,1,943.5,949.585981856202,-6.085981856201897,2.4332071999997424,"{""smoothing_level"": 0.9613784821028558, ""smoothing_trend"": 0.0, ""smoothing_seasonal"": 0.0, ""damping_trend"": NaN}"
gold,Holt_Winters,2009-09-11,2009-09-14,1,994.25,998.017139262903,-3.767139262903015,2.429125399999976,"{""smoothing_level"": 0.9593700964638767, ""smoothing_trend"": 0.0, ""smoothing_seasonal"": 0.0, ""damping_trend"": NaN}"
gold,Holt_Winters,2009-09-18,2009-09-21,1,999.25,1014.4051061992762,-15.155106199276249,2.4306231999999,"{""smoothing_level"": 0.9595195947413409, ""smoothing_trend"": 0.0, ""smoothing_seasonal"": 0.0, ""damping_trend"": NaN}"
gold,Holt_Winters,2009-09-25,2009-09-28,1,990.5,997.8352092741068,-7.335209274106887,2.415826599999491,"{""smoothing_level"": 0.9591855844107953, ""smoothing_trend"": 0.0, ""smoothing_seasonal"": 0.0, ""damping_trend"": NaN}"
gold,Holt_Winters,2009-10-05,2009-10-06,1,1020.25,1004.1444747256528,16.1055252743472,2.472055599999294,"{""smoothing_level"": 0.9591659484291847, ""smoothing_trend"": 0.0, ""smoothing_seasonal"": 0.0, ""damping_trend"": NaN}"
gold,Holt_Winters,2009-10-12,2009-10-13,1,1064.5,1051.951904605812,12.548095394188069,2.4174689999999828,"{""smoothing_level"": 0.9607794166329148, ""smoothing_trend"": 0.0, ""smoothing_seasonal"": 0.0, ""damping_trend"": NaN}"
gold,Holt_Winters,2009-10-19,2009-10-20,1,1064.0,1054.3976215296627,9.602378470337271,2.4368360999997094,"{""smoothing_level"": 0.9610018607947249, ""smoothing_trend"": 0.0, ""smoothing_seasonal"": 0.0, ""damping_trend"": NaN}"
gold,Holt_Winters,2009-10-26,2009-10-27,1,1040.75,1055.3932546310464,-14.643254631046377,2.46053529999881,"{""smoothing_level"": 0.9608197115066548, ""smoothing_trend"": 0.0, ""smoothing_seasonal"": 0.0, ""damping_trend"": NaN}"
gold,Holt_Winters,2009-11-02,2009-11-03,1,1058.0,1051.8455222241323,6.154477775867463,2.4679832000001625,"{""smoothing_level"": 0.9614191500036874, ""smoothing_trend"": 0.0, ""smoothing_seasonal"": 0.0, ""damping_trend"": NaN}"
gold,Holt_Winters,2009-11-09,2009-11-10,1,1099.75,1108.1320129013957,-8.382012901395683,2.4631546000000526,"{""smoothing_level"": 0.9620799184083028, ""smoothing_trend"": 0.0, ""smoothing_seasonal"": 0.0, ""damping_trend"": NaN}"
gold,Holt_Winters,2009-11-16,2009-11-17,1,1131.75,1128.0853330498942,3.6646669501058113,2.457279199999902,"{""smoothing_level"": 0.9610770435418431, ""smoothing_trend"": 0.0, ""smoothing_seasonal"": 0.0, ""damping_trend"": NaN}"
gold,Holt_Winters,2009-11-23,2009-11-24,1,1170.25,1165.231990796085,5.018009203914971,2.450846499999898,"{""smoothing_level"": 0.9612710900426573, ""smoothing_trend"": 0.0, ""smoothing_seasonal"": 0.0, ""damping_trend"": NaN}"
gold,Holt_Winters,2009-11-30,2009-12-01,1,1193.5,1171.890410684621,21.609589315379026,2.455951300000379,"{""smoothing_level"": 0.9611414745455267, ""smoothing_trend"": 0.0, ""smoothing_seasonal"": 0.0, ""damping_trend"": NaN}"
gold,Holt_Winters,2009-12-07,2009-12-08,1,1164.25,1149.662372861272,14.587627138728068,2.4590780999988056,"{""smoothing_level"": 0.96453423173137, ""smoothing_trend"": 0.0, ""smoothing_seasonal"": 0.0, ""damping_trend"": NaN}"
gold,Holt_Winters,2009-12-14,2009-12-15,1,1115.0,1120.921920864505,-5.921920864504955,2.5058914000001096,"{""smoothing_level"": 0.961583864674622, ""smoothing_trend"": 0.0, ""smoothing_seasonal"": 0.0, ""damping_trend"": NaN}"
gold,Holt_Winters,2009-12-21,2009-12-22,1,1094.25,1113.182386526768,-18.93238652676814,2.443068600001425,"{""smoothing_level"": 0.9612175347205562, ""smoothing_trend"": 0.0, ""smoothing_seasonal"": 0.0, ""damping_trend"": NaN}"
gold,Holt_Winters,2010-01-13,2010-01-14,1,1137.5,1133.74751718719,3.752482812810058,2.4503191000003426,"{""smoothing_level"": 0.9583121809630565, ""smoothing_trend"": 0.0, ""smoothing_seasonal"": 0.0, ""damping_trend"": NaN}"
gold,Holt_Winters,2010-01-20,2010-01-21,1,1104.0,1129.3747886350786,-25.37478863507863,2.448815100000502,"{""smoothing_level"": 0.9580536856884695, ""smoothing_trend"": 0.0, ""smoothing_seasonal"": 0.0, ""damping_trend"": NaN}"
gold,Holt_Winters,2010-02-01,2010-02-02,1,1114.0,1082.5503090713412,31.44969092865881,2.4572591000014654,"{""smoothing_level"": 0.9591765847558829, ""smoothing_trend"": 0.0, ""smoothing_seasonal"": 0.0, ""damping_trend"": NaN}"
gold,Holt_Winters,2010-02-08,2010-02-09,1,1068.0,1069.517642309902,-1.5176423099019305,2.4676318999991054,"{""smoothing_level"": 0.9585411352283871, ""smoothing_trend"": 0.0, ""smoothing_seasonal"": 0.0, ""damping_trend"": NaN}"
gold,Holt_Winters,2010-02-15,2010-02-16,1,1115.25,1098.784583382955,16.46541661704532,2.4700118000000657,"{""smoothing_level"": 0.9584707847552603, ""smoothing_trend"": 0.0, ""smoothing_seasonal"": 0.0, ""damping_trend"": NaN}"
gold,Holt_Winters,2010-02-22,2010-02-23,1,1112.0,1119.402828910162,-7.402828910162043,2.4532770000005257,"{""smoothing_level"": 0.9593089354854202, ""smoothing_trend"": 0.0, ""smoothing_seasonal"": 0.0, ""damping_trend"": NaN}"
gold,Holt_Winters,2010-03-01,2010-03-02,1,1116.0,1117.1953673120051,-1.1953673120051462,2.4787971999994625,"{""smoothing_level"": 0.9596162968391229, ""smoothing_trend"": 0.0, ""smoothing_seasonal"": 0.0, ""damping_trend"": NaN}"
gold,Holt_Winters,2010-03-08,2010-03-09,1,1120.0,1134.211936636628,-14.211936636628025,2.4682071000006545,"{""smoothing_level"": 0.9595868581528925, ""smoothing_trend"": 0.0, ""smoothing_seasonal"": 0.0, ""damping_trend"": NaN}"
gold,Holt_Winters,2010-03-15,2010-03-16,1,1113.25,1104.7532262544469,8.496773745553128,2.4560426999996707,"{""smoothing_level"": 0.9584845463882633, ""smoothing_trend"": 0.0, ""smoothing_seasonal"": 0.0, ""damping_trend"": NaN}"
gold,Holt_Winters,2010-03-22,2010-03-23,1,1100.75,1105.1377965851216,-4.387796585121578,2.473897100000613,"{""smoothing_level"": 0.9583283341123809, ""smoothing_trend"": 0.0, ""smoothing_seasonal"": 0.0, ""damping_trend"": NaN}"
gold,Holt_Winters,2010-03-29,2010-03-30,1,1109.75,1110.8593982190202,-1.1093982190202496,2.628506099999868,"{""smoothing_level"": 0.9587290448821787, ""smoothing_trend"": 0.0, ""smoothing_seasonal"": 0.0, ""damping_trend"": NaN}"
gold,Holt_Winters,2010-04-15,2010-04-16,1,1157.0,1151.7083692043743,5.291630795625451,2.6574375000000146,"{""smoothing_level"": 0.9594663079854572, ""smoothing_trend"": 0.0, ""smoothing_seasonal"": 0.0, ""damping_trend"": NaN}"
gold,Holt_Winters,2010-04-22,2010-04-23,1,1140.0,1144.3918304936587,-4.391830493658745,2.6451058000002377,"{""smoothing_level"": 0.9581336066714041, ""smoothing_trend"": 0.0, ""smoothing_seasonal"": 0.0, ""damping_trend"": NaN}"
gold,Holt_Winters,2010-04-29,2010-04-30,1,1175.25,1169.9007434024022,5.349256597597787,2.415725200000452,"{""smoothing_level"": 0.9581134347753256, ""smoothing_trend"": 0.0, ""smoothing_seasonal"": 0.0, ""damping_trend"": NaN}"
gold,Holt_Winters,2010-05-17,2010-05-18,1,1215.0,1230.7595253612071,-15.759525361207125,2.4720894999991287,"{""smoothing_level"": 0.9612545949810936, ""smoothing_trend"": 0.0, ""smoothing_seasonal"": 0.0, ""damping_trend"": NaN}"
gold,Holt_Winters,2010-05-24,2010-05-25,1,1189.5,1183.923860772384,5.576139227616068,2.46714190000057,"{""smoothing_level"": 0.9624489668181624, ""smoothing_trend"": 0.0, ""smoothing_seasonal"": 0.0, ""damping_trend"": NaN}"
gold,Holt_Winters,2010-06-09,2010-06-10,1,1220.0,1235.6228249689136,-15.62282496891362,2.501271600000109,"{""smoothing_level"": 0.961723699324385, ""smoothing_trend"": 0.0, ""smoothing_seasonal"": 0.0, ""damping_trend"": NaN}"
gold,Holt_Winters,2010-06-16,2010-06-17,1,1234.5,1235.2019805363157,-0.7019805363156593,2.4888108000013744,"{""smoothing_level"": 0.9617650861346541, ""smoothing_trend"": 0.0, ""smoothing_seasonal"": 0.0, ""damping_trend"": NaN}"
gold,Holt_Winters,2010-06-23,2010-06-24,1,1233.25,1242.903892078706,-9.653892078706122,2.5068321999988257,"{""smoothing_level"": 0.9608060706069667, ""smoothing_trend"": 0.0, ""smoothing_seasonal"": 0.0, ""damping_trend"": NaN}"
gold,Holt_Winters,2010-07-01,2010-07-02,1,1210.5,1240.179153885152,-29.67915388515189,2.4685921000000235,"{""smoothing_level"": 0.9603323844527318, ""smoothing_trend"": 0.0, ""smoothing_seasonal"": 0.0, ""damping_trend"": NaN}"
gold,Holt_Winters,2010-07-08,2010-07-09,1,1196.25,1200.8240654941046,-4.574065494104616,2.47900429999936,"{""smoothing_level"": 0.9596309193866304, ""smoothing_trend"": 0.0, ""smoothing_seasonal"": 0.0, ""damping_trend"": NaN}"
gold,Holt_Winters,2010-07-15,2010-07-16,1,1204.75,1211.9062204740935,-7.156220474093743,2.45537990000048,"{""smoothing_level"": 0.9595123109991573, ""smoothing_trend"": 0.0, ""smoothing_seasonal"": 0.0, ""damping_trend"": NaN}"
gold,Holt_Winters,2010-07-22,2010-07-23,1,1198.75,1187.2985165995622,11.451483400437835,2.550578899999892,"{""smoothing_level"": 0.959789351907884, ""smoothing_trend"": 0.0, ""smoothing_seasonal"": 0.0, ""damping_trend"": NaN}"
gold,Holt_Winters,2010-07-29,2010-07-30,1,1168.0,1166.0995987755962,1.9004012244038224,2.529729899999438,"{""smoothing_level"": 0.9598039954114853, ""smoothing_trend"": 0.0, ""smoothing_seasonal"": 0.0, ""damping_trend"": NaN}"
gold,Holt_Winters,2010-08-05,2010-08-06,1,1194.5,1195.5935036760893,-1.0935036760893126,2.5009737000000314,"{""smoothing_level"": 0.9601669621198183, ""smoothing_trend"": 0.0, ""smoothing_seasonal"": 0.0, ""damping_trend"": NaN}"
gold,Holt_Winters,2010-08-12,2010-08-13,1,1215.0,1200.0677929002477,14.932207099752532,2.4717775999997684,"{""smoothing_level"": 0.9599020941341806, ""smoothing_trend"": 0.0, ""smoothing_seasonal"": 0.0, ""damping_trend"": NaN}"
gold,Holt_Winters,2010-08-19,2010-08-20,1,1230.5,1227.9639076778062,2.536092322193781,2.571629699999903,"{""smoothing_level"": 0.9602363469752773, ""smoothing_trend"": 0.0, ""smoothing_seasonal"": 0.0, ""damping_trend"": NaN}"
gold,Holt_Winters,2010-08-26,2010-08-27,1,1234.5,1240.2687277499203,-5.768727749920345,2.512665499998548,"{""smoothing_level"": 0.9600645917751722, ""smoothing_trend"": 0.0, ""smoothing_seasonal"": 0.0, ""damping_trend"": NaN}"
gold,Holt_Winters,2010-09-13,2010-09-14,1,1253.25,1243.3990971615126,9.8509028384874,2.4848500000007334,"{""smoothing_level"": 0.9603131605932126, ""smoothing_trend"": 0.0, ""smoothing_seasonal"": 0.0, ""damping_trend"": NaN}"
gold,Holt_Winters,2010-09-20,2010-09-21,1,1278.75,1280.4524567744224,-1.702456774422444,2.496785199999067,"{""smoothing_level"": 0.9606394628498072, ""smoothing_trend"": 0.0, ""smoothing_seasonal"": 0.0, ""damping_trend"": NaN}"
gold,Holt_Winters,2010-09-28,2010-09-29,1,1307.5,1289.5112980171912,17.988701982808834,2.5044197000006534,"{""smoothing_level"": 0.9604944357122249, ""smoothing_trend"": 0.0, ""smoothing_seasonal"": 0.0, ""damping_trend"": NaN}"
gold,Holt_Winters,2010-10-05,2010-10-06,1,1347.0,1325.536163261604,21.463836738395912,2.5031444000014744,"{""smoothing_level"": 0.9604101059290774, ""smoothing_trend"": 0.0, ""smoothing_seasonal"": 0.0, ""damping_trend"": NaN}"
gold,Holt_Winters,2010-10-12,2010-10-13,1,1358.5,1343.8639612345023,14.63603876549746,2.498946600000636,"{""smoothing_level"": 0.9594726088672466, ""smoothing_trend"": 0.0, ""smoothing_seasonal"": 0.0, ""damping_trend"": NaN}"
gold,Holt_Winters,2010-10-19,2010-10-20,1,1340.5,1367.6533423720673,-27.1533423720673,2.518459000000803,"{""smoothing_level"": 0.9596992498592726, ""smoothing_trend"": 0.0, ""smoothing_seasonal"": 0.0, ""damping_trend"": NaN}"
gold,Holt_Winters,2010-10-26,2010-10-27,1,1332.25,1334.608239381882,-2.3582393818819583,2.5440511999986484,"{""smoothing_level"": 0.9570477829734301, ""smoothing_trend"": 0.0, ""smoothing_seasonal"": 0.0, ""damping_trend"": NaN}"
gold,Holt_Winters,2010-11-02,2010-11-03,1,1358.5,1358.281434897547,0.2185651024533399,2.5019911999988835,"{""smoothing_level"": 0.9573821494603483, ""smoothing_trend"": 0.0, ""smoothing_seasonal"": 0.0, ""damping_trend"": NaN}"
gold,Holt_Winters,2010-11-09,2010-11-10,1,1402.0,1415.323171080783,-13.323171080782686,2.5246653000012884,"{""smoothing_level"": 0.9582658549768057, ""smoothing_trend"": 0.0, ""smoothing_seasonal"": 0.0, ""damping_trend"": NaN}"
gold,Holt_Winters,2010-11-16,2010-11-17,1,1336.5,1363.6175459445935,-27.11754594459353,2.514001300000018,"{""smoothing_level"": 0.9580774328908647, ""smoothing_trend"": 0.0, ""smoothing_seasonal"": 0.0, ""damping_trend"": NaN}"
gold,Holt_Winters,2010-11-23,2010-11-24,1,1376.25,1361.00897007562,15.241029924379973,2.507125800000722,"{""smoothing_level"": 0.9573344835245218, ""smoothing_trend"": 0.0, ""smoothing_seasonal"": 0.0, ""damping_trend"": NaN}"
gold,Holt_Winters,2010-11-30,2010-12-01,1,1391.5,1374.5350428566064,16.964957143393576,2.5090733999986696,"{""smoothing_level"": 0.9571486992380563, ""smoothing_trend"": 0.0, ""smoothing_seasonal"": 0.0, ""damping_trend"": NaN}"
gold,Holt_Winters,2010-12-07,2010-12-08,1,1395.0,1425.5381484244615,-30.538148424461497,2.5492240999992646,"{""smoothing_level"": 0.9583733634277916, ""smoothing_trend"": 0.0, ""smoothing_seasonal"": 0.0, ""damping_trend"": NaN}"
gold,Holt_Winters,2010-12-14,2010-12-15,1,1388.25,1404.455193877778,-16.2051938777779,2.508604099999502,"{""smoothing_level"": 0.957903029137945, ""smoothing_trend"": 0.0, ""smoothing_seasonal"": 0.0, ""damping_trend"": NaN}"
gold,Holt_Winters,2010-12-21,2010-12-22,1,1389.0,1385.9280589076975,3.071941092302268,2.5052548999992723,"{""smoothing_level"": 0.9575547221256007, ""smoothing_trend"": 0.0, ""smoothing_seasonal"": 0.0, ""damping_trend"": NaN}"
gold,Holt_Winters,2011-01-13,2011-01-14,1,1369.25,1381.014835331823,-11.764835331822953,2.5250702000012097,"{""smoothing_level"": 0.9575679738803051, ""smoothing_trend"": 0.0, ""smoothing_seasonal"": 0.0, ""damping_trend"": NaN}"
gold,Holt_Winters,2011-01-20,2011-01-21,1,1344.0,1365.0279781782472,-21.027978178247167,2.519754599999942,"{""smoothing_level"": 0.9576544183610742, ""smoothing_trend"": 0.0, ""smoothing_seasonal"": 0.0, ""damping_trend"": NaN}"
gold,Holt_Winters,2011-02-01,2011-02-02,1,1337.0,1336.7582374599551,0.2417625400448741,2.488553499999398,"{""smoothing_level"": 0.9574410864077408, ""smoothing_trend"": 0.0, ""smoothing_seasonal"": 0.0, ""damping_trend"": NaN}"
gold,Holt_Winters,2011-02-08,2011-02-09,1,1362.5,1353.8348554219745,8.665144578025547,2.5411034999997355,"{""smoothing_level"": 0.9572782837078673, ""smoothing_trend"": 0.0, ""smoothing_seasonal"": 0.0, ""damping_trend"": NaN}"
gold,Holt_Winters,2011-02-15,2011-02-16,1,1374.5,1371.7310782721588,2.768921727841189,2.5220499000006384,"{""smoothing_level"": 0.95726765383888, ""smoothing_trend"": 0.0, ""smoothing_seasonal"": 0.0, ""damping_trend"": NaN}"
gold,Holt_Winters,2011-02-22,2011-02-23,1,1401.25,1394.827325037522,6.4226749624781405,2.5483392999994976,"{""smoothing_level"": 0.9575458261039492, ""smoothing_trend"": 0.0, ""smoothing_seasonal"": 0.0, ""damping_trend"": NaN}"
gold,Holt_Winters,2011-03-01,2011-03-02,1,1430.5,1414.433712613648,16.066287386352087,2.511948299999858,"{""smoothing_level"": 0.9573757612595948, ""smoothing_trend"": 0.0, ""smoothing_seasonal"": 0.0, ""damping_trend"": NaN}"
gold,Holt_Winters,2011-03-08,2011-03-09,1,1431.5,1435.2049169304712,-3.7049169304712,2.514451299999564,"{""smoothing_level"": 0.9570123982921308, ""smoothing_trend"": 0.0, ""smoothing_seasonal"": 0.0, ""damping_trend"": NaN}"
gold,Holt_Winters,2011-03-15,2011-03-16,1,1398.5,1407.887080608739,-9.387080608739325,2.486005799999475,"{""smoothing_level"": 0.9564009568519531, ""smoothing_trend"": 0.0, ""smoothing_seasonal"": 0.0, ""damping_trend"": NaN}"
gold,Holt_Winters,2011-03-22,2011-03-23,1,1433.0,1425.7188800962529,7.28111990374714,2.510272100000293,"{""smoothing_level"": 0.9570194934059765, ""smoothing_trend"": 0.0, ""smoothing_seasonal"": 0.0, ""damping_trend"": NaN}"
gold,Holt_Winters,2011-03-29,2011-03-30,1,1419.0,1414.4312522577477,4.568747742252299,2.5146827999997186,"{""smoothing_level"": 0.9574225261049992, ""smoothing_trend"": 0.0, ""smoothing_seasonal"": 0.0, ""damping_trend"": NaN}"
gold,Holt_Winters,2011-04-05,2011-04-06,1,1457.0,1434.5708423301635,22.42915766983652,2.504042800001116,"{""smoothing_level"": 0.9575333193084039, ""smoothing_trend"": 0.0, ""smoothing_seasonal"": 0.0, ""damping_trend"": NaN}"
gold,Holt_Winters,2011-04-12,2011-04-13,1,1458.0,1461.764618186915,-3.764618186914959,2.497519700000339,"{""smoothing_level"": 0.9576474083208363, ""smoothing_trend"": 0.0, ""smoothing_seasonal"": 0.0, ""damping_trend"": NaN}"
gold,Holt_Winters,2011-04-19,2011-04-20,1,1505.0,1494.7034907480293,10.296509251970749,2.628831699999864,"{""smoothing_level"": 0.9583805644118719, ""smoothing_trend"": 0.0, ""smoothing_seasonal"": 0.0, ""damping_trend"": NaN}"
gold,Holt_Winters,2011-05-13,2011-05-16,1,1495.0,1510.2536045313957,-15.253604531395467,2.6464947999993456,"{""smoothing_level"": 0.9568693476146198, ""smoothing_trend"": 0.0, ""smoothing_seasonal"": 0.0, ""damping_trend"": NaN}"
gold,Holt_Winters,2011-05-24,2011-05-25,1,1527.0,1520.0482412041924,6.951758795807564,2.6758998000004794,"{""smoothing_level"": 0.9548082435146676, ""smoothing_trend"": 0.0009935585541214233, ""smoothing_seasonal"": 0.0, ""damping_trend"": NaN}"
gold,Holt_Winters,2011-06-09,2011-06-10,1,1541.0,1534.860408974976,6.139591025023947,2.533521600000313,"{""smoothing_level"": 0.954210985869169, ""smoothing_trend"": 0.0010181238501563404, ""smoothing_seasonal"": 0.0, ""damping_trend"": NaN}"
gold,Holt_Winters,2011-06-16,2011-06-17,1,1526.25,1525.372611694498,0.8773883055018814,2.4836400000003778,"{""smoothing_level"": 0.9543406874708472, ""smoothing_trend"": 0.000882095998067737, ""smoothing_seasonal"": 4.871128992895363e-05, ""damping_trend"": NaN}"
gold,Holt_Winters,2011-06-23,2011-06-24,1,1521.0,1542.4731569399198,-21.47315693991981,2.613715400000729,"{""smoothing_level"": 0.9543758982784175, ""smoothing_trend"": 0.0010169891866450016, ""smoothing_seasonal"": 0.0, ""damping_trend"": NaN}"
gold,Holt_Winters,2011-07-01,2011-07-04,1,1495.25,1493.5646615497374,1.685338450262634,2.520235600000888,"{""smoothing_level"": 0.9566166799308798, ""smoothing_trend"": 0.0, ""smoothing_seasonal"": 0.0, ""damping_trend"": NaN}"
gold,Holt_Winters,2011-07-08,2011-07-11,1,1543.5,1526.6280709481362,16.871929051863845,2.473768800000471,"{""smoothing_level"": 0.9560225855936421, ""smoothing_trend"": 0.0007918230591826915, ""smoothing_seasonal"": 1.7053139887125745e-05, ""damping_trend"": NaN}"
gold,Holt_Winters,2011-07-15,2011-07-18,1,1598.25,1579.8878603307198,18.362139669280168,2.683441799999855,"{""smoothing_level"": 0.956414270075093, ""smoothing_trend"": 0.0010636910339965548, ""smoothing_seasonal"": 0.0, ""damping_trend"": NaN}"
gold,Holt_Winters,2011-07-22,2011-07-25,1,1618.5,1589.370177304218,29.129822695781968,2.637098400000468,"{""smoothing_level"": 0.9549764089987158, ""smoothing_trend"": 0.001077404455322218, ""smoothing_seasonal"": 0.0, ""damping_trend"": NaN}"
gold,Holt_Winters,2011-07-29,2011-08-01,1,1613.5,1614.8236623464131,-1.32366234641313,2.531739399999424,"{""smoothing_level"": 0.9535319304105647, ""smoothing_trend"": 0.0011286272354565669, ""smoothing_seasonal"": 0.0, ""damping_trend"": NaN}"
gold,Holt_Winters,2011-08-05,2011-08-08,1,1709.75,1665.9784069887155,43.77159301128427,2.6050094999991416,"{""smoothing_level"": 0.9541389201284668, ""smoothing_trend"": 0.0012374815290890151, ""smoothing_seasonal"": 0.0, ""damping_trend"": NaN}"
gold,Holt_Winters,2011-08-12,2011-08-15,1,1738.0,1757.5943967278856,-19.594396727885623,2.580111799999941,"{""smoothing_level"": 0.9548378300856551, ""smoothing_trend"": 0.0014737736189864164, ""smoothing_seasonal"": 0.0, ""damping_trend"": NaN}"
gold,Holt_Winters,2011-08-19,2011-08-22,1,1877.75,1860.551511148268,17.198488851732236,2.5799993999989965,"{""smoothing_level"": 0.9553747641123361, ""smoothing_trend"": 0.0018521650979747687, ""smoothing_seasonal"": 0.0, ""damping_trend"": NaN}"
gold,Holt_Winters,2011-09-06,2011-09-07,1,1844.0,1879.8646893943344,-35.864689394334164,2.621847399999752,"{""smoothing_level"": 0.921914402497609, ""smoothing_trend"": 0.0018598802767403218, ""smoothing_seasonal"": 0.0, ""damping_trend"": NaN}"
gold,Holt_Winters,2011-09-13,2011-09-14,1,1829.0,1810.9516745068831,18.048325493116863,2.633654400000524,"{""smoothing_level"": 0.9102696010954189, ""smoothing_trend"": 0.0015550335698166274, ""smoothing_seasonal"": 0.0, ""damping_trend"": NaN}"
gold,Holt_Winters,2011-09-20,2011-09-21,1,1810.25,1795.3455368098842,14.904463190115848,2.6469385999989754,"{""smoothing_level"": 0.9061384042457693, ""smoothing_trend"": 0.0014833557802090807, ""smoothing_seasonal"": 0.0, ""damping_trend"": NaN}"
gold,Holt_Winters,2011-09-28,2011-09-29,1,1620.0,1657.7222645281731,-37.72226452817313,2.6438543000003847,"{""smoothing_level"": 0.9158061121499391, ""smoothing_trend"": 0.0010690372181274869, ""smoothing_seasonal"": 0.0, ""damping_trend"": NaN}"
gold,Holt_Winters,2011-10-05,2011-10-06,1,1649.5,1606.7295812949042,42.77041870509584,2.5567226000002847,"{""smoothing_level"": 0.9162577810768124, ""smoothing_trend"": 0.0009441382227231268, ""smoothing_seasonal"": 0.0, ""damping_trend"": NaN}"
gold,Holt_Winters,2011-10-12,2011-10-13,1,1673.0,1685.7655592880642,-12.765559288064196,2.562382100000832,"{""smoothing_level"": 0.9112433631741677, ""smoothing_trend"": 0.0011008928188201348, ""smoothing_seasonal"": 0.0, ""damping_trend"": NaN}"
gold,Holt_Winters,2011-10-19,2011-10-20,1,1629.0,1652.754683143247,-23.754683143246663,2.6774401999991824,"{""smoothing_level"": 0.9106006625862632, ""smoothing_trend"": 0.0010227355309288, ""smoothing_seasonal"": 0.0, ""damping_trend"": NaN}"
gold,Holt_Winters,2011-10-26,2011-10-27,1,1708.0,1708.9222338649545,-0.9222338649542507,2.632577599999422,"{""smoothing_level"": 0.9120778670506904, ""smoothing_trend"": 0.0011170127620668093, ""smoothing_seasonal"": 0.0, ""damping_trend"": NaN}"
gold,Holt_Winters,2011-11-02,2011-11-03,1,1732.5,1729.5744912509138,2.925508749086248,2.5566859999999,"{""smoothing_level"": 0.9110254411208061, ""smoothing_trend"": 0.0011512813245471419, ""smoothing_seasonal"": 0.0, ""damping_trend"": NaN}"
gold,Holt_Winters,2011-11-09,2011-11-10,1,1766.0,1782.1283662472847,-16.128366247284703,2.554928399998971,"{""smoothing_level"": 0.9115775386593437, ""smoothing_trend"": 0.0012567732487743035, ""smoothing_seasonal"": 0.0, ""damping_trend"": NaN}"
gold,Holt_Winters,2011-11-16,2011-11-17,1,1756.0,1773.4893385930484,-17.489338593048387,2.5525667000001704,"{""smoothing_level"": 0.9112754298731207, ""smoothing_trend"": 0.0012227036430182692, ""smoothing_seasonal"": 0.0, ""damping_trend"": NaN}"
gold,Holt_Winters,2011-11-23,2011-11-24,1,1699.0,1687.9278845799088,11.072115420091222,2.6012636000014027,"{""smoothing_level"": 0.9144163621104588, ""smoothing_trend"": 0.001022594860702598, ""smoothing_seasonal"": 0.0, ""damping_trend"": NaN}"
gold,Holt_Winters,2011-11-30,2011-12-01,1,1750.0,1706.006339314544,43.99366068545601,2.5292220000010275,"{""smoothing_level"": 0.9125785307126849, ""smoothing_trend"": 0.0010511563983515613, ""smoothing_seasonal"": 0.0, ""damping_trend"": NaN}"
gold,Holt_Winters,2011-12-07,2011-12-08,1,1739.0,1731.1837004213728,7.816299578627195,2.597564699999566,"{""smoothing_level"": 0.9117529388791645, ""smoothing_trend"": 0.0010865579748303826, ""smoothing_seasonal"": 0.0, ""damping_trend"": NaN}"
gold,Holt_Winters,2011-12-14,2011-12-15,1,1590.0,1638.465033408816,-48.465033408816,2.5638600000002043,"{""smoothing_level"": 0.9154950789115301, ""smoothing_trend"": 0.0009001645957407479, ""smoothing_seasonal"": 0.0, ""damping_trend"": NaN}"
gold,Holt_Winters,2011-12-21,2011-12-22,1,1609.0,1635.5345016701724,-26.534501670172403,2.624847900000532,"{""smoothing_level"": 0.9192141554714541, ""smoothing_trend"": 0.000874610599619596, ""smoothing_seasonal"": 0.0, ""damping_trend"": NaN}"
gold,Holt_Winters,2012-01-13,2012-01-16,1,1643.5,1643.5241230914403,-0.0241230914402876,2.5645414000009623,"{""smoothing_level"": 0.917594362278139, ""smoothing_trend"": 0.0008849997909023093, ""smoothing_seasonal"": 0.0, ""damping_trend"": NaN}"
gold,Holt_Winters,2012-01-20,2012-01-23,1,1675.0,1648.189835236167,26.81016476383297,2.526762999999846,"{""smoothing_level"": 0.9172296357918646, ""smoothing_trend"": 0.0008892100106381075, ""smoothing_seasonal"": 0.0, ""damping_trend"": NaN}"
gold,Holt_Winters,2012-02-01,2012-02-02,1,1747.5,1744.309608404182,3.190391595818028,2.637333900000158,"{""smoothing_level"": 0.9193791029389075, ""smoothing_trend"": 0.0010313004113910265, ""smoothing_seasonal"": 0.0, ""damping_trend"": NaN}"
gold,Holt_Winters,2012-02-08,2012-02-09,1,1733.0,1742.0270831863145,-9.027083186314258,2.57662320000054,"{""smoothing_level"": 0.9186483496908233, ""smoothing_trend"": 0.0010201191847396228, ""smoothing_seasonal"": 0.0, ""damping_trend"": NaN}"
gold,Holt_Winters,2012-02-15,2012-02-16,1,1716.0,1726.0126931884129,-10.012693188412868,2.6453423999992083,"{""smoothing_level"": 0.9181823327940302, ""smoothing_trend"": 0.0009837370347266726, ""smoothing_seasonal"": 0.0, ""damping_trend"": NaN}"
gold,Holt_Winters,2012-02-22,2012-02-23,1,1776.5,1754.1287707784163,22.37122922158369,2.63259939999989,"{""smoothing_level"": 0.9179772134053643, ""smoothing_trend"": 0.0010240707913989576, ""smoothing_seasonal"": 0.0, ""damping_trend"": NaN}"
gold,Holt_Winters,2012-02-29,2012-03-01,1,1721.0,1787.8208214641747,-66.82082146417474,2.668432799999209,"{""smoothing_level"": 0.9185700736735642, ""smoothing_trend"": 0.0010752791821640392, ""smoothing_seasonal"": 0.0, ""damping_trend"": NaN}"
gold,Holt_Winters,2012-03-07,2012-03-08,1,1701.5,1683.567628477079,17.932371522920675,2.709127400001308,"{""smoothing_level"": 0.9197433079535345, ""smoothing_trend"": 0.0008820092636648376, ""smoothing_seasonal"": 0.0, ""damping_trend"": NaN}"
gold,Holt_Winters,2012-03-14,2012-03-15,1,1646.75,1665.3942877133268,-18.644287713326776,2.6349563999992824,"{""smoothing_level"": 0.920056676960301, ""smoothing_trend"": 0.0008456647102376184, ""smoothing_seasonal"": 0.0, ""damping_trend"": NaN}"
gold,Holt_Winters,2012-03-21,2012-03-22,1,1636.0,1656.1085110026438,-20.10851100264381,2.6678926999993564,"{""smoothing_level"": 0.9210433555451181, ""smoothing_trend"": 0.0008255799751834554, ""smoothing_seasonal"": 0.0, ""damping_trend"": NaN}"
gold,Holt_Winters,2012-03-28,2012-03-29,1,1655.75,1678.81661564279,-23.06661564279011,2.5762549999999464,"{""smoothing_level"": 0.9201462710607544, ""smoothing_trend"": 0.0008537830287448672, ""smoothing_seasonal"": 0.0, ""damping_trend"": NaN}"
gold,Holt_Winters,2012-04-04,2012-04-05,1,1622.5,1635.2227382200033,-12.722738220003292,2.7059420000005048,"{""smoothing_level"": 0.9208532154369219, ""smoothing_trend"": 0.0, ""smoothing_seasonal"": 0.0, ""damping_trend"": NaN}"
gold,Holt_Winters,2012-04-23,2012-04-24,1,1638.75,1632.8043362536048,5.945663746395212,2.733099499999298,"{""smoothing_level"": 0.9197583671311862, ""smoothing_trend"": 0.0, ""smoothing_seasonal"": 0.0, ""damping_trend"": NaN}"
gold,Holt_Winters,2012-04-30,2012-05-01,1,1661.25,1662.4174700003837,-1.167470000383673,2.745001499999489,"{""smoothing_level"": 0.9189173072197818, ""smoothing_trend"": 0.0008117881113577538, ""smoothing_seasonal"": 0.0, ""damping_trend"": NaN}"
gold,Holt_Winters,2012-05-16,2012-05-17,1,1547.0,1539.7261716675891,7.273828332410858,2.60934989999987,"{""smoothing_level"": 0.9252951482009887, ""smoothing_trend"": 0.0, ""smoothing_seasonal"": 0.0, ""damping_trend"": NaN}"
gold,Holt_Winters,2012-05-23,2012-05-24,1,1558.5,1556.770003066151,1.7299969338489518,2.6111111999998684,"{""smoothing_level"": 0.9258347454247696, ""smoothing_trend"": 0.0, ""smoothing_seasonal"": 0.0, ""damping_trend"": NaN}"
gold,Holt_Winters,2012-05-30,2012-05-31,1,1567.5,1550.7797699319476,16.720230068052388,2.631271899999774,"{""smoothing_level"": 0.9258244448926133, ""smoothing_trend"": 0.0, ""smoothing_seasonal"": 0.0, ""damping_trend"": NaN}"
gold,Holt_Winters,2012-06-18,2012-06-19,1,1628.5,1623.55038586924,4.949614130759983,2.600877400000172,"{""smoothing_level"": 0.9270037861811767, ""smoothing_trend"": 0.0, ""smoothing_seasonal"": 0.0, ""damping_trend"": NaN}"
gold,Holt_Winters,2012-06-25,2012-06-26,1,1583.25,1569.431073417419,13.81892658258107,2.618581999999151,"{""smoothing_level"": 0.928384661362755, ""smoothing_trend"": 0.0, ""smoothing_seasonal"": 0.0, ""damping_trend"": NaN}"
gold,Holt_Winters,2012-07-04,2012-07-05,1,1616.75,1613.7467114115505,3.00328858844955,2.609462700000222,"{""smoothing_level"": 0.9280572803830182, ""smoothing_trend"": 0.0, ""smoothing_seasonal"": 0.0, ""damping_trend"": NaN}"
gold,Holt_Winters,2012-07-11,2012-07-12,1,1565.5,1577.9060153937464,-12.40601539374643,2.666835500000161,"{""smoothing_level"": 0.9279388319087496, ""smoothing_trend"": 0.0, ""smoothing_seasonal"": 0.0, ""damping_trend"": NaN}"
gold,Holt_Winters,2012-07-18,2012-07-19,1,1580.0,1580.72549569717,-0.7254956971698903,2.737025399999766,"{""smoothing_level"": 0.9279450038906614, ""smoothing_trend"": 0.0, ""smoothing_seasonal"": 0.0, ""damping_trend"": NaN}"
gold,Holt_Winters,2012-07-25,2012-07-26,1,1603.0,1586.6185636102923,16.381436389707687,2.6085062000001926,"{""smoothing_level"": 0.9278931246152636, ""smoothing_trend"": 0.0, ""smoothing_seasonal"": 0.0, ""damping_trend"": NaN}"
gold,Holt_Winters,2012-08-01,2012-08-02,1,1604.5,1615.4665201534388,-10.96652015343875,2.5872409000003245,"{""smoothing_level"": 0.9286053629851253, ""smoothing_trend"": 0.0, ""smoothing_seasonal"": 0.0, ""damping_trend"": NaN}"
gold,Holt_Winters,2012-08-08,2012-08-09,1,1612.75,1607.5632039337738,5.186796066226179,2.6078048999988823,"{""smoothing_level"": 0.9287597718862403, ""smoothing_trend"": 0.0, ""smoothing_seasonal"": 0.0, ""damping_trend"": NaN}"
gold,Holt_Winters,2012-08-15,2012-08-16,1,1603.5,1596.3653567726644,7.134643227335573,2.636778799998865,"{""smoothing_level"": 0.9286768813008975, ""smoothing_trend"": 0.0, ""smoothing_seasonal"": 0.0, ""damping_trend"": NaN}"
gold,Holt_Winters,2012-08-22,2012-08-23,1,1662.5,1639.4580214511566,23.041978548843417,2.612018400001034,"{""smoothing_level"": 0.9287769569231137, ""smoothing_trend"": 0.0, ""smoothing_seasonal"": 0.0, ""damping_trend"": NaN}"
gold,Holt_Winters,2012-09-07,2012-09-10,1,1732.75,1697.4427717547862,35.307228245213764,2.592052500000136,"{""smoothing_level"": 0.9293582503957996, ""smoothing_trend"": 0.0007485033927676616, ""smoothing_seasonal"": 0.0, ""damping_trend"": NaN}"
gold,Holt_Winters,2012-09-14,2012-09-17,1,1767.25,1770.2962796401257,-3.046279640125704,2.6082906999999977,"{""smoothing_level"": 0.927848949004463, ""smoothing_trend"": 0.0008420010794466188, ""smoothing_seasonal"": 0.0, ""damping_trend"": NaN}"
gold,Holt_Winters,2012-09-21,2012-09-24,1,1758.5,1773.583546316298,-15.083546316297998,2.640715600000476,"{""smoothing_level"": 0.9268163640545204, ""smoothing_trend"": 0.0008425994106020426, ""smoothing_seasonal"": 0.0, ""damping_trend"": NaN}"
gold,Holt_Winters,2012-10-01,2012-10-02,1,1778.5,1771.893882733665,6.606117266335332,2.776097799998752,"{""smoothing_level"": 0.926125491156933, ""smoothing_trend"": 0.0008326287404378389, ""smoothing_seasonal"": 0.0, ""damping_trend"": NaN}"
gold,Holt_Winters,2012-10-08,2012-10-09,1,1770.75,1771.2865574820655,-0.5365574820657457,2.6593761000003724,"{""smoothing_level"": 0.9259368728392905, ""smoothing_trend"": 0.0008269213361416808, ""smoothing_seasonal"": 0.0, ""damping_trend"": NaN}"
gold,Holt_Winters,2012-10-15,2012-10-16,1,1737.5,1749.4340301654915,-11.93403016549155,2.5828454999991663,"{""smoothing_level"": 0.9259809413492892, ""smoothing_trend"": 0.0007954859858961275, ""smoothing_seasonal"": 0.0, ""damping_trend"": NaN}"
gold,Holt_Winters,2012-10-22,2012-10-23,1,1717.0,1726.3326420851608,-9.332642085160842,2.6101006000008056,"{""smoothing_level"": 0.9264116801353859, ""smoothing_trend"": 0.0007597704358969562, ""smoothing_seasonal"": 0.0, ""damping_trend"": NaN}"
gold,Holt_Winters,2012-10-29,2012-10-30,1,1713.5,1712.106978560682,1.393021439317863,2.6600139000001946,"{""smoothing_level"": 0.9264259694105983, ""smoothing_trend"": 0.0007358280368352315, ""smoothing_seasonal"": 0.0, ""damping_trend"": NaN}"
gold,Holt_Winters,2012-11-05,2012-11-06,1,1691.75,1681.3801054880896,10.369894511910388,2.6192852999993192,"{""smoothing_level"": 0.9279471710220278, ""smoothing_trend"": 0.0, ""smoothing_seasonal"": 0.0, ""damping_trend"": NaN}"
gold,Holt_Winters,2012-11-12,2012-11-13,1,1724.75,1736.100132813153,-11.350132813153095,2.7007830000002286,"{""smoothing_level"": 0.9260900908083577, ""smoothing_trend"": 0.0007534955342373658, ""smoothing_seasonal"": 0.0, ""damping_trend"": NaN}"
gold,Holt_Winters,2012-11-19,2012-11-20,1,1734.0,1722.9903906009738,11.009609399026203,2.650863599999866,"{""smoothing_level"": 0.925855061272536, ""smoothing_trend"": 0.0007331223787016613, ""smoothing_seasonal"": 0.0, ""damping_trend"": NaN}"
gold,Holt_Winters,2012-11-26,2012-11-27,1,1747.25,1746.9728230382382,0.2771769617618247,2.726196899999195,"{""smoothing_level"": 0.9259285351076989, ""smoothing_trend"": 0.0007575822112981833, ""smoothing_seasonal"": 0.0, ""damping_trend"": NaN}"
gold,Holt_Winters,2012-12-03,2012-12-04,1,1706.75,1719.3918278925107,-12.64182789251072,2.6202081000010367,"{""smoothing_level"": 0.9261071640591304, ""smoothing_trend"": 0.0007222276360804123, ""smoothing_seasonal"": 0.0, ""damping_trend"": NaN}"
gold,Holt_Winters,2012-12-10,2012-12-11,1,1709.75,1708.2580653053135,1.4919346946865062,2.65862609999931,"{""smoothing_level"": 0.9265420746237284, ""smoothing_trend"": 0.000700434233833621, ""smoothing_seasonal"": 0.0, ""damping_trend"": NaN}"
gold,Holt_Winters,2012-12-17,2012-12-18,1,1699.5,1690.6684406835782,8.831559316421817,2.801513700000214,"{""smoothing_level"": 0.9273074986739865, ""smoothing_trend"": 0.0, ""smoothing_seasonal"": 0.0, ""damping_trend"": NaN}"
gold,Holt_Winters,2013-01-09,2013-01-10,1,1663.0,1662.694929826734,0.3050701732659036,2.855167200001233,"{""smoothing_level"": 0.9271616944466884, ""smoothing_trend"": 0.0, ""smoothing_seasonal"": 0.0, ""damping_trend"": NaN}"
gold,Holt_Winters,2013-01-16,2013-01-17,1,1683.25,1679.974557043211,3.275442956788993,2.938072099999772,"{""smoothing_level"": 0.9271604625472601, ""smoothing_trend"": 0.0, ""smoothing_seasonal"": 0.0, ""damping_trend"": NaN}"
gold,Holt_Winters,2013-01-25,2013-01-28,1,1656.75,1671.004037654284,-14.254037654284048,2.90094549999958,"{""smoothing_level"": 0.9273095326028952, ""smoothing_trend"": 0.0, ""smoothing_seasonal"": 0.0, ""damping_trend"": NaN}"
gold,Holt_Winters,2013-02-04,2013-02-05,1,1678.0,1664.548469618699,13.451530381300929,2.652963599999566,"{""smoothing_level"": 0.9272647976009386, ""smoothing_trend"": 0.0, ""smoothing_seasonal"": 0.0, ""damping_trend"": NaN}"
gold,Holt_Winters,2013-02-11,2013-02-12,1,1641.75,1664.189687594488,-22.43968759448785,2.6749621000017214,"{""smoothing_level"": 0.9270693805664146, ""smoothing_trend"": 0.0, ""smoothing_seasonal"": 0.0, ""damping_trend"": NaN}"
gold,Holt_Winters,2013-02-18,2013-02-19,1,1613.5,1612.8228397547211,0.6771602452788557,2.658083199999965,"{""smoothing_level"": 0.9276708172889326, ""smoothing_trend"": 0.0, ""smoothing_seasonal"": 0.0, ""damping_trend"": NaN}"
gold,Holt_Winters,2013-02-25,2013-02-26,1,1597.25,1591.747435420801,5.502564579199088,2.649228399999629,"{""smoothing_level"": 0.9279395166106075, ""smoothing_trend"": 0.0, ""smoothing_seasonal"": 0.0, ""damping_trend"": NaN}"
gold,Holt_Winters,2013-03-04,2013-03-05,1,1584.25,1577.7355812380958,6.514418761904153,2.6507818999998563,"{""smoothing_level"": 0.9281556460914877, ""smoothing_trend"": 0.0, ""smoothing_seasonal"": 0.0, ""damping_trend"": NaN}"
gold,Holt_Winters,2013-03-11,2013-03-12,1,1582.5,1577.6791580077927,4.820841992207306,2.637211999999636,"{""smoothing_level"": 0.9279953752116693, ""smoothing_trend"": 0.0, ""smoothing_seasonal"": 0.0, ""damping_trend"": NaN}"
gold,Holt_Winters,2013-03-18,2013-03-19,1,1602.5,1599.20979063279,3.290209367210082,2.715612100000726,"{""smoothing_level"": 0.9279902951235375, ""smoothing_trend"": 0.0, ""smoothing_seasonal"": 0.0, ""damping_trend"": NaN}"
gold,Holt_Winters,2013-03-25,2013-03-26,1,1597.25,1603.1063116142448,-5.85631161424476,2.710557999998855,"{""smoothing_level"": 0.9280084538684682, ""smoothing_trend"": 0.0, ""smoothing_seasonal"": 0.0, ""damping_trend"": NaN}"
gold,Holt_Winters,2013-04-11,2013-04-12,1,1548.0,1557.7676849058614,-9.767684905861415,2.7096559000001434,"{""smoothing_level"": 0.9279492296968747, ""smoothing_trend"": 0.0, ""smoothing_seasonal"": 0.0, ""damping_trend"": NaN}"
gold,Holt_Winters,2013-04-18,2013-04-19,1,1414.0,1396.116665108323,17.883334891676668,2.589390400000412,"{""smoothing_level"": 0.9396524704504459, ""smoothing_trend"": 0.0, ""smoothing_seasonal"": 0.0, ""damping_trend"": NaN}"
gold,Holt_Winters,2013-04-25,2013-04-26,1,1462.25,1445.3699810561698,16.880018943830237,2.651080800000273,"{""smoothing_level"": 0.9404286074467374, ""smoothing_trend"": 0.0, ""smoothing_seasonal"": 0.0, ""damping_trend"": NaN}"
gold,Holt_Winters,2013-05-15,2013-05-16,1,1377.0,1413.932707550685,-36.932707550685336,2.650319300000774,"{""smoothing_level"": 0.9424288488401837, ""smoothing_trend"": 0.0, ""smoothing_seasonal"": 0.0, ""damping_trend"": NaN}"
gold,Holt_Winters,2013-05-22,2013-05-23,1,1386.0,1385.007633824564,0.9923661754360182,2.6418553999992582,"{""smoothing_level"": 0.943588273985824, ""smoothing_trend"": 0.0, ""smoothing_seasonal"": 0.0, ""damping_trend"": NaN}"
gold,Holt_Winters,2013-06-07,2013-06-10,1,1376.75,1409.5990729144398,-32.84907291443983,2.641569599998548,"{""smoothing_level"": 0.9434516125769389, ""smoothing_trend"": 0.0, ""smoothing_seasonal"": 0.0, ""damping_trend"": NaN}"
gold,Holt_Winters,2013-06-14,2013-06-17,1,1386.0,1380.2724373342437,5.727562665756295,2.6471363000000565,"{""smoothing_level"": 0.9432673771931669, ""smoothing_trend"": 0.0, ""smoothing_seasonal"": 0.0, ""damping_trend"": NaN}"
gold,Holt_Winters,2013-06-21,2013-06-24,1,1283.25,1291.324025446518,-8.074025446518135,2.624331200000597,"{""smoothing_level"": 0.9460006384260278, ""smoothing_trend"": 0.0, ""smoothing_seasonal"": 0.0, ""damping_trend"": NaN}"
gold,Holt_Winters,2013-07-01,2013-07-02,1,1260.75,1241.5694385021652,19.180561497834788,2.6450113999999303,"{""smoothing_level"": 0.9453335267324728, ""smoothing_trend"": 0.0, ""smoothing_seasonal"": 0.0, ""damping_trend"": NaN}"
gold,Holt_Winters,2013-07-08,2013-07-09,1,1252.0,1226.1339921566152,25.86600784338475,2.6741058000006888,"{""smoothing_level"": 0.9459788836758839, ""smoothing_trend"": 0.0, ""smoothing_seasonal"": 0.0, ""damping_trend"": NaN}"
gold,Holt_Winters,2013-07-15,2013-07-16,1,1286.0,1281.1283877167702,4.871612283229752,2.6726273000003857,"{""smoothing_level"": 0.94563032960711, ""smoothing_trend"": 0.0, ""smoothing_seasonal"": 0.0, ""damping_trend"": NaN}"
gold,Holt_Winters,2013-07-22,2013-07-23,1,1326.75,1312.4372115269246,14.312788473075445,2.957556100000147,"{""smoothing_level"": 0.9458347523140367, ""smoothing_trend"": 0.0, ""smoothing_seasonal"": 0.0, ""damping_trend"": NaN}"
gold,Holt_Winters,2013-07-29,2013-07-30,1,1322.25,1330.761379700721,-8.511379700720681,3.456400600000052,"{""smoothing_level"": 0.9457058678069968, ""smoothing_trend"": 0.0, ""smoothing_seasonal"": 0.0, ""damping_trend"": NaN}"
gold,Holt_Winters,2013-08-05,2013-08-06,1,1292.0,1309.9323989185768,-17.932398918576837,3.246225399998366,"{""smoothing_level"": 0.944604038361503, ""smoothing_trend"": 0.0, ""smoothing_seasonal"": 0.0, ""damping_trend"": NaN}"
gold,Holt_Winters,2013-08-12,2013-08-13,1,1334.0,1324.783992515174,9.216007484825925,2.986868899999536,"{""smoothing_level"": 0.9450121967337781, ""smoothing_trend"": 0.0, ""smoothing_seasonal"": 0.0, ""damping_trend"": NaN}"
gold,Holt_Winters,2013-08-19,2013-08-20,1,1365.75,1374.60713688714,-8.857136887139859,2.8912940000009257,"{""smoothing_level"": 0.9458668068885028, ""smoothing_trend"": 0.0, ""smoothing_seasonal"": 0.0, ""damping_trend"": NaN}"
gold,Holt_Winters,2013-09-04,2013-09-05,1,1391.75,1403.2199126983094,-11.469912698309372,2.904148400000849,"{""smoothing_level"": 0.9463235378943902, ""smoothing_trend"": 0.0, ""smoothing_seasonal"": 0.0, ""damping_trend"": NaN}"
gold,Holt_Winters,2013-09-11,2013-09-12,1,1340.25,1365.9019754745389,-25.65197547453885,2.934725899998739,"{""smoothing_level"": 0.9457654505331831, ""smoothing_trend"": 0.0, ""smoothing_seasonal"": 0.0, ""damping_trend"": NaN}"
gold,Holt_Winters,2013-09-18,2013-09-19,1,1363.5,1300.8544475614467,62.645552438553295,2.79006440000012,"{""smoothing_level"": 0.9470065766092035, ""smoothing_trend"": 0.0, ""smoothing_seasonal"": 0.0, ""damping_trend"": NaN}"
gold,Holt_Winters,2013-09-26,2013-09-27,1,1321.5,1332.0386477956758,-10.538647795675844,2.92705449999994,"{""smoothing_level"": 0.9451115480496453, ""smoothing_trend"": 0.0, ""smoothing_seasonal"": 0.0, ""damping_trend"": NaN}"
gold,Holt_Winters,2013-10-03,2013-10-04,1,1316.0,1308.4793665676948,7.520633432305203,3.074843300000793,"{""smoothing_level"": 0.9441042107970696, ""smoothing_trend"": 0.0, ""smoothing_seasonal"": 0.0, ""damping_trend"": NaN}"
gold,Holt_Winters,2013-10-10,2013-10-11,1,1285.75,1298.8924997843746,-13.14249978437465,2.866191699999036,"{""smoothing_level"": 0.944153168057278, ""smoothing_trend"": 0.0, ""smoothing_seasonal"": 0.0, ""damping_trend"": NaN}"
gold,Holt_Winters,2013-10-17,2013-10-18,1,1317.0,1306.982333552416,10.017666447584132,2.8475414000004093,"{""smoothing_level"": 0.9451383400120109, ""smoothing_trend"": 0.0, ""smoothing_seasonal"": 0.0, ""damping_trend"": NaN}"
gold,Holt_Winters,2013-10-24,2013-10-25,1,1341.75,1336.2236058063463,5.526394193653459,2.823337600000741,"{""smoothing_level"": 0.9455739416575499, ""smoothing_trend"": 0.0, ""smoothing_seasonal"": 0.0, ""damping_trend"": NaN}"
gold,Holt_Winters,2013-10-31,2013-11-01,1,1314.75,1334.8152922894296,-20.065292289429635,2.924028800000088,"{""smoothing_level"": 0.945578778622032, ""smoothing_trend"": 0.0, ""smoothing_seasonal"": 0.0, ""damping_trend"": NaN}"
gold,Holt_Winters,2013-11-07,2013-11-08,1,1309.0,1316.243054848513,-7.243054848513339,2.8182600000000093,"{""smoothing_level"": 0.9460395783260938, ""smoothing_trend"": 0.0, ""smoothing_seasonal"": 0.0, ""damping_trend"": NaN}"
gold,Holt_Winters,2013-11-14,2013-11-15,1,1281.75,1283.0773837492325,-1.3273837492324674,2.8864036000013584,"{""smoothing_level"": 0.9464302031622377, ""smoothing_trend"": 0.0, ""smoothing_seasonal"": 0.0, ""damping_trend"": NaN}"
gold,Holt_Winters,2013-11-21,2013-11-22,1,1241.75,1249.9361396962274,-8.186139696227428,2.8757641000011063,"{""smoothing_level"": 0.9464739282377185, ""smoothing_trend"": 0.0, ""smoothing_seasonal"": 0.0, ""damping_trend"": NaN}"
gold,Holt_Winters,2013-11-28,2013-11-29,1,1245.25,1242.425002499499,2.824997500501013,3.393987600000401,"{""smoothing_level"": 0.9466021035806924, ""smoothing_trend"": 0.0, ""smoothing_seasonal"": 0.0, ""damping_trend"": NaN}"
gold,Holt_Winters,2013-12-05,2013-12-06,1,1230.75,1233.0981893070518,-2.3481893070518254,3.3301166000001103,"{""smoothing_level"": 0.9466671148043553, ""smoothing_trend"": 0.0, ""smoothing_seasonal"": 0.0, ""damping_trend"": NaN}"
gold,Holt_Winters,2013-12-12,2013-12-13,1,1222.75,1244.294761753962,-21.54476175396212,3.4160604999997304,"{""smoothing_level"": 0.9466249158687363, ""smoothing_trend"": 0.0, ""smoothing_seasonal"": 0.0, ""damping_trend"": NaN}"
gold,Holt_Winters,2013-12-19,2013-12-20,1,1195.0,1206.9325978545785,-11.93259785457849,3.597004499999457,"{""smoothing_level"": 0.9469200790265441, ""smoothing_trend"": 0.0, ""smoothing_seasonal"": 0.0, ""damping_trend"": NaN}"
gold,Holt_Winters,2014-01-13,2014-01-14,1,1248.75,1245.4389577014715,3.311042298528492,3.246994999999515,"{""smoothing_level"": 0.9477897053515814, ""smoothing_trend"": 0.0, ""smoothing_seasonal"": 0.0, ""damping_trend"": NaN}"
gold,Holt_Winters,2014-01-20,2014-01-21,1,1247.75,1254.2040140334384,-6.454014033438398,3.27891709999858,"{""smoothing_level"": 0.9478398711686233, ""smoothing_trend"": 0.0, ""smoothing_seasonal"": 0.0, ""damping_trend"": NaN}"
gold,Holt_Winters,2014-01-30,2014-01-31,1,1246.5,1254.196389699563,-7.696389699563042,3.170491099999708,"{""smoothing_level"": 0.9475910577820359, ""smoothing_trend"": 0.0, ""smoothing_seasonal"": 0.0, ""damping_trend"": NaN}"
gold,Holt_Winters,2014-02-06,2014-02-07,1,1260.0,1258.5826121576783,1.4173878423216593,2.8541230999999243,"{""smoothing_level"": 0.9476325781115388, ""smoothing_trend"": 0.0, ""smoothing_seasonal"": 0.0, ""damping_trend"": NaN}"
gold,Holt_Winters,2014-02-13,2014-02-14,1,1308.5,1290.219003939202,18.28099606079809,3.252689900000405,"{""smoothing_level"": 0.9479381056316406, ""smoothing_trend"": 0.0, ""smoothing_seasonal"": 0.0, ""damping_trend"": NaN}"
gold,Holt_Winters,2014-02-20,2014-02-21,1,1320.75,1314.1832978086643,6.566702191335708,3.085312200000772,"{""smoothing_level"": 0.9481180914706124, ""smoothing_trend"": 0.0, ""smoothing_seasonal"": 0.0, ""damping_trend"": NaN}"
gold,Holt_Winters,2014-02-27,2014-02-28,1,1327.75,1331.6357283953148,-3.8857283953148,3.124620999999024,"{""smoothing_level"": 0.9481128144518817, ""smoothing_trend"": 0.0, ""smoothing_seasonal"": 0.0, ""damping_trend"": NaN}"
gold,Holt_Winters,2014-03-06,2014-03-07,1,1348.25,1334.414193863264,13.835806136735982,3.151334500000303,"{""smoothing_level"": 0.9480079050986491, ""smoothing_trend"": 0.0, ""smoothing_seasonal"": 0.0, ""damping_trend"": NaN}"
gold,Holt_Winters,2014-03-13,2014-03-14,1,1370.0,1370.3744749558798,-0.3744749558798048,3.4692506000010326,"{""smoothing_level"": 0.9478565218557446, ""smoothing_trend"": 0.0, ""smoothing_seasonal"": 0.0, ""damping_trend"": NaN}"
gold,Holt_Winters,2014-03-20,2014-03-21,1,1338.5,1328.217151311969,10.28284868803098,3.1881690000009257,"{""smoothing_level"": 0.9485113740216801, ""smoothing_trend"": 0.0, ""smoothing_seasonal"": 0.0, ""damping_trend"": NaN}"
gold,Holt_Winters,2014-03-27,2014-03-28,1,1295.75,1296.20946547487,-0.4594654748700577,3.1442974000001414,"{""smoothing_level"": 0.9482570804623939, ""smoothing_trend"": 0.0, ""smoothing_seasonal"": 0.0, ""damping_trend"": NaN}"
gold,Holt_Winters,2014-04-03,2014-04-04,1,1293.5,1287.2860793164396,6.2139206835604455,3.3000621999999566,"{""smoothing_level"": 0.9482989265620212, ""smoothing_trend"": 0.0, ""smoothing_seasonal"": 0.0, ""damping_trend"": NaN}"
gold,Random_Forest,2007-06-06,2007-06-07,1,670.85,669.0612272814806,1.7887727185194535,4.81268640000053,
gold,Random_Forest,2007-06-13,2007-06-14,1,650.75,642.6480951590488,8.101904840951192,4.331123099998877,
gold,Random_Forest,2007-06-20,2007-06-21,1,654.5,661.1761712312064,-6.676171231206354,4.668810700000904,
gold,Random_Forest,2007-06-28,2007-06-29,1,648.5,648.16330407969,0.336695920310035,4.430558400001246,
gold,Random_Forest,2007-07-05,2007-07-06,1,647.75,654.9033448814255,-7.1533448814254825,4.402544299999136,
gold,Random_Forest,2007-07-12,2007-07-13,1,667.5,660.7429600148266,6.757039985173378,4.4858946000003925,
gold,Random_Forest,2007-07-19,2007-07-20,1,676.0,670.3059426599613,5.694057340038739,4.62360500000068,
gold,Random_Forest,2007-07-26,2007-07-27,1,663.5,676.4997268404118,-12.999726840411768,4.407373399999415,
gold,Random_Forest,2007-08-02,2007-08-03,1,666.35,661.9508987149794,4.399101285020606,4.028462800000852,
gold,Random_Forest,2007-08-09,2007-08-10,1,664.5,667.7306336193354,-3.2306336193354355,3.888287099998706,
gold,Random_Forest,2007-08-16,2007-08-17,1,653.0,662.2167399476024,-9.216739947602376,3.836137700000109,
gold,Random_Forest,2007-08-23,2007-08-24,1,659.75,660.3527639279228,-0.6027639279227515,3.95203279999987,
gold,Random_Forest,2007-09-10,2007-09-11,1,704.25,697.0264011248488,7.223598875151197,3.880255800000669,
gold,Random_Forest,2007-09-17,2007-09-18,1,717.7,707.6046512814219,10.09534871857818,3.882967699999426,
gold,Random_Forest,2007-09-25,2007-09-26,1,730.55,749.4696533543018,-18.91965335430189,3.946348800000123,
gold,Random_Forest,2007-10-02,2007-10-03,1,733.15,756.5751242767813,-23.42512427678128,3.896251900001516,
gold,Random_Forest,2007-10-09,2007-10-10,1,740.5,742.9310111859819,-2.4310111859819017,3.8752956000007535,
gold,Random_Forest,2007-10-16,2007-10-17,1,759.75,764.8056705023042,-5.055670502304224,3.847244900000078,
gold,Random_Forest,2007-10-23,2007-10-24,1,757.35,760.6794483215608,-3.3294483215607897,3.859946100001253,
gold,Random_Forest,2007-10-30,2007-10-31,1,783.0,778.4145239222472,4.585476077752787,3.865573299999596,
gold,Random_Forest,2007-11-06,2007-11-07,1,841.75,794.5113162003444,47.23868379965563,3.92318669999986,
gold,Random_Forest,2007-11-13,2007-11-14,1,808.25,813.3579246939682,-5.1079246939682434,3.930950500000108,
gold,Random_Forest,2007-11-20,2007-11-21,1,796.25,801.4068923212303,-5.156892321230316,3.990402000001268,
gold,Random_Forest,2007-11-27,2007-11-28,1,796.5,814.3078319107151,-17.807831910715095,3.860439199999746,
gold,Random_Forest,2007-12-04,2007-12-05,1,801.75,795.3709246936693,6.379075306330719,4.286959600000046,
gold,Random_Forest,2007-12-11,2007-12-12,1,807.5,809.0279485965699,-1.5279485965698996,5.077807800000301,
gold,Random_Forest,2007-12-18,2007-12-19,1,801.5,798.895454392333,2.604545607666978,4.699169299999994,
gold,Random_Forest,2008-01-10,2008-01-11,1,893.75,826.1877141050495,67.56228589495049,4.9146693000002415,
gold,Random_Forest,2008-01-17,2008-01-18,1,872.75,872.3177355882544,0.4322644117455638,4.37201240000104,
gold,Random_Forest,2008-01-28,2008-01-29,1,927.5,889.307521761291,38.192478238708986,4.860314000001381,
gold,Random_Forest,2008-02-05,2008-02-06,1,892.0,899.4488304357033,-7.4488304357032575,4.457721099999617,
gold,Random_Forest,2008-02-12,2008-02-13,1,905.75,914.8795046017078,-9.129504601707822,4.21449659999962,
gold,Random_Forest,2008-02-19,2008-02-20,1,924.85,912.6031488309249,12.246851169075285,4.224191000001156,
gold,Random_Forest,2008-02-26,2008-02-27,1,958.75,927.6476645629156,31.10233543708432,4.390984800000297,
gold,Random_Forest,2008-03-04,2008-03-05,1,966.25,952.2447188846146,14.0052811153854,4.447411999999531,
gold,Random_Forest,2008-03-11,2008-03-12,1,975.75,969.6939283806348,6.056071619365298,3.9373771999999008,
gold,Random_Forest,2008-03-18,2008-03-19,1,995.25,985.442552455258,9.807447544741876,4.056246399999509,
gold,Random_Forest,2008-04-04,2008-04-07,1,914.7,908.3363939500316,6.363606049968553,4.121438400001352,
gold,Random_Forest,2008-04-11,2008-04-14,1,917.75,923.5016501594135,-5.751650159413543,4.226807700000791,
gold,Random_Forest,2008-04-22,2008-04-23,1,916.25,924.6347589237508,-8.384758923750724,4.2497275000005175,
gold,Random_Forest,2008-04-29,2008-04-30,1,867.75,887.5351765898392,-19.78517658983924,4.20379259999936,
gold,Random_Forest,2008-05-15,2008-05-16,1,885.0,848.0046960970622,36.99530390293785,4.134568200001013,
gold,Random_Forest,2008-05-22,2008-05-23,1,922.25,926.3798257052048,-4.1298257052046665,4.045116900000721,
gold,Random_Forest,2008-06-09,2008-06-10,1,884.5,897.6014893152427,-13.101489315242702,3.962440799999968,
gold,Random_Forest,2008-06-16,2008-06-17,1,883.0,871.0270791442418,11.97292085575816,4.152618699999948,
gold,Random_Forest,2008-06-24,2008-06-25,1,887.25,884.3693909088324,2.880609091167571,4.029860799999369,
gold,Random_Forest,2008-07-01,2008-07-02,1,936.0,929.8117625211738,6.188237478826181,3.9388655000002473,
gold,Random_Forest,2008-07-08,2008-07-09,1,923.25,928.7555725260902,-5.505572526090191,3.807467000000543,
gold,Random_Forest,2008-07-15,2008-07-16,1,974.0,969.5301558510934,4.469844148906645,3.7409422999990056,
gold,Random_Forest,2008-07-22,2008-07-23,1,934.75,976.3061396641348,-41.556139664134776,3.9609096000003774,
gold,Random_Forest,2008-07-29,2008-07-30,1,914.1,931.3162426313482,-17.216242631348223,4.187494400001015,
gold,Random_Forest,2008-08-05,2008-08-06,1,884.75,885.179632541117,-0.4296325411170301,4.278253499998755,
gold,Random_Forest,2008-08-12,2008-08-13,1,824.0,814.4510113586739,9.548988641326105,4.092215000000579,
gold,Random_Forest,2008-08-19,2008-08-20,1,806.75,796.4206316475517,10.32936835244834,3.985453200000848,
gold,Random_Forest,2008-09-04,2008-09-05,1,796.25,816.3821295876872,-20.132129587687245,3.772230100001252,
gold,Random_Forest,2008-09-11,2008-09-12,1,757.5,767.8137232407508,-10.313723240750846,3.778716999999233,
gold,Random_Forest,2008-09-18,2008-09-19,1,837.5,858.7111050910146,-21.211105091014588,3.88251769999988,
gold,Random_Forest,2008-09-26,2008-09-29,1,876.5,873.1972623064657,3.3027376935342545,3.945388699999967,
gold,Random_Forest,2008-10-03,2008-10-06,1,836.5,844.1280978487059,-7.62809784870592,3.884753199999978,
gold,Random_Forest,2008-10-10,2008-10-13,1,865.0,919.550540220932,-54.55054022093191,3.80893610000021,
gold,Random_Forest,2008-10-17,2008-10-20,1,803.0,803.2049731542273,-0.2049731542273321,3.930215799999132,
gold,Random_Forest,2008-10-24,2008-10-27,1,720.5,681.1242361288315,39.37576387116849,3.8699382999984655,
gold,Random_Forest,2008-10-31,2008-11-03,1,734.0,754.7337467276501,-20.7337467276501,3.936678400001256,
gold,Random_Forest,2008-11-07,2008-11-10,1,751.75,742.263295339768,9.486704660232022,3.852616299998772,
gold,Random_Forest,2008-11-14,2008-11-17,1,745.0,737.2061493563795,7.793850643620544,3.901128400000744,
gold,Random_Forest,2008-11-21,2008-11-24,1,816.75,753.4832054137266,63.26679458627336,4.042869599999904,
gold,Random_Forest,2008-11-28,2008-12-01,1,795.5,816.9258132186444,-21.425813218644407,3.9408676999992167,
gold,Random_Forest,2008-12-05,2008-12-08,1,772.25,775.3716025974571,-3.121602597457126,3.940174199999092,
gold,Random_Forest,2008-12-12,2008-12-15,1,827.5,813.207513653285,14.292486346715007,3.898575900000651,
gold,Random_Forest,2008-12-19,2008-12-22,1,846.0,848.5567861482343,-2.5567861482343237,3.894832999998471,
gold,Random_Forest,2009-01-13,2009-01-14,1,827.25,817.7410308611785,9.5089691388215,3.897373499999958,
gold,Random_Forest,2009-01-20,2009-01-21,1,860.5,832.7571561888333,27.74284381116672,3.902684299999237,
gold,Random_Forest,2009-01-30,2009-02-02,1,913.75,906.764973978878,6.985026021121939,4.055633800000578,
gold,Random_Forest,2009-02-06,2009-02-09,1,901.0,912.1111717925968,-11.111171792596792,4.484670100000585,
gold,Random_Forest,2009-02-13,2009-02-16,1,943.0,937.842299869322,5.157700130677881,4.175894800000606,
gold,Random_Forest,2009-02-20,2009-02-23,1,987.0,966.9650377713738,20.034962228626227,4.030928899999708,
gold,Random_Forest,2009-02-27,2009-03-02,1,949.5,946.0573934174976,3.4426065825024352,4.056537899999967,
gold,Random_Forest,2009-03-06,2009-03-09,1,934.75,937.5006800188472,-2.750680018847106,3.954876300000251,
gold,Random_Forest,2009-03-13,2009-03-16,1,923.0,917.4522330836244,5.547766916375622,3.951082300000053,
gold,Random_Forest,2009-03-20,2009-03-23,1,952.75,963.6427684996164,-10.892768499616407,4.069334699999672,
gold,Random_Forest,2009-03-27,2009-03-30,1,923.0,921.047104646382,1.9528953536180325,3.905877299999702,
gold,Random_Forest,2009-04-03,2009-04-06,1,879.5,905.1754497560598,-25.675449756059837,3.889659299999039,
gold,Random_Forest,2009-04-22,2009-04-23,1,894.5,888.3810505126729,6.118949487327086,3.900840000000244,
gold,Random_Forest,2009-04-29,2009-04-30,1,889.0,904.2234414554129,-15.22344145541274,3.881795400000556,
gold,Random_Forest,2009-05-15,2009-05-18,1,929.75,924.1935739155308,5.556426084469194,3.8322052999992593,
gold,Random_Forest,2009-06-02,2009-06-03,1,979.0,965.4799477826988,13.520052217301329,3.766452299998491,
gold,Random_Forest,2009-06-09,2009-06-10,1,961.25,943.1895933164062,18.060406683593783,3.9145588999999754,
gold,Random_Forest,2009-06-16,2009-06-17,1,933.75,943.3999642648909,-9.649964264890857,4.061870700001236,
gold,Random_Forest,2009-06-24,2009-06-25,1,934.25,930.6289140835754,3.6210859164245903,3.858838399999513,
gold,Random_Forest,2009-07-01,2009-07-02,1,936.0,933.7449137660096,2.2550862339904825,3.822078000001056,
gold,Random_Forest,2009-07-08,2009-07-09,1,914.75,923.9096155769432,-9.159615576943224,3.942261199999848,
gold,Random_Forest,2009-07-15,2009-07-16,1,935.25,932.5406048381165,2.7093951618836627,3.918073100001493,
gold,Random_Forest,2009-07-22,2009-07-23,1,955.25,942.5037443711644,12.746255628835684,3.810396699998819,
gold,Random_Forest,2009-07-29,2009-07-30,1,932.0,936.5030624762984,-4.5030624762982825,3.884205599999405,
gold,Random_Forest,2009-08-05,2009-08-06,1,960.75,965.0476131564376,-4.297613156437478,3.880024800000683,
gold,Random_Forest,2009-08-12,2009-08-13,1,956.0,946.4047304804128,9.595269519587193,3.917301999999836,
gold,Random_Forest,2009-08-19,2009-08-20,1,943.5,934.5354616244864,8.964538375513484,3.906556500000079,
gold,Random_Forest,2009-08-26,2009-08-27,1,943.5,949.9221338912416,-6.422133891241742,3.93183179999869,
gold,Random_Forest,2009-09-11,2009-09-14,1,994.25,985.1801125035914,9.069887496408567,3.915334100000109,
gold,Random_Forest,2009-09-18,2009-09-21,1,999.25,1002.1889570102288,-2.938957010228819,4.2007789999988745,
gold,Random_Forest,2009-09-25,2009-09-28,1,990.5,1005.0543144966852,-14.554314496685151,4.226146099999824,
gold,Random_Forest,2009-10-05,2009-10-06,1,1020.25,1001.4516425590524,18.7983574409476,4.047446599999603,
gold,Random_Forest,2009-10-12,2009-10-13,1,1064.5,1029.9758812953323,34.52411870466767,3.932877200000803,
gold,Random_Forest,2009-10-19,2009-10-20,1,1064.0,1050.5621361215792,13.437863878420783,4.125200500000574,
gold,Random_Forest,2009-10-26,2009-10-27,1,1040.75,1046.6722749473215,-5.922274947321739,4.040064700000585,
gold,Random_Forest,2009-11-02,2009-11-03,1,1058.0,1053.9887165576374,4.011283442362583,4.46102400000018,
gold,Random_Forest,2009-11-09,2009-11-10,1,1099.75,1072.5551639215985,27.19483607840175,3.992312200000015,
gold,Random_Forest,2009-11-16,2009-11-17,1,1131.75,1101.544903345361,30.205096654638965,3.95715569999993,
gold,Random_Forest,2009-11-23,2009-11-24,1,1170.25,1126.0300941992302,44.219905800769766,3.946331699999064,
gold,Random_Forest,2009-11-30,2009-12-01,1,1193.5,1154.768655763569,38.731344236430914,4.145073699999557,
gold,Random_Forest,2009-12-07,2009-12-08,1,1164.25,1168.4670122959144,-4.217012295914401,4.230592999998407,
gold,Random_Forest,2009-12-14,2009-12-15,1,1115.0,1131.423781029495,-16.42378102949533,3.993768700000146,
gold,Random_Forest,2009-12-21,2009-12-22,1,1094.25,1115.78212831629,-21.532128316290027,3.9182838999986416,
gold,Random_Forest,2010-01-13,2010-01-14,1,1137.5,1129.071661069821,8.428338930179052,4.0290034000008745,
gold,Random_Forest,2010-01-20,2010-01-21,1,1104.0,1132.0545170404891,-28.054517040489145,3.826000799999747,
gold,Random_Forest,2010-02-01,2010-02-02,1,1114.0,1084.233564106526,29.766435893473957,3.859909300001164,
gold,Random_Forest,2010-02-08,2010-02-09,1,1068.0,1071.0669513517737,-3.066951351773469,3.888247599999886,
gold,Random_Forest,2010-02-15,2010-02-16,1,1115.25,1091.1216645195757,24.12833548042431,4.055420200000299,
gold,Random_Forest,2010-02-22,2010-02-23,1,1112.0,1111.782209884572,0.2177901154279879,4.041809599999397,
gold,Random_Forest,2010-03-01,2010-03-02,1,1116.0,1110.407139450061,5.592860549938678,4.0390116999988095,
gold,Random_Forest,2010-03-08,2010-03-09,1,1120.0,1133.5395052652184,-13.539505265218397,3.997144400000252,
gold,Random_Forest,2010-03-15,2010-03-16,1,1113.25,1099.0049854154815,14.245014584518458,3.8217435000005935,
gold,Random_Forest,2010-03-22,2010-03-23,1,1100.75,1107.8130394570353,-7.063039457035302,3.8484279999993305,
gold,Random_Forest,2010-03-29,2010-03-30,1,1109.75,1113.8009046288184,-4.050904628818444,4.039027500000884,
gold,Random_Forest,2010-04-15,2010-04-16,1,1157.0,1152.0011313004125,4.998868699587547,3.939400700000988,
gold,Random_Forest,2010-04-22,2010-04-23,1,1140.0,1145.1929456233331,-5.192945623333344,4.08111739999913,
gold,Random_Forest,2010-04-29,2010-04-30,1,1175.25,1168.3073260631982,6.942673936801839,4.130014399999709,
gold,Random_Forest,2010-05-17,2010-05-18,1,1215.0,1211.8098554816142,3.1901445183857504,4.084987599999295,
gold,Random_Forest,2010-05-24,2010-05-25,1,1189.5,1187.2526545830874,2.2473454169125944,3.950842900001589,
gold,Random_Forest,2010-06-09,2010-06-10,1,1220.0,1218.8923162926003,1.1076837073997012,4.040211800000179,
gold,Random_Forest,2010-06-16,2010-06-17,1,1234.5,1226.20329340016,8.296706599840036,4.017813799999203,
gold,Random_Forest,2010-06-23,2010-06-24,1,1233.25,1235.0418168017306,-1.791816801730647,4.00496639999983,
gold,Random_Forest,2010-07-01,2010-07-02,1,1210.5,1241.321470573597,-30.821470573597026,4.178029000000606,
gold,Random_Forest,2010-07-08,2010-07-09,1,1196.25,1200.8541246447485,-4.604124644748254,4.612202900001648,
gold,Random_Forest,2010-07-15,2010-07-16,1,1204.75,1209.7859252640308,-5.035925264030766,4.28039870000066,
gold,Random_Forest,2010-07-22,2010-07-23,1,1198.75,1195.5608285620356,3.1891714379644327,4.172848000000158,
gold,Random_Forest,2010-07-29,2010-07-30,1,1168.0,1176.9859968790358,-8.985996879035838,4.170711000000665,
gold,Random_Forest,2010-08-05,2010-08-06,1,1194.5,1192.8941957240213,1.6058042759786986,4.116537599998992,
gold,Random_Forest,2010-08-12,2010-08-13,1,1215.0,1197.6710617430315,17.328938256968513,4.189435199999934,
gold,Random_Forest,2010-08-19,2010-08-20,1,1230.5,1224.8354358568774,5.664564143122561,4.237549499999659,
gold,Random_Forest,2010-08-26,2010-08-27,1,1234.5,1234.6437386544558,-0.1437386544557739,4.182791199998974,
gold,Random_Forest,2010-09-13,2010-09-14,1,1253.25,1245.3887371313765,7.861262868623498,4.20177700000022,
gold,Random_Forest,2010-09-20,2010-09-21,1,1278.75,1258.218947089253,20.531052910746894,4.229802300000301,
gold,Random_Forest,2010-09-28,2010-09-29,1,1307.5,1281.7302886833377,25.769711316662324,4.414568399999553,
gold,Random_Forest,2010-10-05,2010-10-06,1,1347.0,1300.8684013165669,46.13159868343314,4.233928999999989,
gold,Random_Forest,2010-10-12,2010-10-13,1,1358.5,1330.1089466851895,28.39105331481028,4.221706199999971,
gold,Random_Forest,2010-10-19,2010-10-20,1,1340.5,1355.1456545640174,-14.645654564017375,4.209661800001413,
gold,Random_Forest,2010-10-26,2010-10-27,1,1332.25,1346.0976945609434,-13.84769456094341,4.294917400000486,
gold,Random_Forest,2010-11-02,2010-11-03,1,1358.5,1352.439434456067,6.06056554393308,4.216866000000664,
gold,Random_Forest,2010-11-09,2010-11-10,1,1402.0,1371.008297116131,30.99170288386904,4.164036799998939,
gold,Random_Forest,2010-11-16,2010-11-17,1,1336.5,1372.2038392844652,-35.703839284465175,4.17565569999897,
gold,Random_Forest,2010-11-23,2010-11-24,1,1376.25,1362.3152586049682,13.93474139503178,4.12940140000137,
gold,Random_Forest,2010-11-30,2010-12-01,1,1391.5,1371.840891610267,19.65910838973309,4.185351500000252,
gold,Random_Forest,2010-12-07,2010-12-08,1,1395.0,1400.1908914499706,-5.19089144997065,4.0864762000001065,
gold,Random_Forest,2010-12-14,2010-12-15,1,1388.25,1397.798691406525,-9.548691406524997,4.154670599999008,
gold,Random_Forest,2010-12-21,2010-12-22,1,1389.0,1384.2495621050618,4.750437894938159,4.090773799998715,
gold,Random_Forest,2011-01-13,2011-01-14,1,1369.25,1381.4786202370972,-12.228620237097177,4.246667800000068,
gold,Random_Forest,2011-01-20,2011-01-21,1,1344.0,1366.875297029223,-22.87529702922302,4.13193769999998,
gold,Random_Forest,2011-02-01,2011-02-02,1,1337.0,1342.201474099652,-5.201474099651932,4.180762799998774,
gold,Random_Forest,2011-02-08,2011-02-09,1,1362.5,1356.4786363406054,6.021363659394638,4.1766296999994665,
gold,Random_Forest,2011-02-15,2011-02-16,1,1374.5,1366.2222919462029,8.277708053797141,4.140558900000542,
gold,Random_Forest,2011-02-22,2011-02-23,1,1401.25,1397.8896618967722,3.360338103227832,4.223862300001201,
gold,Random_Forest,2011-03-01,2011-03-02,1,1430.5,1396.895671995215,33.604328004784975,4.194838100000197,
gold,Random_Forest,2011-03-08,2011-03-09,1,1431.5,1419.0901922791295,12.409807720870276,4.2533714000001055,
gold,Random_Forest,2011-03-15,2011-03-16,1,1398.5,1420.128459061789,-21.628459061789044,4.254213399999571,
gold,Random_Forest,2011-03-22,2011-03-23,1,1433.0,1419.3914706472644,13.60852935273556,4.220374100001209,
gold,Random_Forest,2011-03-29,2011-03-30,1,1419.0,1415.7349613291806,3.265038670819422,4.294666100000541,
gold,Random_Forest,2011-04-05,2011-04-06,1,1457.0,1428.6856280668542,28.31437193314582,4.226909599999999,
gold,Random_Forest,2011-04-12,2011-04-13,1,1458.0,1447.4996965310693,10.500303468930724,4.430524999999761,
gold,Random_Forest,2011-04-19,2011-04-20,1,1505.0,1465.5000262554631,39.49997374453688,4.382722700000159,
gold,Random_Forest,2011-05-13,2011-05-16,1,1495.0,1491.6957374916617,3.3042625083385246,4.31944889999977,
gold,Random_Forest,2011-05-24,2011-05-25,1,1527.0,1498.117658201491,28.88234179850906,4.318732899999304,
gold,Random_Forest,2011-06-09,2011-06-10,1,1541.0,1516.2358712206587,24.764128779341263,4.300102900000638,
gold,Random_Forest,2011-06-16,2011-06-17,1,1526.25,1519.3535732074356,6.896426792564398,4.17501860000084,
gold,Random_Forest,2011-06-23,2011-06-24,1,1521.0,1533.1211753801622,-12.121175380162184,4.499403699999675,
gold,Random_Forest,2011-07-01,2011-07-04,1,1495.25,1499.280558584614,-4.030558584614028,4.127976499999932,
gold,Random_Forest,2011-07-08,2011-07-11,1,1543.5,1526.620956915987,16.879043084012892,4.231728799999473,
gold,Random_Forest,2011-07-15,2011-07-18,1,1598.25,1550.757247488826,47.49275251117388,4.441823399998611,
gold,Random_Forest,2011-07-22,2011-07-25,1,1618.5,1576.6554168988896,41.8445831011104,4.36500580000029,
gold,Random_Forest,2011-07-29,2011-08-01,1,1613.5,1596.5561519357343,16.943848064265694,4.264364200000273,
gold,Random_Forest,2011-08-05,2011-08-08,1,1709.75,1629.2404428084562,80.50955719154376,4.293638299999657,
gold,Random_Forest,2011-08-12,2011-08-15,1,1738.0,1714.719140919265,23.2808590807349,4.309392299999672,
gold,Random_Forest,2011-08-19,2011-08-22,1,1877.75,1760.4336967590475,117.3163032409525,4.570972499999698,
gold,Random_Forest,2011-09-06,2011-09-07,1,1844.0,1805.468857260391,38.53114273960932,4.421028600001591,
gold,Random_Forest,2011-09-13,2011-09-14,1,1829.0,1835.9155729491704,-6.91557294917061,4.394481699999233,
gold,Random_Forest,2011-09-20,2011-09-21,1,1810.25,1820.2350154816504,-9.985015481650636,4.081706099999792,
gold,Random_Forest,2011-09-28,2011-09-29,1,1620.0,1708.9508988247835,-88.95089882478374,4.115077800001018,
gold,Random_Forest,2011-10-05,2011-10-06,1,1649.5,1646.632232550592,2.86776744940812,4.226825799998551,
gold,Random_Forest,2011-10-12,2011-10-13,1,1673.0,1666.7094589849646,6.290541015035387,4.261637999999948,
gold,Random_Forest,2011-10-19,2011-10-20,1,1629.0,1654.638141466821,-25.638141466821025,4.504559099999824,
gold,Random_Forest,2011-10-26,2011-10-27,1,1708.0,1711.1020579606973,-3.102057960697266,4.598383000000467,
gold,Random_Forest,2011-11-02,2011-11-03,1,1732.5,1718.640491623487,13.859508376513077,4.360464699999284,
gold,Random_Forest,2011-11-09,2011-11-10,1,1766.0,1787.0302869311745,-21.03028693117426,4.268042100000457,
gold,Random_Forest,2011-11-16,2011-11-17,1,1756.0,1777.463034816697,-21.463034816697014,4.269655799998873,
gold,Random_Forest,2011-11-23,2011-11-24,1,1699.0,1674.4000686284617,24.59993137153833,4.296964600000138,
gold,Random_Forest,2011-11-30,2011-12-01,1,1750.0,1704.040316573426,45.95968342657397,4.245757000000594,
gold,Random_Forest,2011-12-07,2011-12-08,1,1739.0,1724.109880038603,14.890119961396977,4.382339199999478,
gold,Random_Forest,2011-12-14,2011-12-15,1,1590.0,1647.015462372635,-57.01546237263506,4.324592399998437,
gold,Random_Forest,2011-12-21,2011-12-22,1,1609.0,1628.9901068297638,-19.990106829763818,4.239621299999271,
gold,Random_Forest,2012-01-13,2012-01-16,1,1643.5,1640.424671725097,3.075328274903086,4.176172400000723,
gold,Random_Forest,2012-01-20,2012-01-23,1,1675.0,1652.5033451342088,22.496654865791243,4.148858800001108,
gold,Random_Forest,2012-02-01,2012-02-02,1,1747.5,1737.128659396839,10.37134060316066,4.28526520000014,
gold,Random_Forest,2012-02-08,2012-02-09,1,1733.0,1739.0631674850886,-6.06316748508857,4.265891300001385,
gold,Random_Forest,2012-02-15,2012-02-16,1,1716.0,1721.4074357157078,-5.407435715707834,4.333470999999918,
gold,Random_Forest,2012-02-22,2012-02-23,1,1776.5,1747.835322245586,28.66467775441401,4.257898699999714,
gold,Random_Forest,2012-02-29,2012-03-01,1,1721.0,1781.164843396127,-60.16484339612703,4.3174763999995776,
gold,Random_Forest,2012-03-07,2012-03-08,1,1701.5,1681.9606385112709,19.539361488729128,4.249929999999949,
gold,Random_Forest,2012-03-14,2012-03-15,1,1646.75,1673.7400129393568,-26.9900129393568,4.1362379000001965,
gold,Random_Forest,2012-03-21,2012-03-22,1,1636.0,1658.7119497283616,-22.71194972836156,4.179396400000769,
gold,Random_Forest,2012-03-28,2012-03-29,1,1655.75,1674.2340689658847,-18.48406896588472,4.150509999999485,
gold,Random_Forest,2012-04-04,2012-04-05,1,1622.5,1636.6492850411248,-14.149285041124813,4.238455799999429,
gold,Random_Forest,2012-04-23,2012-04-24,1,1638.75,1638.519438748487,0.2305612515133361,4.276102299998456,
gold,Random_Forest,2012-04-30,2012-05-01,1,1661.25,1664.6820147596825,-3.4320147596822608,4.3164651000006415,
gold,Random_Forest,2012-05-16,2012-05-17,1,1547.0,1535.4766610535914,11.523338946408558,4.22747039999922,
gold,Random_Forest,2012-05-23,2012-05-24,1,1558.5,1561.1224557227265,-2.6224557227264995,4.125777500001277,
gold,Random_Forest,2012-05-30,2012-05-31,1,1567.5,1556.195029382976,11.304970617024082,4.190626300000076,
gold,Random_Forest,2012-06-18,2012-06-19,1,1628.5,1630.5828786470954,-2.082878647095413,4.417662500000006,
gold,Random_Forest,2012-06-25,2012-06-26,1,1583.25,1572.463894908154,10.786105091845911,4.309137700000065,
gold,Random_Forest,2012-07-04,2012-07-05,1,1616.75,1610.4673811473865,6.282618852613723,4.244929899999988,
gold,Random_Forest,2012-07-11,2012-07-12,1,1565.5,1576.157677095217,-10.657677095216968,4.244890599999053,
gold,Random_Forest,2012-07-18,2012-07-19,1,1580.0,1578.6810488488336,1.3189511511664025,4.300061600000845,
gold,Random_Forest,2012-07-25,2012-07-26,1,1603.0,1581.4532331212208,21.54676687877918,4.238217600001008,
gold,Random_Forest,2012-08-01,2012-08-02,1,1604.5,1620.844615061817,-16.344615061816967,4.273090799999409,
gold,Random_Forest,2012-08-08,2012-08-09,1,1612.75,1612.315522367543,0.4344776324569466,4.233422400000563,
gold,Random_Forest,2012-08-15,2012-08-16,1,1603.5,1593.704074971801,9.795925028199008,4.267719600000419,
gold,Random_Forest,2012-08-22,2012-08-23,1,1662.5,1635.0633744843765,27.43662551562352,4.443097699999271,
gold,Random_Forest,2012-09-07,2012-09-10,1,1732.75,1691.9961161908311,40.753883809168656,4.259109599999647,
gold,Random_Forest,2012-09-14,2012-09-17,1,1767.25,1761.9344097582125,5.315590241787731,4.365819999999076,
gold,Random_Forest,2012-09-21,2012-09-24,1,1758.5,1758.0502729433197,0.4497270566803308,4.155515899999955,
gold,Random_Forest,2012-10-01,2012-10-02,1,1778.5,1761.3128405563662,17.187159443633846,4.276758299998619,
gold,Random_Forest,2012-10-08,2012-10-09,1,1770.75,1769.8687109930506,0.8812890069493733,4.419656899999609,
gold,Random_Forest,2012-10-15,2012-10-16,1,1737.5,1740.6862983899057,-3.186298389905687,4.381965000000491,
gold,Random_Forest,2012-10-22,2012-10-23,1,1717.0,1711.1301177505773,5.869882249422744,4.237566199999492,
gold,Random_Forest,2012-10-29,2012-10-30,1,1713.5,1706.7436985989916,6.756301401008386,4.232806300000448,
gold,Random_Forest,2012-11-05,2012-11-06,1,1691.75,1673.334937911363,18.415062088636887,4.213376600000629,
gold,Random_Forest,2012-11-12,2012-11-13,1,1724.75,1734.3481429515186,-9.59814295151864,4.203022699999565,
gold,Random_Forest,2012-11-19,2012-11-20,1,1734.0,1717.015661665462,16.98433833453805,4.095802300000287,
gold,Random_Forest,2012-11-26,2012-11-27,1,1747.25,1738.890355221744,8.359644778256097,4.273425800000041,
gold,Random_Forest,2012-12-03,2012-12-04,1,1706.75,1719.3710250832228,-12.621025083222776,4.293613300000288,
gold,Random_Forest,2012-12-10,2012-12-11,1,1709.75,1707.1358348100168,2.6141651899831686,4.367138899999191,
gold,Random_Forest,2012-12-17,2012-12-18,1,1699.5,1694.9274930358426,4.572506964157356,4.330447100001038,
gold,Random_Forest,2013-01-09,2013-01-10,1,1663.0,1651.9447364450025,11.05526355499751,5.319684899999629,
gold,Random_Forest,2013-01-16,2013-01-17,1,1683.25,1678.2450912706588,5.004908729341196,4.932274200000393,
gold,Random_Forest,2013-01-25,2013-01-28,1,1656.75,1665.8732925845943,-9.123292584594536,5.040331800000786,
gold,Random_Forest,2013-02-04,2013-02-05,1,1678.0,1670.0385541758003,7.961445824199472,5.115667199999734,
gold,Random_Forest,2013-02-11,2013-02-12,1,1641.75,1667.2669885578532,-25.51698855785321,4.787395600000309,
gold,Random_Forest,2013-02-18,2013-02-19,1,1613.5,1619.544266709043,-6.044266709043086,5.017778299999918,
gold,Random_Forest,2013-02-25,2013-02-26,1,1597.25,1583.5803543242278,13.669645675772244,4.489312800000334,
gold,Random_Forest,2013-03-04,2013-03-05,1,1584.25,1581.1779938479956,3.072006152004405,4.520643300000302,
gold,Random_Forest,2013-03-11,2013-03-12,1,1582.5,1580.5960372971635,1.903962702836452,4.474662399999943,
gold,Random_Forest,2013-03-18,2013-03-19,1,1602.5,1594.243567598956,8.256432401043867,4.424274699998932,
gold,Random_Forest,2013-03-25,2013-03-26,1,1597.25,1596.6116597431037,0.6383402568965266,4.559073200000057,
gold,Random_Forest,2013-04-11,2013-04-12,1,1548.0,1561.8163552407025,-13.816355240702478,4.532412000000477,
gold,Random_Forest,2013-04-18,2013-04-19,1,1414.0,1399.9572408598665,14.042759140133512,4.543837100000019,
gold,Random_Forest,2013-04-25,2013-04-26,1,1462.25,1438.4229492775212,23.827050722478816,4.533727699999872,
gold,Random_Forest,2013-05-15,2013-05-16,1,1377.0,1408.4517847905815,-31.45178479058154,4.745600899999772,
gold,Random_Forest,2013-05-22,2013-05-23,1,1386.0,1388.704521622415,-2.7045216224150863,4.779398000000583,
gold,Random_Forest,2013-06-07,2013-06-10,1,1376.75,1407.3552358419763,-30.605235841976537,4.6613594999998895,
gold,Random_Forest,2013-06-14,2013-06-17,1,1386.0,1379.2638851088675,6.736114891132274,4.543500400000994,
gold,Random_Forest,2013-06-21,2013-06-24,1,1283.25,1304.9016158362426,-21.651615836242627,4.484923100000742,
gold,Random_Forest,2013-07-01,2013-07-02,1,1260.75,1239.7547000479035,20.995299952096502,4.534774600000674,
gold,Random_Forest,2013-07-08,2013-07-09,1,1252.0,1225.1941647885185,26.80583521148173,4.291352499998538,
gold,Random_Forest,2013-07-15,2013-07-16,1,1286.0,1272.473348586641,13.526651413359104,4.296075100000962,
gold,Random_Forest,2013-07-22,2013-07-23,1,1326.75,1319.2204858760515,7.529514123948275,4.218189100000018,
gold,Random_Forest,2013-07-29,2013-07-30,1,1322.25,1332.509077973282,-10.259077973282048,4.249109500000486,
gold,Random_Forest,2013-08-05,2013-08-06,1,1292.0,1314.569249384555,-22.56924938455495,4.388834499999575,
gold,Random_Forest,2013-08-12,2013-08-13,1,1334.0,1323.9164944432612,10.083505556738828,4.463975600001504,
gold,Random_Forest,2013-08-19,2013-08-20,1,1365.75,1373.4243787986534,-7.674378798653379,4.297019600000567,
gold,Random_Forest,2013-09-04,2013-09-05,1,1391.75,1399.224054681977,-7.474054681976668,4.286126799999693,
gold,Random_Forest,2013-09-11,2013-09-12,1,1340.25,1356.6034132387028,-16.353413238702842,4.251103900000089,
gold,Random_Forest,2013-09-18,2013-09-19,1,1363.5,1296.7869345388046,66.71306546119536,4.261362200000804,
gold,Random_Forest,2013-09-26,2013-09-27,1,1321.5,1328.0886284853525,-6.588628485352274,4.567982599999596,
gold,Random_Forest,2013-10-03,2013-10-04,1,1316.0,1316.4014701246792,-0.4014701246792356,4.505427199999758,
gold,Random_Forest,2013-10-10,2013-10-11,1,1285.75,1305.203858163461,-19.453858163461064,4.474434600000677,
gold,Random_Forest,2013-10-17,2013-10-18,1,1317.0,1312.3589456449872,4.641054355012784,4.609380800000508,
gold,Random_Forest,2013-10-24,2013-10-25,1,1341.75,1327.4311755992114,14.318824400788571,4.414825199999541,
gold,Random_Forest,2013-10-31,2013-11-01,1,1314.75,1329.595959536372,-14.845959536371993,4.391192899998714,
gold,Random_Forest,2013-11-07,2013-11-08,1,1309.0,1316.7397588345757,-7.739758834575468,4.393548699999883,
gold,Random_Forest,2013-11-14,2013-11-15,1,1281.75,1282.0582019467,-0.3082019466999099,4.414211399998749,
gold,Random_Forest,2013-11-21,2013-11-22,1,1241.75,1257.6031845216205,-15.853184521620278,4.514821700000539,
gold,Random_Forest,2013-11-28,2013-11-29,1,1245.25,1240.4916573018345,4.758342698165507,4.396505899998374,
gold,Random_Forest,2013-12-05,2013-12-06,1,1230.75,1228.6168692846898,2.1331307153102443,4.482746800000314,
gold,Random_Forest,2013-12-12,2013-12-13,1,1222.75,1244.9234219436455,-22.17342194364573,4.339773300000161,
gold,Random_Forest,2013-12-19,2013-12-20,1,1195.0,1209.149438104651,-14.149438104650926,4.415944700000182,
gold,Random_Forest,2014-01-13,2014-01-14,1,1248.75,1246.1018445649804,2.6481554350195893,4.322082099999534,
gold,Random_Forest,2014-01-20,2014-01-21,1,1247.75,1253.8172559775116,-6.06725597751165,4.504285400000299,
gold,Random_Forest,2014-01-30,2014-01-31,1,1246.5,1256.7220276929231,-10.222027692923348,4.782389399999374,
gold,Random_Forest,2014-02-06,2014-02-07,1,1260.0,1256.110682780958,3.889317219042141,4.562575399999332,
gold,Random_Forest,2014-02-13,2014-02-14,1,1308.5,1292.9481725703483,15.551827429651668,4.680227999999261,
gold,Random_Forest,2014-02-20,2014-02-21,1,1320.75,1318.5226167759447,2.227383224055302,4.47515360000034,
gold,Random_Forest,2014-02-27,2014-02-28,1,1327.75,1327.030474905472,0.7195250945278531,4.474205700000312,
gold,Random_Forest,2014-03-06,2014-03-07,1,1348.25,1331.0191673128752,17.230832687124803,4.503090300000622,
gold,Random_Forest,2014-03-13,2014-03-14,1,1370.0,1371.3687558515726,-1.3687558515725868,4.51902230000087,
gold,Random_Forest,2014-03-20,2014-03-21,1,1338.5,1329.3575452513237,9.142454748676528,4.549295199998596,
gold,Random_Forest,2014-03-27,2014-03-28,1,1295.75,1295.6655877644955,0.08441223550426,4.629067199999554,
gold,Random_Forest,2014-04-03,2014-04-04,1,1293.5,1294.7960139015563,-1.2960139015563072,4.436466400000427,
gold,SARIMAX,2007-06-06,2007-06-07,1,670.85,670.0254803239026,0.8245196760974522,24.64235069999995,
gold,SARIMAX,2007-06-13,2007-06-14,1,650.75,644.458585388388,6.291414611612026,18.80060709999998,
gold,SARIMAX,2007-06-20,2007-06-21,1,654.5,659.5663927276892,-5.066392727689163,14.527143299999807,
gold,SARIMAX,2007-06-28,2007-06-29,1,648.5,645.1632161378071,3.336783862192874,15.76214439999967,
gold,SARIMAX,2007-07-05,2007-07-06,1,647.75,655.8796722644654,-8.129672264465398,19.319079099999726,
gold,SARIMAX,2007-07-12,2007-07-13,1,667.5,662.6558212991631,4.844178700836892,18.194725899998957,
gold,SARIMAX,2007-07-19,2007-07-20,1,676.0,673.0039412351668,2.996058764833151,19.6853433999986,
gold,SARIMAX,2007-07-26,2007-07-27,1,663.5,675.4919164424285,-11.991916442428533,5.394874299998264,
gold,SARIMAX,2007-08-02,2007-08-03,1,666.35,664.3687753793936,1.9812246206064401,5.985902899999928,
gold,SARIMAX,2007-08-09,2007-08-10,1,664.5,670.8718029284595,-6.371802928459488,7.017031999999745,
gold,SARIMAX,2007-08-16,2007-08-17,1,653.0,663.7878370274223,-10.787837027422256,7.492721000000529,
gold,SARIMAX,2007-08-23,2007-08-24,1,659.75,661.4431371762744,-1.6931371762743765,6.430210000000443,
gold,SARIMAX,2007-09-10,2007-09-11,1,704.25,704.3539328116165,-0.10393281161645973,5.509442700000363,
gold,SARIMAX,2007-09-17,2007-09-18,1,717.7,710.071378791797,7.6286212082030715,7.007908200001111,
gold,SARIMAX,2007-09-25,2007-09-26,1,730.55,728.5334792092948,2.016520790705158,7.190397799999118,
gold,SARIMAX,2007-10-02,2007-10-03,1,733.15,736.369053433426,-3.2190534334259837,5.763140699998985,
gold,SARIMAX,2007-10-09,2007-10-10,1,740.5,728.9717379789213,11.528262021078717,5.337420600000769,
gold,SARIMAX,2007-10-16,2007-10-17,1,759.75,762.0931450971439,-2.3431450971438608,5.340582700000596,
gold,SARIMAX,2007-10-23,2007-10-24,1,757.35,757.02032944862,0.3296705513799907,6.892244700000447,
gold,SARIMAX,2007-10-30,2007-10-31,1,783.0,784.6671852587813,-1.6671852587812737,7.348486799999591,
gold,SARIMAX,2007-11-06,2007-11-07,1,841.75,816.8860880770128,24.8639119229872,5.7968338999999105,
gold,SARIMAX,2007-11-13,2007-11-14,1,808.25,804.7364961775054,3.513503822494613,7.219916899999589,
gold,SARIMAX,2007-11-20,2007-11-21,1,796.25,789.6450393312557,6.604960668744297,6.798106300000654,
gold,SARIMAX,2007-11-27,2007-11-28,1,796.5,824.5870474108362,-28.08704741083625,7.602425999999468,
gold,SARIMAX,2007-12-04,2007-12-05,1,801.75,788.4937963529361,13.256203647063899,6.78305200000068,
gold,SARIMAX,2007-12-11,2007-12-12,1,807.5,806.9262810946558,0.573718905344208,6.004774500001076,
gold,SARIMAX,2007-12-18,2007-12-19,1,801.5,795.5980099677823,5.901990032217668,5.848043500000131,
gold,SARIMAX,2008-01-10,2008-01-11,1,893.75,876.2995632774974,17.45043672250256,14.634566599999744,
gold,SARIMAX,2008-01-17,2008-01-18,1,872.75,881.4208710530135,-8.670871053013457,10.472072099999423,
gold,SARIMAX,2008-01-28,2008-01-29,1,927.5,917.1596073389948,10.34039266100524,9.475877099999707,
gold,SARIMAX,2008-02-05,2008-02-06,1,892.0,889.6501657220937,2.349834277906325,19.88154249999934,
gold,SARIMAX,2008-02-12,2008-02-13,1,905.75,920.7122242746929,-14.962224274692858,21.950936200000797,
gold,SARIMAX,2008-02-19,2008-02-20,1,924.85,915.5103366521438,9.33966334785623,21.854773700000806,
gold,SARIMAX,2008-02-26,2008-02-27,1,958.75,934.7665551247268,23.98344487527322,10.768697099998462,
gold,SARIMAX,2008-03-04,2008-03-05,1,966.25,982.1947134199933,-15.944713419993263,20.868665500000134,
gold,SARIMAX,2008-03-11,2008-03-12,1,975.75,979.6847836033268,-3.934783603326764,21.511081500000728,
gold,SARIMAX,2008-03-18,2008-03-19,1,995.25,1007.0864058532352,-11.836405853235192,21.080139800000325,
gold,SARIMAX,2008-04-04,2008-04-07,1,914.7,905.1112905930444,9.588709406955672,9.361555600000429,
gold,SARIMAX,2008-04-11,2008-04-14,1,917.75,926.7870681398047,-9.03706813980466,23.59858449999956,
gold,SARIMAX,2008-04-22,2008-04-23,1,916.25,922.4646189717365,-6.214618971736513,8.444442800000616,
gold,SARIMAX,2008-04-29,2008-04-30,1,867.75,886.343859362695,-18.593859362694957,24.815551499999856,
gold,SARIMAX,2008-05-15,2008-05-16,1,885.0,865.501461073085,19.49853892691499,22.273958499999935,
gold,SARIMAX,2008-05-22,2008-05-23,1,922.25,928.6958688440238,-6.445868844023835,9.717512100000022,
gold,SARIMAX,2008-06-09,2008-06-10,1,884.5,903.3752368307546,-18.875236830754602,12.421383299999434,
gold,SARIMAX,2008-06-16,2008-06-17,1,883.0,871.312254348132,11.687745651868,12.457040100000086,
gold,SARIMAX,2008-06-24,2008-06-25,1,887.25,889.2121546347456,-1.962154634745616,19.847965799999656,
gold,SARIMAX,2008-07-01,2008-07-02,1,936.0,929.7352871475948,6.264712852405182,11.165245700000014,
gold,SARIMAX,2008-07-08,2008-07-09,1,923.25,928.709720172385,-5.459720172385005,11.791968300000008,
gold,SARIMAX,2008-07-15,2008-07-16,1,974.0,980.9248028695374,-6.924802869537416,18.542761200000314,
gold,SARIMAX,2008-07-22,2008-07-23,1,934.75,972.6934881264733,-37.94348812647331,14.80375880000065,
gold,SARIMAX,2008-07-29,2008-07-30,1,914.1,928.2160550256312,-14.116055025631226,14.589306199999555,
gold,SARIMAX,2008-08-05,2008-08-06,1,884.75,884.7329889860468,0.017011013953151632,11.669317199999568,
gold,SARIMAX,2008-08-12,2008-08-13,1,824.0,810.6919168379903,13.308083162009666,12.769248000000516,
gold,SARIMAX,2008-08-19,2008-08-20,1,806.75,791.6286977156833,15.121302284316698,22.356104099999357,
gold,SARIMAX,2008-09-04,2008-09-05,1,796.25,809.9867484906747,-13.7367484906747,18.910349800000404,
gold,SARIMAX,2008-09-11,2008-09-12,1,757.5,743.173878582551,14.32612141744903,21.002324499999304,
gold,SARIMAX,2008-09-18,2008-09-19,1,837.5,861.3624979612374,-23.86249796123741,21.952014999998937,
gold,SARIMAX,2008-09-26,2008-09-29,1,876.5,869.9130460247112,6.586953975288793,21.400479599999017,
gold,SARIMAX,2008-10-03,2008-10-06,1,836.5,843.6760296679583,-7.176029667958346,13.214509599998564,
gold,SARIMAX,2008-10-10,2008-10-13,1,865.0,915.9666202844923,-50.96662028449225,14.012592799999766,
gold,SARIMAX,2008-10-17,2008-10-20,1,803.0,801.9506615361571,1.0493384638429006,23.68706200000088,
gold,SARIMAX,2008-10-24,2008-10-27,1,720.5,693.1109150426478,27.389084957352225,18.275281899999754,
gold,SARIMAX,2008-10-31,2008-11-03,1,734.0,733.0751691923015,0.9248308076985268,11.768004600000495,
gold,SARIMAX,2008-11-07,2008-11-10,1,751.75,741.7143831720248,10.035616827975218,22.50813190000008,
gold,SARIMAX,2008-11-14,2008-11-17,1,745.0,728.6279825827235,16.37201741727654,20.741275700000187,
gold,SARIMAX,2008-11-21,2008-11-24,1,816.75,758.6412277417975,58.10877225820252,20.592906300000323,
gold,SARIMAX,2008-11-28,2008-12-01,1,795.5,816.0164486029623,-20.516448602962328,18.37734399999863,
gold,SARIMAX,2008-12-05,2008-12-08,1,772.25,771.6845245027165,0.5654754972835008,23.235276800000065,
gold,SARIMAX,2008-12-12,2008-12-15,1,827.5,815.4408986517428,12.059101348257173,18.542014699998617,
gold,SARIMAX,2008-12-19,2008-12-22,1,846.0,841.6082858484023,4.391714151597739,18.239510600000358,
gold,SARIMAX,2009-01-13,2009-01-14,1,827.25,816.8705187239332,10.379481276066826,19.92827170000055,
gold,SARIMAX,2009-01-20,2009-01-21,1,860.5,836.1273979036157,24.3726020963843,1079.0846770999997,
gold,SARIMAX,2009-01-30,2009-02-02,1,913.75,918.1044406815586,-4.354440681558572,23.893723899998804,
gold,SARIMAX,2009-02-06,2009-02-09,1,901.0,914.5432136215961,-13.543213621596124,10.578096799999912,
gold,SARIMAX,2009-02-13,2009-02-16,1,943.0,939.9968090540493,3.003190945950678,10.270017700000608,
gold,SARIMAX,2009-02-20,2009-02-23,1,987.0,981.1909502618106,5.809049738189401,10.80461649999961,
gold,SARIMAX,2009-02-27,2009-03-02,1,949.5,943.4727761185596,6.027223881440364,7.737283300000854,
gold,SARIMAX,2009-03-06,2009-03-09,1,934.75,937.1886568036216,-2.4386568036215976,1.995685500000036,
gold,SARIMAX,2009-03-13,2009-03-16,1,923.0,920.2517208218989,2.748279178101143,6.46262999999999,
gold,SARIMAX,2009-03-20,2009-03-23,1,952.75,957.0155201562897,-4.265520156289654,9.243594400000802,
gold,SARIMAX,2009-03-27,2009-03-30,1,923.0,927.7152200937985,-4.715220093798507,11.794109399999797,
gold,SARIMAX,2009-04-03,2009-04-06,1,879.5,902.032357061487,-22.532357061487005,9.135453900000357,
gold,SARIMAX,2009-04-22,2009-04-23,1,894.5,884.4215817217867,10.078418278213348,2.551082199999655,
gold,SARIMAX,2009-04-29,2009-04-30,1,889.0,894.5503459995427,-5.550345999542742,11.398862699999881,
gold,SARIMAX,2009-05-15,2009-05-18,1,929.75,924.9764516014591,4.773548398540925,2.5121776000014506,
gold,SARIMAX,2009-06-02,2009-06-03,1,979.0,972.4448071305288,6.5551928694711705,2.6721438000004127,
gold,SARIMAX,2009-06-09,2009-06-10,1,961.25,951.842623239451,9.407376760549027,11.319492299999183,
gold,SARIMAX,2009-06-16,2009-06-17,1,933.75,936.4645818746357,-2.7145818746356554,3.0361233000003267,
gold,SARIMAX,2009-06-24,2009-06-25,1,934.25,928.0254982206282,6.224501779371849,2.9717847000010806,
gold,SARIMAX,2009-07-01,2009-07-02,1,936.0,931.9608551235655,4.039144876434534,2.7927869000013743,
gold,SARIMAX,2009-07-08,2009-07-09,1,914.75,921.0472647249551,-6.297264724955085,2.7050853999990068,
gold,SARIMAX,2009-07-15,2009-07-16,1,935.25,929.5993960396723,5.650603960327658,2.6401080999985425,
gold,SARIMAX,2009-07-22,2009-07-23,1,955.25,945.6432824129804,9.606717587019602,3.088115000000471,
gold,SARIMAX,2009-07-29,2009-07-30,1,932.0,936.4560528586247,-4.45605285862473,2.7719918999991933,
gold,SARIMAX,2009-08-05,2009-08-06,1,960.75,963.8701304544992,-3.12013045449919,2.5116192999994382,
gold,SARIMAX,2009-08-12,2009-08-13,1,956.0,943.2861308456299,12.713869154370059,2.6732697000006738,
gold,SARIMAX,2009-08-19,2009-08-20,1,943.5,934.7028522573839,8.797147742616062,2.734235500000068,
gold,SARIMAX,2009-08-26,2009-08-27,1,943.5,949.529681182559,-6.029681182558988,2.928910200000246,
gold,SARIMAX,2009-09-11,2009-09-14,1,994.25,997.8074299667933,-3.557429966793279,11.860785199998645,
gold,SARIMAX,2009-09-18,2009-09-21,1,999.25,1014.4728696313064,-15.222869631306367,10.271297899998899,
gold,SARIMAX,2009-09-25,2009-09-28,1,990.5,997.4403925488199,-6.9403925488198865,10.835876700000881,
gold,SARIMAX,2009-10-05,2009-10-06,1,1020.25,1003.6772771219108,16.572722878089166,10.063698299998578,
gold,SARIMAX,2009-10-12,2009-10-13,1,1064.5,1052.1945016866998,12.305498313300177,2.65841779999937,
gold,SARIMAX,2009-10-19,2009-10-20,1,1064.0,1054.5613886497645,9.438611350235533,3.128886100001182,
gold,SARIMAX,2009-10-26,2009-10-27,1,1040.75,1055.5985616529342,-14.848561652934222,2.5054885000008653,
gold,SARIMAX,2009-11-02,2009-11-03,1,1058.0,1051.3935963367578,6.60640366324219,2.324096999998801,
gold,SARIMAX,2009-11-09,2009-11-10,1,1099.75,1108.2843103186735,-8.534310318673533,2.7761886000007507,
gold,SARIMAX,2009-11-16,2009-11-17,1,1131.75,1127.53183386952,4.2181661304800855,2.5023837000007916,
gold,SARIMAX,2009-11-23,2009-11-24,1,1170.25,1165.3198105898073,4.930189410192725,2.495240100000956,
gold,SARIMAX,2009-11-30,2009-12-01,1,1193.5,1172.5527641612205,20.947235838779534,2.9207408000002033,
gold,SARIMAX,2009-12-07,2009-12-08,1,1164.25,1149.9491161525839,14.300883847416117,3.0055846000013844,
gold,SARIMAX,2009-12-14,2009-12-15,1,1115.0,1121.4276828703723,-6.427682870372337,2.7961144000000786,
gold,SARIMAX,2009-12-21,2009-12-22,1,1094.25,1112.5816097989502,-18.33160979895024,2.7982351000009658,
gold,SARIMAX,2010-01-13,2010-01-14,1,1137.5,1132.8738569221932,4.626143077806773,2.9928308999988076,
gold,SARIMAX,2010-01-20,2010-01-21,1,1104.0,1129.2450907248272,-25.24509072482715,3.7753947999990487,
gold,SARIMAX,2010-02-01,2010-02-02,1,1114.0,1081.5221627529427,32.47783724705732,2.4593518000001495,
gold,SARIMAX,2010-02-08,2010-02-09,1,1068.0,1070.1921303423808,-2.1921303423807785,3.052556300001015,
gold,SARIMAX,2010-02-15,2010-02-16,1,1115.25,1098.5937224781785,16.656277521821494,3.4117626000006567,
gold,SARIMAX,2010-02-22,2010-02-23,1,1112.0,1119.779972743901,-7.7799727439009985,3.261254299999564,
gold,SARIMAX,2010-03-01,2010-03-02,1,1116.0,1116.809594364638,-0.8095943646380874,2.458707299998423,
gold,SARIMAX,2010-03-08,2010-03-09,1,1120.0,1133.9972157781901,-13.997215778190139,3.4200490999992326,
gold,SARIMAX,2010-03-15,2010-03-16,1,1113.25,1104.1706913903977,9.079308609602322,2.870988099999522,
gold,SARIMAX,2010-03-22,2010-03-23,1,1100.75,1105.1970754620431,-4.447075462043131,3.371308300000237,
gold,SARIMAX,2010-03-29,2010-03-30,1,1109.75,1110.6025743708587,-0.852574370858747,3.2412913000007393,
gold,SARIMAX,2010-04-15,2010-04-16,1,1157.0,1151.496390071713,5.5036099282870055,3.3595798000005743,
gold,SARIMAX,2010-04-22,2010-04-23,1,1140.0,1144.3708420120156,-4.370842012015601,3.594291200000953,
gold,SARIMAX,2010-04-29,2010-04-30,1,1175.25,1169.6237176060522,5.626282393947804,2.7374818999996933,
gold,SARIMAX,2010-05-17,2010-05-18,1,1215.0,1231.7971065919726,-16.79710659197258,3.1821775999997044,
gold,SARIMAX,2010-05-24,2010-05-25,1,1189.5,1183.2257440625267,6.274255937473299,3.1484051999996154,
gold,SARIMAX,2010-06-09,2010-06-10,1,1220.0,1235.7874783662708,-15.787478366270761,3.6140326999993704,
gold,SARIMAX,2010-06-16,2010-06-17,1,1234.5,1234.4659987381874,0.03400126181259111,2.954683300000397,
gold,SARIMAX,2010-06-23,2010-06-24,1,1233.25,1242.4661245200775,-9.216124520077528,3.270772300000317,
gold,SARIMAX,2010-07-01,2010-07-02,1,1210.5,1239.7263801927136,-29.226380192713577,3.3756769000010536,
gold,SARIMAX,2010-07-08,2010-07-09,1,1196.25,1199.6608112736794,-3.4108112736794283,2.4805814000010287,
gold,SARIMAX,2010-07-15,2010-07-16,1,1204.75,1211.6853845834348,-6.935384583434825,2.784587099999044,
gold,SARIMAX,2010-07-22,2010-07-23,1,1198.75,1186.9939102740907,11.756089725909305,2.8599169999997684,
gold,SARIMAX,2010-07-29,2010-07-30,1,1168.0,1166.0637240133924,1.9362759866075976,2.916978900000686,
gold,SARIMAX,2010-08-05,2010-08-06,1,1194.5,1195.552355779501,-1.052355779501113,2.6727733999996417,
gold,SARIMAX,2010-08-12,2010-08-13,1,1215.0,1199.864416727421,15.13558327257897,2.659434199998941,
gold,SARIMAX,2010-08-19,2010-08-20,1,1230.5,1228.1556655888498,2.3443344111501574,2.7317705000004935,
gold,SARIMAX,2010-08-26,2010-08-27,1,1234.5,1240.3031079456007,-5.803107945600686,2.5577744000001985,
gold,SARIMAX,2010-09-13,2010-09-14,1,1253.25,1243.340742136797,9.909257863203038,2.886965699999564,
gold,SARIMAX,2010-09-20,2010-09-21,1,1278.75,1280.622985789337,-1.872985789337008,3.261015599999155,
gold,SARIMAX,2010-09-28,2010-09-29,1,1307.5,1289.2374295866948,18.262570413305184,2.712881900000866,
gold,SARIMAX,2010-10-05,2010-10-06,1,1347.0,1325.7852225341783,21.214777465821726,2.8702776999998605,
gold,SARIMAX,2010-10-12,2010-10-13,1,1358.5,1344.293077788609,14.206922211390975,2.750643499999569,
gold,SARIMAX,2010-10-19,2010-10-20,1,1340.5,1367.6264352895078,-27.126435289507754,2.4533102000004874,
gold,SARIMAX,2010-10-26,2010-10-27,1,1332.25,1333.8964936812652,-1.6464936812651558,3.179860700000063,
gold,SARIMAX,2010-11-02,2010-11-03,1,1358.5,1358.2416732497727,0.25832675022729745,5.518711100001383,
gold,SARIMAX,2010-11-09,2010-11-10,1,1402.0,1415.1735295898109,-13.173529589810869,4.086368100000982,
gold,SARIMAX,2010-11-16,2010-11-17,1,1336.5,1362.6679370018496,-26.167937001849623,3.8126362999992125,
gold,SARIMAX,2010-11-23,2010-11-24,1,1376.25,1360.0423736203786,16.207626379621388,6.599399599999742,
gold,SARIMAX,2010-11-30,2010-12-01,1,1391.5,1375.5334622337614,15.966537766238616,4.062934399998994,
gold,SARIMAX,2010-12-07,2010-12-08,1,1395.0,1425.9993454603837,-30.999345460383665,4.258547200000976,
gold,SARIMAX,2010-12-14,2010-12-15,1,1388.25,1403.421094182626,-15.171094182625893,3.5949596999998903,
gold,SARIMAX,2010-12-21,2010-12-22,1,1389.0,1385.3468681264358,3.6531318735642344,4.0405561000006855,
gold,SARIMAX,2011-01-13,2011-01-14,1,1369.25,1380.923489730604,-11.673489730603933,3.874585499999739,
gold,SARIMAX,2011-01-20,2011-01-21,1,1344.0,1364.5575343619535,-20.557534361953458,4.074087699998927,
gold,SARIMAX,2011-02-01,2011-02-02,1,1337.0,1335.7748434035154,1.2251565964845668,3.9817216000010376,
gold,SARIMAX,2011-02-08,2011-02-09,1,1362.5,1353.6630510593543,8.836948940645698,7.543415999998615,
gold,SARIMAX,2011-02-15,2011-02-16,1,1374.5,1371.7457836139417,2.7542163860582605,3.437331200000699,
gold,SARIMAX,2011-02-22,2011-02-23,1,1401.25,1394.836591409138,6.413408590861991,3.343879400001242,
gold,SARIMAX,2011-03-01,2011-03-02,1,1430.5,1414.4037547927176,16.096245207282436,4.250986999999441,
gold,SARIMAX,2011-03-08,2011-03-09,1,1431.5,1435.6168252640591,-4.116825264059116,4.351963500001148,
gold,SARIMAX,2011-03-15,2011-03-16,1,1398.5,1407.6619331849452,-9.161933184945156,4.342024100000344,
gold,SARIMAX,2011-03-22,2011-03-23,1,1433.0,1425.345972461495,7.654027538505034,4.669516699999804,
gold,SARIMAX,2011-03-29,2011-03-30,1,1419.0,1414.2091838531392,4.790816146860834,4.640155600000071,
gold,SARIMAX,2011-04-05,2011-04-06,1,1457.0,1434.4400589073405,22.55994109265953,4.600211699998908,
gold,SARIMAX,2011-04-12,2011-04-13,1,1458.0,1462.1396680815992,-4.139668081599211,4.4687185999991925,
gold,SARIMAX,2011-04-19,2011-04-20,1,1505.0,1494.490784681932,10.509215318068073,2.91888359999939,
gold,SARIMAX,2011-05-13,2011-05-16,1,1495.0,1510.2957617597808,-15.295761759780817,3.3823393000002397,
gold,SARIMAX,2011-05-24,2011-05-25,1,1527.0,1518.8375460177472,8.162453982252828,3.7181773000011162,
gold,SARIMAX,2011-06-09,2011-06-10,1,1541.0,1534.1073404704878,6.89265952951223,3.414124400000219,
gold,SARIMAX,2011-06-16,2011-06-17,1,1526.25,1524.8243302358865,1.425669764113536,6.817271799998707,
gold,SARIMAX,2011-06-23,2011-06-24,1,1521.0,1541.6923565291881,-20.692356529188146,6.51422520000051,
gold,SARIMAX,2011-07-01,2011-07-04,1,1495.25,1493.1011795404168,2.1488204595832485,6.984514099998705,
gold,SARIMAX,2011-07-08,2011-07-11,1,1543.5,1526.5068726884092,16.993127311590797,7.29606049999893,
gold,SARIMAX,2011-07-15,2011-07-18,1,1598.25,1580.1276842477914,18.12231575220858,2.5748937999996997,
gold,SARIMAX,2011-07-22,2011-07-25,1,1618.5,1589.5503801102484,28.949619889751602,10.662542800000665,
gold,SARIMAX,2011-07-29,2011-08-01,1,1613.5,1614.730935547,-1.2309355469999446,3.9691688000002614,
gold,SARIMAX,2011-08-05,2011-08-08,1,1709.75,1665.2559388183447,44.4940611816553,7.668029700000261,
gold,SARIMAX,2011-08-12,2011-08-15,1,1738.0,1758.4805140625008,-20.480514062500788,4.346719699999085,
gold,SARIMAX,2011-08-19,2011-08-22,1,1877.75,1859.0285611077945,18.72143889220547,2.821298900000329,
gold,SARIMAX,2011-09-06,2011-09-07,1,1844.0,1879.8425213868004,-35.8425213868004,12.467582600000242,
gold,SARIMAX,2011-09-13,2011-09-14,1,1829.0,1807.8890111581295,21.110988841870494,4.8020526000000245,
gold,SARIMAX,2011-09-20,2011-09-21,1,1810.25,1794.6886950572825,15.56130494271747,6.9122377000003326,
gold,SARIMAX,2011-09-28,2011-09-29,1,1620.0,1656.1243711546579,-36.124371154657865,5.260216200000286,
gold,SARIMAX,2011-10-05,2011-10-06,1,1649.5,1604.7334395190314,44.766560480968565,6.64426739999908,
gold,SARIMAX,2011-10-12,2011-10-13,1,1673.0,1685.5664278368722,-12.566427836872208,6.661296599999332,
gold,SARIMAX,2011-10-19,2011-10-20,1,1629.0,1650.9900397120268,-21.990039712026828,5.799746299999242,
gold,SARIMAX,2011-10-26,2011-10-27,1,1708.0,1707.583339350809,0.4166606491910443,6.667117299999518,
gold,SARIMAX,2011-11-02,2011-11-03,1,1732.5,1728.0987368845736,4.401263115426445,6.12179979999928,
gold,SARIMAX,2011-11-09,2011-11-10,1,1766.0,1781.5117359941664,-15.511735994166429,5.785518499998943,
gold,SARIMAX,2011-11-16,2011-11-17,1,1756.0,1771.6467225145004,-15.646722514500425,5.185648799999399,
gold,SARIMAX,2011-11-23,2011-11-24,1,1699.0,1686.3224427107846,12.677557289215429,5.843378600000506,
gold,SARIMAX,2011-11-30,2011-12-01,1,1750.0,1706.2476157220888,43.75238427791123,5.384396999999808,
gold,SARIMAX,2011-12-07,2011-12-08,1,1739.0,1730.2627141099656,8.7372858900344,4.563774399999602,
gold,SARIMAX,2011-12-14,2011-12-15,1,1590.0,1637.2168989832173,-47.216898983217334,5.274655999999595,
gold,SARIMAX,2011-12-21,2011-12-22,1,1609.0,1634.0490967242474,-25.04909672424742,6.918518099999346,
gold,SARIMAX,2012-01-13,2012-01-16,1,1643.5,1643.0494109094975,0.45058909050248985,7.055137299999842,
gold,SARIMAX,2012-01-20,2012-01-23,1,1675.0,1647.9710483362694,27.028951663730595,6.755271999998513,
gold,SARIMAX,2012-02-01,2012-02-02,1,1747.5,1743.828316225891,3.671683774108942,6.640510900000663,
gold,SARIMAX,2012-02-08,2012-02-09,1,1733.0,1740.9183187695057,-7.918318769505731,7.019973700000264,
gold,SARIMAX,2012-02-15,2012-02-16,1,1716.0,1724.752349117848,-8.752349117848098,6.828615499998705,
gold,SARIMAX,2012-02-22,2012-02-23,1,1776.5,1753.0149500323587,23.485049967641316,6.9941072999990865,
gold,SARIMAX,2012-02-29,2012-03-01,1,1721.0,1786.491651071786,-65.49165107178601,6.7149221999989095,
gold,SARIMAX,2012-03-07,2012-03-08,1,1701.5,1681.196408459224,20.303591540776097,7.74962190000042,
gold,SARIMAX,2012-03-14,2012-03-15,1,1646.75,1664.581622656155,-17.831622656155105,7.375473400001283,
gold,SARIMAX,2012-03-21,2012-03-22,1,1636.0,1654.9004555111983,-18.900455511198288,7.580856399999902,
gold,SARIMAX,2012-03-28,2012-03-29,1,1655.75,1678.47646777123,-22.72646777123009,7.794712999999319,
gold,SARIMAX,2012-04-04,2012-04-05,1,1622.5,1634.724987633262,-12.22498763326189,7.215796699998464,
gold,SARIMAX,2012-04-23,2012-04-24,1,1638.75,1632.9358979428796,5.814102057120408,6.086192999999184,
gold,SARIMAX,2012-04-30,2012-05-01,1,1661.25,1660.5413818104887,0.7086181895112986,7.411357099999805,
gold,SARIMAX,2012-05-16,2012-05-17,1,1547.0,1537.6378957316851,9.362104268314852,7.811669700000493,
gold,SARIMAX,2012-05-23,2012-05-24,1,1558.5,1556.3584924895658,2.1415075104341668,3.9118577999997797,
gold,SARIMAX,2012-05-30,2012-05-31,1,1567.5,1550.4249589890896,17.075041010910354,5.756432999998651,
gold,SARIMAX,2012-06-18,2012-06-19,1,1628.5,1623.832466923141,4.667533076858945,6.627632400000948,
gold,SARIMAX,2012-06-25,2012-06-26,1,1583.25,1568.969551258909,14.28044874109105,8.415858000000298,
gold,SARIMAX,2012-07-04,2012-07-05,1,1616.75,1613.6992656194302,3.050734380569793,11.402075600000899,
gold,SARIMAX,2012-07-11,2012-07-12,1,1565.5,1577.672204998446,-12.172204998445977,5.27364210000087,
gold,SARIMAX,2012-07-18,2012-07-19,1,1580.0,1580.1922854589907,-0.19228545899068195,5.573993500000142,
gold,SARIMAX,2012-07-25,2012-07-26,1,1603.0,1586.2557139685798,16.744286031420188,5.731286799998998,
gold,SARIMAX,2012-08-01,2012-08-02,1,1604.5,1615.4747220104207,-10.974722010420692,5.10750950000147,
gold,SARIMAX,2012-08-08,2012-08-09,1,1612.75,1607.0231340226403,5.726865977359694,5.965097700000115,
gold,SARIMAX,2012-08-15,2012-08-16,1,1603.5,1595.9800252912944,7.519974708705604,5.339640000000145,
gold,SARIMAX,2012-08-22,2012-08-23,1,1662.5,1639.3021132927024,23.197886707297585,5.461128400000234,
gold,SARIMAX,2012-09-07,2012-09-10,1,1732.75,1697.785028540366,34.964971459633944,5.851496900000711,
gold,SARIMAX,2012-09-14,2012-09-17,1,1767.25,1770.5547364610863,-3.3047364610863497,5.161879100000078,
gold,SARIMAX,2012-09-21,2012-09-24,1,1758.5,1773.0611829080092,-14.561182908009187,5.414490900000601,
gold,SARIMAX,2012-10-01,2012-10-02,1,1778.5,1771.4795914192584,7.0204085807415595,5.332034600000043,
gold,SARIMAX,2012-10-08,2012-10-09,1,1770.75,1770.7288339079382,0.021166092061776,4.953691599999729,
gold,SARIMAX,2012-10-15,2012-10-16,1,1737.5,1748.734625530385,-11.234625530385074,5.609887300000992,
gold,SARIMAX,2012-10-22,2012-10-23,1,1717.0,1725.2921552066432,-8.292155206643201,4.7522366999983205,
gold,SARIMAX,2012-10-29,2012-10-30,1,1713.5,1711.2539185673613,2.2460814326386753,5.227107999999134,
gold,SARIMAX,2012-11-05,2012-11-06,1,1691.75,1681.0731869272863,10.676813072713685,5.174263200000496,
gold,SARIMAX,2012-11-12,2012-11-13,1,1724.75,1735.883292001451,-11.133292001451082,5.088135700001658,
gold,SARIMAX,2012-11-19,2012-11-20,1,1734.0,1722.0469695139382,11.953030486061834,5.714230500001577,
gold,SARIMAX,2012-11-26,2012-11-27,1,1747.25,1746.6543180232604,0.59568197673957,5.4390738000001875,
gold,SARIMAX,2012-12-03,2012-12-04,1,1706.75,1718.8638760184654,-12.113876018465362,6.163635900000372,
gold,SARIMAX,2012-12-10,2012-12-11,1,1709.75,1707.4897594159515,2.2602405840484607,10.589564099998825,
gold,SARIMAX,2012-12-17,2012-12-18,1,1699.5,1690.5589118645967,8.941088135403334,5.152205099999264,
gold,SARIMAX,2013-01-09,2013-01-10,1,1663.0,1662.2424913166258,0.7575086833742262,4.3935789999995905,
gold,SARIMAX,2013-01-16,2013-01-17,1,1683.25,1679.7378053756279,3.512194624372114,3.6087741000010283,
gold,SARIMAX,2013-01-25,2013-01-28,1,1656.75,1671.1383801949282,-14.388380194928232,4.551295899998877,
gold,SARIMAX,2013-02-04,2013-02-05,1,1678.0,1664.0590595068156,13.940940493184371,5.5818359999993845,
gold,SARIMAX,2013-02-11,2013-02-12,1,1641.75,1664.2339200267352,-22.483920026735177,5.72844509999959,
gold,SARIMAX,2013-02-18,2013-02-19,1,1613.5,1612.1027756329288,1.3972243670712032,4.046184599999833,
gold,SARIMAX,2013-02-25,2013-02-26,1,1597.25,1591.726883081373,5.523116918627011,3.5708744000003207,
gold,SARIMAX,2013-03-04,2013-03-05,1,1584.25,1577.465592701593,6.784407298406904,5.883005200001207,
gold,SARIMAX,2013-03-11,2013-03-12,1,1582.5,1577.6275747816298,4.872425218370154,7.372310300001118,
gold,SARIMAX,2013-03-18,2013-03-19,1,1602.5,1599.2604814811925,3.239518518807472,6.4516453000014735,
gold,SARIMAX,2013-03-25,2013-03-26,1,1597.25,1603.0605443521708,-5.810544352170837,6.861023700001169,
gold,SARIMAX,2013-04-11,2013-04-12,1,1548.0,1557.3705536739283,-9.37055367392827,5.876878699998997,
gold,SARIMAX,2013-04-18,2013-04-19,1,1414.0,1395.564589083383,18.435410916617002,6.292902600000161,
gold,SARIMAX,2013-04-25,2013-04-26,1,1462.25,1445.4771414377528,16.772858562247166,6.572374499999569,
gold,SARIMAX,2013-05-15,2013-05-16,1,1377.0,1413.7014043063452,-36.70140430634524,3.743382799999381,
gold,SARIMAX,2013-05-22,2013-05-23,1,1386.0,1384.381587444955,1.6184125550450972,4.186058400000547,
gold,SARIMAX,2013-06-07,2013-06-10,1,1376.75,1409.8435932230987,-33.09359322309865,3.2158325999989756,
gold,SARIMAX,2013-06-14,2013-06-17,1,1386.0,1380.1071370078419,5.892862992158143,3.0336146999998164,
gold,SARIMAX,2013-06-21,2013-06-24,1,1283.25,1290.5361221202652,-7.2861221202651905,3.4766133000011905,
gold,SARIMAX,2013-07-01,2013-07-02,1,1260.75,1240.7544312567904,19.99556874320956,2.993710500000816,
gold,SARIMAX,2013-07-08,2013-07-09,1,1252.0,1226.015381938029,25.984618061971105,4.99258700000064,
gold,SARIMAX,2013-07-15,2013-07-16,1,1286.0,1281.4337563019064,4.566243698093558,2.589817000000039,
gold,SARIMAX,2013-07-22,2013-07-23,1,1326.75,1312.513984681409,14.236015318590944,4.482792800001334,
gold,SARIMAX,2013-07-29,2013-07-30,1,1322.25,1331.1739058480712,-8.923905848071172,6.419896900000822,
gold,SARIMAX,2013-08-05,2013-08-06,1,1292.0,1308.9012074624275,-16.901207462427465,6.492563100000552,
gold,SARIMAX,2013-08-12,2013-08-13,1,1334.0,1324.7128099642032,9.287190035796812,6.403122699999585,
gold,SARIMAX,2013-08-19,2013-08-20,1,1365.75,1375.1048439675692,-9.354843967569195,4.339399899999989,
gold,SARIMAX,2013-09-04,2013-09-05,1,1391.75,1402.953848452456,-11.203848452455986,6.339046099999905,
gold,SARIMAX,2013-09-11,2013-09-12,1,1340.25,1365.0244274448858,-24.77442744488576,5.371519199999966,
gold,SARIMAX,2013-09-18,2013-09-19,1,1363.5,1299.911079161465,63.58892083853493,6.148976599999514,
gold,SARIMAX,2013-09-26,2013-09-27,1,1321.5,1332.9869652964867,-11.486965296486687,6.631482799999503,
gold,SARIMAX,2013-10-03,2013-10-04,1,1316.0,1307.357607903077,8.642392096923004,4.914485100000093,
gold,SARIMAX,2013-10-10,2013-10-11,1,1285.75,1298.556827629046,-12.806827629045983,4.289513099998658,
gold,SARIMAX,2013-10-17,2013-10-18,1,1317.0,1306.698669195558,10.301330804441932,6.061096699999325,
gold,SARIMAX,2013-10-24,2013-10-25,1,1341.75,1336.3471183043496,5.4028816956504215,6.142097699999795,
gold,SARIMAX,2013-10-31,2013-11-01,1,1314.75,1335.8806226211832,-21.130622621183193,6.309802000001582,
gold,SARIMAX,2013-11-07,2013-11-08,1,1309.0,1315.5632933881568,-6.563293388156808,9.91640600000028,
gold,SARIMAX,2013-11-14,2013-11-15,1,1281.75,1282.5501858690386,-0.8001858690386143,3.430624299999181,
gold,SARIMAX,2013-11-21,2013-11-22,1,1241.75,1249.5156730305494,-7.765673030549351,3.386558899999727,
gold,SARIMAX,2013-11-28,2013-11-29,1,1245.25,1241.9425648390668,3.3074351609332098,2.9388389000014286,
gold,SARIMAX,2013-12-05,2013-12-06,1,1230.75,1232.7107120293726,-1.9607120293726439,3.4763964999983727,
gold,SARIMAX,2013-12-12,2013-12-13,1,1222.75,1244.044768226417,-21.29476822641709,2.6871035999993182,
gold,SARIMAX,2013-12-19,2013-12-20,1,1195.0,1206.137900937106,-11.137900937105996,7.270561200000884,
gold,SARIMAX,2014-01-13,2014-01-14,1,1248.75,1245.2899280983684,3.460071901631636,3.43163469999854,
gold,SARIMAX,2014-01-20,2014-01-21,1,1247.75,1254.229083946216,-6.479083946215951,3.6010131999992154,
gold,SARIMAX,2014-01-30,2014-01-31,1,1246.5,1253.5874221812753,-7.087422181275315,3.7104916000007506,
gold,SARIMAX,2014-02-06,2014-02-07,1,1260.0,1258.1589510692104,1.8410489307896114,3.1934144999995624,
gold,SARIMAX,2014-02-13,2014-02-14,1,1308.5,1289.9651390127042,18.534860987295815,3.116563400000814,
gold,SARIMAX,2014-02-20,2014-02-21,1,1320.75,1314.2219859245592,6.528014075440751,3.5848291000002064,
gold,SARIMAX,2014-02-27,2014-02-28,1,1327.75,1331.5081028782865,-3.758102878286536,3.3161368999990373,
gold,SARIMAX,2014-03-06,2014-03-07,1,1348.25,1333.9269084658386,14.323091534161449,3.149160999999367,
gold,SARIMAX,2014-03-13,2014-03-14,1,1370.0,1370.4347651308813,-0.4347651308812601,2.9621133000000555,
gold,SARIMAX,2014-03-20,2014-03-21,1,1338.5,1327.6061176686082,10.893882331391751,2.681200200000603,
gold,SARIMAX,2014-03-27,2014-03-28,1,1295.75,1296.0615222041185,-0.31152220411854614,3.1971684000000096,
gold,SARIMAX,2014-04-03,2014-04-04,1,1293.5,1286.8868344085108,6.613165591489178,3.3655830999996397,
