DATE_ORIGIN,GOLD_PRICE_ORIGIN,TARGET_DATE,TARGET_VALUE,RAW_INDEX,TARGET_VALUE_RAW,NEXT_MODELABLE_DATE,NEXT_MODELABLE_GOLD_PRICE,NEXT_MODELABLE_RAW_INDEX,RAW_ROWS_TO_NEXT_MODELABLE,TARGET_MATCHES_RAW_NEXT,TARGET_MATCHES_NEXT_MODELABLE,TARGET_DATE_MATCHES_NEXT_MODELABLE
1968-04-29,38.55,1968-04-30,39.1,20,39.1,1968-04-30,39.1,21.0,1.0,True,1.0,1.0
1968-04-30,39.1,1968-05-01,39.1,21,39.1,1968-05-01,39.1,22.0,1.0,True,1.0,1.0
1968-05-01,39.1,1968-05-02,39.25,22,39.25,1968-05-02,39.25,23.0,1.0,True,1.0,1.0
1968-05-02,39.25,1968-05-03,39.6,23,39.6,1968-05-03,39.6,24.0,1.0,True,1.0,1.0
1968-05-03,39.6,1968-05-06,39.7,24,39.7,1968-05-06,39.7,25.0,1.0,True,1.0,1.0
1968-05-06,39.7,1968-05-07,39.3,25,39.3,1968-05-07,39.3,26.0,1.0,True,1.0,1.0
1968-05-07,39.3,1968-05-08,39.5,26,39.5,1968-05-08,39.5,27.0,1.0,True,1.0,1.0
1968-05-08,39.5,1968-05-09,39.7,27,39.7,1968-05-09,39.7,28.0,1.0,True,1.0,1.0
1968-05-09,39.7,1968-05-10,39.8,28,39.8,1968-05-14,39.6,31.0,3.0,True,0.0,0.0
1968-05-14,39.6,1968-05-15,40.1,31,40.1,1968-05-15,40.1,32.0,1.0,True,1.0,1.0
1968-05-15,40.1,1968-05-16,40.85,32,40.85,1968-05-16,40.85,33.0,1.0,True,1.0,1.0
1968-05-16,40.85,1968-05-17,41.6,33,41.6,1968-05-17,41.6,34.0,1.0,True,1.0,1.0
1968-05-17,41.6,1968-05-20,42.0,34,42.0,1968-05-20,42.0,35.0,1.0,True,1.0,1.0
1968-05-20,42.0,1968-05-21,42.6,35,42.6,1968-05-21,42.6,36.0,1.0,True,1.0,1.0
1968-05-21,42.6,1968-05-22,42.2,36,42.2,1968-05-22,42.2,37.0,1.0,True,1.0,1.0
1968-05-22,42.2,1968-05-23,41.5,37,41.5,1968-05-23,41.5,38.0,1.0,True,1.0,1.0
1968-05-23,41.5,1968-05-24,41.75,38,41.75,1968-05-24,41.75,39.0,1.0,True,1.0,1.0
1968-05-24,41.75,1968-05-27,41.5,39,41.5,1968-05-27,41.5,40.0,1.0,True,1.0,1.0
1968-05-27,41.5,1968-05-28,41.6,40,41.6,1968-05-28,41.6,41.0,1.0,True,1.0,1.0
1968-05-28,41.6,1968-05-29,41.5,41,41.5,1968-05-29,41.5,42.0,1.0,True,1.0,1.0
1968-05-29,41.5,1968-05-30,41.75,42,41.75,1968-05-30,41.75,43.0,1.0,True,1.0,1.0
1968-05-30,41.75,1968-05-31,42.0,43,42.0,1968-06-11,41.3,51.0,8.0,True,0.0,0.0
1968-06-11,41.3,1968-06-12,42.1,51,42.1,1968-06-12,42.1,52.0,1.0,True,1.0,1.0
1968-06-12,42.1,1968-06-13,41.4,52,41.4,1968-06-13,41.4,53.0,1.0,True,1.0,1.0
1968-06-13,41.4,1968-06-14,40.2,53,40.2,1968-06-14,40.2,54.0,1.0,True,1.0,1.0
1968-06-14,40.2,1968-06-17,40.9,54,40.9,1968-06-17,40.9,55.0,1.0,True,1.0,1.0
1968-06-17,40.9,1968-06-18,40.7,55,40.7,1968-06-18,40.7,56.0,1.0,True,1.0,1.0
1968-06-18,40.7,1968-06-19,41.4,56,41.4,1968-06-19,41.4,57.0,1.0,True,1.0,1.0
1968-06-19,41.4,1968-06-20,41.05,57,41.05,1968-06-20,41.05,58.0,1.0,True,1.0,1.0
1968-06-20,41.05,1968-06-21,41.05,58,41.05,1968-06-21,41.05,59.0,1.0,True,1.0,1.0
1968-06-21,41.05,1968-06-24,41.05,59,41.05,1968-06-24,41.05,60.0,1.0,True,1.0,1.0
1968-06-24,41.05,1968-06-25,40.85,60,40.85,1968-06-25,40.85,61.0,1.0,True,1.0,1.0
1968-06-25,40.85,1968-06-26,40.95,61,40.95,1968-06-26,40.95,62.0,1.0,True,1.0,1.0
1968-06-26,40.95,1968-06-27,40.8,62,40.8,1968-06-27,40.8,63.0,1.0,True,1.0,1.0
1968-06-27,40.8,1968-06-28,40.95,63,40.95,1968-06-28,40.95,64.0,1.0,True,1.0,1.0
1968-06-28,40.95,1968-07-01,40.9,64,40.9,1968-07-02,40.85,66.0,2.0,True,0.0,0.0
1968-07-02,40.85,1968-07-03,40.9,66,40.9,1968-07-03,40.9,67.0,1.0,True,1.0,1.0
1968-07-03,40.9,1968-07-04,41.05,67,41.05,1968-07-04,41.05,68.0,1.0,True,1.0,1.0
1968-07-04,41.05,1968-07-05,41.1,68,41.1,1968-07-05,41.1,69.0,1.0,True,1.0,1.0
1968-07-05,41.1,1968-07-08,40.95,69,40.95,1968-07-08,40.95,70.0,1.0,True,1.0,1.0
1968-07-08,40.95,1968-07-09,40.6,70,40.6,1968-07-09,40.6,71.0,1.0,True,1.0,1.0
1968-07-09,40.6,1968-07-10,40.15,71,40.15,1968-07-10,40.15,72.0,1.0,True,1.0,1.0
1968-07-10,40.15,1968-07-11,39.4,72,39.4,1968-07-11,39.4,73.0,1.0,True,1.0,1.0
1968-07-11,39.4,1968-07-12,39.1,73,39.1,1968-07-12,39.1,74.0,1.0,True,1.0,1.0
1968-07-12,39.1,1968-07-15,39.15,74,39.15,1968-07-15,39.15,75.0,1.0,True,1.0,1.0
1968-07-15,39.15,1968-07-16,38.9,75,38.9,1968-07-16,38.9,76.0,1.0,True,1.0,1.0
1968-07-16,38.9,1968-07-17,37.8,76,37.8,1968-07-17,37.8,77.0,1.0,True,1.0,1.0
1968-07-17,37.8,1968-07-18,38.0,77,38.0,1968-07-18,38.0,78.0,1.0,True,1.0,1.0
1968-07-18,38.0,1968-07-19,39.1,78,39.1,1968-07-19,39.1,79.0,1.0,True,1.0,1.0
1968-07-19,39.1,1968-07-22,38.65,79,38.65,1968-07-22,38.65,80.0,1.0,True,1.0,1.0
1968-07-22,38.65,1968-07-23,38.65,80,38.65,1968-07-23,38.65,81.0,1.0,True,1.0,1.0
1968-07-23,38.65,1968-07-24,39.2,81,39.2,1968-07-24,39.2,82.0,1.0,True,1.0,1.0
1968-07-24,39.2,1968-07-25,39.1,82,39.1,1968-07-25,39.1,83.0,1.0,True,1.0,1.0
1968-07-25,39.1,1968-07-26,38.75,83,38.75,1968-07-26,38.75,84.0,1.0,True,1.0,1.0
1968-07-26,38.75,1968-07-29,38.9,84,38.9,1968-07-29,38.9,85.0,1.0,True,1.0,1.0
1968-07-29,38.9,1968-07-30,39.1,85,39.1,1968-07-30,39.1,86.0,1.0,True,1.0,1.0
1968-07-30,39.1,1968-07-31,38.9,86,38.9,1968-07-31,38.9,87.0,1.0,True,1.0,1.0
1968-07-31,38.9,1968-08-01,38.8,87,38.8,1968-08-01,38.8,88.0,1.0,True,1.0,1.0
1968-08-01,38.8,1968-08-02,38.8,88,38.8,1968-08-02,38.8,89.0,1.0,True,1.0,1.0
1968-08-02,38.8,1968-08-05,38.85,89,38.85,1968-08-05,38.85,90.0,1.0,True,1.0,1.0
1968-08-05,38.85,1968-08-06,38.85,90,38.85,1968-08-06,38.85,91.0,1.0,True,1.0,1.0
1968-08-06,38.85,1968-08-07,38.8,91,38.8,1968-08-07,38.8,92.0,1.0,True,1.0,1.0
1968-08-07,38.8,1968-08-08,38.55,92,38.55,1968-08-08,38.55,93.0,1.0,True,1.0,1.0
1968-08-08,38.55,1968-08-09,38.45,93,38.45,1968-08-09,38.45,94.0,1.0,True,1.0,1.0
1968-08-09,38.45,1968-08-12,38.6,94,38.6,1968-08-12,38.6,95.0,1.0,True,1.0,1.0
1968-08-12,38.6,1968-08-13,38.75,95,38.75,1968-08-13,38.75,96.0,1.0,True,1.0,1.0
1968-08-13,38.75,1968-08-14,38.95,96,38.95,1968-08-14,38.95,97.0,1.0,True,1.0,1.0
1968-08-14,38.95,1968-08-15,39.0,97,39.0,1968-08-15,39.0,98.0,1.0,True,1.0,1.0
1968-08-15,39.0,1968-08-16,39.1,98,39.1,1968-08-16,39.1,99.0,1.0,True,1.0,1.0
1968-08-16,39.1,1968-08-19,39.15,99,39.15,1968-08-19,39.15,100.0,1.0,True,1.0,1.0
1968-08-19,39.15,1968-08-20,39.35,100,39.35,1968-08-20,39.35,101.0,1.0,True,1.0,1.0
1968-08-20,39.35,1968-08-21,40.3,101,40.3,1968-08-21,40.3,102.0,1.0,True,1.0,1.0
1968-08-21,40.3,1968-08-22,39.65,102,39.65,1968-08-22,39.65,103.0,1.0,True,1.0,1.0
1968-08-22,39.65,1968-08-23,39.65,103,39.65,1968-08-23,39.65,104.0,1.0,True,1.0,1.0
1968-08-23,39.65,1968-08-26,39.4,104,39.4,1968-08-26,39.4,105.0,1.0,True,1.0,1.0
1968-08-26,39.4,1968-08-27,39.55,105,39.55,1968-08-27,39.55,106.0,1.0,True,1.0,1.0
1968-08-27,39.55,1968-08-28,39.55,106,39.55,1968-08-28,39.55,107.0,1.0,True,1.0,1.0
1968-08-28,39.55,1968-08-29,39.8,107,39.8,1968-08-29,39.8,108.0,1.0,True,1.0,1.0
1968-08-29,39.8,1968-08-30,39.85,108,39.85,1968-09-10,40.0,116.0,8.0,True,0.0,0.0
1968-09-10,40.0,1968-09-11,40.0,116,40.0,1968-09-11,40.0,117.0,1.0,True,1.0,1.0
1968-09-11,40.0,1968-09-12,40.05,117,40.05,1968-09-12,40.05,118.0,1.0,True,1.0,1.0
1968-09-12,40.05,1968-09-13,40.175,118,40.175,1968-09-13,40.175,119.0,1.0,True,1.0,1.0
1968-09-13,40.175,1968-09-16,40.2,119,40.2,1968-09-16,40.2,120.0,1.0,True,1.0,1.0
1968-09-16,40.2,1968-09-17,40.55,120,40.55,1968-09-17,40.55,121.0,1.0,True,1.0,1.0
1968-09-17,40.55,1968-09-18,40.45,121,40.45,1968-09-18,40.45,122.0,1.0,True,1.0,1.0
1968-09-18,40.45,1968-09-19,40.525,122,40.525,1968-09-19,40.525,123.0,1.0,True,1.0,1.0
1968-09-19,40.525,1968-09-20,40.5,123,40.5,1968-09-20,40.5,124.0,1.0,True,1.0,1.0
1968-09-20,40.5,1968-09-23,40.425,124,40.425,1968-09-23,40.425,125.0,1.0,True,1.0,1.0
1968-09-23,40.425,1968-09-24,40.475,125,40.475,1968-09-24,40.475,126.0,1.0,True,1.0,1.0
1968-09-24,40.475,1968-09-25,40.425,126,40.425,1968-09-25,40.425,127.0,1.0,True,1.0,1.0
1968-09-25,40.425,1968-09-26,40.45,127,40.45,1968-09-26,40.45,128.0,1.0,True,1.0,1.0
1968-09-26,40.45,1968-09-27,40.3,128,40.3,1968-09-27,40.3,129.0,1.0,True,1.0,1.0
1968-09-27,40.3,1968-09-30,39.7,129,39.7,1968-10-01,39.6,131.0,2.0,True,0.0,0.0
1968-10-01,39.6,1968-10-02,38.3,131,38.3,1968-10-02,38.3,132.0,1.0,True,1.0,1.0
1968-10-02,38.3,1968-10-03,39.0,132,39.0,1968-10-03,39.0,133.0,1.0,True,1.0,1.0
1968-10-03,39.0,1968-10-04,38.9,133,38.9,1968-10-04,38.9,134.0,1.0,True,1.0,1.0
1968-10-04,38.9,1968-10-07,39.8,134,39.8,1968-10-07,39.8,135.0,1.0,True,1.0,1.0
1968-10-07,39.8,1968-10-08,39.75,135,39.75,1968-10-08,39.75,136.0,1.0,True,1.0,1.0
1968-10-08,39.75,1968-10-09,39.2,136,39.2,1968-10-09,39.2,137.0,1.0,True,1.0,1.0
1968-10-09,39.2,1968-10-10,38.825,137,38.825,1968-10-10,38.825,138.0,1.0,True,1.0,1.0
1968-10-10,38.825,1968-10-11,39.2,138,39.2,1968-10-11,39.2,139.0,1.0,True,1.0,1.0
1968-10-11,39.2,1968-10-14,39.3,139,39.3,1968-10-14,39.3,140.0,1.0,True,1.0,1.0
1968-10-14,39.3,1968-10-15,39.2,140,39.2,1968-10-15,39.2,141.0,1.0,True,1.0,1.0
1968-10-15,39.2,1968-10-16,38.95,141,38.95,1968-10-16,38.95,142.0,1.0,True,1.0,1.0
1968-10-16,38.95,1968-10-17,39.2,142,39.2,1968-10-17,39.2,143.0,1.0,True,1.0,1.0
1968-10-17,39.2,1968-10-18,39.4,143,39.4,1968-10-18,39.4,144.0,1.0,True,1.0,1.0
1968-10-18,39.4,1968-10-21,39.1,144,39.1,1968-10-21,39.1,145.0,1.0,True,1.0,1.0
1968-10-21,39.1,1968-10-22,38.95,145,38.95,1968-10-22,38.95,146.0,1.0,True,1.0,1.0
1968-10-22,38.95,1968-10-23,39.175,146,39.175,1968-10-23,39.175,147.0,1.0,True,1.0,1.0
1968-10-23,39.175,1968-10-24,39.2,147,39.2,1968-10-24,39.2,148.0,1.0,True,1.0,1.0
1968-10-24,39.2,1968-10-25,39.3,148,39.3,1968-10-25,39.3,149.0,1.0,True,1.0,1.0
1968-10-25,39.3,1968-10-28,39.375,149,39.375,1968-10-28,39.375,150.0,1.0,True,1.0,1.0
1968-10-28,39.375,1968-10-29,39.6,150,39.6,1968-10-29,39.6,151.0,1.0,True,1.0,1.0
1968-10-29,39.6,1968-10-30,39.3,151,39.3,1968-10-30,39.3,152.0,1.0,True,1.0,1.0
1968-10-30,39.3,1968-10-31,39.2,152,39.2,1968-10-31,39.2,153.0,1.0,True,1.0,1.0
1968-10-31,39.2,1968-11-01,38.9,153,38.9,1968-11-01,38.9,154.0,1.0,True,1.0,1.0
1968-11-01,38.9,1968-11-04,39.25,154,39.25,1968-11-04,39.25,155.0,1.0,True,1.0,1.0
1968-11-04,39.25,1968-11-05,39.325,155,39.325,1968-11-05,39.325,156.0,1.0,True,1.0,1.0
1968-11-05,39.325,1968-11-06,39.5,156,39.5,1968-11-06,39.5,157.0,1.0,True,1.0,1.0
1968-11-06,39.5,1968-11-07,39.525,157,39.525,1968-11-07,39.525,158.0,1.0,True,1.0,1.0
1968-11-07,39.525,1968-11-08,39.4,158,39.4,1968-11-08,39.4,159.0,1.0,True,1.0,1.0
1968-11-08,39.4,1968-11-11,39.5,159,39.5,1968-11-11,39.5,160.0,1.0,True,1.0,1.0
1968-11-11,39.5,1968-11-12,39.725,160,39.725,1968-11-12,39.725,161.0,1.0,True,1.0,1.0
1968-11-12,39.725,1968-11-13,39.75,161,39.75,1968-11-13,39.75,162.0,1.0,True,1.0,1.0
1968-11-13,39.75,1968-11-14,39.75,162,39.75,1968-11-14,39.75,163.0,1.0,True,1.0,1.0
1968-11-14,39.75,1968-11-15,40.0,163,40.0,1968-11-15,40.0,164.0,1.0,True,1.0,1.0
1968-11-15,40.0,1968-11-18,40.0,164,40.0,1968-11-18,40.0,165.0,1.0,True,1.0,1.0
1968-11-18,40.0,1968-11-19,40.05,165,40.05,1968-11-19,40.05,166.0,1.0,True,1.0,1.0
1968-11-19,40.05,1968-11-20,40.75,166,40.75,1968-11-20,40.75,167.0,1.0,True,1.0,1.0
1968-11-20,40.75,1968-11-21,40.25,167,40.25,1968-11-21,40.25,168.0,1.0,True,1.0,1.0
1968-11-21,40.25,1968-11-22,40.2,168,40.2,1968-11-22,40.2,169.0,1.0,True,1.0,1.0
1968-11-22,40.2,1968-11-25,40.3,169,40.3,1968-11-25,40.3,170.0,1.0,True,1.0,1.0
1968-11-25,40.3,1968-11-26,40.075,170,40.075,1968-11-26,40.075,171.0,1.0,True,1.0,1.0
1968-11-26,40.075,1968-11-27,39.75,171,39.75,1968-11-27,39.75,172.0,1.0,True,1.0,1.0
1968-11-27,39.75,1968-11-28,39.85,172,39.85,1968-11-28,39.85,173.0,1.0,True,1.0,1.0
1968-11-28,39.85,1968-11-29,39.85,173,39.85,1968-11-29,39.85,174.0,1.0,True,1.0,1.0
1968-11-29,39.85,1968-12-02,39.9,174,39.9,1968-12-02,39.9,175.0,1.0,True,1.0,1.0
1968-12-02,39.9,1968-12-03,40.15,175,40.15,1968-12-03,40.15,176.0,1.0,True,1.0,1.0
1968-12-03,40.15,1968-12-04,40.775,176,40.775,1968-12-04,40.775,177.0,1.0,True,1.0,1.0
1968-12-04,40.775,1968-12-05,40.45,177,40.45,1968-12-05,40.45,178.0,1.0,True,1.0,1.0
1968-12-05,40.45,1968-12-06,40.35,178,40.35,1968-12-06,40.35,179.0,1.0,True,1.0,1.0
1968-12-06,40.35,1968-12-09,40.625,179,40.625,1968-12-09,40.625,180.0,1.0,True,1.0,1.0
1968-12-09,40.625,1968-12-10,40.675,180,40.675,1968-12-10,40.675,181.0,1.0,True,1.0,1.0
1968-12-10,40.675,1968-12-11,40.75,181,40.75,1968-12-11,40.75,182.0,1.0,True,1.0,1.0
1968-12-11,40.75,1968-12-12,41.3,182,41.3,1968-12-12,41.3,183.0,1.0,True,1.0,1.0
1968-12-12,41.3,1968-12-13,40.9,183,40.9,1968-12-13,40.9,184.0,1.0,True,1.0,1.0
1968-12-13,40.9,1968-12-16,40.975,184,40.975,1968-12-16,40.975,185.0,1.0,True,1.0,1.0
1968-12-16,40.975,1968-12-17,41.2,185,41.2,1968-12-17,41.2,186.0,1.0,True,1.0,1.0
1968-12-17,41.2,1968-12-18,41.825,186,41.825,1968-12-18,41.825,187.0,1.0,True,1.0,1.0
1968-12-18,41.825,1968-12-19,41.675,187,41.675,1968-12-19,41.675,188.0,1.0,True,1.0,1.0
1968-12-19,41.675,1968-12-20,41.65,188,41.65,1968-12-20,41.65,189.0,1.0,True,1.0,1.0
1968-12-20,41.65,1968-12-23,41.7,189,41.7,1968-12-23,41.7,190.0,1.0,True,1.0,1.0
1968-12-23,41.7,1968-12-24,41.7,190,41.7,1969-01-09,42.475,203.0,13.0,True,0.0,0.0
1969-01-09,42.475,1969-01-10,42.3,203,42.3,1969-01-10,42.3,204.0,1.0,True,1.0,1.0
1969-01-10,42.3,1969-01-13,42.0,204,42.0,1969-01-13,42.0,205.0,1.0,True,1.0,1.0
1969-01-13,42.0,1969-01-14,42.4,205,42.4,1969-01-14,42.4,206.0,1.0,True,1.0,1.0
1969-01-14,42.4,1969-01-15,42.75,206,42.75,1969-01-15,42.75,207.0,1.0,True,1.0,1.0
1969-01-15,42.75,1969-01-16,42.7,207,42.7,1969-01-16,42.7,208.0,1.0,True,1.0,1.0
1969-01-16,42.7,1969-01-17,41.9,208,41.9,1969-01-17,41.9,209.0,1.0,True,1.0,1.0
1969-01-17,41.9,1969-01-20,42.2,209,42.2,1969-01-20,42.2,210.0,1.0,True,1.0,1.0
1969-01-20,42.2,1969-01-21,42.4,210,42.4,1969-01-21,42.4,211.0,1.0,True,1.0,1.0
1969-01-21,42.4,1969-01-22,42.6,211,42.6,1969-01-24,42.0,214.0,3.0,True,0.0,0.0
1969-01-24,42.0,1969-01-27,42.2,214,42.2,1969-01-27,42.2,215.0,1.0,True,1.0,1.0
1969-01-27,42.2,1969-01-28,42.45,215,42.45,1969-01-28,42.45,216.0,1.0,True,1.0,1.0
1969-01-28,42.45,1969-01-29,42.45,216,42.45,1969-01-30,42.55,218.0,2.0,True,0.0,0.0
1969-01-30,42.55,1969-01-31,42.55,218,42.55,1969-01-31,42.55,219.0,1.0,True,1.0,1.0
1969-01-31,42.55,1969-02-03,42.5,219,42.5,1969-02-03,42.5,220.0,1.0,True,1.0,1.0
1969-02-03,42.5,1969-02-04,42.475,220,42.475,1969-02-04,42.475,221.0,1.0,True,1.0,1.0
1969-02-04,42.475,1969-02-05,42.7,221,42.7,1969-02-05,42.7,222.0,1.0,True,1.0,1.0
1969-02-05,42.7,1969-02-06,42.625,222,42.625,1969-02-06,42.625,223.0,1.0,True,1.0,1.0
1969-02-06,42.625,1969-02-07,42.55,223,42.55,1969-02-07,42.55,224.0,1.0,True,1.0,1.0
1969-02-07,42.55,1969-02-10,42.55,224,42.55,1969-02-10,42.55,225.0,1.0,True,1.0,1.0
1969-02-10,42.55,1969-02-11,42.525,225,42.525,1969-02-11,42.525,226.0,1.0,True,1.0,1.0
1969-02-11,42.525,1969-02-12,42.6,226,42.6,1969-02-12,42.6,227.0,1.0,True,1.0,1.0
1969-02-12,42.6,1969-02-13,42.55,227,42.55,1969-02-13,42.55,228.0,1.0,True,1.0,1.0
1969-02-13,42.55,1969-02-14,42.5,228,42.5,1969-02-14,42.5,229.0,1.0,True,1.0,1.0
1969-02-14,42.5,1969-02-17,42.65,229,42.65,1969-02-17,42.65,230.0,1.0,True,1.0,1.0
1969-02-17,42.65,1969-02-18,42.625,230,42.625,1969-02-18,42.625,231.0,1.0,True,1.0,1.0
1969-02-18,42.625,1969-02-19,42.65,231,42.65,1969-02-19,42.65,232.0,1.0,True,1.0,1.0
1969-02-19,42.65,1969-02-20,42.6,232,42.6,1969-02-20,42.6,233.0,1.0,True,1.0,1.0
1969-02-20,42.6,1969-02-21,42.625,233,42.625,1969-02-21,42.625,234.0,1.0,True,1.0,1.0
1969-02-21,42.625,1969-02-24,42.7,234,42.7,1969-02-24,42.7,235.0,1.0,True,1.0,1.0
1969-02-24,42.7,1969-02-25,42.675,235,42.675,1969-02-25,42.675,236.0,1.0,True,1.0,1.0
1969-02-25,42.675,1969-02-26,42.7,236,42.7,1969-02-26,42.7,237.0,1.0,True,1.0,1.0
1969-02-26,42.7,1969-02-27,42.75,237,42.75,1969-02-27,42.75,238.0,1.0,True,1.0,1.0
1969-02-27,42.75,1969-02-28,42.775,238,42.775,1969-02-28,42.775,239.0,1.0,True,1.0,1.0
1969-02-28,42.775,1969-03-03,42.75,239,42.75,1969-03-03,42.75,240.0,1.0,True,1.0,1.0
1969-03-03,42.75,1969-03-04,42.75,240,42.75,1969-03-04,42.75,241.0,1.0,True,1.0,1.0
1969-03-04,42.75,1969-03-05,42.9,241,42.9,1969-03-05,42.9,242.0,1.0,True,1.0,1.0
1969-03-05,42.9,1969-03-06,43.25,242,43.25,1969-03-06,43.25,243.0,1.0,True,1.0,1.0
1969-03-06,43.25,1969-03-07,43.6,243,43.6,1969-03-07,43.6,244.0,1.0,True,1.0,1.0
1969-03-07,43.6,1969-03-10,43.75,244,43.75,1969-03-10,43.75,245.0,1.0,True,1.0,1.0
1969-03-10,43.75,1969-03-11,43.3,245,43.3,1969-03-11,43.3,246.0,1.0,True,1.0,1.0
1969-03-11,43.3,1969-03-12,43.025,246,43.025,1969-03-12,43.025,247.0,1.0,True,1.0,1.0
1969-03-12,43.025,1969-03-13,43.15,247,43.15,1969-03-13,43.15,248.0,1.0,True,1.0,1.0
1969-03-13,43.15,1969-03-14,43.0,248,43.0,1969-03-14,43.0,249.0,1.0,True,1.0,1.0
1969-03-14,43.0,1969-03-17,43.025,249,43.025,1969-03-17,43.025,250.0,1.0,True,1.0,1.0
1969-03-17,43.025,1969-03-18,42.85,250,42.85,1969-03-18,42.85,251.0,1.0,True,1.0,1.0
1969-03-18,42.85,1969-03-19,43.075,251,43.075,1969-03-19,43.075,252.0,1.0,True,1.0,1.0
1969-03-19,43.075,1969-03-20,43.125,252,43.125,1969-03-20,43.125,253.0,1.0,True,1.0,1.0
1969-03-20,43.125,1969-03-21,43.175,253,43.175,1969-03-21,43.175,254.0,1.0,True,1.0,1.0
1969-03-21,43.175,1969-03-24,43.25,254,43.25,1969-03-24,43.25,255.0,1.0,True,1.0,1.0
1969-03-24,43.25,1969-03-25,43.4,255,43.4,1969-03-25,43.4,256.0,1.0,True,1.0,1.0
1969-03-25,43.4,1969-03-26,43.35,256,43.35,1969-03-26,43.35,257.0,1.0,True,1.0,1.0
1969-03-26,43.35,1969-03-27,43.475,257,43.475,1969-03-27,43.475,258.0,1.0,True,1.0,1.0
1969-03-27,43.475,1969-03-28,43.3,258,43.3,1969-03-28,43.3,259.0,1.0,True,1.0,1.0
1969-03-28,43.3,1969-03-31,43.1,259,43.1,1969-03-31,43.1,260.0,1.0,True,1.0,1.0
1969-03-31,43.1,1969-04-01,43.1,260,43.1,1969-04-01,43.1,261.0,1.0,True,1.0,1.0
1969-04-01,43.1,1969-04-02,43.3,261,43.3,1969-04-02,43.3,262.0,1.0,True,1.0,1.0
1969-04-02,43.3,1969-04-03,43.35,262,43.35,1969-04-15,42.9,271.0,9.0,True,0.0,0.0
1969-04-15,42.9,1969-04-16,43.075,271,43.075,1969-04-16,43.075,272.0,1.0,True,1.0,1.0
1969-04-16,43.075,1969-04-17,43.225,272,43.225,1969-04-17,43.225,273.0,1.0,True,1.0,1.0
1969-04-17,43.225,1969-04-18,43.2,273,43.2,1969-04-18,43.2,274.0,1.0,True,1.0,1.0
1969-04-18,43.2,1969-04-21,43.2,274,43.2,1969-04-21,43.2,275.0,1.0,True,1.0,1.0
1969-04-21,43.2,1969-04-22,43.175,275,43.175,1969-04-22,43.175,276.0,1.0,True,1.0,1.0
1969-04-22,43.175,1969-04-23,43.4,276,43.4,1969-04-23,43.4,277.0,1.0,True,1.0,1.0
1969-04-23,43.4,1969-04-24,43.275,277,43.275,1969-04-24,43.275,278.0,1.0,True,1.0,1.0
1969-04-24,43.275,1969-04-25,43.25,278,43.25,1969-04-25,43.25,279.0,1.0,True,1.0,1.0
1969-04-25,43.25,1969-04-28,43.55,279,43.55,1969-04-28,43.55,280.0,1.0,True,1.0,1.0
1969-04-28,43.55,1969-04-29,43.55,280,43.55,1969-04-29,43.55,281.0,1.0,True,1.0,1.0
1969-04-29,43.55,1969-04-30,43.6,281,43.6,1969-04-30,43.6,282.0,1.0,True,1.0,1.0
1969-04-30,43.6,1969-05-01,43.6,282,43.6,1969-05-01,43.6,283.0,1.0,True,1.0,1.0
1969-05-01,43.6,1969-05-02,43.6,283,43.6,1969-05-06,43.4,286.0,3.0,True,0.0,0.0
1969-05-06,43.4,1969-05-07,43.475,286,43.475,1969-05-07,43.475,287.0,1.0,True,1.0,1.0
1969-05-07,43.475,1969-05-08,43.65,287,43.65,1969-05-08,43.65,288.0,1.0,True,1.0,1.0
1969-05-08,43.65,1969-05-09,43.6,288,43.6,1969-05-09,43.6,289.0,1.0,True,1.0,1.0
1969-05-09,43.6,1969-05-12,43.45,289,43.45,1969-05-12,43.45,290.0,1.0,True,1.0,1.0
1969-05-12,43.45,1969-05-13,43.5,290,43.5,1969-05-13,43.5,291.0,1.0,True,1.0,1.0
1969-05-13,43.5,1969-05-14,43.5,291,43.5,1969-05-14,43.5,292.0,1.0,True,1.0,1.0
1969-05-14,43.5,1969-05-15,43.5,292,43.5,1969-05-15,43.5,293.0,1.0,True,1.0,1.0
1969-05-15,43.5,1969-05-16,43.5,293,43.5,1969-05-16,43.5,294.0,1.0,True,1.0,1.0
1969-05-16,43.5,1969-05-19,43.475,294,43.475,1969-05-19,43.475,295.0,1.0,True,1.0,1.0
1969-05-19,43.475,1969-05-20,43.45,295,43.45,1969-05-20,43.45,296.0,1.0,True,1.0,1.0
1969-05-20,43.45,1969-05-21,43.425,296,43.425,1969-05-21,43.425,297.0,1.0,True,1.0,1.0
1969-05-21,43.425,1969-05-22,43.45,297,43.45,1969-05-22,43.45,298.0,1.0,True,1.0,1.0
1969-05-22,43.45,1969-05-23,43.5,298,43.5,1969-06-03,42.15,306.0,8.0,True,0.0,0.0
1969-06-03,42.15,1969-06-04,42.075,306,42.075,1969-06-04,42.075,307.0,1.0,True,1.0,1.0
1969-06-04,42.075,1969-06-05,41.1,307,41.1,1969-06-05,41.1,308.0,1.0,True,1.0,1.0
1969-06-05,41.1,1969-06-06,40.75,308,40.75,1969-06-06,40.75,309.0,1.0,True,1.0,1.0
1969-06-06,40.75,1969-06-09,40.7,309,40.7,1969-06-09,40.7,310.0,1.0,True,1.0,1.0
1969-06-09,40.7,1969-06-10,41.975,310,41.975,1969-06-10,41.975,311.0,1.0,True,1.0,1.0
1969-06-10,41.975,1969-06-11,41.8,311,41.8,1969-06-11,41.8,312.0,1.0,True,1.0,1.0
1969-06-11,41.8,1969-06-12,41.55,312,41.55,1969-06-12,41.55,313.0,1.0,True,1.0,1.0
1969-06-12,41.55,1969-06-13,41.55,313,41.55,1969-06-13,41.55,314.0,1.0,True,1.0,1.0
1969-06-13,41.55,1969-06-16,41.25,314,41.25,1969-06-16,41.25,315.0,1.0,True,1.0,1.0
1969-06-16,41.25,1969-06-17,41.5,315,41.5,1969-06-17,41.5,316.0,1.0,True,1.0,1.0
1969-06-17,41.5,1969-06-18,41.4,316,41.4,1969-06-18,41.4,317.0,1.0,True,1.0,1.0
1969-06-18,41.4,1969-06-19,41.45,317,41.45,1969-06-19,41.45,318.0,1.0,True,1.0,1.0
1969-06-19,41.45,1969-06-20,41.45,318,41.45,1969-06-20,41.45,319.0,1.0,True,1.0,1.0
1969-06-20,41.45,1969-06-23,41.225,319,41.225,1969-06-24,41.2,321.0,2.0,True,0.0,0.0
1969-06-24,41.2,1969-06-25,40.9,321,40.9,1969-06-25,40.9,322.0,1.0,True,1.0,1.0
1969-06-25,40.9,1969-06-26,40.975,322,40.975,1969-06-26,40.975,323.0,1.0,True,1.0,1.0
1969-06-26,40.975,1969-06-27,41.1,323,41.1,1969-06-27,41.1,324.0,1.0,True,1.0,1.0
1969-06-27,41.1,1969-06-30,41.225,324,41.225,1969-06-30,41.225,325.0,1.0,True,1.0,1.0
1969-06-30,41.225,1969-07-01,41.1,325,41.1,1969-07-01,41.1,326.0,1.0,True,1.0,1.0
1969-07-01,41.1,1969-07-02,41.25,326,41.25,1969-07-02,41.25,327.0,1.0,True,1.0,1.0
1969-07-02,41.25,1969-07-03,41.51,327,41.51,1969-07-03,41.51,328.0,1.0,True,1.0,1.0
1969-07-03,41.51,1969-07-04,41.5,328,41.5,1969-07-04,41.5,329.0,1.0,True,1.0,1.0
1969-07-04,41.5,1969-07-07,41.76,329,41.76,1969-07-07,41.76,330.0,1.0,True,1.0,1.0
1969-07-07,41.76,1969-07-08,42.1,330,42.1,1969-07-08,42.1,331.0,1.0,True,1.0,1.0
1969-07-08,42.1,1969-07-09,41.9,331,41.9,1969-07-09,41.9,332.0,1.0,True,1.0,1.0
1969-07-09,41.9,1969-07-10,41.9,332,41.9,1969-07-10,41.9,333.0,1.0,True,1.0,1.0
1969-07-10,41.9,1969-07-11,41.9,333,41.9,1969-07-11,41.9,334.0,1.0,True,1.0,1.0
1969-07-11,41.9,1969-07-14,41.95,334,41.95,1969-07-14,41.95,335.0,1.0,True,1.0,1.0
1969-07-14,41.95,1969-07-15,42.0,335,42.0,1969-07-15,42.0,336.0,1.0,True,1.0,1.0
1969-07-15,42.0,1969-07-16,41.9,336,41.9,1969-07-16,41.9,337.0,1.0,True,1.0,1.0
1969-07-16,41.9,1969-07-17,41.975,337,41.975,1969-07-17,41.975,338.0,1.0,True,1.0,1.0
1969-07-17,41.975,1969-07-18,41.9,338,41.9,1969-07-18,41.9,339.0,1.0,True,1.0,1.0
1969-07-18,41.9,1969-07-21,42.0,339,42.0,1969-07-21,42.0,340.0,1.0,True,1.0,1.0
1969-07-21,42.0,1969-07-22,41.95,340,41.95,1969-07-22,41.95,341.0,1.0,True,1.0,1.0
1969-07-22,41.95,1969-07-23,41.875,341,41.875,1969-07-23,41.875,342.0,1.0,True,1.0,1.0
1969-07-23,41.875,1969-07-24,41.9,342,41.9,1969-07-24,41.9,343.0,1.0,True,1.0,1.0
1969-07-24,41.9,1969-07-25,41.85,343,41.85,1969-07-25,41.85,344.0,1.0,True,1.0,1.0
1969-07-25,41.85,1969-07-28,41.72,344,41.72,1969-07-28,41.72,345.0,1.0,True,1.0,1.0
1969-07-28,41.72,1969-07-29,41.49,345,41.49,1969-07-29,41.49,346.0,1.0,True,1.0,1.0
1969-07-29,41.49,1969-07-30,41.49,346,41.49,1969-07-30,41.49,347.0,1.0,True,1.0,1.0
1969-07-30,41.49,1969-07-31,41.45,347,41.45,1969-07-31,41.45,348.0,1.0,True,1.0,1.0
1969-07-31,41.45,1969-08-01,41.39,348,41.39,1969-08-01,41.39,349.0,1.0,True,1.0,1.0
1969-08-01,41.39,1969-08-04,41.4,349,41.4,1969-08-04,41.4,350.0,1.0,True,1.0,1.0
1969-08-04,41.4,1969-08-05,41.15,350,41.15,1969-08-05,41.15,351.0,1.0,True,1.0,1.0
1969-08-05,41.15,1969-08-06,41.1,351,41.1,1969-08-06,41.1,352.0,1.0,True,1.0,1.0
1969-08-06,41.1,1969-08-07,41.025,352,41.025,1969-08-07,41.025,353.0,1.0,True,1.0,1.0
1969-08-07,41.025,1969-08-08,41.15,353,41.15,1969-08-08,41.15,354.0,1.0,True,1.0,1.0
1969-08-08,41.15,1969-08-11,41.45,354,41.45,1969-08-11,41.45,355.0,1.0,True,1.0,1.0
1969-08-11,41.45,1969-08-12,41.2,355,41.2,1969-08-12,41.2,356.0,1.0,True,1.0,1.0
1969-08-12,41.2,1969-08-13,41.1,356,41.1,1969-08-13,41.1,357.0,1.0,True,1.0,1.0
1969-08-13,41.1,1969-08-14,41.375,357,41.375,1969-08-14,41.375,358.0,1.0,True,1.0,1.0
1969-08-14,41.375,1969-08-15,41.1,358,41.1,1969-08-15,41.1,359.0,1.0,True,1.0,1.0
1969-08-15,41.1,1969-08-18,41.2,359,41.2,1969-08-18,41.2,360.0,1.0,True,1.0,1.0
1969-08-18,41.2,1969-08-19,41.125,360,41.125,1969-08-19,41.125,361.0,1.0,True,1.0,1.0
1969-08-19,41.125,1969-08-20,41.1,361,41.1,1969-08-20,41.1,362.0,1.0,True,1.0,1.0
1969-08-20,41.1,1969-08-21,41.075,362,41.075,1969-08-21,41.075,363.0,1.0,True,1.0,1.0
1969-08-21,41.075,1969-08-22,41.05,363,41.05,1969-08-22,41.05,364.0,1.0,True,1.0,1.0
1969-08-22,41.05,1969-08-25,41.0,364,41.0,1969-08-25,41.0,365.0,1.0,True,1.0,1.0
1969-08-25,41.0,1969-08-26,40.9,365,40.9,1969-08-26,40.9,366.0,1.0,True,1.0,1.0
1969-08-26,40.9,1969-08-27,40.9,366,40.9,1969-08-27,40.9,367.0,1.0,True,1.0,1.0
1969-08-27,40.9,1969-08-28,40.95,367,40.95,1969-08-28,40.95,368.0,1.0,True,1.0,1.0
1969-08-28,40.95,1969-08-29,40.95,368,40.95,1969-09-09,40.9,376.0,8.0,True,0.0,0.0
1969-09-09,40.9,1969-09-10,40.975,376,40.975,1969-09-10,40.975,377.0,1.0,True,1.0,1.0
1969-09-10,40.975,1969-09-11,40.925,377,40.925,1969-09-11,40.925,378.0,1.0,True,1.0,1.0
1969-09-11,40.925,1969-09-12,40.95,378,40.95,1969-09-12,40.95,379.0,1.0,True,1.0,1.0
1969-09-12,40.95,1969-09-15,41.0,379,41.0,1969-09-15,41.0,380.0,1.0,True,1.0,1.0
1969-09-15,41.0,1969-09-16,41.0,380,41.0,1969-09-16,41.0,381.0,1.0,True,1.0,1.0
1969-09-16,41.0,1969-09-17,41.0,381,41.0,1969-09-17,41.0,382.0,1.0,True,1.0,1.0
1969-09-17,41.0,1969-09-18,40.875,382,40.875,1969-09-18,40.875,383.0,1.0,True,1.0,1.0
1969-09-18,40.875,1969-09-19,40.85,383,40.85,1969-09-19,40.85,384.0,1.0,True,1.0,1.0
1969-09-19,40.85,1969-09-22,40.875,384,40.875,1969-09-22,40.875,385.0,1.0,True,1.0,1.0
1969-09-22,40.875,1969-09-23,40.8,385,40.8,1969-09-23,40.8,386.0,1.0,True,1.0,1.0
1969-09-23,40.8,1969-09-24,40.85,386,40.85,1969-09-24,40.85,387.0,1.0,True,1.0,1.0
1969-09-24,40.85,1969-09-25,40.85,387,40.85,1969-09-25,40.85,388.0,1.0,True,1.0,1.0
1969-09-25,40.85,1969-09-26,40.75,388,40.75,1969-09-26,40.75,389.0,1.0,True,1.0,1.0
1969-09-26,40.75,1969-09-29,40.65,389,40.65,1969-09-30,40.65,391.0,2.0,True,1.0,0.0
1969-09-30,40.65,1969-10-01,40.75,391,40.75,1969-10-01,40.75,392.0,1.0,True,1.0,1.0
1969-10-01,40.75,1969-10-02,40.775,392,40.775,1969-10-02,40.775,393.0,1.0,True,1.0,1.0
1969-10-02,40.775,1969-10-03,40.99,393,40.99,1969-10-03,40.99,394.0,1.0,True,1.0,1.0
1969-10-03,40.99,1969-10-06,40.9,394,40.9,1969-10-06,40.9,395.0,1.0,True,1.0,1.0
1969-10-06,40.9,1969-10-07,40.775,395,40.775,1969-10-07,40.775,396.0,1.0,True,1.0,1.0
1969-10-07,40.775,1969-10-08,40.76,396,40.76,1969-10-08,40.76,397.0,1.0,True,1.0,1.0
1969-10-08,40.76,1969-10-09,40.775,397,40.775,1969-10-09,40.775,398.0,1.0,True,1.0,1.0
1969-10-09,40.775,1969-10-10,40.75,398,40.75,1969-10-10,40.75,399.0,1.0,True,1.0,1.0
1969-10-10,40.75,1969-10-13,40.625,399,40.625,1969-10-13,40.625,400.0,1.0,True,1.0,1.0
1969-10-13,40.625,1969-10-14,40.675,400,40.675,1969-10-14,40.675,401.0,1.0,True,1.0,1.0
1969-10-14,40.675,1969-10-15,40.725,401,40.725,1969-10-15,40.725,402.0,1.0,True,1.0,1.0
1969-10-15,40.725,1969-10-16,40.65,402,40.65,1969-10-16,40.65,403.0,1.0,True,1.0,1.0
1969-10-16,40.65,1969-10-17,40.575,403,40.575,1969-10-17,40.575,404.0,1.0,True,1.0,1.0
1969-10-17,40.575,1969-10-20,40.475,404,40.475,1969-10-20,40.475,405.0,1.0,True,1.0,1.0
1969-10-20,40.475,1969-10-21,40.35,405,40.35,1969-10-21,40.35,406.0,1.0,True,1.0,1.0
1969-10-21,40.35,1969-10-22,40.25,406,40.25,1969-10-22,40.25,407.0,1.0,True,1.0,1.0
1969-10-22,40.25,1969-10-23,39.95,407,39.95,1969-10-23,39.95,408.0,1.0,True,1.0,1.0
1969-10-23,39.95,1969-10-24,40.05,408,40.05,1969-10-24,40.05,409.0,1.0,True,1.0,1.0
1969-10-24,40.05,1969-10-27,40.15,409,40.15,1969-10-27,40.15,410.0,1.0,True,1.0,1.0
1969-10-27,40.15,1969-10-28,40.125,410,40.125,1969-10-28,40.125,411.0,1.0,True,1.0,1.0
1969-10-28,40.125,1969-10-29,40.05,411,40.05,1969-10-29,40.05,412.0,1.0,True,1.0,1.0
1969-10-29,40.05,1969-10-30,39.975,412,39.975,1969-10-30,39.975,413.0,1.0,True,1.0,1.0
1969-10-30,39.975,1969-10-31,39.85,413,39.85,1969-10-31,39.85,414.0,1.0,True,1.0,1.0
1969-10-31,39.85,1969-11-03,39.575,414,39.575,1969-11-03,39.575,415.0,1.0,True,1.0,1.0
1969-11-03,39.575,1969-11-04,39.53,415,39.53,1969-11-04,39.53,416.0,1.0,True,1.0,1.0
1969-11-04,39.53,1969-11-05,39.5,416,39.5,1969-11-05,39.5,417.0,1.0,True,1.0,1.0
1969-11-05,39.5,1969-11-06,39.05,417,39.05,1969-11-06,39.05,418.0,1.0,True,1.0,1.0
1969-11-06,39.05,1969-11-07,38.85,418,38.85,1969-11-07,38.85,419.0,1.0,True,1.0,1.0
1969-11-07,38.85,1969-11-10,37.9,419,37.9,1969-11-10,37.9,420.0,1.0,True,1.0,1.0
1969-11-10,37.9,1969-11-11,38.2,420,38.2,1969-11-11,38.2,421.0,1.0,True,1.0,1.0
1969-11-11,38.2,1969-11-12,38.075,421,38.075,1969-11-12,38.075,422.0,1.0,True,1.0,1.0
1969-11-12,38.075,1969-11-13,37.8,422,37.8,1969-11-13,37.8,423.0,1.0,True,1.0,1.0
1969-11-13,37.8,1969-11-14,37.8,423,37.8,1969-11-14,37.8,424.0,1.0,True,1.0,1.0
1969-11-14,37.8,1969-11-17,37.9,424,37.9,1969-11-17,37.9,425.0,1.0,True,1.0,1.0
1969-11-17,37.9,1969-11-18,37.775,425,37.775,1969-11-18,37.775,426.0,1.0,True,1.0,1.0
1969-11-18,37.775,1969-11-19,37.05,426,37.05,1969-11-19,37.05,427.0,1.0,True,1.0,1.0
1969-11-19,37.05,1969-11-20,36.0,427,36.0,1969-11-20,36.0,428.0,1.0,True,1.0,1.0
1969-11-20,36.0,1969-11-21,36.1,428,36.1,1969-11-21,36.1,429.0,1.0,True,1.0,1.0
1969-11-21,36.1,1969-11-24,35.825,429,35.825,1969-11-24,35.825,430.0,1.0,True,1.0,1.0
1969-11-24,35.825,1969-11-25,35.35,430,35.35,1969-11-25,35.35,431.0,1.0,True,1.0,1.0
1969-11-25,35.35,1969-11-26,35.575,431,35.575,1969-11-26,35.575,432.0,1.0,True,1.0,1.0
1969-11-26,35.575,1969-11-27,35.625,432,35.625,1969-11-27,35.625,433.0,1.0,True,1.0,1.0
1969-11-27,35.625,1969-11-28,35.55,433,35.55,1969-11-28,35.55,434.0,1.0,True,1.0,1.0
1969-11-28,35.55,1969-12-01,35.525,434,35.525,1969-12-01,35.525,435.0,1.0,True,1.0,1.0
1969-12-01,35.525,1969-12-02,35.45,435,35.45,1969-12-02,35.45,436.0,1.0,True,1.0,1.0
1969-12-02,35.45,1969-12-03,35.35,436,35.35,1969-12-03,35.35,437.0,1.0,True,1.0,1.0
1969-12-03,35.35,1969-12-04,35.325,437,35.325,1969-12-04,35.325,438.0,1.0,True,1.0,1.0
1969-12-04,35.325,1969-12-05,35.225,438,35.225,1969-12-05,35.225,439.0,1.0,True,1.0,1.0
1969-12-05,35.225,1969-12-08,35.2,439,35.2,1969-12-08,35.2,440.0,1.0,True,1.0,1.0
1969-12-08,35.2,1969-12-09,35.0,440,35.0,1969-12-09,35.0,441.0,1.0,True,1.0,1.0
1969-12-09,35.0,1969-12-10,35.0,441,35.0,1969-12-10,35.0,442.0,1.0,True,1.0,1.0
1969-12-10,35.0,1969-12-11,35.175,442,35.175,1969-12-11,35.175,443.0,1.0,True,1.0,1.0
1969-12-11,35.175,1969-12-12,35.325,443,35.325,1969-12-12,35.325,444.0,1.0,True,1.0,1.0
1969-12-12,35.325,1969-12-15,35.2,444,35.2,1969-12-15,35.2,445.0,1.0,True,1.0,1.0
1969-12-15,35.2,1969-12-16,35.025,445,35.025,1969-12-16,35.025,446.0,1.0,True,1.0,1.0
1969-12-16,35.025,1969-12-17,35.1,446,35.1,1969-12-17,35.1,447.0,1.0,True,1.0,1.0
1969-12-17,35.1,1969-12-18,35.075,447,35.075,1969-12-18,35.075,448.0,1.0,True,1.0,1.0
1969-12-18,35.075,1969-12-19,35.0,448,35.0,1969-12-19,35.0,449.0,1.0,True,1.0,1.0
1969-12-19,35.0,1969-12-22,35.04,449,35.04,1969-12-22,35.04,450.0,1.0,True,1.0,1.0
1969-12-22,35.04,1969-12-23,35.125,450,35.125,1969-12-23,35.125,451.0,1.0,True,1.0,1.0
1969-12-23,35.125,1969-12-24,35.175,451,35.175,1970-01-09,34.85,464.0,13.0,True,0.0,0.0
1970-01-09,34.85,1970-01-12,34.975,464,34.975,1970-01-12,34.975,465.0,1.0,True,1.0,1.0
1970-01-12,34.975,1970-01-13,34.92,465,34.92,1970-01-13,34.92,466.0,1.0,True,1.0,1.0
1970-01-13,34.92,1970-01-14,34.89,466,34.89,1970-01-14,34.89,467.0,1.0,True,1.0,1.0
1970-01-14,34.89,1970-01-15,34.86,467,34.86,1970-01-15,34.86,468.0,1.0,True,1.0,1.0
1970-01-15,34.86,1970-01-16,34.775,468,34.775,1970-01-16,34.775,469.0,1.0,True,1.0,1.0
1970-01-16,34.775,1970-01-19,34.775,469,34.775,1970-01-19,34.775,470.0,1.0,True,1.0,1.0
1970-01-19,34.775,1970-01-20,34.8,470,34.8,1970-01-20,34.8,471.0,1.0,True,1.0,1.0
1970-01-20,34.8,1970-01-21,34.825,471,34.825,1970-01-21,34.825,472.0,1.0,True,1.0,1.0
1970-01-21,34.825,1970-01-22,34.925,472,34.925,1970-01-26,34.975,475.0,3.0,True,0.0,0.0
1970-01-26,34.975,1970-01-27,35.0,475,35.0,1970-01-27,35.0,476.0,1.0,True,1.0,1.0
1970-01-27,35.0,1970-01-28,35.0,476,35.0,1970-01-28,35.0,477.0,1.0,True,1.0,1.0
1970-01-28,35.0,1970-01-29,35.0,477,35.0,1970-01-30,34.98,479.0,2.0,True,0.0,0.0
1970-01-30,34.98,1970-02-02,34.95,479,34.95,1970-02-02,34.95,480.0,1.0,True,1.0,1.0
1970-02-02,34.95,1970-02-03,35.0,480,35.0,1970-02-03,35.0,481.0,1.0,True,1.0,1.0
1970-02-03,35.0,1970-02-04,35.0,481,35.0,1970-02-04,35.0,482.0,1.0,True,1.0,1.0
1970-02-04,35.0,1970-02-05,34.99,482,34.99,1970-02-05,34.99,483.0,1.0,True,1.0,1.0
1970-02-05,34.99,1970-02-06,35.0,483,35.0,1970-02-06,35.0,484.0,1.0,True,1.0,1.0
1970-02-06,35.0,1970-02-09,35.01,484,35.01,1970-02-09,35.01,485.0,1.0,True,1.0,1.0
1970-02-09,35.01,1970-02-10,35.01,485,35.01,1970-02-10,35.01,486.0,1.0,True,1.0,1.0
1970-02-10,35.01,1970-02-11,35.025,486,35.025,1970-02-11,35.025,487.0,1.0,True,1.0,1.0
1970-02-11,35.025,1970-02-12,34.99,487,34.99,1970-02-12,34.99,488.0,1.0,True,1.0,1.0
1970-02-12,34.99,1970-02-13,34.975,488,34.975,1970-02-13,34.975,489.0,1.0,True,1.0,1.0
1970-02-13,34.975,1970-02-16,35.0,489,35.0,1970-02-16,35.0,490.0,1.0,True,1.0,1.0
1970-02-16,35.0,1970-02-17,35.0,490,35.0,1970-02-17,35.0,491.0,1.0,True,1.0,1.0
1970-02-17,35.0,1970-02-18,34.975,491,34.975,1970-02-18,34.975,492.0,1.0,True,1.0,1.0
1970-02-18,34.975,1970-02-19,34.98,492,34.98,1970-02-19,34.98,493.0,1.0,True,1.0,1.0
1970-02-19,34.98,1970-02-20,34.99,493,34.99,1970-02-20,34.99,494.0,1.0,True,1.0,1.0
1970-02-20,34.99,1970-02-23,35.0,494,35.0,1970-02-23,35.0,495.0,1.0,True,1.0,1.0
1970-02-23,35.0,1970-02-24,34.98,495,34.98,1970-02-24,34.98,496.0,1.0,True,1.0,1.0
1970-02-24,34.98,1970-02-25,35.0,496,35.0,1970-02-25,35.0,497.0,1.0,True,1.0,1.0
1970-02-25,35.0,1970-02-26,35.0,497,35.0,1970-02-26,35.0,498.0,1.0,True,1.0,1.0
1970-02-26,35.0,1970-02-27,35.0,498,35.0,1970-02-27,35.0,499.0,1.0,True,1.0,1.0
1970-02-27,35.0,1970-03-02,35.0,499,35.0,1970-03-02,35.0,500.0,1.0,True,1.0,1.0
1970-03-02,35.0,1970-03-03,35.01,500,35.01,1970-03-03,35.01,501.0,1.0,True,1.0,1.0
1970-03-03,35.01,1970-03-04,35.0,501,35.0,1970-03-04,35.0,502.0,1.0,True,1.0,1.0
1970-03-04,35.0,1970-03-05,35.0,502,35.0,1970-03-05,35.0,503.0,1.0,True,1.0,1.0
1970-03-05,35.0,1970-03-06,34.95,503,34.95,1970-03-06,34.95,504.0,1.0,True,1.0,1.0
1970-03-06,34.95,1970-03-09,34.97,504,34.97,1970-03-09,34.97,505.0,1.0,True,1.0,1.0
1970-03-09,34.97,1970-03-10,34.98,505,34.98,1970-03-10,34.98,506.0,1.0,True,1.0,1.0
1970-03-10,34.98,1970-03-11,34.99,506,34.99,1970-03-11,34.99,507.0,1.0,True,1.0,1.0
1970-03-11,34.99,1970-03-12,35.0,507,35.0,1970-03-12,35.0,508.0,1.0,True,1.0,1.0
1970-03-12,35.0,1970-03-13,35.0,508,35.0,1970-03-13,35.0,509.0,1.0,True,1.0,1.0
1970-03-13,35.0,1970-03-16,35.05,509,35.05,1970-03-16,35.05,510.0,1.0,True,1.0,1.0
1970-03-16,35.05,1970-03-17,35.07,510,35.07,1970-03-17,35.07,511.0,1.0,True,1.0,1.0
1970-03-17,35.07,1970-03-18,35.08,511,35.08,1970-03-18,35.08,512.0,1.0,True,1.0,1.0
1970-03-18,35.08,1970-03-19,35.3,512,35.3,1970-03-19,35.3,513.0,1.0,True,1.0,1.0
1970-03-19,35.3,1970-03-20,35.175,513,35.175,1970-03-20,35.175,514.0,1.0,True,1.0,1.0
1970-03-20,35.175,1970-03-23,35.15,514,35.15,1970-03-23,35.15,515.0,1.0,True,1.0,1.0
1970-03-23,35.15,1970-03-24,35.17,515,35.17,1970-03-24,35.17,516.0,1.0,True,1.0,1.0
1970-03-24,35.17,1970-03-25,35.275,516,35.275,1970-03-25,35.275,517.0,1.0,True,1.0,1.0
1970-03-25,35.275,1970-03-26,35.3,517,35.3,1970-04-07,35.28,526.0,9.0,True,0.0,0.0
1970-04-07,35.28,1970-04-08,35.36,526,35.36,1970-04-08,35.36,527.0,1.0,True,1.0,1.0
1970-04-08,35.36,1970-04-09,35.425,527,35.425,1970-04-09,35.425,528.0,1.0,True,1.0,1.0
1970-04-09,35.425,1970-04-10,35.38,528,35.38,1970-04-10,35.38,529.0,1.0,True,1.0,1.0
1970-04-10,35.38,1970-04-13,35.43,529,35.43,1970-04-13,35.43,530.0,1.0,True,1.0,1.0
1970-04-13,35.43,1970-04-14,35.525,530,35.525,1970-04-14,35.525,531.0,1.0,True,1.0,1.0
1970-04-14,35.525,1970-04-15,35.84,531,35.84,1970-04-15,35.84,532.0,1.0,True,1.0,1.0
1970-04-15,35.84,1970-04-16,35.75,532,35.75,1970-04-16,35.75,533.0,1.0,True,1.0,1.0
1970-04-16,35.75,1970-04-17,35.75,533,35.75,1970-04-17,35.75,534.0,1.0,True,1.0,1.0
1970-04-17,35.75,1970-04-20,35.76,534,35.76,1970-04-20,35.76,535.0,1.0,True,1.0,1.0
1970-04-20,35.76,1970-04-21,35.84,535,35.84,1970-04-21,35.84,536.0,1.0,True,1.0,1.0
1970-04-21,35.84,1970-04-22,35.925,536,35.925,1970-04-22,35.925,537.0,1.0,True,1.0,1.0
1970-04-22,35.925,1970-04-23,35.975,537,35.975,1970-04-23,35.975,538.0,1.0,True,1.0,1.0
1970-04-23,35.975,1970-04-24,35.81,538,35.81,1970-04-28,35.8,541.0,3.0,True,0.0,0.0
1970-04-28,35.8,1970-04-29,35.875,541,35.875,1970-04-29,35.875,542.0,1.0,True,1.0,1.0
1970-04-29,35.875,1970-04-30,35.85,542,35.85,1970-04-30,35.85,543.0,1.0,True,1.0,1.0
1970-04-30,35.85,1970-05-01,35.85,543,35.85,1970-05-01,35.85,544.0,1.0,True,1.0,1.0
1970-05-01,35.85,1970-05-04,35.9,544,35.9,1970-05-04,35.9,545.0,1.0,True,1.0,1.0
1970-05-04,35.9,1970-05-05,36.19,545,36.19,1970-05-05,36.19,546.0,1.0,True,1.0,1.0
1970-05-05,36.19,1970-05-06,36.24,546,36.24,1970-05-06,36.24,547.0,1.0,True,1.0,1.0
1970-05-06,36.24,1970-05-07,36.23,547,36.23,1970-05-07,36.23,548.0,1.0,True,1.0,1.0
1970-05-07,36.23,1970-05-08,36.225,548,36.225,1970-05-08,36.225,549.0,1.0,True,1.0,1.0
1970-05-08,36.225,1970-05-11,36.15,549,36.15,1970-05-11,36.15,550.0,1.0,True,1.0,1.0
1970-05-11,36.15,1970-05-12,36.0,550,36.0,1970-05-12,36.0,551.0,1.0,True,1.0,1.0
1970-05-12,36.0,1970-05-13,35.94,551,35.94,1970-05-13,35.94,552.0,1.0,True,1.0,1.0
1970-05-13,35.94,1970-05-14,35.95,552,35.95,1970-05-14,35.95,553.0,1.0,True,1.0,1.0
1970-05-14,35.95,1970-05-15,35.95,553,35.95,1970-05-15,35.95,554.0,1.0,True,1.0,1.0
1970-05-15,35.95,1970-05-18,35.975,554,35.975,1970-05-18,35.975,555.0,1.0,True,1.0,1.0
1970-05-18,35.975,1970-05-19,35.96,555,35.96,1970-05-19,35.96,556.0,1.0,True,1.0,1.0
1970-05-19,35.96,1970-05-20,35.96,556,35.96,1970-05-20,35.96,557.0,1.0,True,1.0,1.0
1970-05-20,35.96,1970-05-21,35.95,557,35.95,1970-05-21,35.95,558.0,1.0,True,1.0,1.0
1970-05-21,35.95,1970-05-22,35.875,558,35.875,1970-06-02,35.3,566.0,8.0,True,0.0,0.0
1970-06-02,35.3,1970-06-03,35.2,566,35.2,1970-06-03,35.2,567.0,1.0,True,1.0,1.0
1970-06-03,35.2,1970-06-04,35.175,567,35.175,1970-06-04,35.175,568.0,1.0,True,1.0,1.0
1970-06-04,35.175,1970-06-05,35.19,568,35.19,1970-06-05,35.19,569.0,1.0,True,1.0,1.0
1970-06-05,35.19,1970-06-08,35.25,569,35.25,1970-06-08,35.25,570.0,1.0,True,1.0,1.0
1970-06-08,35.25,1970-06-09,35.7,570,35.7,1970-06-09,35.7,571.0,1.0,True,1.0,1.0
1970-06-09,35.7,1970-06-10,35.525,571,35.525,1970-06-10,35.525,572.0,1.0,True,1.0,1.0
1970-06-10,35.525,1970-06-11,35.59,572,35.59,1970-06-11,35.59,573.0,1.0,True,1.0,1.0
1970-06-11,35.59,1970-06-12,35.64,573,35.64,1970-06-12,35.64,574.0,1.0,True,1.0,1.0
1970-06-12,35.64,1970-06-15,35.64,574,35.64,1970-06-15,35.64,575.0,1.0,True,1.0,1.0
1970-06-15,35.64,1970-06-16,35.48,575,35.48,1970-06-16,35.48,576.0,1.0,True,1.0,1.0
1970-06-16,35.48,1970-06-17,35.34,576,35.34,1970-06-17,35.34,577.0,1.0,True,1.0,1.0
1970-06-17,35.34,1970-06-18,35.46,577,35.46,1970-06-18,35.46,578.0,1.0,True,1.0,1.0
1970-06-18,35.46,1970-06-19,35.37,578,35.37,1970-06-19,35.37,579.0,1.0,True,1.0,1.0
1970-06-19,35.37,1970-06-22,35.4,579,35.4,1970-06-23,35.4,581.0,2.0,True,1.0,0.0
1970-06-23,35.4,1970-06-24,35.45,581,35.45,1970-06-24,35.45,582.0,1.0,True,1.0,1.0
1970-06-24,35.45,1970-06-25,35.625,582,35.625,1970-06-25,35.625,583.0,1.0,True,1.0,1.0
1970-06-25,35.625,1970-06-26,35.45,583,35.45,1970-06-26,35.45,584.0,1.0,True,1.0,1.0
1970-06-26,35.45,1970-06-29,35.475,584,35.475,1970-06-29,35.475,585.0,1.0,True,1.0,1.0
1970-06-29,35.475,1970-06-30,35.51,585,35.51,1970-06-30,35.51,586.0,1.0,True,1.0,1.0
1970-06-30,35.51,1970-07-01,35.5,586,35.5,1970-07-01,35.5,587.0,1.0,True,1.0,1.0
1970-07-01,35.5,1970-07-02,35.475,587,35.475,1970-07-02,35.475,588.0,1.0,True,1.0,1.0
1970-07-02,35.475,1970-07-03,35.39,588,35.39,1970-07-03,35.39,589.0,1.0,True,1.0,1.0
1970-07-03,35.39,1970-07-06,35.35,589,35.35,1970-07-06,35.35,590.0,1.0,True,1.0,1.0
1970-07-06,35.35,1970-07-07,35.33,590,35.33,1970-07-07,35.33,591.0,1.0,True,1.0,1.0
1970-07-07,35.33,1970-07-08,35.3,591,35.3,1970-07-08,35.3,592.0,1.0,True,1.0,1.0
1970-07-08,35.3,1970-07-09,35.31,592,35.31,1970-07-09,35.31,593.0,1.0,True,1.0,1.0
1970-07-09,35.31,1970-07-10,35.31,593,35.31,1970-07-10,35.31,594.0,1.0,True,1.0,1.0
1970-07-10,35.31,1970-07-13,35.325,594,35.325,1970-07-13,35.325,595.0,1.0,True,1.0,1.0
1970-07-13,35.325,1970-07-14,35.325,595,35.325,1970-07-14,35.325,596.0,1.0,True,1.0,1.0
1970-07-14,35.325,1970-07-15,35.31,596,35.31,1970-07-15,35.31,597.0,1.0,True,1.0,1.0
1970-07-15,35.31,1970-07-16,35.3,597,35.3,1970-07-16,35.3,598.0,1.0,True,1.0,1.0
1970-07-16,35.3,1970-07-17,35.31,598,35.31,1970-07-17,35.31,599.0,1.0,True,1.0,1.0
1970-07-17,35.31,1970-07-20,35.325,599,35.325,1970-07-20,35.325,600.0,1.0,True,1.0,1.0
1970-07-20,35.325,1970-07-21,35.31,600,35.31,1970-07-21,35.31,601.0,1.0,True,1.0,1.0
1970-07-21,35.31,1970-07-22,35.32,601,35.32,1970-07-22,35.32,602.0,1.0,True,1.0,1.0
1970-07-22,35.32,1970-07-23,35.3,602,35.3,1970-07-23,35.3,603.0,1.0,True,1.0,1.0
1970-07-23,35.3,1970-07-24,35.275,603,35.275,1970-07-24,35.275,604.0,1.0,True,1.0,1.0
1970-07-24,35.275,1970-07-27,35.3,604,35.3,1970-07-27,35.3,605.0,1.0,True,1.0,1.0
1970-07-27,35.3,1970-07-28,35.31,605,35.31,1970-07-28,35.31,606.0,1.0,True,1.0,1.0
1970-07-28,35.31,1970-07-29,35.31,606,35.31,1970-07-29,35.31,607.0,1.0,True,1.0,1.0
1970-07-29,35.31,1970-07-30,35.3,607,35.3,1970-07-30,35.3,608.0,1.0,True,1.0,1.0
1970-07-30,35.3,1970-07-31,35.29,608,35.29,1970-07-31,35.29,609.0,1.0,True,1.0,1.0
1970-07-31,35.29,1970-08-03,35.3,609,35.3,1970-08-03,35.3,610.0,1.0,True,1.0,1.0
1970-08-03,35.3,1970-08-04,35.31,610,35.31,1970-08-04,35.31,611.0,1.0,True,1.0,1.0
1970-08-04,35.31,1970-08-05,35.325,611,35.325,1970-08-05,35.325,612.0,1.0,True,1.0,1.0
1970-08-05,35.325,1970-08-06,35.3,612,35.3,1970-08-06,35.3,613.0,1.0,True,1.0,1.0
1970-08-06,35.3,1970-08-07,35.3,613,35.3,1970-08-07,35.3,614.0,1.0,True,1.0,1.0
1970-08-07,35.3,1970-08-10,35.3,614,35.3,1970-08-10,35.3,615.0,1.0,True,1.0,1.0
1970-08-10,35.3,1970-08-11,35.25,615,35.25,1970-08-11,35.25,616.0,1.0,True,1.0,1.0
1970-08-11,35.25,1970-08-12,35.25,616,35.25,1970-08-12,35.25,617.0,1.0,True,1.0,1.0
1970-08-12,35.25,1970-08-13,35.275,617,35.275,1970-08-13,35.275,618.0,1.0,True,1.0,1.0
1970-08-13,35.275,1970-08-14,35.25,618,35.25,1970-08-14,35.25,619.0,1.0,True,1.0,1.0
1970-08-14,35.25,1970-08-17,35.25,619,35.25,1970-08-17,35.25,620.0,1.0,True,1.0,1.0
1970-08-17,35.25,1970-08-18,35.25,620,35.25,1970-08-18,35.25,621.0,1.0,True,1.0,1.0
1970-08-18,35.25,1970-08-19,35.25,621,35.25,1970-08-19,35.25,622.0,1.0,True,1.0,1.0
1970-08-19,35.25,1970-08-20,35.275,622,35.275,1970-08-20,35.275,623.0,1.0,True,1.0,1.0
1970-08-20,35.275,1970-08-21,35.325,623,35.325,1970-08-21,35.325,624.0,1.0,True,1.0,1.0
1970-08-21,35.325,1970-08-24,35.5,624,35.5,1970-08-24,35.5,625.0,1.0,True,1.0,1.0
1970-08-24,35.5,1970-08-25,35.59,625,35.59,1970-08-25,35.59,626.0,1.0,True,1.0,1.0
1970-08-25,35.59,1970-08-26,35.6,626,35.6,1970-08-26,35.6,627.0,1.0,True,1.0,1.0
1970-08-26,35.6,1970-08-27,35.87,627,35.87,1970-08-27,35.87,628.0,1.0,True,1.0,1.0
1970-08-27,35.87,1970-08-28,35.775,628,35.775,1970-09-08,35.95,636.0,8.0,True,0.0,0.0
1970-09-08,35.95,1970-09-09,36.225,636,36.225,1970-09-09,36.225,637.0,1.0,True,1.0,1.0
1970-09-09,36.225,1970-09-10,36.225,637,36.225,1970-09-10,36.225,638.0,1.0,True,1.0,1.0
1970-09-10,36.225,1970-09-11,36.3,638,36.3,1970-09-11,36.3,639.0,1.0,True,1.0,1.0
1970-09-11,36.3,1970-09-14,36.35,639,36.35,1970-09-14,36.35,640.0,1.0,True,1.0,1.0
1970-09-14,36.35,1970-09-15,36.275,640,36.275,1970-09-15,36.275,641.0,1.0,True,1.0,1.0
1970-09-15,36.275,1970-09-16,36.08,641,36.08,1970-09-16,36.08,642.0,1.0,True,1.0,1.0
1970-09-16,36.08,1970-09-17,36.225,642,36.225,1970-09-17,36.225,643.0,1.0,True,1.0,1.0
1970-09-17,36.225,1970-09-18,36.2,643,36.2,1970-09-18,36.2,644.0,1.0,True,1.0,1.0
1970-09-18,36.2,1970-09-21,36.225,644,36.225,1970-09-21,36.225,645.0,1.0,True,1.0,1.0
1970-09-21,36.225,1970-09-22,36.3,645,36.3,1970-09-22,36.3,646.0,1.0,True,1.0,1.0
1970-09-22,36.3,1970-09-23,36.25,646,36.25,1970-09-23,36.25,647.0,1.0,True,1.0,1.0
1970-09-23,36.25,1970-09-24,36.15,647,36.15,1970-09-24,36.15,648.0,1.0,True,1.0,1.0
1970-09-24,36.15,1970-09-25,36.15,648,36.15,1970-09-25,36.15,649.0,1.0,True,1.0,1.0
1970-09-25,36.15,1970-09-28,36.175,649,36.175,1970-09-29,36.2,651.0,2.0,True,0.0,0.0
1970-09-29,36.2,1970-09-30,36.24,651,36.24,1970-09-30,36.24,652.0,1.0,True,1.0,1.0
1970-09-30,36.24,1970-10-01,36.425,652,36.425,1970-10-01,36.425,653.0,1.0,True,1.0,1.0
1970-10-01,36.425,1970-10-02,36.275,653,36.275,1970-10-02,36.275,654.0,1.0,True,1.0,1.0
1970-10-02,36.275,1970-10-05,36.525,654,36.525,1970-10-05,36.525,655.0,1.0,True,1.0,1.0
1970-10-05,36.525,1970-10-06,36.925,655,36.925,1970-10-06,36.925,656.0,1.0,True,1.0,1.0
1970-10-06,36.925,1970-10-07,36.825,656,36.825,1970-10-07,36.825,657.0,1.0,True,1.0,1.0
1970-10-07,36.825,1970-10-08,36.725,657,36.725,1970-10-08,36.725,658.0,1.0,True,1.0,1.0
1970-10-08,36.725,1970-10-09,36.79,658,36.79,1970-10-09,36.79,659.0,1.0,True,1.0,1.0
1970-10-09,36.79,1970-10-12,37.25,659,37.25,1970-10-12,37.25,660.0,1.0,True,1.0,1.0
1970-10-12,37.25,1970-10-13,37.36,660,37.36,1970-10-13,37.36,661.0,1.0,True,1.0,1.0
1970-10-13,37.36,1970-10-14,37.45,661,37.45,1970-10-14,37.45,662.0,1.0,True,1.0,1.0
1970-10-14,37.45,1970-10-15,37.63,662,37.63,1970-10-15,37.63,663.0,1.0,True,1.0,1.0
1970-10-15,37.63,1970-10-16,37.56,663,37.56,1970-10-16,37.56,664.0,1.0,True,1.0,1.0
1970-10-16,37.56,1970-10-19,37.66,664,37.66,1970-10-19,37.66,665.0,1.0,True,1.0,1.0
1970-10-19,37.66,1970-10-20,37.87,665,37.87,1970-10-20,37.87,666.0,1.0,True,1.0,1.0
1970-10-20,37.87,1970-10-21,38.0,666,38.0,1970-10-21,38.0,667.0,1.0,True,1.0,1.0
1970-10-21,38.0,1970-10-22,37.85,667,37.85,1970-10-22,37.85,668.0,1.0,True,1.0,1.0
1970-10-22,37.85,1970-10-23,38.2,668,38.2,1970-10-23,38.2,669.0,1.0,True,1.0,1.0
1970-10-23,38.2,1970-10-26,39.15,669,39.15,1970-10-26,39.15,670.0,1.0,True,1.0,1.0
1970-10-26,39.15,1970-10-27,39.19,670,39.19,1970-10-27,39.19,671.0,1.0,True,1.0,1.0
1970-10-27,39.19,1970-10-28,38.7,671,38.7,1970-10-28,38.7,672.0,1.0,True,1.0,1.0
1970-10-28,38.7,1970-10-29,38.4,672,38.4,1970-10-29,38.4,673.0,1.0,True,1.0,1.0
1970-10-29,38.4,1970-10-30,37.4,673,37.4,1970-10-30,37.4,674.0,1.0,True,1.0,1.0
1970-10-30,37.4,1970-11-02,37.7,674,37.7,1970-11-02,37.7,675.0,1.0,True,1.0,1.0
1970-11-02,37.7,1970-11-03,37.45,675,37.45,1970-11-03,37.45,676.0,1.0,True,1.0,1.0
1970-11-03,37.45,1970-11-04,36.8,676,36.8,1970-11-04,36.8,677.0,1.0,True,1.0,1.0
1970-11-04,36.8,1970-11-05,37.1,677,37.1,1970-11-05,37.1,678.0,1.0,True,1.0,1.0
1970-11-05,37.1,1970-11-06,37.0,678,37.0,1970-11-06,37.0,679.0,1.0,True,1.0,1.0
1970-11-06,37.0,1970-11-09,37.225,679,37.225,1970-11-09,37.225,680.0,1.0,True,1.0,1.0
1970-11-09,37.225,1970-11-10,37.55,680,37.55,1970-11-10,37.55,681.0,1.0,True,1.0,1.0
1970-11-10,37.55,1970-11-11,37.11,681,37.11,1970-11-11,37.11,682.0,1.0,True,1.0,1.0
1970-11-11,37.11,1970-11-12,37.325,682,37.325,1970-11-12,37.325,683.0,1.0,True,1.0,1.0
1970-11-12,37.325,1970-11-13,37.6,683,37.6,1970-11-13,37.6,684.0,1.0,True,1.0,1.0
1970-11-13,37.6,1970-11-16,37.9,684,37.9,1970-11-16,37.9,685.0,1.0,True,1.0,1.0
1970-11-16,37.9,1970-11-17,37.35,685,37.35,1970-11-17,37.35,686.0,1.0,True,1.0,1.0
1970-11-17,37.35,1970-11-18,37.6,686,37.6,1970-11-18,37.6,687.0,1.0,True,1.0,1.0
1970-11-18,37.6,1970-11-19,37.6,687,37.6,1970-11-19,37.6,688.0,1.0,True,1.0,1.0
1970-11-19,37.6,1970-11-20,37.6,688,37.6,1970-11-20,37.6,689.0,1.0,True,1.0,1.0
1970-11-20,37.6,1970-11-23,37.55,689,37.55,1970-11-23,37.55,690.0,1.0,True,1.0,1.0
1970-11-23,37.55,1970-11-24,37.425,690,37.425,1970-11-24,37.425,691.0,1.0,True,1.0,1.0
1970-11-24,37.425,1970-11-25,37.65,691,37.65,1970-11-25,37.65,692.0,1.0,True,1.0,1.0
1970-11-25,37.65,1970-11-26,37.79,692,37.79,1970-11-26,37.79,693.0,1.0,True,1.0,1.0
1970-11-26,37.79,1970-11-27,37.625,693,37.625,1970-11-27,37.625,694.0,1.0,True,1.0,1.0
1970-11-27,37.625,1970-11-30,37.6,694,37.6,1970-11-30,37.6,695.0,1.0,True,1.0,1.0
1970-11-30,37.6,1970-12-01,37.35,695,37.35,1970-12-01,37.35,696.0,1.0,True,1.0,1.0
1970-12-01,37.35,1970-12-02,37.575,696,37.575,1970-12-02,37.575,697.0,1.0,True,1.0,1.0
1970-12-02,37.575,1970-12-03,37.575,697,37.575,1970-12-03,37.575,698.0,1.0,True,1.0,1.0
1970-12-03,37.575,1970-12-04,37.55,698,37.55,1970-12-04,37.55,699.0,1.0,True,1.0,1.0
1970-12-04,37.55,1970-12-07,37.5,699,37.5,1970-12-07,37.5,700.0,1.0,True,1.0,1.0
1970-12-07,37.5,1970-12-08,37.4,700,37.4,1970-12-08,37.4,701.0,1.0,True,1.0,1.0
1970-12-08,37.4,1970-12-09,37.23,701,37.23,1970-12-09,37.23,702.0,1.0,True,1.0,1.0
1970-12-09,37.23,1970-12-10,36.975,702,36.975,1970-12-10,36.975,703.0,1.0,True,1.0,1.0
1970-12-10,36.975,1970-12-11,37.19,703,37.19,1970-12-11,37.19,704.0,1.0,True,1.0,1.0
1970-12-11,37.19,1970-12-14,37.2,704,37.2,1970-12-14,37.2,705.0,1.0,True,1.0,1.0
1970-12-14,37.2,1970-12-15,37.36,705,37.36,1970-12-15,37.36,706.0,1.0,True,1.0,1.0
1970-12-15,37.36,1970-12-16,37.71,706,37.71,1970-12-16,37.71,707.0,1.0,True,1.0,1.0
1970-12-16,37.71,1970-12-17,37.64,707,37.64,1970-12-17,37.64,708.0,1.0,True,1.0,1.0
1970-12-17,37.64,1970-12-18,37.65,708,37.65,1970-12-18,37.65,709.0,1.0,True,1.0,1.0
1970-12-18,37.65,1970-12-21,37.625,709,37.625,1970-12-21,37.625,710.0,1.0,True,1.0,1.0
1970-12-21,37.625,1970-12-22,37.65,710,37.65,1970-12-22,37.65,711.0,1.0,True,1.0,1.0
1970-12-22,37.65,1970-12-23,37.55,711,37.55,1970-12-23,37.55,712.0,1.0,True,1.0,1.0
1970-12-23,37.55,1970-12-24,37.4,712,37.4,1971-01-11,37.5,725.0,13.0,True,0.0,0.0
1971-01-11,37.5,1971-01-12,37.85,725,37.85,1971-01-12,37.85,726.0,1.0,True,1.0,1.0
1971-01-12,37.85,1971-01-13,38.275,726,38.275,1971-01-13,38.275,727.0,1.0,True,1.0,1.0
1971-01-13,38.275,1971-01-14,38.1,727,38.1,1971-01-14,38.1,728.0,1.0,True,1.0,1.0
1971-01-14,38.1,1971-01-15,38.15,728,38.15,1971-01-15,38.15,729.0,1.0,True,1.0,1.0
1971-01-15,38.15,1971-01-18,38.1,729,38.1,1971-01-18,38.1,730.0,1.0,True,1.0,1.0
1971-01-18,38.1,1971-01-19,37.925,730,37.925,1971-01-19,37.925,731.0,1.0,True,1.0,1.0
1971-01-19,37.925,1971-01-20,38.025,731,38.025,1971-01-20,38.025,732.0,1.0,True,1.0,1.0
1971-01-20,38.025,1971-01-21,38.175,732,38.175,1971-01-21,38.175,733.0,1.0,True,1.0,1.0
1971-01-21,38.175,1971-01-22,37.95,733,37.95,1971-01-25,37.9,735.0,2.0,True,0.0,0.0
1971-01-25,37.9,1971-01-26,38.1,735,38.1,1971-01-26,38.1,736.0,1.0,True,1.0,1.0
1971-01-26,38.1,1971-01-27,38.025,736,38.025,1971-01-27,38.025,737.0,1.0,True,1.0,1.0
1971-01-27,38.025,1971-01-28,38.05,737,38.05,1971-01-28,38.05,738.0,1.0,True,1.0,1.0
1971-01-28,38.05,1971-01-29,38.0,738,38.0,1971-02-01,38.1,740.0,2.0,True,0.0,0.0
1971-02-01,38.1,1971-02-02,38.35,740,38.35,1971-02-02,38.35,741.0,1.0,True,1.0,1.0
1971-02-02,38.35,1971-02-03,38.7,741,38.7,1971-02-03,38.7,742.0,1.0,True,1.0,1.0
1971-02-03,38.7,1971-02-04,38.475,742,38.475,1971-02-04,38.475,743.0,1.0,True,1.0,1.0
1971-02-04,38.475,1971-02-05,38.45,743,38.45,1971-02-05,38.45,744.0,1.0,True,1.0,1.0
1971-02-05,38.45,1971-02-08,38.5,744,38.5,1971-02-08,38.5,745.0,1.0,True,1.0,1.0
1971-02-08,38.5,1971-02-09,38.725,745,38.725,1971-02-09,38.725,746.0,1.0,True,1.0,1.0
1971-02-09,38.725,1971-02-10,38.85,746,38.85,1971-02-10,38.85,747.0,1.0,True,1.0,1.0
1971-02-10,38.85,1971-02-11,38.875,747,38.875,1971-02-11,38.875,748.0,1.0,True,1.0,1.0
1971-02-11,38.875,1971-02-12,39.05,748,39.05,1971-02-12,39.05,749.0,1.0,True,1.0,1.0
1971-02-12,39.05,1971-02-15,38.9,749,38.9,1971-02-15,38.9,750.0,1.0,True,1.0,1.0
1971-02-15,38.9,1971-02-16,38.95,750,38.95,1971-02-16,38.95,751.0,1.0,True,1.0,1.0
1971-02-16,38.95,1971-02-17,38.9,751,38.9,1971-02-17,38.9,752.0,1.0,True,1.0,1.0
1971-02-17,38.9,1971-02-18,38.85,752,38.85,1971-02-18,38.85,753.0,1.0,True,1.0,1.0
1971-02-18,38.85,1971-02-19,38.78,753,38.78,1971-02-19,38.78,754.0,1.0,True,1.0,1.0
1971-02-19,38.78,1971-02-22,38.75,754,38.75,1971-02-22,38.75,755.0,1.0,True,1.0,1.0
1971-02-22,38.75,1971-02-23,38.8,755,38.8,1971-02-23,38.8,756.0,1.0,True,1.0,1.0
1971-02-23,38.8,1971-02-24,38.775,756,38.775,1971-02-24,38.775,757.0,1.0,True,1.0,1.0
1971-02-24,38.775,1971-02-25,38.75,757,38.75,1971-02-25,38.75,758.0,1.0,True,1.0,1.0
1971-02-25,38.75,1971-02-26,38.79,758,38.79,1971-02-26,38.79,759.0,1.0,True,1.0,1.0
1971-02-26,38.79,1971-03-01,38.75,759,38.75,1971-03-01,38.75,760.0,1.0,True,1.0,1.0
1971-03-01,38.75,1971-03-02,38.7,760,38.7,1971-03-02,38.7,761.0,1.0,True,1.0,1.0
1971-03-02,38.7,1971-03-03,38.775,761,38.775,1971-03-03,38.775,762.0,1.0,True,1.0,1.0
1971-03-03,38.775,1971-03-04,38.775,762,38.775,1971-03-04,38.775,763.0,1.0,True,1.0,1.0
1971-03-04,38.775,1971-03-05,38.76,763,38.76,1971-03-05,38.76,764.0,1.0,True,1.0,1.0
1971-03-05,38.76,1971-03-08,38.75,764,38.75,1971-03-08,38.75,765.0,1.0,True,1.0,1.0
1971-03-08,38.75,1971-03-09,38.81,765,38.81,1971-03-09,38.81,766.0,1.0,True,1.0,1.0
1971-03-09,38.81,1971-03-10,38.84,766,38.84,1971-03-10,38.84,767.0,1.0,True,1.0,1.0
1971-03-10,38.84,1971-03-11,38.96,767,38.96,1971-03-11,38.96,768.0,1.0,True,1.0,1.0
1971-03-11,38.96,1971-03-12,39.025,768,39.025,1971-03-12,39.025,769.0,1.0,True,1.0,1.0
1971-03-12,39.025,1971-03-15,39.075,769,39.075,1971-03-15,39.075,770.0,1.0,True,1.0,1.0
1971-03-15,39.075,1971-03-16,38.975,770,38.975,1971-03-16,38.975,771.0,1.0,True,1.0,1.0
1971-03-16,38.975,1971-03-17,38.925,771,38.925,1971-03-17,38.925,772.0,1.0,True,1.0,1.0
1971-03-17,38.925,1971-03-18,38.95,772,38.95,1971-03-18,38.95,773.0,1.0,True,1.0,1.0
1971-03-18,38.95,1971-03-19,39.025,773,39.025,1971-03-19,39.025,774.0,1.0,True,1.0,1.0
1971-03-19,39.025,1971-03-22,38.95,774,38.95,1971-03-22,38.95,775.0,1.0,True,1.0,1.0
1971-03-22,38.95,1971-03-23,38.925,775,38.925,1971-03-23,38.925,776.0,1.0,True,1.0,1.0
1971-03-23,38.925,1971-03-24,38.92,776,38.92,1971-03-24,38.92,777.0,1.0,True,1.0,1.0
1971-03-24,38.92,1971-03-25,38.91,777,38.91,1971-03-25,38.91,778.0,1.0,True,1.0,1.0
1971-03-25,38.91,1971-03-26,38.9,778,38.9,1971-03-26,38.9,779.0,1.0,True,1.0,1.0
1971-03-26,38.9,1971-03-29,38.825,779,38.825,1971-03-29,38.825,780.0,1.0,True,1.0,1.0
1971-03-29,38.825,1971-03-30,38.75,780,38.75,1971-03-30,38.75,781.0,1.0,True,1.0,1.0
1971-03-30,38.75,1971-03-31,38.8,781,38.8,1971-03-31,38.8,782.0,1.0,True,1.0,1.0
1971-03-31,38.8,1971-04-01,38.95,782,38.95,1971-04-01,38.95,783.0,1.0,True,1.0,1.0
1971-04-01,38.95,1971-04-02,38.825,783,38.825,1971-04-02,38.825,784.0,1.0,True,1.0,1.0
1971-04-02,38.825,1971-04-05,38.9,784,38.9,1971-04-05,38.9,785.0,1.0,True,1.0,1.0
1971-04-05,38.9,1971-04-06,38.9,785,38.9,1971-04-06,38.9,786.0,1.0,True,1.0,1.0
1971-04-06,38.9,1971-04-07,38.925,786,38.925,1971-04-07,38.925,787.0,1.0,True,1.0,1.0
1971-04-07,38.925,1971-04-08,38.95,787,38.95,1971-04-20,38.95,796.0,9.0,True,1.0,0.0
1971-04-20,38.95,1971-04-21,38.905,796,38.905,1971-04-21,38.905,797.0,1.0,True,1.0,1.0
1971-04-21,38.905,1971-04-22,38.975,797,38.975,1971-04-22,38.975,798.0,1.0,True,1.0,1.0
1971-04-22,38.975,1971-04-23,39.085,798,39.085,1971-04-23,39.085,799.0,1.0,True,1.0,1.0
1971-04-23,39.085,1971-04-26,39.0,799,39.0,1971-04-26,39.0,800.0,1.0,True,1.0,1.0
1971-04-26,39.0,1971-04-27,38.91,800,38.91,1971-04-27,38.91,801.0,1.0,True,1.0,1.0
1971-04-27,38.91,1971-04-28,39.15,801,39.15,1971-04-28,39.15,802.0,1.0,True,1.0,1.0
1971-04-28,39.15,1971-04-29,39.425,802,39.425,1971-04-29,39.425,803.0,1.0,True,1.0,1.0
1971-04-29,39.425,1971-04-30,39.6,803,39.6,1971-04-30,39.6,804.0,1.0,True,1.0,1.0
1971-04-30,39.6,1971-05-03,39.42,804,39.42,1971-05-03,39.42,805.0,1.0,True,1.0,1.0
1971-05-03,39.42,1971-05-04,39.86,805,39.86,1971-05-04,39.86,806.0,1.0,True,1.0,1.0
1971-05-04,39.86,1971-05-05,39.66,806,39.66,1971-05-05,39.66,807.0,1.0,True,1.0,1.0
1971-05-05,39.66,1971-05-06,40.2,807,40.2,1971-05-06,40.2,808.0,1.0,True,1.0,1.0
1971-05-06,40.2,1971-05-07,39.875,808,39.875,1971-05-11,40.0,811.0,3.0,True,0.0,0.0
1971-05-11,40.0,1971-05-12,40.7,811,40.7,1971-05-12,40.7,812.0,1.0,True,1.0,1.0
1971-05-12,40.7,1971-05-13,40.85,812,40.85,1971-05-13,40.85,813.0,1.0,True,1.0,1.0
1971-05-13,40.85,1971-05-14,40.8,813,40.8,1971-05-14,40.8,814.0,1.0,True,1.0,1.0
1971-05-14,40.8,1971-05-17,41.1,814,41.1,1971-05-17,41.1,815.0,1.0,True,1.0,1.0
1971-05-17,41.1,1971-05-18,41.2,815,41.2,1971-05-18,41.2,816.0,1.0,True,1.0,1.0
1971-05-18,41.2,1971-05-19,40.5,816,40.5,1971-05-19,40.5,817.0,1.0,True,1.0,1.0
1971-05-19,40.5,1971-05-20,40.8,817,40.8,1971-05-20,40.8,818.0,1.0,True,1.0,1.0
1971-05-20,40.8,1971-05-21,41.05,818,41.05,1971-05-21,41.05,819.0,1.0,True,1.0,1.0
1971-05-21,41.05,1971-05-24,40.75,819,40.75,1971-05-24,40.75,820.0,1.0,True,1.0,1.0
1971-05-24,40.75,1971-05-25,40.975,820,40.975,1971-05-25,40.975,821.0,1.0,True,1.0,1.0
1971-05-25,40.975,1971-05-26,40.96,821,40.96,1971-05-26,40.96,822.0,1.0,True,1.0,1.0
1971-05-26,40.96,1971-05-27,40.7,822,40.7,1971-05-27,40.7,823.0,1.0,True,1.0,1.0
1971-05-27,40.7,1971-05-28,40.8,823,40.8,1971-06-08,40.3,831.0,8.0,True,0.0,0.0
1971-06-08,40.3,1971-06-09,39.95,831,39.95,1971-06-09,39.95,832.0,1.0,True,1.0,1.0
1971-06-09,39.95,1971-06-10,39.6,832,39.6,1971-06-10,39.6,833.0,1.0,True,1.0,1.0
1971-06-10,39.6,1971-06-11,39.65,833,39.65,1971-06-11,39.65,834.0,1.0,True,1.0,1.0
1971-06-11,39.65,1971-06-14,39.6,834,39.6,1971-06-14,39.6,835.0,1.0,True,1.0,1.0
1971-06-14,39.6,1971-06-15,39.49,835,39.49,1971-06-15,39.49,836.0,1.0,True,1.0,1.0
1971-06-15,39.49,1971-06-16,39.775,836,39.775,1971-06-16,39.775,837.0,1.0,True,1.0,1.0
1971-06-16,39.775,1971-06-17,39.95,837,39.95,1971-06-17,39.95,838.0,1.0,True,1.0,1.0
1971-06-17,39.95,1971-06-18,39.9,838,39.9,1971-06-18,39.9,839.0,1.0,True,1.0,1.0
1971-06-18,39.9,1971-06-21,39.95,839,39.95,1971-06-21,39.95,840.0,1.0,True,1.0,1.0
1971-06-21,39.95,1971-06-22,40.1,840,40.1,1971-06-22,40.1,841.0,1.0,True,1.0,1.0
1971-06-22,40.1,1971-06-23,40.25,841,40.25,1971-06-23,40.25,842.0,1.0,True,1.0,1.0
1971-06-23,40.25,1971-06-24,40.4,842,40.4,1971-06-24,40.4,843.0,1.0,True,1.0,1.0
1971-06-24,40.4,1971-06-25,40.11,843,40.11,1971-06-25,40.11,844.0,1.0,True,1.0,1.0
1971-06-25,40.11,1971-06-28,40.08,844,40.08,1971-06-29,39.875,846.0,2.0,True,0.0,0.0
1971-06-29,39.875,1971-06-30,40.2,846,40.2,1971-06-30,40.2,847.0,1.0,True,1.0,1.0
1971-06-30,40.2,1971-07-01,40.1,847,40.1,1971-07-01,40.1,848.0,1.0,True,1.0,1.0
1971-07-01,40.1,1971-07-02,40.41,848,40.41,1971-07-02,40.41,849.0,1.0,True,1.0,1.0
1971-07-02,40.41,1971-07-05,40.225,849,40.225,1971-07-05,40.225,850.0,1.0,True,1.0,1.0
1971-07-05,40.225,1971-07-06,40.3,850,40.3,1971-07-06,40.3,851.0,1.0,True,1.0,1.0
1971-07-06,40.3,1971-07-07,40.2,851,40.2,1971-07-07,40.2,852.0,1.0,True,1.0,1.0
1971-07-07,40.2,1971-07-08,40.275,852,40.275,1971-07-08,40.275,853.0,1.0,True,1.0,1.0
1971-07-08,40.275,1971-07-09,40.24,853,40.24,1971-07-09,40.24,854.0,1.0,True,1.0,1.0
1971-07-09,40.24,1971-07-12,40.35,854,40.35,1971-07-12,40.35,855.0,1.0,True,1.0,1.0
1971-07-12,40.35,1971-07-13,40.35,855,40.35,1971-07-13,40.35,856.0,1.0,True,1.0,1.0
1971-07-13,40.35,1971-07-14,40.4,856,40.4,1971-07-14,40.4,857.0,1.0,True,1.0,1.0
1971-07-14,40.4,1971-07-15,40.44,857,40.44,1971-07-15,40.44,858.0,1.0,True,1.0,1.0
1971-07-15,40.44,1971-07-16,40.6,858,40.6,1971-07-16,40.6,859.0,1.0,True,1.0,1.0
1971-07-16,40.6,1971-07-19,41.01,859,41.01,1971-07-19,41.01,860.0,1.0,True,1.0,1.0
1971-07-19,41.01,1971-07-20,40.975,860,40.975,1971-07-20,40.975,861.0,1.0,True,1.0,1.0
1971-07-20,40.975,1971-07-21,41.2,861,41.2,1971-07-21,41.2,862.0,1.0,True,1.0,1.0
1971-07-21,41.2,1971-07-22,41.59,862,41.59,1971-07-22,41.59,863.0,1.0,True,1.0,1.0
1971-07-22,41.59,1971-07-23,41.58,863,41.58,1971-07-23,41.58,864.0,1.0,True,1.0,1.0
1971-07-23,41.58,1971-07-26,41.45,864,41.45,1971-07-26,41.45,865.0,1.0,True,1.0,1.0
1971-07-26,41.45,1971-07-27,41.975,865,41.975,1971-07-27,41.975,866.0,1.0,True,1.0,1.0
1971-07-27,41.975,1971-07-28,42.09,866,42.09,1971-07-28,42.09,867.0,1.0,True,1.0,1.0
1971-07-28,42.09,1971-07-29,42.21,867,42.21,1971-07-29,42.21,868.0,1.0,True,1.0,1.0
1971-07-29,42.21,1971-07-30,42.475,868,42.475,1971-07-30,42.475,869.0,1.0,True,1.0,1.0
1971-07-30,42.475,1971-08-02,42.475,869,42.475,1971-08-02,42.475,870.0,1.0,True,1.0,1.0
1971-08-02,42.475,1971-08-03,42.15,870,42.15,1971-08-03,42.15,871.0,1.0,True,1.0,1.0
1971-08-03,42.15,1971-08-04,42.19,871,42.19,1971-08-04,42.19,872.0,1.0,True,1.0,1.0
1971-08-04,42.19,1971-08-05,42.8,872,42.8,1971-08-05,42.8,873.0,1.0,True,1.0,1.0
1971-08-05,42.8,1971-08-06,42.65,873,42.65,1971-08-06,42.65,874.0,1.0,True,1.0,1.0
1971-08-06,42.65,1971-08-09,42.9,874,42.9,1971-08-09,42.9,875.0,1.0,True,1.0,1.0
1971-08-09,42.9,1971-08-10,43.3,875,43.3,1971-08-10,43.3,876.0,1.0,True,1.0,1.0
1971-08-10,43.3,1971-08-11,42.75,876,42.75,1971-08-11,42.75,877.0,1.0,True,1.0,1.0
1971-08-11,42.75,1971-08-12,43.225,877,43.225,1971-08-12,43.225,878.0,1.0,True,1.0,1.0
1971-08-12,43.225,1971-08-13,43.275,878,43.275,1971-08-25,43.1,887.0,9.0,True,0.0,0.0
1971-08-25,43.1,1971-08-26,42.75,887,42.75,1971-08-26,42.75,888.0,1.0,True,1.0,1.0
1971-08-26,42.75,1971-08-27,41.1,888,41.1,1971-09-07,41.7,896.0,8.0,True,0.0,0.0
1971-09-07,41.7,1971-09-08,41.325,896,41.325,1971-09-08,41.325,897.0,1.0,True,1.0,1.0
1971-09-08,41.325,1971-09-09,41.7,897,41.7,1971-09-09,41.7,898.0,1.0,True,1.0,1.0
1971-09-09,41.7,1971-09-10,41.575,898,41.575,1971-09-10,41.575,899.0,1.0,True,1.0,1.0
1971-09-10,41.575,1971-09-13,41.59,899,41.59,1971-09-15,41.89,902.0,3.0,True,0.0,0.0
1971-09-15,41.89,1971-09-16,42.225,902,42.225,1971-09-16,42.225,903.0,1.0,True,1.0,1.0
1971-09-16,42.225,1971-09-17,42.1,903,42.1,1971-09-17,42.1,904.0,1.0,True,1.0,1.0
1971-09-17,42.1,1971-09-20,42.05,904,42.05,1971-09-20,42.05,905.0,1.0,True,1.0,1.0
1971-09-20,42.05,1971-09-21,42.3,905,42.3,1971-09-21,42.3,906.0,1.0,True,1.0,1.0
1971-09-21,42.3,1971-09-22,42.2,906,42.2,1971-09-22,42.2,907.0,1.0,True,1.0,1.0
1971-09-22,42.2,1971-09-23,42.25,907,42.25,1971-09-23,42.25,908.0,1.0,True,1.0,1.0
1971-09-23,42.25,1971-09-24,42.65,908,42.65,1971-09-24,42.65,909.0,1.0,True,1.0,1.0
1971-09-24,42.65,1971-09-27,42.35,909,42.35,1971-09-28,42.725,911.0,2.0,True,0.0,0.0
1971-09-28,42.725,1971-09-29,42.7,911,42.7,1971-09-29,42.7,912.0,1.0,True,1.0,1.0
1971-09-29,42.7,1971-09-30,42.475,912,42.475,1971-09-30,42.475,913.0,1.0,True,1.0,1.0
1971-09-30,42.475,1971-10-01,42.175,913,42.175,1971-10-01,42.175,914.0,1.0,True,1.0,1.0
1971-10-01,42.175,1971-10-04,42.5,914,42.5,1971-10-04,42.5,915.0,1.0,True,1.0,1.0
1971-10-04,42.5,1971-10-05,42.35,915,42.35,1971-10-05,42.35,916.0,1.0,True,1.0,1.0
1971-10-05,42.35,1971-10-06,42.44,916,42.44,1971-10-06,42.44,917.0,1.0,True,1.0,1.0
1971-10-06,42.44,1971-10-07,42.45,917,42.45,1971-10-07,42.45,918.0,1.0,True,1.0,1.0
1971-10-07,42.45,1971-10-08,42.5,918,42.5,1971-10-08,42.5,919.0,1.0,True,1.0,1.0
1971-10-08,42.5,1971-10-11,42.45,919,42.45,1971-10-11,42.45,920.0,1.0,True,1.0,1.0
1971-10-11,42.45,1971-10-12,42.525,920,42.525,1971-10-12,42.525,921.0,1.0,True,1.0,1.0
1971-10-12,42.525,1971-10-13,42.6,921,42.6,1971-10-13,42.6,922.0,1.0,True,1.0,1.0
1971-10-13,42.6,1971-10-14,42.54,922,42.54,1971-10-14,42.54,923.0,1.0,True,1.0,1.0
1971-10-14,42.54,1971-10-15,42.575,923,42.575,1971-10-15,42.575,924.0,1.0,True,1.0,1.0
1971-10-15,42.575,1971-10-18,42.51,924,42.51,1971-10-18,42.51,925.0,1.0,True,1.0,1.0
1971-10-18,42.51,1971-10-19,42.55,925,42.55,1971-10-19,42.55,926.0,1.0,True,1.0,1.0
1971-10-19,42.55,1971-10-20,42.5,926,42.5,1971-10-20,42.5,927.0,1.0,True,1.0,1.0
1971-10-20,42.5,1971-10-21,42.525,927,42.525,1971-10-21,42.525,928.0,1.0,True,1.0,1.0
1971-10-21,42.525,1971-10-22,42.475,928,42.475,1971-10-22,42.475,929.0,1.0,True,1.0,1.0
1971-10-22,42.475,1971-10-25,42.475,929,42.475,1971-10-25,42.475,930.0,1.0,True,1.0,1.0
1971-10-25,42.475,1971-10-26,42.5,930,42.5,1971-10-26,42.5,931.0,1.0,True,1.0,1.0
1971-10-26,42.5,1971-10-27,42.51,931,42.51,1971-10-27,42.51,932.0,1.0,True,1.0,1.0
1971-10-27,42.51,1971-10-28,42.45,932,42.45,1971-10-28,42.45,933.0,1.0,True,1.0,1.0
1971-10-28,42.45,1971-10-29,42.4,933,42.4,1971-10-29,42.4,934.0,1.0,True,1.0,1.0
1971-10-29,42.4,1971-11-01,42.125,934,42.125,1971-11-01,42.125,935.0,1.0,True,1.0,1.0
1971-11-01,42.125,1971-11-02,42.4,935,42.4,1971-11-02,42.4,936.0,1.0,True,1.0,1.0
1971-11-02,42.4,1971-11-03,42.2,936,42.2,1971-11-03,42.2,937.0,1.0,True,1.0,1.0
1971-11-03,42.2,1971-11-04,42.15,937,42.15,1971-11-04,42.15,938.0,1.0,True,1.0,1.0
1971-11-04,42.15,1971-11-05,42.25,938,42.25,1971-11-05,42.25,939.0,1.0,True,1.0,1.0
1971-11-05,42.25,1971-11-08,42.35,939,42.35,1971-11-08,42.35,940.0,1.0,True,1.0,1.0
1971-11-08,42.35,1971-11-09,42.475,940,42.475,1971-11-09,42.475,941.0,1.0,True,1.0,1.0
1971-11-09,42.475,1971-11-10,42.625,941,42.625,1971-11-10,42.625,942.0,1.0,True,1.0,1.0
1971-11-10,42.625,1971-11-11,42.55,942,42.55,1971-11-11,42.55,943.0,1.0,True,1.0,1.0
1971-11-11,42.55,1971-11-12,42.6,943,42.6,1971-11-12,42.6,944.0,1.0,True,1.0,1.0
1971-11-12,42.6,1971-11-15,42.85,944,42.85,1971-11-15,42.85,945.0,1.0,True,1.0,1.0
1971-11-15,42.85,1971-11-16,43.0,945,43.0,1971-11-16,43.0,946.0,1.0,True,1.0,1.0
1971-11-16,43.0,1971-11-17,42.81,946,42.81,1971-11-17,42.81,947.0,1.0,True,1.0,1.0
1971-11-17,42.81,1971-11-18,43.0,947,43.0,1971-11-18,43.0,948.0,1.0,True,1.0,1.0
1971-11-18,43.0,1971-11-19,43.15,948,43.15,1971-11-19,43.15,949.0,1.0,True,1.0,1.0
1971-11-19,43.15,1971-11-22,43.25,949,43.25,1971-11-22,43.25,950.0,1.0,True,1.0,1.0
1971-11-22,43.25,1971-11-23,43.2,950,43.2,1971-11-23,43.2,951.0,1.0,True,1.0,1.0
1971-11-23,43.2,1971-11-24,43.375,951,43.375,1971-11-24,43.375,952.0,1.0,True,1.0,1.0
1971-11-24,43.375,1971-11-25,43.64,952,43.64,1971-11-25,43.64,953.0,1.0,True,1.0,1.0
1971-11-25,43.64,1971-11-26,43.325,953,43.325,1971-11-26,43.325,954.0,1.0,True,1.0,1.0
1971-11-26,43.325,1971-11-29,43.65,954,43.65,1971-11-29,43.65,955.0,1.0,True,1.0,1.0
1971-11-29,43.65,1971-11-30,43.55,955,43.55,1971-11-30,43.55,956.0,1.0,True,1.0,1.0
1971-11-30,43.55,1971-12-01,43.5,956,43.5,1971-12-01,43.5,957.0,1.0,True,1.0,1.0
1971-12-01,43.5,1971-12-02,43.6,957,43.6,1971-12-02,43.6,958.0,1.0,True,1.0,1.0
1971-12-02,43.6,1971-12-03,43.725,958,43.725,1971-12-03,43.725,959.0,1.0,True,1.0,1.0
1971-12-03,43.725,1971-12-06,43.9,959,43.9,1971-12-06,43.9,960.0,1.0,True,1.0,1.0
1971-12-06,43.9,1971-12-07,43.875,960,43.875,1971-12-07,43.875,961.0,1.0,True,1.0,1.0
1971-12-07,43.875,1971-12-08,43.6,961,43.6,1971-12-08,43.6,962.0,1.0,True,1.0,1.0
1971-12-08,43.6,1971-12-09,43.5,962,43.5,1971-12-09,43.5,963.0,1.0,True,1.0,1.0
1971-12-09,43.5,1971-12-10,43.675,963,43.675,1971-12-10,43.675,964.0,1.0,True,1.0,1.0
1971-12-10,43.675,1971-12-13,43.65,964,43.65,1971-12-13,43.65,965.0,1.0,True,1.0,1.0
1971-12-13,43.65,1971-12-14,43.65,965,43.65,1971-12-14,43.65,966.0,1.0,True,1.0,1.0
1971-12-14,43.65,1971-12-15,43.61,966,43.61,1971-12-15,43.61,967.0,1.0,True,1.0,1.0
1971-12-15,43.61,1971-12-16,43.4,967,43.4,1971-12-16,43.4,968.0,1.0,True,1.0,1.0
1971-12-16,43.4,1971-12-17,43.05,968,43.05,1971-12-17,43.05,969.0,1.0,True,1.0,1.0
1971-12-17,43.05,1971-12-20,42.4,969,42.4,1971-12-20,42.4,970.0,1.0,True,1.0,1.0
1971-12-20,42.4,1971-12-21,42.95,970,42.95,1971-12-21,42.95,971.0,1.0,True,1.0,1.0
1971-12-21,42.95,1971-12-22,43.15,971,43.15,1971-12-22,43.15,972.0,1.0,True,1.0,1.0
1971-12-22,43.15,1971-12-23,43.525,972,43.525,1971-12-23,43.525,973.0,1.0,True,1.0,1.0
1971-12-23,43.525,1971-12-24,43.29,973,43.29,1972-01-10,45.7,985.0,12.0,True,0.0,0.0
1972-01-10,45.7,1972-01-11,45.34,985,45.34,1972-01-11,45.34,986.0,1.0,True,1.0,1.0
1972-01-11,45.34,1972-01-12,45.25,986,45.25,1972-01-12,45.25,987.0,1.0,True,1.0,1.0
1972-01-12,45.25,1972-01-13,45.45,987,45.45,1972-01-13,45.45,988.0,1.0,True,1.0,1.0
1972-01-13,45.45,1972-01-14,45.725,988,45.725,1972-01-14,45.725,989.0,1.0,True,1.0,1.0
1972-01-14,45.725,1972-01-17,45.975,989,45.975,1972-01-17,45.975,990.0,1.0,True,1.0,1.0
1972-01-17,45.975,1972-01-18,46.09,990,46.09,1972-01-18,46.09,991.0,1.0,True,1.0,1.0
1972-01-18,46.09,1972-01-19,45.9,991,45.9,1972-01-19,45.9,992.0,1.0,True,1.0,1.0
1972-01-19,45.9,1972-01-20,45.75,992,45.75,1972-01-20,45.75,993.0,1.0,True,1.0,1.0
1972-01-20,45.75,1972-01-21,45.89,993,45.89,1972-01-21,45.89,994.0,1.0,True,1.0,1.0
1972-01-21,45.89,1972-01-24,45.925,994,45.925,1972-01-25,46.1,996.0,2.0,True,0.0,0.0
1972-01-25,46.1,1972-01-26,46.075,996,46.075,1972-01-26,46.075,997.0,1.0,True,1.0,1.0
1972-01-26,46.075,1972-01-27,46.2,997,46.2,1972-01-27,46.2,998.0,1.0,True,1.0,1.0
1972-01-27,46.2,1972-01-28,47.0,998,47.0,1972-01-31,46.95,1000.0,2.0,True,0.0,0.0
1972-01-31,46.95,1972-02-01,47.49,1000,47.49,1972-02-01,47.49,1001.0,1.0,True,1.0,1.0
1972-02-01,47.49,1972-02-02,48.6,1001,48.6,1972-02-02,48.6,1002.0,1.0,True,1.0,1.0
1972-02-02,48.6,1972-02-03,48.4,1002,48.4,1972-02-03,48.4,1003.0,1.0,True,1.0,1.0
1972-02-03,48.4,1972-02-04,47.55,1003,47.55,1972-02-04,47.55,1004.0,1.0,True,1.0,1.0
1972-02-04,47.55,1972-02-07,47.45,1004,47.45,1972-02-07,47.45,1005.0,1.0,True,1.0,1.0
1972-02-07,47.45,1972-02-08,48.2,1005,48.2,1972-02-08,48.2,1006.0,1.0,True,1.0,1.0
1972-02-08,48.2,1972-02-09,47.925,1006,47.925,1972-02-09,47.925,1007.0,1.0,True,1.0,1.0
1972-02-09,47.925,1972-02-10,48.4,1007,48.4,1972-02-10,48.4,1008.0,1.0,True,1.0,1.0
1972-02-10,48.4,1972-02-11,48.25,1008,48.25,1972-02-11,48.25,1009.0,1.0,True,1.0,1.0
1972-02-11,48.25,1972-02-14,48.2,1009,48.2,1972-02-14,48.2,1010.0,1.0,True,1.0,1.0
1972-02-14,48.2,1972-02-15,47.9,1010,47.9,1972-02-15,47.9,1011.0,1.0,True,1.0,1.0
1972-02-15,47.9,1972-02-16,48.05,1011,48.05,1972-02-16,48.05,1012.0,1.0,True,1.0,1.0
1972-02-16,48.05,1972-02-17,48.5,1012,48.5,1972-02-17,48.5,1013.0,1.0,True,1.0,1.0
1972-02-17,48.5,1972-02-18,48.24,1013,48.24,1972-02-18,48.24,1014.0,1.0,True,1.0,1.0
1972-02-18,48.24,1972-02-21,48.4,1014,48.4,1972-02-21,48.4,1015.0,1.0,True,1.0,1.0
1972-02-21,48.4,1972-02-22,48.6,1015,48.6,1972-02-22,48.6,1016.0,1.0,True,1.0,1.0
1972-02-22,48.6,1972-02-23,48.625,1016,48.625,1972-02-23,48.625,1017.0,1.0,True,1.0,1.0
1972-02-23,48.625,1972-02-24,48.7,1017,48.7,1972-02-24,48.7,1018.0,1.0,True,1.0,1.0
1972-02-24,48.7,1972-02-25,48.6,1018,48.6,1972-02-25,48.6,1019.0,1.0,True,1.0,1.0
1972-02-25,48.6,1972-02-28,48.49,1019,48.49,1972-02-28,48.49,1020.0,1.0,True,1.0,1.0
1972-02-28,48.49,1972-02-29,48.4,1020,48.4,1972-02-29,48.4,1021.0,1.0,True,1.0,1.0
1972-02-29,48.4,1972-03-01,47.8,1021,47.8,1972-03-01,47.8,1022.0,1.0,True,1.0,1.0
1972-03-01,47.8,1972-03-02,48.2,1022,48.2,1972-03-02,48.2,1023.0,1.0,True,1.0,1.0
1972-03-02,48.2,1972-03-03,48.05,1023,48.05,1972-03-03,48.05,1024.0,1.0,True,1.0,1.0
1972-03-03,48.05,1972-03-06,48.0,1024,48.0,1972-03-06,48.0,1025.0,1.0,True,1.0,1.0
1972-03-06,48.0,1972-03-07,48.275,1025,48.275,1972-03-07,48.275,1026.0,1.0,True,1.0,1.0
1972-03-07,48.275,1972-03-08,48.25,1026,48.25,1972-03-08,48.25,1027.0,1.0,True,1.0,1.0
1972-03-08,48.25,1972-03-09,48.3,1027,48.3,1972-03-09,48.3,1028.0,1.0,True,1.0,1.0
1972-03-09,48.3,1972-03-10,48.225,1028,48.225,1972-03-10,48.225,1029.0,1.0,True,1.0,1.0
1972-03-10,48.225,1972-03-13,48.35,1029,48.35,1972-03-13,48.35,1030.0,1.0,True,1.0,1.0
1972-03-13,48.35,1972-03-14,48.4,1030,48.4,1972-03-14,48.4,1031.0,1.0,True,1.0,1.0
1972-03-14,48.4,1972-03-15,48.3,1031,48.3,1972-03-15,48.3,1032.0,1.0,True,1.0,1.0
1972-03-15,48.3,1972-03-16,48.47,1032,48.47,1972-03-16,48.47,1033.0,1.0,True,1.0,1.0
1972-03-16,48.47,1972-03-17,48.4,1033,48.4,1972-03-17,48.4,1034.0,1.0,True,1.0,1.0
1972-03-17,48.4,1972-03-20,48.35,1034,48.35,1972-03-20,48.35,1035.0,1.0,True,1.0,1.0
1972-03-20,48.35,1972-03-21,48.4,1035,48.4,1972-03-21,48.4,1036.0,1.0,True,1.0,1.0
1972-03-21,48.4,1972-03-22,48.4,1036,48.4,1972-03-22,48.4,1037.0,1.0,True,1.0,1.0
1972-03-22,48.4,1972-03-23,48.4,1037,48.4,1972-03-23,48.4,1038.0,1.0,True,1.0,1.0
1972-03-23,48.4,1972-03-24,48.4,1038,48.4,1972-03-24,48.4,1039.0,1.0,True,1.0,1.0
1972-03-24,48.4,1972-03-27,48.35,1039,48.35,1972-03-27,48.35,1040.0,1.0,True,1.0,1.0
1972-03-27,48.35,1972-03-28,48.225,1040,48.225,1972-03-28,48.225,1041.0,1.0,True,1.0,1.0
1972-03-28,48.225,1972-03-29,48.425,1041,48.425,1972-03-29,48.425,1042.0,1.0,True,1.0,1.0
1972-03-29,48.425,1972-03-30,48.375,1042,48.375,1972-04-11,48.45,1051.0,9.0,True,0.0,0.0
1972-04-11,48.45,1972-04-12,48.81,1051,48.81,1972-04-12,48.81,1052.0,1.0,True,1.0,1.0
1972-04-12,48.81,1972-04-13,49.425,1052,49.425,1972-04-13,49.425,1053.0,1.0,True,1.0,1.0
1972-04-13,49.425,1972-04-14,49.35,1053,49.35,1972-04-14,49.35,1054.0,1.0,True,1.0,1.0
1972-04-14,49.35,1972-04-17,49.35,1054,49.35,1972-04-17,49.35,1055.0,1.0,True,1.0,1.0
1972-04-17,49.35,1972-04-18,49.475,1055,49.475,1972-04-18,49.475,1056.0,1.0,True,1.0,1.0
1972-04-18,49.475,1972-04-19,49.25,1056,49.25,1972-04-19,49.25,1057.0,1.0,True,1.0,1.0
1972-04-19,49.25,1972-04-20,49.425,1057,49.425,1972-04-20,49.425,1058.0,1.0,True,1.0,1.0
1972-04-20,49.425,1972-04-21,49.375,1058,49.375,1972-04-21,49.375,1059.0,1.0,True,1.0,1.0
1972-04-21,49.375,1972-04-24,49.35,1059,49.35,1972-04-24,49.35,1060.0,1.0,True,1.0,1.0
1972-04-24,49.35,1972-04-25,49.21,1060,49.21,1972-04-25,49.21,1061.0,1.0,True,1.0,1.0
1972-04-25,49.21,1972-04-26,49.3,1061,49.3,1972-04-26,49.3,1062.0,1.0,True,1.0,1.0
1972-04-26,49.3,1972-04-27,49.375,1062,49.375,1972-04-27,49.375,1063.0,1.0,True,1.0,1.0
1972-04-27,49.375,1972-04-28,49.5,1063,49.5,1972-05-02,50.7,1066.0,3.0,True,0.0,0.0
1972-05-02,50.7,1972-05-03,50.3,1066,50.3,1972-05-03,50.3,1067.0,1.0,True,1.0,1.0
1972-05-03,50.3,1972-05-04,50.35,1067,50.35,1972-05-04,50.35,1068.0,1.0,True,1.0,1.0
1972-05-04,50.35,1972-05-05,50.525,1068,50.525,1972-05-05,50.525,1069.0,1.0,True,1.0,1.0
1972-05-05,50.525,1972-05-08,51.6,1069,51.6,1972-05-08,51.6,1070.0,1.0,True,1.0,1.0
1972-05-08,51.6,1972-05-09,54.0,1070,54.0,1972-05-09,54.0,1071.0,1.0,True,1.0,1.0
1972-05-09,54.0,1972-05-10,53.3,1071,53.3,1972-05-10,53.3,1072.0,1.0,True,1.0,1.0
1972-05-10,53.3,1972-05-11,53.0,1072,53.0,1972-05-11,53.0,1073.0,1.0,True,1.0,1.0
1972-05-11,53.0,1972-05-12,52.8,1073,52.8,1972-05-12,52.8,1074.0,1.0,True,1.0,1.0
1972-05-12,52.8,1972-05-15,52.8,1074,52.8,1972-05-15,52.8,1075.0,1.0,True,1.0,1.0
1972-05-15,52.8,1972-05-16,54.5,1075,54.5,1972-05-16,54.5,1076.0,1.0,True,1.0,1.0
1972-05-16,54.5,1972-05-17,57.5,1076,57.5,1972-05-17,57.5,1077.0,1.0,True,1.0,1.0
1972-05-17,57.5,1972-05-18,57.15,1077,57.15,1972-05-18,57.15,1078.0,1.0,True,1.0,1.0
1972-05-18,57.15,1972-05-19,56.5,1078,56.5,1972-05-19,56.5,1079.0,1.0,True,1.0,1.0
1972-05-19,56.5,1972-05-22,57.2,1079,57.2,1972-05-22,57.2,1080.0,1.0,True,1.0,1.0
1972-05-22,57.2,1972-05-23,57.5,1080,57.5,1972-05-23,57.5,1081.0,1.0,True,1.0,1.0
1972-05-23,57.5,1972-05-24,56.65,1081,56.65,1972-05-24,56.65,1082.0,1.0,True,1.0,1.0
1972-05-24,56.65,1972-05-25,56.925,1082,56.925,1972-05-25,56.925,1083.0,1.0,True,1.0,1.0
1972-05-25,56.925,1972-05-26,57.5,1083,57.5,1972-06-06,59.75,1091.0,8.0,True,0.0,0.0
1972-06-06,59.75,1972-06-07,64.75,1091,64.75,1972-06-07,64.75,1092.0,1.0,True,1.0,1.0
1972-06-07,64.75,1972-06-08,66.75,1092,66.75,1972-06-08,66.75,1093.0,1.0,True,1.0,1.0
1972-06-08,66.75,1972-06-09,65.6,1093,65.6,1972-06-09,65.6,1094.0,1.0,True,1.0,1.0
1972-06-09,65.6,1972-06-12,59.0,1094,59.0,1972-06-12,59.0,1095.0,1.0,True,1.0,1.0
1972-06-12,59.0,1972-06-13,63.3,1095,63.3,1972-06-13,63.3,1096.0,1.0,True,1.0,1.0
1972-06-13,63.3,1972-06-14,60.7,1096,60.7,1972-06-14,60.7,1097.0,1.0,True,1.0,1.0
1972-06-14,60.7,1972-06-15,61.6,1097,61.6,1972-06-15,61.6,1098.0,1.0,True,1.0,1.0
1972-06-15,61.6,1972-06-16,61.8,1098,61.8,1972-06-16,61.8,1099.0,1.0,True,1.0,1.0
1972-06-16,61.8,1972-06-19,60.6,1099,60.6,1972-06-19,60.6,1100.0,1.0,True,1.0,1.0
1972-06-19,60.6,1972-06-20,61.6,1100,61.6,1972-06-20,61.6,1101.0,1.0,True,1.0,1.0
1972-06-20,61.6,1972-06-21,61.125,1101,61.125,1972-06-21,61.125,1102.0,1.0,True,1.0,1.0
1972-06-21,61.125,1972-06-22,61.475,1102,61.475,1972-06-22,61.475,1103.0,1.0,True,1.0,1.0
1972-06-22,61.475,1972-06-23,64.0,1103,64.0,1972-06-23,64.0,1104.0,1.0,True,1.0,1.0
1972-06-23,64.0,1972-06-26,63.5,1104,63.5,1972-06-27,62.3,1106.0,2.0,True,0.0,0.0
1972-06-27,62.3,1972-06-28,63.3,1106,63.3,1972-06-28,63.3,1107.0,1.0,True,1.0,1.0
1972-06-28,63.3,1972-06-29,65.1,1107,65.1,1972-06-29,65.1,1108.0,1.0,True,1.0,1.0
1972-06-29,65.1,1972-06-30,64.1,1108,64.1,1972-06-30,64.1,1109.0,1.0,True,1.0,1.0
1972-06-30,64.1,1972-07-03,64.25,1109,64.25,1972-07-03,64.25,1110.0,1.0,True,1.0,1.0
1972-07-03,64.25,1972-07-04,65.5,1110,65.5,1972-07-04,65.5,1111.0,1.0,True,1.0,1.0
1972-07-04,65.5,1972-07-05,65.3,1111,65.3,1972-07-05,65.3,1112.0,1.0,True,1.0,1.0
1972-07-05,65.3,1972-07-06,65.9,1112,65.9,1972-07-06,65.9,1113.0,1.0,True,1.0,1.0
1972-07-06,65.9,1972-07-07,65.8,1113,65.8,1972-07-07,65.8,1114.0,1.0,True,1.0,1.0
1972-07-07,65.8,1972-07-10,65.05,1114,65.05,1972-07-10,65.05,1115.0,1.0,True,1.0,1.0
1972-07-10,65.05,1972-07-11,65.7,1115,65.7,1972-07-11,65.7,1116.0,1.0,True,1.0,1.0
1972-07-11,65.7,1972-07-12,64.85,1116,64.85,1972-07-12,64.85,1117.0,1.0,True,1.0,1.0
1972-07-12,64.85,1972-07-13,65.1,1117,65.1,1972-07-13,65.1,1118.0,1.0,True,1.0,1.0
1972-07-13,65.1,1972-07-14,65.2,1118,65.2,1972-07-14,65.2,1119.0,1.0,True,1.0,1.0
1972-07-14,65.2,1972-07-17,65.2,1119,65.2,1972-07-17,65.2,1120.0,1.0,True,1.0,1.0
1972-07-17,65.2,1972-07-18,65.6,1120,65.6,1972-07-18,65.6,1121.0,1.0,True,1.0,1.0
1972-07-18,65.6,1972-07-19,65.1,1121,65.1,1972-07-19,65.1,1122.0,1.0,True,1.0,1.0
1972-07-19,65.1,1972-07-20,64.75,1122,64.75,1972-07-20,64.75,1123.0,1.0,True,1.0,1.0
1972-07-20,64.75,1972-07-21,65.3,1123,65.3,1972-07-21,65.3,1124.0,1.0,True,1.0,1.0
1972-07-21,65.3,1972-07-24,65.1,1124,65.1,1972-07-24,65.1,1125.0,1.0,True,1.0,1.0
1972-07-24,65.1,1972-07-25,65.45,1125,65.45,1972-07-25,65.45,1126.0,1.0,True,1.0,1.0
1972-07-25,65.45,1972-07-26,65.575,1126,65.575,1972-07-26,65.575,1127.0,1.0,True,1.0,1.0
1972-07-26,65.575,1972-07-27,65.65,1127,65.65,1972-07-27,65.65,1128.0,1.0,True,1.0,1.0
1972-07-27,65.65,1972-07-28,67.45,1128,67.45,1972-07-28,67.45,1129.0,1.0,True,1.0,1.0
1972-07-28,67.45,1972-07-31,68.9,1129,68.9,1972-07-31,68.9,1130.0,1.0,True,1.0,1.0
1972-07-31,68.9,1972-08-01,68.8,1130,68.8,1972-08-01,68.8,1131.0,1.0,True,1.0,1.0
1972-08-01,68.8,1972-08-02,70.0,1131,70.0,1972-08-02,70.0,1132.0,1.0,True,1.0,1.0
1972-08-02,70.0,1972-08-03,68.7,1132,68.7,1972-08-03,68.7,1133.0,1.0,True,1.0,1.0
1972-08-03,68.7,1972-08-04,67.75,1133,67.75,1972-08-04,67.75,1134.0,1.0,True,1.0,1.0
1972-08-04,67.75,1972-08-07,68.4,1134,68.4,1972-08-07,68.4,1135.0,1.0,True,1.0,1.0
1972-08-07,68.4,1972-08-08,66.25,1135,66.25,1972-08-08,66.25,1136.0,1.0,True,1.0,1.0
1972-08-08,66.25,1972-08-09,65.7,1136,65.7,1972-08-09,65.7,1137.0,1.0,True,1.0,1.0
1972-08-09,65.7,1972-08-10,66.15,1137,66.15,1972-08-10,66.15,1138.0,1.0,True,1.0,1.0
1972-08-10,66.15,1972-08-11,66.1,1138,66.1,1972-08-11,66.1,1139.0,1.0,True,1.0,1.0
1972-08-11,66.1,1972-08-14,64.75,1139,64.75,1972-08-14,64.75,1140.0,1.0,True,1.0,1.0
1972-08-14,64.75,1972-08-15,65.75,1140,65.75,1972-08-15,65.75,1141.0,1.0,True,1.0,1.0
1972-08-15,65.75,1972-08-16,65.8,1141,65.8,1972-08-16,65.8,1142.0,1.0,True,1.0,1.0
1972-08-16,65.8,1972-08-17,66.25,1142,66.25,1972-08-17,66.25,1143.0,1.0,True,1.0,1.0
1972-08-17,66.25,1972-08-18,66.25,1143,66.25,1972-08-18,66.25,1144.0,1.0,True,1.0,1.0
1972-08-18,66.25,1972-08-21,66.6,1144,66.6,1972-08-21,66.6,1145.0,1.0,True,1.0,1.0
1972-08-21,66.6,1972-08-22,66.975,1145,66.975,1972-08-22,66.975,1146.0,1.0,True,1.0,1.0
1972-08-22,66.975,1972-08-23,67.4,1146,67.4,1972-08-23,67.4,1147.0,1.0,True,1.0,1.0
1972-08-23,67.4,1972-08-24,67.3,1147,67.3,1972-08-24,67.3,1148.0,1.0,True,1.0,1.0
1972-08-24,67.3,1972-08-25,67.05,1148,67.05,1972-09-05,66.85,1156.0,8.0,True,0.0,0.0
1972-09-05,66.85,1972-09-06,67.0,1156,67.0,1972-09-06,67.0,1157.0,1.0,True,1.0,1.0
1972-09-06,67.0,1972-09-07,66.975,1157,66.975,1972-09-07,66.975,1158.0,1.0,True,1.0,1.0
1972-09-07,66.975,1972-09-08,67.1,1158,67.1,1972-09-08,67.1,1159.0,1.0,True,1.0,1.0
1972-09-08,67.1,1972-09-11,67.2,1159,67.2,1972-09-11,67.2,1160.0,1.0,True,1.0,1.0
1972-09-11,67.2,1972-09-12,67.0,1160,67.0,1972-09-12,67.0,1161.0,1.0,True,1.0,1.0
1972-09-12,67.0,1972-09-13,66.95,1161,66.95,1972-09-13,66.95,1162.0,1.0,True,1.0,1.0
1972-09-13,66.95,1972-09-14,66.85,1162,66.85,1972-09-14,66.85,1163.0,1.0,True,1.0,1.0
1972-09-14,66.85,1972-09-15,66.1,1163,66.1,1972-09-15,66.1,1164.0,1.0,True,1.0,1.0
1972-09-15,66.1,1972-09-18,64.5,1164,64.5,1972-09-18,64.5,1165.0,1.0,True,1.0,1.0
1972-09-18,64.5,1972-09-19,64.35,1165,64.35,1972-09-19,64.35,1166.0,1.0,True,1.0,1.0
1972-09-19,64.35,1972-09-20,64.55,1166,64.55,1972-09-20,64.55,1167.0,1.0,True,1.0,1.0
1972-09-20,64.55,1972-09-21,64.5,1167,64.5,1972-09-21,64.5,1168.0,1.0,True,1.0,1.0
1972-09-21,64.5,1972-09-22,64.65,1168,64.65,1972-09-22,64.65,1169.0,1.0,True,1.0,1.0
1972-09-22,64.65,1972-09-25,63.8,1169,63.8,1972-09-26,63.4,1171.0,2.0,True,0.0,0.0
1972-09-26,63.4,1972-09-27,63.7,1171,63.7,1972-09-27,63.7,1172.0,1.0,True,1.0,1.0
1972-09-27,63.7,1972-09-28,64.15,1172,64.15,1972-09-28,64.15,1173.0,1.0,True,1.0,1.0
1972-09-28,64.15,1972-09-29,64.1,1173,64.1,1972-09-29,64.1,1174.0,1.0,True,1.0,1.0
1972-09-29,64.1,1972-10-02,64.1,1174,64.1,1972-10-02,64.1,1175.0,1.0,True,1.0,1.0
1972-10-02,64.1,1972-10-03,64.1,1175,64.1,1972-10-03,64.1,1176.0,1.0,True,1.0,1.0
1972-10-03,64.1,1972-10-04,64.8,1176,64.8,1972-10-04,64.8,1177.0,1.0,True,1.0,1.0
1972-10-04,64.8,1972-10-05,65.625,1177,65.625,1972-10-05,65.625,1178.0,1.0,True,1.0,1.0
1972-10-05,65.625,1972-10-06,65.3,1178,65.3,1972-10-06,65.3,1179.0,1.0,True,1.0,1.0
1972-10-06,65.3,1972-10-09,65.7,1179,65.7,1972-10-09,65.7,1180.0,1.0,True,1.0,1.0
1972-10-09,65.7,1972-10-10,65.5,1180,65.5,1972-10-10,65.5,1181.0,1.0,True,1.0,1.0
1972-10-10,65.5,1972-10-11,65.19,1181,65.19,1972-10-11,65.19,1182.0,1.0,True,1.0,1.0
1972-10-11,65.19,1972-10-12,64.425,1182,64.425,1972-10-12,64.425,1183.0,1.0,True,1.0,1.0
1972-10-12,64.425,1972-10-13,64.5,1183,64.5,1972-10-13,64.5,1184.0,1.0,True,1.0,1.0
1972-10-13,64.5,1972-10-16,64.85,1184,64.85,1972-10-16,64.85,1185.0,1.0,True,1.0,1.0
1972-10-16,64.85,1972-10-17,65.05,1185,65.05,1972-10-17,65.05,1186.0,1.0,True,1.0,1.0
1972-10-17,65.05,1972-10-18,64.8,1186,64.8,1972-10-18,64.8,1187.0,1.0,True,1.0,1.0
1972-10-18,64.8,1972-10-19,64.91,1187,64.91,1972-10-19,64.91,1188.0,1.0,True,1.0,1.0
1972-10-19,64.91,1972-10-20,64.9,1188,64.9,1972-10-20,64.9,1189.0,1.0,True,1.0,1.0
1972-10-20,64.9,1972-10-23,64.925,1189,64.925,1972-10-23,64.925,1190.0,1.0,True,1.0,1.0
1972-10-23,64.925,1972-10-24,64.62,1190,64.62,1972-10-24,64.62,1191.0,1.0,True,1.0,1.0
1972-10-24,64.62,1972-10-25,64.8,1191,64.8,1972-10-25,64.8,1192.0,1.0,True,1.0,1.0
1972-10-25,64.8,1972-10-26,64.55,1192,64.55,1972-10-26,64.55,1193.0,1.0,True,1.0,1.0
1972-10-26,64.55,1972-10-27,64.55,1193,64.55,1972-10-27,64.55,1194.0,1.0,True,1.0,1.0
1972-10-27,64.55,1972-10-30,64.5,1194,64.5,1972-10-30,64.5,1195.0,1.0,True,1.0,1.0
1972-10-30,64.5,1972-10-31,64.425,1195,64.425,1972-10-31,64.425,1196.0,1.0,True,1.0,1.0
1972-10-31,64.425,1972-11-01,63.8,1196,63.8,1972-11-01,63.8,1197.0,1.0,True,1.0,1.0
1972-11-01,63.8,1972-11-02,64.05,1197,64.05,1972-11-02,64.05,1198.0,1.0,True,1.0,1.0
1972-11-02,64.05,1972-11-03,64.125,1198,64.125,1972-11-03,64.125,1199.0,1.0,True,1.0,1.0
1972-11-03,64.125,1972-11-06,64.05,1199,64.05,1972-11-06,64.05,1200.0,1.0,True,1.0,1.0
1972-11-06,64.05,1972-11-07,63.75,1200,63.75,1972-11-07,63.75,1201.0,1.0,True,1.0,1.0
1972-11-07,63.75,1972-11-08,63.85,1201,63.85,1972-11-08,63.85,1202.0,1.0,True,1.0,1.0
1972-11-08,63.85,1972-11-09,62.75,1202,62.75,1972-11-09,62.75,1203.0,1.0,True,1.0,1.0
1972-11-09,62.75,1972-11-10,62.6,1203,62.6,1972-11-10,62.6,1204.0,1.0,True,1.0,1.0
1972-11-10,62.6,1972-11-13,62.54,1204,62.54,1972-11-13,62.54,1205.0,1.0,True,1.0,1.0
1972-11-13,62.54,1972-11-14,62.45,1205,62.45,1972-11-14,62.45,1206.0,1.0,True,1.0,1.0
1972-11-14,62.45,1972-11-15,61.9,1206,61.9,1972-11-15,61.9,1207.0,1.0,True,1.0,1.0
1972-11-15,61.9,1972-11-16,61.6,1207,61.6,1972-11-16,61.6,1208.0,1.0,True,1.0,1.0
1972-11-16,61.6,1972-11-17,60.1,1208,60.1,1972-11-17,60.1,1209.0,1.0,True,1.0,1.0
1972-11-17,60.1,1972-11-20,60.375,1209,60.375,1972-11-20,60.375,1210.0,1.0,True,1.0,1.0
1972-11-20,60.375,1972-11-21,61.5,1210,61.5,1972-11-21,61.5,1211.0,1.0,True,1.0,1.0
1972-11-21,61.5,1972-11-22,62.1,1211,62.1,1972-11-22,62.1,1212.0,1.0,True,1.0,1.0
1972-11-22,62.1,1972-11-23,62.0,1212,62.0,1972-11-23,62.0,1213.0,1.0,True,1.0,1.0
1972-11-23,62.0,1972-11-24,62.55,1213,62.55,1972-11-24,62.55,1214.0,1.0,True,1.0,1.0
1972-11-24,62.55,1972-11-27,63.05,1214,63.05,1972-11-27,63.05,1215.0,1.0,True,1.0,1.0
1972-11-27,63.05,1972-11-28,63.625,1215,63.625,1972-11-28,63.625,1216.0,1.0,True,1.0,1.0
1972-11-28,63.625,1972-11-29,63.6,1216,63.6,1972-11-29,63.6,1217.0,1.0,True,1.0,1.0
1972-11-29,63.6,1972-11-30,63.6,1217,63.6,1972-11-30,63.6,1218.0,1.0,True,1.0,1.0
1972-11-30,63.6,1972-12-01,63.9,1218,63.9,1972-12-01,63.9,1219.0,1.0,True,1.0,1.0
1972-12-01,63.9,1972-12-04,63.4,1219,63.4,1972-12-04,63.4,1220.0,1.0,True,1.0,1.0
1972-12-04,63.4,1972-12-05,63.0,1220,63.0,1972-12-05,63.0,1221.0,1.0,True,1.0,1.0
1972-12-05,63.0,1972-12-06,63.1,1221,63.1,1972-12-06,63.1,1222.0,1.0,True,1.0,1.0
1972-12-06,63.1,1972-12-07,62.85,1222,62.85,1972-12-07,62.85,1223.0,1.0,True,1.0,1.0
1972-12-07,62.85,1972-12-08,63.0,1223,63.0,1972-12-08,63.0,1224.0,1.0,True,1.0,1.0
1972-12-08,63.0,1972-12-11,63.0,1224,63.0,1972-12-11,63.0,1225.0,1.0,True,1.0,1.0
1972-12-11,63.0,1972-12-12,62.75,1225,62.75,1972-12-12,62.75,1226.0,1.0,True,1.0,1.0
1972-12-12,62.75,1972-12-13,62.85,1226,62.85,1972-12-13,62.85,1227.0,1.0,True,1.0,1.0
1972-12-13,62.85,1972-12-14,63.275,1227,63.275,1972-12-14,63.275,1228.0,1.0,True,1.0,1.0
1972-12-14,63.275,1972-12-15,63.4,1228,63.4,1972-12-15,63.4,1229.0,1.0,True,1.0,1.0
1972-12-15,63.4,1972-12-18,64.4,1229,64.4,1972-12-18,64.4,1230.0,1.0,True,1.0,1.0
1972-12-18,64.4,1972-12-19,65.4,1230,65.4,1972-12-19,65.4,1231.0,1.0,True,1.0,1.0
1972-12-19,65.4,1972-12-20,64.7,1231,64.7,1972-12-20,64.7,1232.0,1.0,True,1.0,1.0
1972-12-20,64.7,1972-12-21,64.2,1232,64.2,1972-12-21,64.2,1233.0,1.0,True,1.0,1.0
1972-12-21,64.2,1972-12-22,64.15,1233,64.15,1973-01-09,65.15,1246.0,13.0,True,0.0,0.0
1973-01-09,65.15,1973-01-10,65.05,1246,65.05,1973-01-10,65.05,1247.0,1.0,True,1.0,1.0
1973-01-10,65.05,1973-01-11,65.1,1247,65.1,1973-01-11,65.1,1248.0,1.0,True,1.0,1.0
1973-01-11,65.1,1973-01-12,65.1,1248,65.1,1973-01-12,65.1,1249.0,1.0,True,1.0,1.0
1973-01-12,65.1,1973-01-15,65.1,1249,65.1,1973-01-15,65.1,1250.0,1.0,True,1.0,1.0
1973-01-15,65.1,1973-01-16,65.05,1250,65.05,1973-01-16,65.05,1251.0,1.0,True,1.0,1.0
1973-01-16,65.05,1973-01-17,64.8,1251,64.8,1973-01-17,64.8,1252.0,1.0,True,1.0,1.0
1973-01-17,64.8,1973-01-18,64.625,1252,64.625,1973-01-18,64.625,1253.0,1.0,True,1.0,1.0
1973-01-18,64.625,1973-01-19,64.1,1253,64.1,1973-01-19,64.1,1254.0,1.0,True,1.0,1.0
1973-01-19,64.1,1973-01-22,64.6,1254,64.6,1973-01-24,64.75,1257.0,3.0,True,0.0,0.0
1973-01-24,64.75,1973-01-25,65.25,1257,65.25,1973-01-25,65.25,1258.0,1.0,True,1.0,1.0
1973-01-25,65.25,1973-01-26,65.6,1258,65.6,1973-01-26,65.6,1259.0,1.0,True,1.0,1.0
1973-01-26,65.6,1973-01-29,65.3,1259,65.3,1973-01-30,66.2,1261.0,2.0,True,0.0,0.0
1973-01-30,66.2,1973-01-31,66.0,1261,66.0,1973-01-31,66.0,1262.0,1.0,True,1.0,1.0
1973-01-31,66.0,1973-02-01,66.4,1262,66.4,1973-02-01,66.4,1263.0,1.0,True,1.0,1.0
1973-02-01,66.4,1973-02-02,67.1,1263,67.1,1973-02-02,67.1,1264.0,1.0,True,1.0,1.0
1973-02-02,67.1,1973-02-05,66.9,1264,66.9,1973-02-05,66.9,1265.0,1.0,True,1.0,1.0
1973-02-05,66.9,1973-02-06,68.9,1265,68.9,1973-02-06,68.9,1266.0,1.0,True,1.0,1.0
1973-02-06,68.9,1973-02-07,68.7,1266,68.7,1973-02-07,68.7,1267.0,1.0,True,1.0,1.0
1973-02-07,68.7,1973-02-08,68.9,1267,68.9,1973-02-08,68.9,1268.0,1.0,True,1.0,1.0
1973-02-08,68.9,1973-02-09,69.2,1268,69.2,1973-02-09,69.2,1269.0,1.0,True,1.0,1.0
1973-02-09,69.2,1973-02-12,68.525,1269,68.525,1973-02-12,68.525,1270.0,1.0,True,1.0,1.0
1973-02-12,68.525,1973-02-13,69.1,1270,69.1,1973-02-13,69.1,1271.0,1.0,True,1.0,1.0
1973-02-13,69.1,1973-02-14,70.1,1271,70.1,1973-02-14,70.1,1272.0,1.0,True,1.0,1.0
1973-02-14,70.1,1973-02-15,72.8,1272,72.8,1973-02-15,72.8,1273.0,1.0,True,1.0,1.0
1973-02-15,72.8,1973-02-16,73.0,1273,73.0,1973-02-16,73.0,1274.0,1.0,True,1.0,1.0
1973-02-16,73.0,1973-02-19,73.7,1274,73.7,1973-02-19,73.7,1275.0,1.0,True,1.0,1.0
1973-02-19,73.7,1973-02-20,76.1,1275,76.1,1973-02-20,76.1,1276.0,1.0,True,1.0,1.0
1973-02-20,76.1,1973-02-21,78.5,1276,78.5,1973-02-21,78.5,1277.0,1.0,True,1.0,1.0
1973-02-21,78.5,1973-02-22,83.0,1277,83.0,1973-02-22,83.0,1278.0,1.0,True,1.0,1.0
1973-02-22,83.0,1973-02-23,89.0,1278,89.0,1973-02-23,89.0,1279.0,1.0,True,1.0,1.0
1973-02-23,89.0,1973-02-26,83.0,1279,83.0,1973-02-26,83.0,1280.0,1.0,True,1.0,1.0
1973-02-26,83.0,1973-02-27,81.2,1280,81.2,1973-02-27,81.2,1281.0,1.0,True,1.0,1.0
1973-02-27,81.2,1973-02-28,85.3,1281,85.3,1973-02-28,85.3,1282.0,1.0,True,1.0,1.0
1973-02-28,85.3,1973-03-01,86.0,1282,86.0,1973-03-01,86.0,1283.0,1.0,True,1.0,1.0
1973-03-01,86.0,1973-03-02,87.0,1283,87.0,1973-03-02,87.0,1284.0,1.0,True,1.0,1.0
1973-03-02,87.0,1973-03-05,83.0,1284,83.0,1973-03-05,83.0,1285.0,1.0,True,1.0,1.0
1973-03-05,83.0,1973-03-06,83.0,1285,83.0,1973-03-06,83.0,1286.0,1.0,True,1.0,1.0
1973-03-06,83.0,1973-03-07,81.5,1286,81.5,1973-03-07,81.5,1287.0,1.0,True,1.0,1.0
1973-03-07,81.5,1973-03-08,83.0,1287,83.0,1973-03-08,83.0,1288.0,1.0,True,1.0,1.0
1973-03-08,83.0,1973-03-09,83.0,1288,83.0,1973-03-09,83.0,1289.0,1.0,True,1.0,1.0
1973-03-09,83.0,1973-03-12,81.75,1289,81.75,1973-03-12,81.75,1290.0,1.0,True,1.0,1.0
1973-03-12,81.75,1973-03-13,81.503,1290,81.503,1973-03-13,81.503,1291.0,1.0,True,1.0,1.0
1973-03-13,81.503,1973-03-14,80.25,1291,80.25,1973-03-14,80.25,1292.0,1.0,True,1.0,1.0
1973-03-14,80.25,1973-03-15,82.0,1292,82.0,1973-03-15,82.0,1293.0,1.0,True,1.0,1.0
1973-03-15,82.0,1973-03-16,82.6,1293,82.6,1973-03-16,82.6,1294.0,1.0,True,1.0,1.0
1973-03-16,82.6,1973-03-19,82.25,1294,82.25,1973-03-19,82.25,1295.0,1.0,True,1.0,1.0
1973-03-19,82.25,1973-03-20,82.5,1295,82.5,1973-03-20,82.5,1296.0,1.0,True,1.0,1.0
1973-03-20,82.5,1973-03-21,81.8,1296,81.8,1973-03-21,81.8,1297.0,1.0,True,1.0,1.0
1973-03-21,81.8,1973-03-22,81.4,1297,81.4,1973-03-22,81.4,1298.0,1.0,True,1.0,1.0
1973-03-22,81.4,1973-03-23,82.5,1298,82.5,1973-03-23,82.5,1299.0,1.0,True,1.0,1.0
1973-03-23,82.5,1973-03-26,86.0,1299,86.0,1973-03-26,86.0,1300.0,1.0,True,1.0,1.0
1973-03-26,86.0,1973-03-27,91.5,1300,91.5,1973-03-27,91.5,1301.0,1.0,True,1.0,1.0
1973-03-27,91.5,1973-03-28,88.25,1301,88.25,1973-03-28,88.25,1302.0,1.0,True,1.0,1.0
1973-03-28,88.25,1973-03-29,89.25,1302,89.25,1973-03-29,89.25,1303.0,1.0,True,1.0,1.0
1973-03-29,89.25,1973-03-30,90.25,1303,90.25,1973-03-30,90.25,1304.0,1.0,True,1.0,1.0
1973-03-30,90.25,1973-04-02,89.25,1304,89.25,1973-04-02,89.25,1305.0,1.0,True,1.0,1.0
1973-04-02,89.25,1973-04-03,89.5,1305,89.5,1973-04-03,89.5,1306.0,1.0,True,1.0,1.0
1973-04-03,89.5,1973-04-04,89.9,1306,89.9,1973-04-04,89.9,1307.0,1.0,True,1.0,1.0
1973-04-04,89.9,1973-04-05,90.85,1307,90.85,1973-04-05,90.85,1308.0,1.0,True,1.0,1.0
1973-04-05,90.85,1973-04-06,91.1,1308,91.1,1973-04-06,91.1,1309.0,1.0,True,1.0,1.0
1973-04-06,91.1,1973-04-09,90.75,1309,90.75,1973-04-09,90.75,1310.0,1.0,True,1.0,1.0
1973-04-09,90.75,1973-04-10,91.0,1310,91.0,1973-04-10,91.0,1311.0,1.0,True,1.0,1.0
1973-04-10,91.0,1973-04-11,91.25,1311,91.25,1973-04-11,91.25,1312.0,1.0,True,1.0,1.0
1973-04-11,91.25,1973-04-12,91.1,1312,91.1,1973-04-12,91.1,1313.0,1.0,True,1.0,1.0
1973-04-12,91.1,1973-04-13,90.4,1313,90.4,1973-04-13,90.4,1314.0,1.0,True,1.0,1.0
1973-04-13,90.4,1973-04-16,89.6,1314,89.6,1973-04-16,89.6,1315.0,1.0,True,1.0,1.0
1973-04-16,89.6,1973-04-17,89.4,1315,89.4,1973-04-17,89.4,1316.0,1.0,True,1.0,1.0
1973-04-17,89.4,1973-04-18,90.75,1316,90.75,1973-04-18,90.75,1317.0,1.0,True,1.0,1.0
1973-04-18,90.75,1973-04-19,90.775,1317,90.775,1973-05-01,90.7,1326.0,9.0,True,0.0,0.0
1973-05-01,90.7,1973-05-02,90.4,1326,90.4,1973-05-02,90.4,1327.0,1.0,True,1.0,1.0
1973-05-02,90.4,1973-05-03,90.4,1327,90.4,1973-05-03,90.4,1328.0,1.0,True,1.0,1.0
1973-05-03,90.4,1973-05-04,90.3,1328,90.3,1973-05-04,90.3,1329.0,1.0,True,1.0,1.0
1973-05-04,90.3,1973-05-07,90.3,1329,90.3,1973-05-07,90.3,1330.0,1.0,True,1.0,1.0
1973-05-07,90.3,1973-05-08,90.8,1330,90.8,1973-05-08,90.8,1331.0,1.0,True,1.0,1.0
1973-05-08,90.8,1973-05-09,92.15,1331,92.15,1973-05-09,92.15,1332.0,1.0,True,1.0,1.0
1973-05-09,92.15,1973-05-10,94.6,1332,94.6,1973-05-10,94.6,1333.0,1.0,True,1.0,1.0
1973-05-10,94.6,1973-05-11,96.3,1333,96.3,1973-05-11,96.3,1334.0,1.0,True,1.0,1.0
1973-05-11,96.3,1973-05-14,99.75,1334,99.75,1973-05-14,99.75,1335.0,1.0,True,1.0,1.0
1973-05-14,99.75,1973-05-15,107.0,1335,107.0,1973-05-15,107.0,1336.0,1.0,True,1.0,1.0
1973-05-15,107.0,1973-05-16,111.0,1336,111.0,1973-05-16,111.0,1337.0,1.0,True,1.0,1.0
1973-05-16,111.0,1973-05-17,103.5,1337,103.5,1973-05-17,103.5,1338.0,1.0,True,1.0,1.0
1973-05-17,103.5,1973-05-18,105.75,1338,105.75,1973-05-22,110.5,1341.0,3.0,True,0.0,0.0
1973-05-22,110.5,1973-05-23,111.0,1341,111.0,1973-05-23,111.0,1342.0,1.0,True,1.0,1.0
1973-05-23,111.0,1973-05-24,109.75,1342,109.75,1973-05-24,109.75,1343.0,1.0,True,1.0,1.0
1973-05-24,109.75,1973-05-25,104.75,1343,104.75,1973-06-05,127.0,1351.0,8.0,True,0.0,0.0
1973-06-05,127.0,1973-06-06,121.0,1351,121.0,1973-06-06,121.0,1352.0,1.0,True,1.0,1.0
1973-06-06,121.0,1973-06-07,119.75,1352,119.75,1973-06-07,119.75,1353.0,1.0,True,1.0,1.0
1973-06-07,119.75,1973-06-08,118.5,1353,118.5,1973-06-08,118.5,1354.0,1.0,True,1.0,1.0
1973-06-08,118.5,1973-06-11,115.5,1354,115.5,1973-06-11,115.5,1355.0,1.0,True,1.0,1.0
1973-06-11,115.5,1973-06-12,116.2,1355,116.2,1973-06-12,116.2,1356.0,1.0,True,1.0,1.0
1973-06-12,116.2,1973-06-13,117.5,1356,117.5,1973-06-13,117.5,1357.0,1.0,True,1.0,1.0
1973-06-13,117.5,1973-06-14,116.0,1357,116.0,1973-06-14,116.0,1358.0,1.0,True,1.0,1.0
1973-06-14,116.0,1973-06-15,120.0,1358,120.0,1973-06-15,120.0,1359.0,1.0,True,1.0,1.0
1973-06-15,120.0,1973-06-18,122.0,1359,122.0,1973-06-18,122.0,1360.0,1.0,True,1.0,1.0
1973-06-18,122.0,1973-06-19,122.5,1360,122.5,1973-06-19,122.5,1361.0,1.0,True,1.0,1.0
1973-06-19,122.5,1973-06-20,118.5,1361,118.5,1973-06-20,118.5,1362.0,1.0,True,1.0,1.0
1973-06-20,118.5,1973-06-21,120.25,1362,120.25,1973-06-21,120.25,1363.0,1.0,True,1.0,1.0
1973-06-21,120.25,1973-06-22,120.25,1363,120.25,1973-06-22,120.25,1364.0,1.0,True,1.0,1.0
1973-06-22,120.25,1973-06-25,118.0,1364,118.0,1973-06-26,119.0,1366.0,2.0,True,0.0,0.0
1973-06-26,119.0,1973-06-27,122.5,1366,122.5,1973-06-27,122.5,1367.0,1.0,True,1.0,1.0
1973-06-27,122.5,1973-06-28,120.1,1367,120.1,1973-06-28,120.1,1368.0,1.0,True,1.0,1.0
1973-06-28,120.1,1973-06-29,123.5,1368,123.5,1973-06-29,123.5,1369.0,1.0,True,1.0,1.0
1973-06-29,123.5,1973-07-02,123.0,1369,123.0,1973-07-02,123.0,1370.0,1.0,True,1.0,1.0
1973-07-02,123.0,1973-07-03,121.0,1370,121.0,1973-07-03,121.0,1371.0,1.0,True,1.0,1.0
1973-07-03,121.0,1973-07-04,123.5,1371,123.5,1973-07-04,123.5,1372.0,1.0,True,1.0,1.0
1973-07-04,123.5,1973-07-05,122.75,1372,122.75,1973-07-05,122.75,1373.0,1.0,True,1.0,1.0
1973-07-05,122.75,1973-07-06,127.0,1373,127.0,1973-07-06,127.0,1374.0,1.0,True,1.0,1.0
1973-07-06,127.0,1973-07-09,126.0,1374,126.0,1973-07-09,126.0,1375.0,1.0,True,1.0,1.0
1973-07-09,126.0,1973-07-10,124.75,1375,124.75,1973-07-10,124.75,1376.0,1.0,True,1.0,1.0
1973-07-10,124.75,1973-07-11,119.0,1376,119.0,1973-07-11,119.0,1377.0,1.0,True,1.0,1.0
1973-07-11,119.0,1973-07-12,120.5,1377,120.5,1973-07-12,120.5,1378.0,1.0,True,1.0,1.0
1973-07-12,120.5,1973-07-13,120.5,1378,120.5,1973-07-13,120.5,1379.0,1.0,True,1.0,1.0
1973-07-13,120.5,1973-07-16,119.75,1379,119.75,1973-07-16,119.75,1380.0,1.0,True,1.0,1.0
1973-07-16,119.75,1973-07-17,120.75,1380,120.75,1973-07-17,120.75,1381.0,1.0,True,1.0,1.0
1973-07-17,120.75,1973-07-18,119.75,1381,119.75,1973-07-18,119.75,1382.0,1.0,True,1.0,1.0
1973-07-18,119.75,1973-07-19,119.0,1382,119.0,1973-07-19,119.0,1383.0,1.0,True,1.0,1.0
1973-07-19,119.0,1973-07-20,116.0,1383,116.0,1973-07-20,116.0,1384.0,1.0,True,1.0,1.0
1973-07-20,116.0,1973-07-23,118.5,1384,118.5,1973-07-23,118.5,1385.0,1.0,True,1.0,1.0
1973-07-23,118.5,1973-07-24,119.75,1385,119.75,1973-07-24,119.75,1386.0,1.0,True,1.0,1.0
1973-07-24,119.75,1973-07-25,119.0,1386,119.0,1973-07-25,119.0,1387.0,1.0,True,1.0,1.0
1973-07-25,119.0,1973-07-26,119.5,1387,119.5,1973-07-26,119.5,1388.0,1.0,True,1.0,1.0
1973-07-26,119.5,1973-07-27,118.8,1388,118.8,1973-07-27,118.8,1389.0,1.0,True,1.0,1.0
1973-07-27,118.8,1973-07-30,114.0,1389,114.0,1973-07-30,114.0,1390.0,1.0,True,1.0,1.0
1973-07-30,114.0,1973-07-31,115.2,1390,115.2,1973-07-31,115.2,1391.0,1.0,True,1.0,1.0
1973-07-31,115.2,1973-08-01,117.0,1391,117.0,1973-08-01,117.0,1392.0,1.0,True,1.0,1.0
1973-08-01,117.0,1973-08-02,115.75,1392,115.75,1973-08-02,115.75,1393.0,1.0,True,1.0,1.0
1973-08-02,115.75,1973-08-03,115.7,1393,115.7,1973-08-03,115.7,1394.0,1.0,True,1.0,1.0
1973-08-03,115.7,1973-08-06,115.5,1394,115.5,1973-08-06,115.5,1395.0,1.0,True,1.0,1.0
1973-08-06,115.5,1973-08-07,114.75,1395,114.75,1973-08-07,114.75,1396.0,1.0,True,1.0,1.0
1973-08-07,114.75,1973-08-08,114.75,1396,114.75,1973-08-08,114.75,1397.0,1.0,True,1.0,1.0
1973-08-08,114.75,1973-08-09,109.0,1397,109.0,1973-08-09,109.0,1398.0,1.0,True,1.0,1.0
1973-08-09,109.0,1973-08-10,107.5,1398,107.5,1973-08-10,107.5,1399.0,1.0,True,1.0,1.0
1973-08-10,107.5,1973-08-13,103.75,1399,103.75,1973-08-13,103.75,1400.0,1.0,True,1.0,1.0
1973-08-13,103.75,1973-08-14,98.25,1400,98.25,1973-08-14,98.25,1401.0,1.0,True,1.0,1.0
1973-08-14,98.25,1973-08-15,92.5,1401,92.5,1973-08-15,92.5,1402.0,1.0,True,1.0,1.0
1973-08-15,92.5,1973-08-16,96.0,1402,96.0,1973-08-16,96.0,1403.0,1.0,True,1.0,1.0
1973-08-16,96.0,1973-08-17,102.5,1403,102.5,1973-08-17,102.5,1404.0,1.0,True,1.0,1.0
1973-08-17,102.5,1973-08-20,107.25,1404,107.25,1973-08-20,107.25,1405.0,1.0,True,1.0,1.0
1973-08-20,107.25,1973-08-21,103.0,1405,103.0,1973-08-21,103.0,1406.0,1.0,True,1.0,1.0
1973-08-21,103.0,1973-08-22,103.5,1406,103.5,1973-08-22,103.5,1407.0,1.0,True,1.0,1.0
1973-08-22,103.5,1973-08-23,102.5,1407,102.5,1973-08-23,102.5,1408.0,1.0,True,1.0,1.0
1973-08-23,102.5,1973-08-24,100.5,1408,100.5,1973-09-04,104.5,1416.0,8.0,True,0.0,0.0
1973-09-04,104.5,1973-09-05,106.0,1416,106.0,1973-09-05,106.0,1417.0,1.0,True,1.0,1.0
1973-09-05,106.0,1973-09-06,106.975,1417,106.975,1973-09-06,106.975,1418.0,1.0,True,1.0,1.0
1973-09-06,106.975,1973-09-07,105.5,1418,105.5,1973-09-07,105.5,1419.0,1.0,True,1.0,1.0
1973-09-07,105.5,1973-09-10,105.25,1419,105.25,1973-09-10,105.25,1420.0,1.0,True,1.0,1.0
1973-09-10,105.25,1973-09-11,102.5,1420,102.5,1973-09-11,102.5,1421.0,1.0,True,1.0,1.0
1973-09-11,102.5,1973-09-12,102.5,1421,102.5,1973-09-12,102.5,1422.0,1.0,True,1.0,1.0
1973-09-12,102.5,1973-09-13,101.6,1422,101.6,1973-09-13,101.6,1423.0,1.0,True,1.0,1.0
1973-09-13,101.6,1973-09-14,100.0,1423,100.0,1973-09-14,100.0,1424.0,1.0,True,1.0,1.0
1973-09-14,100.0,1973-09-17,102.5,1424,102.5,1973-09-17,102.5,1425.0,1.0,True,1.0,1.0
1973-09-17,102.5,1973-09-18,103.75,1425,103.75,1973-09-18,103.75,1426.0,1.0,True,1.0,1.0
1973-09-18,103.75,1973-09-19,100.5,1426,100.5,1973-09-19,100.5,1427.0,1.0,True,1.0,1.0
1973-09-19,100.5,1973-09-20,102.4,1427,102.4,1973-09-20,102.4,1428.0,1.0,True,1.0,1.0
1973-09-20,102.4,1973-09-21,103.25,1428,103.25,1973-09-21,103.25,1429.0,1.0,True,1.0,1.0
1973-09-21,103.25,1973-09-24,102.5,1429,102.5,1973-09-25,101.85,1431.0,2.0,True,0.0,0.0
1973-09-25,101.85,1973-09-26,102.1,1431,102.1,1973-09-26,102.1,1432.0,1.0,True,1.0,1.0
1973-09-26,102.1,1973-09-27,101.25,1432,101.25,1973-09-27,101.25,1433.0,1.0,True,1.0,1.0
1973-09-27,101.25,1973-09-28,100.25,1433,100.25,1973-09-28,100.25,1434.0,1.0,True,1.0,1.0
1973-09-28,100.25,1973-10-01,98.5,1434,98.5,1973-10-01,98.5,1435.0,1.0,True,1.0,1.0
1973-10-01,98.5,1973-10-02,97.9,1435,97.9,1973-10-02,97.9,1436.0,1.0,True,1.0,1.0
1973-10-02,97.9,1973-10-03,97.75,1436,97.75,1973-10-03,97.75,1437.0,1.0,True,1.0,1.0
1973-10-03,97.75,1973-10-04,98.575,1437,98.575,1973-10-04,98.575,1438.0,1.0,True,1.0,1.0
1973-10-04,98.575,1973-10-05,97.6,1438,97.6,1973-10-05,97.6,1439.0,1.0,True,1.0,1.0
1973-10-05,97.6,1973-10-08,102.25,1439,102.25,1973-10-08,102.25,1440.0,1.0,True,1.0,1.0
1973-10-08,102.25,1973-10-09,98.75,1440,98.75,1973-10-09,98.75,1441.0,1.0,True,1.0,1.0
1973-10-09,98.75,1973-10-10,101.75,1441,101.75,1973-10-10,101.75,1442.0,1.0,True,1.0,1.0
1973-10-10,101.75,1973-10-11,103.75,1442,103.75,1973-10-11,103.75,1443.0,1.0,True,1.0,1.0
1973-10-11,103.75,1973-10-12,102.0,1443,102.0,1973-10-12,102.0,1444.0,1.0,True,1.0,1.0
1973-10-12,102.0,1973-10-15,101.75,1444,101.75,1973-10-15,101.75,1445.0,1.0,True,1.0,1.0
1973-10-15,101.75,1973-10-16,101.5,1445,101.5,1973-10-16,101.5,1446.0,1.0,True,1.0,1.0
1973-10-16,101.5,1973-10-17,102.75,1446,102.75,1973-10-17,102.75,1447.0,1.0,True,1.0,1.0
1973-10-17,102.75,1973-10-18,102.0,1447,102.0,1973-10-18,102.0,1448.0,1.0,True,1.0,1.0
1973-10-18,102.0,1973-10-19,101.0,1448,101.0,1973-10-19,101.0,1449.0,1.0,True,1.0,1.0
1973-10-19,101.0,1973-10-22,100.0,1449,100.0,1973-10-22,100.0,1450.0,1.0,True,1.0,1.0
1973-10-22,100.0,1973-10-23,99.75,1450,99.75,1973-10-23,99.75,1451.0,1.0,True,1.0,1.0
1973-10-23,99.75,1973-10-24,99.4,1451,99.4,1973-10-24,99.4,1452.0,1.0,True,1.0,1.0
1973-10-24,99.4,1973-10-25,100.0,1452,100.0,1973-10-25,100.0,1453.0,1.0,True,1.0,1.0
1973-10-25,100.0,1973-10-26,98.5,1453,98.5,1973-10-26,98.5,1454.0,1.0,True,1.0,1.0
1973-10-26,98.5,1973-10-29,98.5,1454,98.5,1973-10-29,98.5,1455.0,1.0,True,1.0,1.0
1973-10-29,98.5,1973-10-30,97.0,1455,97.0,1973-10-30,97.0,1456.0,1.0,True,1.0,1.0
1973-10-30,97.0,1973-10-31,97.25,1456,97.25,1973-10-31,97.25,1457.0,1.0,True,1.0,1.0
1973-10-31,97.25,1973-11-01,97.25,1457,97.25,1973-11-01,97.25,1458.0,1.0,True,1.0,1.0
1973-11-01,97.25,1973-11-02,98.0,1458,98.0,1973-11-02,98.0,1459.0,1.0,True,1.0,1.0
1973-11-02,98.0,1973-11-05,98.0,1459,98.0,1973-11-05,98.0,1460.0,1.0,True,1.0,1.0
1973-11-05,98.0,1973-11-06,97.7,1460,97.7,1973-11-06,97.7,1461.0,1.0,True,1.0,1.0
1973-11-06,97.7,1973-11-07,97.35,1461,97.35,1973-11-07,97.35,1462.0,1.0,True,1.0,1.0
1973-11-07,97.35,1973-11-08,97.6,1462,97.6,1973-11-08,97.6,1463.0,1.0,True,1.0,1.0
1973-11-08,97.6,1973-11-09,98.5,1463,98.5,1973-11-09,98.5,1464.0,1.0,True,1.0,1.0
1973-11-09,98.5,1973-11-12,97.25,1464,97.25,1973-11-12,97.25,1465.0,1.0,True,1.0,1.0
1973-11-12,97.25,1973-11-13,96.75,1465,96.75,1973-11-13,96.75,1466.0,1.0,True,1.0,1.0
1973-11-13,96.75,1973-11-14,90.85,1466,90.85,1973-11-14,90.85,1467.0,1.0,True,1.0,1.0
1973-11-14,90.85,1973-11-15,91.25,1467,91.25,1973-11-15,91.25,1468.0,1.0,True,1.0,1.0
1973-11-15,91.25,1973-11-16,91.25,1468,91.25,1973-11-16,91.25,1469.0,1.0,True,1.0,1.0
1973-11-16,91.25,1973-11-19,90.5,1469,90.5,1973-11-19,90.5,1470.0,1.0,True,1.0,1.0
1973-11-19,90.5,1973-11-20,90.0,1470,90.0,1973-11-20,90.0,1471.0,1.0,True,1.0,1.0
1973-11-20,90.0,1973-11-21,90.4,1471,90.4,1973-11-21,90.4,1472.0,1.0,True,1.0,1.0
1973-11-21,90.4,1973-11-22,90.0,1472,90.0,1973-11-22,90.0,1473.0,1.0,True,1.0,1.0
1973-11-22,90.0,1973-11-23,89.75,1473,89.75,1973-11-23,89.75,1474.0,1.0,True,1.0,1.0
1973-11-23,89.75,1973-11-26,90.0,1474,90.0,1973-11-26,90.0,1475.0,1.0,True,1.0,1.0
1973-11-26,90.0,1973-11-27,90.8,1475,90.8,1973-11-27,90.8,1476.0,1.0,True,1.0,1.0
1973-11-27,90.8,1973-11-28,97.25,1476,97.25,1973-11-28,97.25,1477.0,1.0,True,1.0,1.0
1973-11-28,97.25,1973-11-29,101.5,1477,101.5,1973-11-29,101.5,1478.0,1.0,True,1.0,1.0
1973-11-29,101.5,1973-11-30,100.25,1478,100.25,1973-11-30,100.25,1479.0,1.0,True,1.0,1.0
1973-11-30,100.25,1973-12-03,100.0,1479,100.0,1973-12-03,100.0,1480.0,1.0,True,1.0,1.0
1973-12-03,100.0,1973-12-04,100.25,1480,100.25,1973-12-04,100.25,1481.0,1.0,True,1.0,1.0
1973-12-04,100.25,1973-12-05,104.25,1481,104.25,1973-12-05,104.25,1482.0,1.0,True,1.0,1.0
1973-12-05,104.25,1973-12-06,104.5,1482,104.5,1973-12-06,104.5,1483.0,1.0,True,1.0,1.0
1973-12-06,104.5,1973-12-07,106.75,1483,106.75,1973-12-07,106.75,1484.0,1.0,True,1.0,1.0
1973-12-07,106.75,1973-12-10,105.5,1484,105.5,1973-12-10,105.5,1485.0,1.0,True,1.0,1.0
1973-12-10,105.5,1973-12-11,104.75,1485,104.75,1973-12-11,104.75,1486.0,1.0,True,1.0,1.0
1973-12-11,104.75,1973-12-12,104.5,1486,104.5,1973-12-12,104.5,1487.0,1.0,True,1.0,1.0
1973-12-12,104.5,1973-12-13,104.4,1487,104.4,1973-12-13,104.4,1488.0,1.0,True,1.0,1.0
1973-12-13,104.4,1973-12-14,104.35,1488,104.35,1973-12-14,104.35,1489.0,1.0,True,1.0,1.0
1973-12-14,104.35,1973-12-17,106.75,1489,106.75,1973-12-17,106.75,1490.0,1.0,True,1.0,1.0
1973-12-17,106.75,1973-12-18,108.5,1490,108.5,1973-12-18,108.5,1491.0,1.0,True,1.0,1.0
1973-12-18,108.5,1973-12-19,107.75,1491,107.75,1973-12-19,107.75,1492.0,1.0,True,1.0,1.0
1973-12-19,107.75,1973-12-20,109.05,1492,109.05,1973-12-20,109.05,1493.0,1.0,True,1.0,1.0
1973-12-20,109.05,1973-12-21,107.2,1493,107.2,1974-01-09,123.75,1507.0,14.0,True,0.0,0.0
1974-01-09,123.75,1974-01-10,120.5,1507,120.5,1974-01-10,120.5,1508.0,1.0,True,1.0,1.0
1974-01-10,120.5,1974-01-11,121.75,1508,121.75,1974-01-11,121.75,1509.0,1.0,True,1.0,1.0
1974-01-11,121.75,1974-01-14,123.75,1509,123.75,1974-01-14,123.75,1510.0,1.0,True,1.0,1.0
1974-01-14,123.75,1974-01-15,125.75,1510,125.75,1974-01-15,125.75,1511.0,1.0,True,1.0,1.0
1974-01-15,125.75,1974-01-16,125.25,1511,125.25,1974-01-16,125.25,1512.0,1.0,True,1.0,1.0
1974-01-16,125.25,1974-01-17,128.5,1512,128.5,1974-01-17,128.5,1513.0,1.0,True,1.0,1.0
1974-01-17,128.5,1974-01-18,127.95,1513,127.95,1974-01-18,127.95,1514.0,1.0,True,1.0,1.0
1974-01-18,127.95,1974-01-21,141.75,1514,141.75,1974-01-24,135.25,1518.0,4.0,True,0.0,0.0
1974-01-24,135.25,1974-01-25,138.4,1518,138.4,1974-01-25,138.4,1519.0,1.0,True,1.0,1.0
1974-01-25,138.4,1974-01-28,139.75,1519,139.75,1974-01-28,139.75,1520.0,1.0,True,1.0,1.0
1974-01-28,139.75,1974-01-29,139.0,1520,139.0,1974-01-30,135.7,1522.0,2.0,True,0.0,0.0
1974-01-30,135.7,1974-01-31,133.25,1522,133.25,1974-01-31,133.25,1523.0,1.0,True,1.0,1.0
1974-01-31,133.25,1974-02-01,132.0,1523,132.0,1974-02-01,132.0,1524.0,1.0,True,1.0,1.0
1974-02-01,132.0,1974-02-04,132.25,1524,132.25,1974-02-04,132.25,1525.0,1.0,True,1.0,1.0
1974-02-04,132.25,1974-02-05,138.5,1525,138.5,1974-02-05,138.5,1526.0,1.0,True,1.0,1.0
1974-02-05,138.5,1974-02-06,138.25,1526,138.25,1974-02-06,138.25,1527.0,1.0,True,1.0,1.0
1974-02-06,138.25,1974-02-07,136.0,1527,136.0,1974-02-07,136.0,1528.0,1.0,True,1.0,1.0
1974-02-07,136.0,1974-02-08,141.5,1528,141.5,1974-02-08,141.5,1529.0,1.0,True,1.0,1.0
1974-02-08,141.5,1974-02-11,144.5,1529,144.5,1974-02-11,144.5,1530.0,1.0,True,1.0,1.0
1974-02-11,144.5,1974-02-12,147.75,1530,147.75,1974-02-12,147.75,1531.0,1.0,True,1.0,1.0
1974-02-12,147.75,1974-02-13,145.75,1531,145.75,1974-02-13,145.75,1532.0,1.0,True,1.0,1.0
1974-02-13,145.75,1974-02-14,146.0,1532,146.0,1974-02-14,146.0,1533.0,1.0,True,1.0,1.0
1974-02-14,146.0,1974-02-15,149.0,1533,149.0,1974-02-15,149.0,1534.0,1.0,True,1.0,1.0
1974-02-15,149.0,1974-02-18,150.0,1534,150.0,1974-02-18,150.0,1535.0,1.0,True,1.0,1.0
1974-02-18,150.0,1974-02-19,148.0,1535,148.0,1974-02-19,148.0,1536.0,1.0,True,1.0,1.0
1974-02-19,148.0,1974-02-20,149.25,1536,149.25,1974-02-20,149.25,1537.0,1.0,True,1.0,1.0
1974-02-20,149.25,1974-02-21,151.5,1537,151.5,1974-02-21,151.5,1538.0,1.0,True,1.0,1.0
1974-02-21,151.5,1974-02-22,158.5,1538,158.5,1974-02-22,158.5,1539.0,1.0,True,1.0,1.0
1974-02-22,158.5,1974-02-25,166.5,1539,166.5,1974-02-25,166.5,1540.0,1.0,True,1.0,1.0
1974-02-25,166.5,1974-02-26,177.25,1540,177.25,1974-02-26,177.25,1541.0,1.0,True,1.0,1.0
1974-02-26,177.25,1974-02-27,178.0,1541,178.0,1974-02-27,178.0,1542.0,1.0,True,1.0,1.0
1974-02-27,178.0,1974-02-28,169.5,1542,169.5,1974-02-28,169.5,1543.0,1.0,True,1.0,1.0
1974-02-28,169.5,1974-03-01,172.4,1543,172.4,1974-03-01,172.4,1544.0,1.0,True,1.0,1.0
1974-03-01,172.4,1974-03-04,168.25,1544,168.25,1974-03-04,168.25,1545.0,1.0,True,1.0,1.0
1974-03-04,168.25,1974-03-05,160.0,1545,160.0,1974-03-05,160.0,1546.0,1.0,True,1.0,1.0
1974-03-05,160.0,1974-03-06,158.25,1546,158.25,1974-03-06,158.25,1547.0,1.0,True,1.0,1.0
1974-03-06,158.25,1974-03-07,162.0,1547,162.0,1974-03-07,162.0,1548.0,1.0,True,1.0,1.0
1974-03-07,162.0,1974-03-08,170.0,1548,170.0,1974-03-08,170.0,1549.0,1.0,True,1.0,1.0
1974-03-08,170.0,1974-03-11,163.5,1549,163.5,1974-03-11,163.5,1550.0,1.0,True,1.0,1.0
1974-03-11,163.5,1974-03-12,163.0,1550,163.0,1974-03-12,163.0,1551.0,1.0,True,1.0,1.0
1974-03-12,163.0,1974-03-13,163.0,1551,163.0,1974-03-13,163.0,1552.0,1.0,True,1.0,1.0
1974-03-13,163.0,1974-03-14,163.0,1552,163.0,1974-03-14,163.0,1553.0,1.0,True,1.0,1.0
1974-03-14,163.0,1974-03-15,163.5,1553,163.5,1974-03-15,163.5,1554.0,1.0,True,1.0,1.0
1974-03-15,163.5,1974-03-18,162.5,1554,162.5,1974-03-18,162.5,1555.0,1.0,True,1.0,1.0
1974-03-18,162.5,1974-03-19,167.5,1555,167.5,1974-03-19,167.5,1556.0,1.0,True,1.0,1.0
1974-03-19,167.5,1974-03-20,173.75,1556,173.75,1974-03-20,173.75,1557.0,1.0,True,1.0,1.0
1974-03-20,173.75,1974-03-21,177.0,1557,177.0,1974-03-21,177.0,1558.0,1.0,True,1.0,1.0
1974-03-21,177.0,1974-03-22,174.5,1558,174.5,1974-03-22,174.5,1559.0,1.0,True,1.0,1.0
1974-03-22,174.5,1974-03-25,176.75,1559,176.75,1974-03-25,176.75,1560.0,1.0,True,1.0,1.0
1974-03-25,176.75,1974-03-26,174.25,1560,174.25,1974-03-26,174.25,1561.0,1.0,True,1.0,1.0
1974-03-26,174.25,1974-03-27,175.6,1561,175.6,1974-03-27,175.6,1562.0,1.0,True,1.0,1.0
1974-03-27,175.6,1974-03-28,172.5,1562,172.5,1974-03-28,172.5,1563.0,1.0,True,1.0,1.0
1974-03-28,172.5,1974-03-29,173.0,1563,173.0,1974-03-29,173.0,1564.0,1.0,True,1.0,1.0
1974-03-29,173.0,1974-04-01,173.0,1564,173.0,1974-04-01,173.0,1565.0,1.0,True,1.0,1.0
1974-04-01,173.0,1974-04-02,175.0,1565,175.0,1974-04-02,175.0,1566.0,1.0,True,1.0,1.0
1974-04-02,175.0,1974-04-03,179.5,1566,179.5,1974-04-03,179.5,1567.0,1.0,True,1.0,1.0
1974-04-03,179.5,1974-04-04,177.6,1567,177.6,1974-04-04,177.6,1568.0,1.0,True,1.0,1.0
1974-04-04,177.6,1974-04-05,175.25,1568,175.25,1974-04-05,175.25,1569.0,1.0,True,1.0,1.0
1974-04-05,175.25,1974-04-08,168.5,1569,168.5,1974-04-08,168.5,1570.0,1.0,True,1.0,1.0
1974-04-08,168.5,1974-04-09,166.75,1570,166.75,1974-04-09,166.75,1571.0,1.0,True,1.0,1.0
1974-04-09,166.75,1974-04-10,177.0,1571,177.0,1974-04-10,177.0,1572.0,1.0,True,1.0,1.0
1974-04-10,177.0,1974-04-11,170.5,1572,170.5,1974-04-23,174.4,1581.0,9.0,True,0.0,0.0
1974-04-23,174.4,1974-04-24,171.0,1581,171.0,1974-04-24,171.0,1582.0,1.0,True,1.0,1.0
1974-04-24,171.0,1974-04-25,172.0,1582,172.0,1974-04-25,172.0,1583.0,1.0,True,1.0,1.0
1974-04-25,172.0,1974-04-26,168.5,1583,168.5,1974-04-26,168.5,1584.0,1.0,True,1.0,1.0
1974-04-26,168.5,1974-04-29,166.75,1584,166.75,1974-04-29,166.75,1585.0,1.0,True,1.0,1.0
1974-04-29,166.75,1974-04-30,168.5,1585,168.5,1974-04-30,168.5,1586.0,1.0,True,1.0,1.0
1974-04-30,168.5,1974-05-01,169.9,1586,169.9,1974-05-01,169.9,1587.0,1.0,True,1.0,1.0
1974-05-01,169.9,1974-05-02,170.5,1587,170.5,1974-05-02,170.5,1588.0,1.0,True,1.0,1.0
1974-05-02,170.5,1974-05-03,169.75,1588,169.75,1974-05-03,169.75,1589.0,1.0,True,1.0,1.0
1974-05-03,169.75,1974-05-06,167.4,1589,167.4,1974-05-06,167.4,1590.0,1.0,True,1.0,1.0
1974-05-06,167.4,1974-05-07,163.0,1590,163.0,1974-05-07,163.0,1591.0,1.0,True,1.0,1.0
1974-05-07,163.0,1974-05-08,161.5,1591,161.5,1974-05-08,161.5,1592.0,1.0,True,1.0,1.0
1974-05-08,161.5,1974-05-09,162.5,1592,162.5,1974-05-09,162.5,1593.0,1.0,True,1.0,1.0
1974-05-09,162.5,1974-05-10,168.0,1593,168.0,1974-05-14,166.5,1596.0,3.0,True,0.0,0.0
1974-05-14,166.5,1974-05-15,164.5,1596,164.5,1974-05-15,164.5,1597.0,1.0,True,1.0,1.0
1974-05-15,164.5,1974-05-16,164.25,1597,164.25,1974-05-16,164.25,1598.0,1.0,True,1.0,1.0
1974-05-16,164.25,1974-05-17,165.9,1598,165.9,1974-05-17,165.9,1599.0,1.0,True,1.0,1.0
1974-05-17,165.9,1974-05-20,164.25,1599,164.25,1974-05-20,164.25,1600.0,1.0,True,1.0,1.0
1974-05-20,164.25,1974-05-21,160.25,1600,160.25,1974-05-21,160.25,1601.0,1.0,True,1.0,1.0
1974-05-21,160.25,1974-05-22,162.2,1601,162.2,1974-05-22,162.2,1602.0,1.0,True,1.0,1.0
1974-05-22,162.2,1974-05-23,161.25,1602,161.25,1974-05-23,161.25,1603.0,1.0,True,1.0,1.0
1974-05-23,161.25,1974-05-24,160.6,1603,160.6,1974-06-04,153.0,1611.0,8.0,True,0.0,0.0
1974-06-04,153.0,1974-06-05,156.5,1611,156.5,1974-06-05,156.5,1612.0,1.0,True,1.0,1.0
1974-06-05,156.5,1974-06-06,160.75,1612,160.75,1974-06-06,160.75,1613.0,1.0,True,1.0,1.0
1974-06-06,160.75,1974-06-07,157.5,1613,157.5,1974-06-07,157.5,1614.0,1.0,True,1.0,1.0
1974-06-07,157.5,1974-06-10,156.5,1614,156.5,1974-06-10,156.5,1615.0,1.0,True,1.0,1.0
1974-06-10,156.5,1974-06-11,157.0,1615,157.0,1974-06-11,157.0,1616.0,1.0,True,1.0,1.0
1974-06-11,157.0,1974-06-12,153.5,1616,153.5,1974-06-12,153.5,1617.0,1.0,True,1.0,1.0
1974-06-12,153.5,1974-06-13,156.75,1617,156.75,1974-06-13,156.75,1618.0,1.0,True,1.0,1.0
1974-06-13,156.75,1974-06-14,158.0,1618,158.0,1974-06-14,158.0,1619.0,1.0,True,1.0,1.0
1974-06-14,158.0,1974-06-17,157.5,1619,157.5,1974-06-17,157.5,1620.0,1.0,True,1.0,1.0
1974-06-17,157.5,1974-06-18,155.6,1620,155.6,1974-06-18,155.6,1621.0,1.0,True,1.0,1.0
1974-06-18,155.6,1974-06-19,157.0,1621,157.0,1974-06-19,157.0,1622.0,1.0,True,1.0,1.0
1974-06-19,157.0,1974-06-20,153.5,1622,153.5,1974-06-20,153.5,1623.0,1.0,True,1.0,1.0
1974-06-20,153.5,1974-06-21,153.0,1623,153.0,1974-06-21,153.0,1624.0,1.0,True,1.0,1.0
1974-06-21,153.0,1974-06-24,152.0,1624,152.0,1974-06-25,147.0,1626.0,2.0,True,0.0,0.0
1974-06-25,147.0,1974-06-26,148.25,1626,148.25,1974-06-26,148.25,1627.0,1.0,True,1.0,1.0
1974-06-26,148.25,1974-06-27,143.65,1627,143.65,1974-06-27,143.65,1628.0,1.0,True,1.0,1.0
1974-06-27,143.65,1974-06-28,146.75,1628,146.75,1974-06-28,146.75,1629.0,1.0,True,1.0,1.0
1974-06-28,146.75,1974-07-01,144.5,1629,144.5,1974-07-01,144.5,1630.0,1.0,True,1.0,1.0
1974-07-01,144.5,1974-07-02,138.0,1630,138.0,1974-07-02,138.0,1631.0,1.0,True,1.0,1.0
1974-07-02,138.0,1974-07-03,138.5,1631,138.5,1974-07-03,138.5,1632.0,1.0,True,1.0,1.0
1974-07-03,138.5,1974-07-04,132.5,1632,132.5,1974-07-04,132.5,1633.0,1.0,True,1.0,1.0
1974-07-04,132.5,1974-07-05,131.5,1633,131.5,1974-07-05,131.5,1634.0,1.0,True,1.0,1.0
1974-07-05,131.5,1974-07-08,137.0,1634,137.0,1974-07-08,137.0,1635.0,1.0,True,1.0,1.0
1974-07-08,137.0,1974-07-09,142.0,1635,142.0,1974-07-09,142.0,1636.0,1.0,True,1.0,1.0
1974-07-09,142.0,1974-07-10,141.5,1636,141.5,1974-07-10,141.5,1637.0,1.0,True,1.0,1.0
1974-07-10,141.5,1974-07-11,133.5,1637,133.5,1974-07-11,133.5,1638.0,1.0,True,1.0,1.0
1974-07-11,133.5,1974-07-12,139.75,1638,139.75,1974-07-12,139.75,1639.0,1.0,True,1.0,1.0
1974-07-12,139.75,1974-07-15,139.5,1639,139.5,1974-07-15,139.5,1640.0,1.0,True,1.0,1.0
1974-07-15,139.5,1974-07-16,139.0,1640,139.0,1974-07-16,139.0,1641.0,1.0,True,1.0,1.0
1974-07-16,139.0,1974-07-17,138.5,1641,138.5,1974-07-17,138.5,1642.0,1.0,True,1.0,1.0
1974-07-17,138.5,1974-07-18,142.0,1642,142.0,1974-07-18,142.0,1643.0,1.0,True,1.0,1.0
1974-07-18,142.0,1974-07-19,146.0,1643,146.0,1974-07-19,146.0,1644.0,1.0,True,1.0,1.0
1974-07-19,146.0,1974-07-22,144.0,1644,144.0,1974-07-22,144.0,1645.0,1.0,True,1.0,1.0
1974-07-22,144.0,1974-07-23,141.5,1645,141.5,1974-07-23,141.5,1646.0,1.0,True,1.0,1.0
1974-07-23,141.5,1974-07-24,142.75,1646,142.75,1974-07-24,142.75,1647.0,1.0,True,1.0,1.0
1974-07-24,142.75,1974-07-25,144.5,1647,144.5,1974-07-25,144.5,1648.0,1.0,True,1.0,1.0
1974-07-25,144.5,1974-07-26,149.0,1648,149.0,1974-07-26,149.0,1649.0,1.0,True,1.0,1.0
1974-07-26,149.0,1974-07-29,152.5,1649,152.5,1974-07-29,152.5,1650.0,1.0,True,1.0,1.0
1974-07-29,152.5,1974-07-30,160.5,1650,160.5,1974-07-30,160.5,1651.0,1.0,True,1.0,1.0
1974-07-30,160.5,1974-07-31,154.0,1651,154.0,1974-07-31,154.0,1652.0,1.0,True,1.0,1.0
1974-07-31,154.0,1974-08-01,157.5,1652,157.5,1974-08-01,157.5,1653.0,1.0,True,1.0,1.0
1974-08-01,157.5,1974-08-02,156.75,1653,156.75,1974-08-02,156.75,1654.0,1.0,True,1.0,1.0
1974-08-02,156.75,1974-08-05,153.1,1654,153.1,1974-08-05,153.1,1655.0,1.0,True,1.0,1.0
1974-08-05,153.1,1974-08-06,155.5,1655,155.5,1974-08-06,155.5,1656.0,1.0,True,1.0,1.0
1974-08-06,155.5,1974-08-07,154.0,1656,154.0,1974-08-07,154.0,1657.0,1.0,True,1.0,1.0
1974-08-07,154.0,1974-08-08,152.5,1657,152.5,1974-08-08,152.5,1658.0,1.0,True,1.0,1.0
1974-08-08,152.5,1974-08-09,152.25,1658,152.25,1974-08-09,152.25,1659.0,1.0,True,1.0,1.0
1974-08-09,152.25,1974-08-12,153.0,1659,153.0,1974-08-12,153.0,1660.0,1.0,True,1.0,1.0
1974-08-12,153.0,1974-08-13,152.25,1660,152.25,1974-08-13,152.25,1661.0,1.0,True,1.0,1.0
1974-08-13,152.25,1974-08-14,155.5,1661,155.5,1974-08-14,155.5,1662.0,1.0,True,1.0,1.0
1974-08-14,155.5,1974-08-15,155.5,1662,155.5,1974-08-15,155.5,1663.0,1.0,True,1.0,1.0
1974-08-15,155.5,1974-08-16,152.75,1663,152.75,1974-08-16,152.75,1664.0,1.0,True,1.0,1.0
1974-08-16,152.75,1974-08-19,153.0,1664,153.0,1974-08-19,153.0,1665.0,1.0,True,1.0,1.0
1974-08-19,153.0,1974-08-20,155.5,1665,155.5,1974-08-20,155.5,1666.0,1.0,True,1.0,1.0
1974-08-20,155.5,1974-08-21,155.6,1666,155.6,1974-08-21,155.6,1667.0,1.0,True,1.0,1.0
1974-08-21,155.6,1974-08-22,156.0,1667,156.0,1974-08-22,156.0,1668.0,1.0,True,1.0,1.0
1974-08-22,156.0,1974-08-23,154.0,1668,154.0,1974-09-03,158.5,1676.0,8.0,True,0.0,0.0
1974-09-03,158.5,1974-09-04,156.75,1676,156.75,1974-09-04,156.75,1677.0,1.0,True,1.0,1.0
1974-09-04,156.75,1974-09-05,157.5,1677,157.5,1974-09-05,157.5,1678.0,1.0,True,1.0,1.0
1974-09-05,157.5,1974-09-06,157.5,1678,157.5,1974-09-06,157.5,1679.0,1.0,True,1.0,1.0
1974-09-06,157.5,1974-09-09,156.0,1679,156.0,1974-09-09,156.0,1680.0,1.0,True,1.0,1.0
1974-09-09,156.0,1974-09-10,153.5,1680,153.5,1974-09-10,153.5,1681.0,1.0,True,1.0,1.0
1974-09-10,153.5,1974-09-11,152.75,1681,152.75,1974-09-11,152.75,1682.0,1.0,True,1.0,1.0
1974-09-11,152.75,1974-09-12,154.0,1682,154.0,1974-09-12,154.0,1683.0,1.0,True,1.0,1.0
1974-09-12,154.0,1974-09-13,153.4,1683,153.4,1974-09-13,153.4,1684.0,1.0,True,1.0,1.0
1974-09-13,153.4,1974-09-16,152.75,1684,152.75,1974-09-16,152.75,1685.0,1.0,True,1.0,1.0
1974-09-16,152.75,1974-09-17,150.1,1685,150.1,1974-09-17,150.1,1686.0,1.0,True,1.0,1.0
1974-09-17,150.1,1974-09-18,144.0,1686,144.0,1974-09-18,144.0,1687.0,1.0,True,1.0,1.0
1974-09-18,144.0,1974-09-19,149.4,1687,149.4,1974-09-19,149.4,1688.0,1.0,True,1.0,1.0
1974-09-19,149.4,1974-09-20,148.0,1688,148.0,1974-09-20,148.0,1689.0,1.0,True,1.0,1.0
1974-09-20,148.0,1974-09-23,147.75,1689,147.75,1974-09-24,147.75,1691.0,2.0,True,1.0,0.0
1974-09-24,147.75,1974-09-25,147.5,1691,147.5,1974-09-25,147.5,1692.0,1.0,True,1.0,1.0
1974-09-25,147.5,1974-09-26,146.2,1692,146.2,1974-09-26,146.2,1693.0,1.0,True,1.0,1.0
1974-09-26,146.2,1974-09-27,146.0,1693,146.0,1974-09-27,146.0,1694.0,1.0,True,1.0,1.0
1974-09-27,146.0,1974-09-30,147.5,1694,147.5,1974-09-30,147.5,1695.0,1.0,True,1.0,1.0
1974-09-30,147.5,1974-10-01,153.5,1695,153.5,1974-10-01,153.5,1696.0,1.0,True,1.0,1.0
1974-10-01,153.5,1974-10-02,155.0,1696,155.0,1974-10-02,155.0,1697.0,1.0,True,1.0,1.0
1974-10-02,155.0,1974-10-03,154.45,1697,154.45,1974-10-03,154.45,1698.0,1.0,True,1.0,1.0
1974-10-03,154.45,1974-10-04,158.25,1698,158.25,1974-10-04,158.25,1699.0,1.0,True,1.0,1.0
1974-10-04,158.25,1974-10-07,160.0,1699,160.0,1974-10-07,160.0,1700.0,1.0,True,1.0,1.0
1974-10-07,160.0,1974-10-08,155.75,1700,155.75,1974-10-08,155.75,1701.0,1.0,True,1.0,1.0
1974-10-08,155.75,1974-10-09,154.95,1701,154.95,1974-10-09,154.95,1702.0,1.0,True,1.0,1.0
1974-10-09,154.95,1974-10-10,158.4,1702,158.4,1974-10-10,158.4,1703.0,1.0,True,1.0,1.0
1974-10-10,158.4,1974-10-11,156.25,1703,156.25,1974-10-11,156.25,1704.0,1.0,True,1.0,1.0
1974-10-11,156.25,1974-10-14,154.5,1704,154.5,1974-10-14,154.5,1705.0,1.0,True,1.0,1.0
1974-10-14,154.5,1974-10-15,154.2,1705,154.2,1974-10-15,154.2,1706.0,1.0,True,1.0,1.0
1974-10-15,154.2,1974-10-16,155.25,1706,155.25,1974-10-16,155.25,1707.0,1.0,True,1.0,1.0
1974-10-16,155.25,1974-10-17,154.5,1707,154.5,1974-10-17,154.5,1708.0,1.0,True,1.0,1.0
1974-10-17,154.5,1974-10-18,155.0,1708,155.0,1974-10-18,155.0,1709.0,1.0,True,1.0,1.0
1974-10-18,155.0,1974-10-21,157.5,1709,157.5,1974-10-21,157.5,1710.0,1.0,True,1.0,1.0
1974-10-21,157.5,1974-10-22,158.2,1710,158.2,1974-10-22,158.2,1711.0,1.0,True,1.0,1.0
1974-10-22,158.2,1974-10-23,157.75,1711,157.75,1974-10-23,157.75,1712.0,1.0,True,1.0,1.0
1974-10-23,157.75,1974-10-24,158.5,1712,158.5,1974-10-24,158.5,1713.0,1.0,True,1.0,1.0
1974-10-24,158.5,1974-10-25,165.5,1713,165.5,1974-10-25,165.5,1714.0,1.0,True,1.0,1.0
1974-10-25,165.5,1974-10-28,165.0,1714,165.0,1974-10-28,165.0,1715.0,1.0,True,1.0,1.0
1974-10-28,165.0,1974-10-29,169.5,1715,169.5,1974-10-29,169.5,1716.0,1.0,True,1.0,1.0
1974-10-29,169.5,1974-10-30,167.9,1716,167.9,1974-10-30,167.9,1717.0,1.0,True,1.0,1.0
1974-10-30,167.9,1974-10-31,166.4,1717,166.4,1974-10-31,166.4,1718.0,1.0,True,1.0,1.0
1974-10-31,166.4,1974-11-01,168.75,1718,168.75,1974-11-01,168.75,1719.0,1.0,True,1.0,1.0
1974-11-01,168.75,1974-11-04,168.6,1719,168.6,1974-11-04,168.6,1720.0,1.0,True,1.0,1.0
1974-11-04,168.6,1974-11-05,173.5,1720,173.5,1974-11-05,173.5,1721.0,1.0,True,1.0,1.0
1974-11-05,173.5,1974-11-06,177.0,1721,177.0,1974-11-06,177.0,1722.0,1.0,True,1.0,1.0
1974-11-06,177.0,1974-11-07,179.0,1722,179.0,1974-11-07,179.0,1723.0,1.0,True,1.0,1.0
1974-11-07,179.0,1974-11-08,177.5,1723,177.5,1974-11-08,177.5,1724.0,1.0,True,1.0,1.0
1974-11-08,177.5,1974-11-11,182.5,1724,182.5,1974-11-11,182.5,1725.0,1.0,True,1.0,1.0
1974-11-11,182.5,1974-11-12,179.0,1725,179.0,1974-11-12,179.0,1726.0,1.0,True,1.0,1.0
1974-11-12,179.0,1974-11-13,183.0,1726,183.0,1974-11-13,183.0,1727.0,1.0,True,1.0,1.0
1974-11-13,183.0,1974-11-14,186.5,1727,186.5,1974-11-14,186.5,1728.0,1.0,True,1.0,1.0
1974-11-14,186.5,1974-11-15,188.0,1728,188.0,1974-11-15,188.0,1729.0,1.0,True,1.0,1.0
1974-11-15,188.0,1974-11-18,190.0,1729,190.0,1974-11-18,190.0,1730.0,1.0,True,1.0,1.0
1974-11-18,190.0,1974-11-19,189.0,1730,189.0,1974-11-19,189.0,1731.0,1.0,True,1.0,1.0
1974-11-19,189.0,1974-11-20,185.05,1731,185.05,1974-11-20,185.05,1732.0,1.0,True,1.0,1.0
1974-11-20,185.05,1974-11-21,184.75,1732,184.75,1974-11-21,184.75,1733.0,1.0,True,1.0,1.0
1974-11-21,184.75,1974-11-22,181.75,1733,181.75,1974-11-22,181.75,1734.0,1.0,True,1.0,1.0
1974-11-22,181.75,1974-11-25,182.25,1734,182.25,1974-11-25,182.25,1735.0,1.0,True,1.0,1.0
1974-11-25,182.25,1974-11-26,185.75,1735,185.75,1974-11-26,185.75,1736.0,1.0,True,1.0,1.0
1974-11-26,185.75,1974-11-27,185.0,1736,185.0,1974-11-27,185.0,1737.0,1.0,True,1.0,1.0
1974-11-27,185.0,1974-11-28,182.25,1737,182.25,1974-11-28,182.25,1738.0,1.0,True,1.0,1.0
1974-11-28,182.25,1974-11-29,182.0,1738,182.0,1974-11-29,182.0,1739.0,1.0,True,1.0,1.0
1974-11-29,182.0,1974-12-02,185.5,1739,185.5,1974-12-02,185.5,1740.0,1.0,True,1.0,1.0
1974-12-02,185.5,1974-12-03,182.0,1740,182.0,1974-12-03,182.0,1741.0,1.0,True,1.0,1.0
1974-12-03,182.0,1974-12-04,170.5,1741,170.5,1974-12-04,170.5,1742.0,1.0,True,1.0,1.0
1974-12-04,170.5,1974-12-05,175.25,1742,175.25,1974-12-05,175.25,1743.0,1.0,True,1.0,1.0
1974-12-05,175.25,1974-12-06,178.25,1743,178.25,1974-12-06,178.25,1744.0,1.0,True,1.0,1.0
1974-12-06,178.25,1974-12-09,179.25,1744,179.25,1974-12-09,179.25,1745.0,1.0,True,1.0,1.0
1974-12-09,179.25,1974-12-10,178.5,1745,178.5,1974-12-10,178.5,1746.0,1.0,True,1.0,1.0
1974-12-10,178.5,1974-12-11,177.5,1746,177.5,1974-12-11,177.5,1747.0,1.0,True,1.0,1.0
1974-12-11,177.5,1974-12-12,174.0,1747,174.0,1974-12-12,174.0,1748.0,1.0,True,1.0,1.0
1974-12-12,174.0,1974-12-13,178.4,1748,178.4,1974-12-13,178.4,1749.0,1.0,True,1.0,1.0
1974-12-13,178.4,1974-12-16,184.0,1749,184.0,1974-12-16,184.0,1750.0,1.0,True,1.0,1.0
1974-12-16,184.0,1974-12-17,186.75,1750,186.75,1974-12-17,186.75,1751.0,1.0,True,1.0,1.0
1974-12-17,186.75,1974-12-18,188.75,1751,188.75,1974-12-18,188.75,1752.0,1.0,True,1.0,1.0
1974-12-18,188.75,1974-12-19,185.5,1752,185.5,1974-12-19,185.5,1753.0,1.0,True,1.0,1.0
1974-12-19,185.5,1974-12-20,185.5,1753,185.5,1974-12-20,185.5,1754.0,1.0,True,1.0,1.0
1974-12-20,185.5,1974-12-23,192.25,1754,192.25,1974-12-23,192.25,1755.0,1.0,True,1.0,1.0
1974-12-23,192.25,1974-12-24,192.25,1755,192.25,1975-01-09,180.25,1768.0,13.0,True,0.0,0.0
1975-01-09,180.25,1975-01-10,178.75,1768,178.75,1975-01-10,178.75,1769.0,1.0,True,1.0,1.0
1975-01-10,178.75,1975-01-13,180.0,1769,180.0,1975-01-13,180.0,1770.0,1.0,True,1.0,1.0
1975-01-13,180.0,1975-01-14,176.5,1770,176.5,1975-01-14,176.5,1771.0,1.0,True,1.0,1.0
1975-01-14,176.5,1975-01-15,178.9,1771,178.9,1975-01-15,178.9,1772.0,1.0,True,1.0,1.0
1975-01-15,178.9,1975-01-16,177.5,1772,177.5,1975-01-16,177.5,1773.0,1.0,True,1.0,1.0
1975-01-16,177.5,1975-01-17,174.5,1773,174.5,1975-01-17,174.5,1774.0,1.0,True,1.0,1.0
1975-01-17,174.5,1975-01-20,172.75,1774,172.75,1975-01-20,172.75,1775.0,1.0,True,1.0,1.0
1975-01-20,172.75,1975-01-21,177.0,1775,177.0,1975-01-21,177.0,1776.0,1.0,True,1.0,1.0
1975-01-21,177.0,1975-01-22,174.5,1776,174.5,1975-01-24,176.75,1779.0,3.0,True,0.0,0.0
1975-01-24,176.75,1975-01-27,179.5,1779,179.5,1975-01-27,179.5,1780.0,1.0,True,1.0,1.0
1975-01-27,179.5,1975-01-28,176.0,1780,176.0,1975-01-28,176.0,1781.0,1.0,True,1.0,1.0
1975-01-28,176.0,1975-01-29,176.6,1781,176.6,1975-01-30,178.0,1783.0,2.0,True,0.0,0.0
1975-01-30,178.0,1975-01-31,176.25,1783,176.25,1975-01-31,176.25,1784.0,1.0,True,1.0,1.0
1975-01-31,176.25,1975-02-03,177.25,1784,177.25,1975-02-03,177.25,1785.0,1.0,True,1.0,1.0
1975-02-03,177.25,1975-02-04,175.0,1785,175.0,1975-02-04,175.0,1786.0,1.0,True,1.0,1.0
1975-02-04,175.0,1975-02-05,174.85,1786,174.85,1975-02-05,174.85,1787.0,1.0,True,1.0,1.0
1975-02-05,174.85,1975-02-06,173.5,1787,173.5,1975-02-06,173.5,1788.0,1.0,True,1.0,1.0
1975-02-06,173.5,1975-02-07,174.5,1788,174.5,1975-02-07,174.5,1789.0,1.0,True,1.0,1.0
1975-02-07,174.5,1975-02-10,173.5,1789,173.5,1975-02-10,173.5,1790.0,1.0,True,1.0,1.0
1975-02-10,173.5,1975-02-11,174.0,1790,174.0,1975-02-11,174.0,1791.0,1.0,True,1.0,1.0
1975-02-11,174.0,1975-02-12,174.5,1791,174.5,1975-02-12,174.5,1792.0,1.0,True,1.0,1.0
1975-02-12,174.5,1975-02-13,177.25,1792,177.25,1975-02-13,177.25,1793.0,1.0,True,1.0,1.0
1975-02-13,177.25,1975-02-14,184.0,1793,184.0,1975-02-14,184.0,1794.0,1.0,True,1.0,1.0
1975-02-14,184.0,1975-02-17,182.5,1794,182.5,1975-02-17,182.5,1795.0,1.0,True,1.0,1.0
1975-02-17,182.5,1975-02-18,180.4,1795,180.4,1975-02-18,180.4,1796.0,1.0,True,1.0,1.0
1975-02-18,180.4,1975-02-19,182.5,1796,182.5,1975-02-19,182.5,1797.0,1.0,True,1.0,1.0
1975-02-19,182.5,1975-02-20,182.8,1797,182.8,1975-02-20,182.8,1798.0,1.0,True,1.0,1.0
1975-02-20,182.8,1975-02-21,185.1,1798,185.1,1975-02-21,185.1,1799.0,1.0,True,1.0,1.0
1975-02-21,185.1,1975-02-24,184.4,1799,184.4,1975-02-24,184.4,1800.0,1.0,True,1.0,1.0
1975-02-24,184.4,1975-02-25,186.25,1800,186.25,1975-02-25,186.25,1801.0,1.0,True,1.0,1.0
1975-02-25,186.25,1975-02-26,184.25,1801,184.25,1975-02-26,184.25,1802.0,1.0,True,1.0,1.0
1975-02-26,184.25,1975-02-27,182.75,1802,182.75,1975-02-27,182.75,1803.0,1.0,True,1.0,1.0
1975-02-27,182.75,1975-02-28,181.75,1803,181.75,1975-02-28,181.75,1804.0,1.0,True,1.0,1.0
1975-02-28,181.75,1975-03-03,181.6,1804,181.6,1975-03-03,181.6,1805.0,1.0,True,1.0,1.0
1975-03-03,181.6,1975-03-04,181.0,1805,181.0,1975-03-04,181.0,1806.0,1.0,True,1.0,1.0
1975-03-04,181.0,1975-03-05,177.75,1806,177.75,1975-03-05,177.75,1807.0,1.0,True,1.0,1.0
1975-03-05,177.75,1975-03-06,179.25,1807,179.25,1975-03-06,179.25,1808.0,1.0,True,1.0,1.0
1975-03-06,179.25,1975-03-07,179.25,1808,179.25,1975-03-07,179.25,1809.0,1.0,True,1.0,1.0
1975-03-07,179.25,1975-03-10,176.75,1809,176.75,1975-03-10,176.75,1810.0,1.0,True,1.0,1.0
1975-03-10,176.75,1975-03-11,178.5,1810,178.5,1975-03-11,178.5,1811.0,1.0,True,1.0,1.0
1975-03-11,178.5,1975-03-12,178.0,1811,178.0,1975-03-12,178.0,1812.0,1.0,True,1.0,1.0
1975-03-12,178.0,1975-03-13,177.25,1812,177.25,1975-03-13,177.25,1813.0,1.0,True,1.0,1.0
1975-03-13,177.25,1975-03-14,178.25,1813,178.25,1975-03-14,178.25,1814.0,1.0,True,1.0,1.0
1975-03-14,178.25,1975-03-17,177.75,1814,177.75,1975-03-17,177.75,1815.0,1.0,True,1.0,1.0
1975-03-17,177.75,1975-03-18,178.0,1815,178.0,1975-03-18,178.0,1816.0,1.0,True,1.0,1.0
1975-03-18,178.0,1975-03-19,178.25,1816,178.25,1975-03-19,178.25,1817.0,1.0,True,1.0,1.0
1975-03-19,178.25,1975-03-20,178.25,1817,178.25,1975-03-20,178.25,1818.0,1.0,True,1.0,1.0
1975-03-20,178.25,1975-03-21,177.5,1818,177.5,1975-03-21,177.5,1819.0,1.0,True,1.0,1.0
1975-03-21,177.5,1975-03-24,177.25,1819,177.25,1975-03-24,177.25,1820.0,1.0,True,1.0,1.0
1975-03-24,177.25,1975-03-25,176.5,1820,176.5,1975-03-25,176.5,1821.0,1.0,True,1.0,1.0
1975-03-25,176.5,1975-03-26,177.0,1821,177.0,1975-03-26,177.0,1822.0,1.0,True,1.0,1.0
1975-03-26,177.0,1975-03-27,177.75,1822,177.75,1975-04-08,173.5,1831.0,9.0,True,0.0,0.0
1975-04-08,173.5,1975-04-09,173.0,1831,173.0,1975-04-09,173.0,1832.0,1.0,True,1.0,1.0
1975-04-09,173.0,1975-04-10,173.0,1832,173.0,1975-04-10,173.0,1833.0,1.0,True,1.0,1.0
1975-04-10,173.0,1975-04-11,172.5,1833,172.5,1975-04-11,172.5,1834.0,1.0,True,1.0,1.0
1975-04-11,172.5,1975-04-14,171.0,1834,171.0,1975-04-14,171.0,1835.0,1.0,True,1.0,1.0
1975-04-14,171.0,1975-04-15,164.25,1835,164.25,1975-04-15,164.25,1836.0,1.0,True,1.0,1.0
1975-04-15,164.25,1975-04-16,165.0,1836,165.0,1975-04-16,165.0,1837.0,1.0,True,1.0,1.0
1975-04-16,165.0,1975-04-17,167.0,1837,167.0,1975-04-17,167.0,1838.0,1.0,True,1.0,1.0
1975-04-17,167.0,1975-04-18,169.4,1838,169.4,1975-04-18,169.4,1839.0,1.0,True,1.0,1.0
1975-04-18,169.4,1975-04-21,168.0,1839,168.0,1975-04-21,168.0,1840.0,1.0,True,1.0,1.0
1975-04-21,168.0,1975-04-22,164.9,1840,164.9,1975-04-22,164.9,1841.0,1.0,True,1.0,1.0
1975-04-22,164.9,1975-04-23,166.75,1841,166.75,1975-04-23,166.75,1842.0,1.0,True,1.0,1.0
1975-04-23,166.75,1975-04-24,168.75,1842,168.75,1975-04-24,168.75,1843.0,1.0,True,1.0,1.0
1975-04-24,168.75,1975-04-25,166.0,1843,166.0,1975-04-29,166.5,1846.0,3.0,True,0.0,0.0
1975-04-29,166.5,1975-04-30,167.4,1846,167.4,1975-04-30,167.4,1847.0,1.0,True,1.0,1.0
1975-04-30,167.4,1975-05-01,166.25,1847,166.25,1975-05-01,166.25,1848.0,1.0,True,1.0,1.0
1975-05-01,166.25,1975-05-02,165.75,1848,165.75,1975-05-02,165.75,1849.0,1.0,True,1.0,1.0
1975-05-02,165.75,1975-05-05,163.5,1849,163.5,1975-05-05,163.5,1850.0,1.0,True,1.0,1.0
1975-05-05,163.5,1975-05-06,164.5,1850,164.5,1975-05-06,164.5,1851.0,1.0,True,1.0,1.0
1975-05-06,164.5,1975-05-07,164.75,1851,164.75,1975-05-07,164.75,1852.0,1.0,True,1.0,1.0
1975-05-07,164.75,1975-05-08,165.75,1852,165.75,1975-05-08,165.75,1853.0,1.0,True,1.0,1.0
1975-05-08,165.75,1975-05-09,166.0,1853,166.0,1975-05-09,166.0,1854.0,1.0,True,1.0,1.0
1975-05-09,166.0,1975-05-12,165.15,1854,165.15,1975-05-12,165.15,1855.0,1.0,True,1.0,1.0
1975-05-12,165.15,1975-05-13,165.5,1855,165.5,1975-05-13,165.5,1856.0,1.0,True,1.0,1.0
1975-05-13,165.5,1975-05-14,165.9,1856,165.9,1975-05-14,165.9,1857.0,1.0,True,1.0,1.0
1975-05-14,165.9,1975-05-15,166.25,1857,166.25,1975-05-15,166.25,1858.0,1.0,True,1.0,1.0
1975-05-15,166.25,1975-05-16,165.75,1858,165.75,1975-05-16,165.75,1859.0,1.0,True,1.0,1.0
1975-05-16,165.75,1975-05-19,166.75,1859,166.75,1975-05-19,166.75,1860.0,1.0,True,1.0,1.0
1975-05-19,166.75,1975-05-20,166.75,1860,166.75,1975-05-20,166.75,1861.0,1.0,True,1.0,1.0
1975-05-20,166.75,1975-05-21,167.0,1861,167.0,1975-05-21,167.0,1862.0,1.0,True,1.0,1.0
1975-05-21,167.0,1975-05-22,172.75,1862,172.75,1975-05-22,172.75,1863.0,1.0,True,1.0,1.0
1975-05-22,172.75,1975-05-23,172.6,1863,172.6,1975-06-03,164.5,1871.0,8.0,True,0.0,0.0
1975-06-03,164.5,1975-06-04,165.9,1871,165.9,1975-06-04,165.9,1872.0,1.0,True,1.0,1.0
1975-06-04,165.9,1975-06-05,164.5,1872,164.5,1975-06-05,164.5,1873.0,1.0,True,1.0,1.0
1975-06-05,164.5,1975-06-06,165.25,1873,165.25,1975-06-06,165.25,1874.0,1.0,True,1.0,1.0
1975-06-06,165.25,1975-06-09,165.0,1874,165.0,1975-06-09,165.0,1875.0,1.0,True,1.0,1.0
1975-06-09,165.0,1975-06-10,166.0,1875,166.0,1975-06-10,166.0,1876.0,1.0,True,1.0,1.0
1975-06-10,166.0,1975-06-11,165.25,1876,165.25,1975-06-11,165.25,1877.0,1.0,True,1.0,1.0
1975-06-11,165.25,1975-06-12,165.4,1877,165.4,1975-06-12,165.4,1878.0,1.0,True,1.0,1.0
1975-06-12,165.4,1975-06-13,164.75,1878,164.75,1975-06-13,164.75,1879.0,1.0,True,1.0,1.0
1975-06-13,164.75,1975-06-16,164.0,1879,164.0,1975-06-16,164.0,1880.0,1.0,True,1.0,1.0
1975-06-16,164.0,1975-06-17,163.25,1880,163.25,1975-06-17,163.25,1881.0,1.0,True,1.0,1.0
1975-06-17,163.25,1975-06-18,164.1,1881,164.1,1975-06-18,164.1,1882.0,1.0,True,1.0,1.0
1975-06-18,164.1,1975-06-19,163.5,1882,163.5,1975-06-19,163.5,1883.0,1.0,True,1.0,1.0
1975-06-19,163.5,1975-06-20,162.5,1883,162.5,1975-06-20,162.5,1884.0,1.0,True,1.0,1.0
1975-06-20,162.5,1975-06-23,162.5,1884,162.5,1975-06-24,162.25,1886.0,2.0,True,0.0,0.0
1975-06-24,162.25,1975-06-25,163.0,1886,163.0,1975-06-25,163.0,1887.0,1.0,True,1.0,1.0
1975-06-25,163.0,1975-06-26,164.1,1887,164.1,1975-06-26,164.1,1888.0,1.0,True,1.0,1.0
1975-06-26,164.1,1975-06-27,164.25,1888,164.25,1975-06-27,164.25,1889.0,1.0,True,1.0,1.0
1975-06-27,164.25,1975-06-30,166.0,1889,166.0,1975-06-30,166.0,1890.0,1.0,True,1.0,1.0
1975-06-30,166.0,1975-07-01,167.0,1890,167.0,1975-07-01,167.0,1891.0,1.0,True,1.0,1.0
1975-07-01,167.0,1975-07-02,165.0,1891,165.0,1975-07-02,165.0,1892.0,1.0,True,1.0,1.0
1975-07-02,165.0,1975-07-03,164.0,1892,164.0,1975-07-03,164.0,1893.0,1.0,True,1.0,1.0
1975-07-03,164.0,1975-07-04,164.5,1893,164.5,1975-07-04,164.5,1894.0,1.0,True,1.0,1.0
1975-07-04,164.5,1975-07-07,163.0,1894,163.0,1975-07-07,163.0,1895.0,1.0,True,1.0,1.0
1975-07-07,163.0,1975-07-08,162.75,1895,162.75,1975-07-08,162.75,1896.0,1.0,True,1.0,1.0
1975-07-08,162.75,1975-07-09,164.9,1896,164.9,1975-07-09,164.9,1897.0,1.0,True,1.0,1.0
1975-07-09,164.9,1975-07-10,164.5,1897,164.5,1975-07-10,164.5,1898.0,1.0,True,1.0,1.0
1975-07-10,164.5,1975-07-11,163.75,1898,163.75,1975-07-11,163.75,1899.0,1.0,True,1.0,1.0
1975-07-11,163.75,1975-07-14,166.0,1899,166.0,1975-07-14,166.0,1900.0,1.0,True,1.0,1.0
1975-07-14,166.0,1975-07-15,164.9,1900,164.9,1975-07-15,164.9,1901.0,1.0,True,1.0,1.0
1975-07-15,164.9,1975-07-16,164.3,1901,164.3,1975-07-16,164.3,1902.0,1.0,True,1.0,1.0
1975-07-16,164.3,1975-07-17,164.5,1902,164.5,1975-07-17,164.5,1903.0,1.0,True,1.0,1.0
1975-07-17,164.5,1975-07-18,163.4,1903,163.4,1975-07-18,163.4,1904.0,1.0,True,1.0,1.0
1975-07-18,163.4,1975-07-21,163.6,1904,163.6,1975-07-21,163.6,1905.0,1.0,True,1.0,1.0
1975-07-21,163.6,1975-07-22,164.9,1905,164.9,1975-07-22,164.9,1906.0,1.0,True,1.0,1.0
1975-07-22,164.9,1975-07-23,164.35,1906,164.35,1975-07-23,164.35,1907.0,1.0,True,1.0,1.0
1975-07-23,164.35,1975-07-24,164.5,1907,164.5,1975-07-24,164.5,1908.0,1.0,True,1.0,1.0
1975-07-24,164.5,1975-07-25,165.0,1908,165.0,1975-07-25,165.0,1909.0,1.0,True,1.0,1.0
1975-07-25,165.0,1975-07-28,166.75,1909,166.75,1975-07-28,166.75,1910.0,1.0,True,1.0,1.0
1975-07-28,166.75,1975-07-29,167.75,1910,167.75,1975-07-29,167.75,1911.0,1.0,True,1.0,1.0
1975-07-29,167.75,1975-07-30,166.2,1911,166.2,1975-07-30,166.2,1912.0,1.0,True,1.0,1.0
1975-07-30,166.2,1975-07-31,166.4,1912,166.4,1975-07-31,166.4,1913.0,1.0,True,1.0,1.0
1975-07-31,166.4,1975-08-01,166.5,1913,166.5,1975-08-01,166.5,1914.0,1.0,True,1.0,1.0
1975-08-01,166.5,1975-08-04,166.35,1914,166.35,1975-08-04,166.35,1915.0,1.0,True,1.0,1.0
1975-08-04,166.35,1975-08-05,166.25,1915,166.25,1975-08-05,166.25,1916.0,1.0,True,1.0,1.0
1975-08-05,166.25,1975-08-06,165.35,1916,165.35,1975-08-06,165.35,1917.0,1.0,True,1.0,1.0
1975-08-06,165.35,1975-08-07,165.25,1917,165.25,1975-08-07,165.25,1918.0,1.0,True,1.0,1.0
1975-08-07,165.25,1975-08-08,165.0,1918,165.0,1975-08-08,165.0,1919.0,1.0,True,1.0,1.0
1975-08-08,165.0,1975-08-11,162.5,1919,162.5,1975-08-11,162.5,1920.0,1.0,True,1.0,1.0
1975-08-11,162.5,1975-08-12,163.15,1920,163.15,1975-08-12,163.15,1921.0,1.0,True,1.0,1.0
1975-08-12,163.15,1975-08-13,163.25,1921,163.25,1975-08-13,163.25,1922.0,1.0,True,1.0,1.0
1975-08-13,163.25,1975-08-14,162.15,1922,162.15,1975-08-14,162.15,1923.0,1.0,True,1.0,1.0
1975-08-14,162.15,1975-08-15,161.6,1923,161.6,1975-08-15,161.6,1924.0,1.0,True,1.0,1.0
1975-08-15,161.6,1975-08-18,162.25,1924,162.25,1975-08-18,162.25,1925.0,1.0,True,1.0,1.0
1975-08-18,162.25,1975-08-19,161.6,1925,161.6,1975-08-19,161.6,1926.0,1.0,True,1.0,1.0
1975-08-19,161.6,1975-08-20,162.1,1926,162.1,1975-08-20,162.1,1927.0,1.0,True,1.0,1.0
1975-08-20,162.1,1975-08-21,161.65,1927,161.65,1975-08-21,161.65,1928.0,1.0,True,1.0,1.0
1975-08-21,161.65,1975-08-22,161.8,1928,161.8,1975-09-02,153.75,1936.0,8.0,True,0.0,0.0
1975-09-02,153.75,1975-09-03,149.75,1936,149.75,1975-09-03,149.75,1937.0,1.0,True,1.0,1.0
1975-09-03,149.75,1975-09-04,152.0,1937,152.0,1975-09-04,152.0,1938.0,1.0,True,1.0,1.0
1975-09-04,152.0,1975-09-05,152.25,1938,152.25,1975-09-05,152.25,1939.0,1.0,True,1.0,1.0
1975-09-05,152.25,1975-09-08,152.75,1939,152.75,1975-09-08,152.75,1940.0,1.0,True,1.0,1.0
1975-09-08,152.75,1975-09-09,150.55,1940,150.55,1975-09-09,150.55,1941.0,1.0,True,1.0,1.0
1975-09-09,150.55,1975-09-10,150.25,1941,150.25,1975-09-10,150.25,1942.0,1.0,True,1.0,1.0
1975-09-10,150.25,1975-09-11,148.75,1942,148.75,1975-09-11,148.75,1943.0,1.0,True,1.0,1.0
1975-09-11,148.75,1975-09-12,147.9,1943,147.9,1975-09-12,147.9,1944.0,1.0,True,1.0,1.0
1975-09-12,147.9,1975-09-15,148.25,1944,148.25,1975-09-15,148.25,1945.0,1.0,True,1.0,1.0
1975-09-15,148.25,1975-09-16,148.0,1945,148.0,1975-09-16,148.0,1946.0,1.0,True,1.0,1.0
1975-09-16,148.0,1975-09-17,144.85,1946,144.85,1975-09-17,144.85,1947.0,1.0,True,1.0,1.0
1975-09-17,144.85,1975-09-18,142.9,1947,142.9,1975-09-18,142.9,1948.0,1.0,True,1.0,1.0
1975-09-18,142.9,1975-09-19,137.0,1948,137.0,1975-09-19,137.0,1949.0,1.0,True,1.0,1.0
1975-09-19,137.0,1975-09-22,138.0,1949,138.0,1975-09-23,128.75,1951.0,2.0,True,0.0,0.0
1975-09-23,128.75,1975-09-24,133.75,1951,133.75,1975-09-24,133.75,1952.0,1.0,True,1.0,1.0
1975-09-24,133.75,1975-09-25,133.4,1952,133.4,1975-09-25,133.4,1953.0,1.0,True,1.0,1.0
1975-09-25,133.4,1975-09-26,133.5,1953,133.5,1975-09-26,133.5,1954.0,1.0,True,1.0,1.0
1975-09-26,133.5,1975-09-29,136.0,1954,136.0,1975-09-29,136.0,1955.0,1.0,True,1.0,1.0
1975-09-29,136.0,1975-09-30,138.25,1955,138.25,1975-09-30,138.25,1956.0,1.0,True,1.0,1.0
1975-09-30,138.25,1975-10-01,143.75,1956,143.75,1975-10-01,143.75,1957.0,1.0,True,1.0,1.0
1975-10-01,143.75,1975-10-02,144.5,1957,144.5,1975-10-02,144.5,1958.0,1.0,True,1.0,1.0
1975-10-02,144.5,1975-10-03,141.0,1958,141.0,1975-10-03,141.0,1959.0,1.0,True,1.0,1.0
1975-10-03,141.0,1975-10-06,137.5,1959,137.5,1975-10-06,137.5,1960.0,1.0,True,1.0,1.0
1975-10-06,137.5,1975-10-07,142.0,1960,142.0,1975-10-07,142.0,1961.0,1.0,True,1.0,1.0
1975-10-07,142.0,1975-10-08,141.6,1961,141.6,1975-10-08,141.6,1962.0,1.0,True,1.0,1.0
1975-10-08,141.6,1975-10-09,139.3,1962,139.3,1975-10-09,139.3,1963.0,1.0,True,1.0,1.0
1975-10-09,139.3,1975-10-10,141.0,1963,141.0,1975-10-10,141.0,1964.0,1.0,True,1.0,1.0
1975-10-10,141.0,1975-10-13,142.5,1964,142.5,1975-10-13,142.5,1965.0,1.0,True,1.0,1.0
1975-10-13,142.5,1975-10-14,141.25,1965,141.25,1975-10-14,141.25,1966.0,1.0,True,1.0,1.0
1975-10-14,141.25,1975-10-15,142.0,1966,142.0,1975-10-15,142.0,1967.0,1.0,True,1.0,1.0
1975-10-15,142.0,1975-10-16,143.0,1967,143.0,1975-10-16,143.0,1968.0,1.0,True,1.0,1.0
1975-10-16,143.0,1975-10-17,143.75,1968,143.75,1975-10-17,143.75,1969.0,1.0,True,1.0,1.0
1975-10-17,143.75,1975-10-20,143.75,1969,143.75,1975-10-20,143.75,1970.0,1.0,True,1.0,1.0
1975-10-20,143.75,1975-10-21,146.0,1970,146.0,1975-10-21,146.0,1971.0,1.0,True,1.0,1.0
1975-10-21,146.0,1975-10-22,145.25,1971,145.25,1975-10-22,145.25,1972.0,1.0,True,1.0,1.0
1975-10-22,145.25,1975-10-23,145.0,1972,145.0,1975-10-23,145.0,1973.0,1.0,True,1.0,1.0
1975-10-23,145.0,1975-10-24,143.5,1973,143.5,1975-10-24,143.5,1974.0,1.0,True,1.0,1.0
1975-10-24,143.5,1975-10-27,143.6,1974,143.6,1975-10-27,143.6,1975.0,1.0,True,1.0,1.0
1975-10-27,143.6,1975-10-28,141.75,1975,141.75,1975-10-28,141.75,1976.0,1.0,True,1.0,1.0
1975-10-28,141.75,1975-10-29,142.5,1976,142.5,1975-10-29,142.5,1977.0,1.0,True,1.0,1.0
1975-10-29,142.5,1975-10-30,144.0,1977,144.0,1975-10-30,144.0,1978.0,1.0,True,1.0,1.0
1975-10-30,144.0,1975-10-31,143.4,1978,143.4,1975-10-31,143.4,1979.0,1.0,True,1.0,1.0
1975-10-31,143.4,1975-11-03,143.0,1979,143.0,1975-11-03,143.0,1980.0,1.0,True,1.0,1.0
1975-11-03,143.0,1975-11-04,144.0,1980,144.0,1975-11-04,144.0,1981.0,1.0,True,1.0,1.0
1975-11-04,144.0,1975-11-05,144.5,1981,144.5,1975-11-05,144.5,1982.0,1.0,True,1.0,1.0
1975-11-05,144.5,1975-11-06,146.5,1982,146.5,1975-11-06,146.5,1983.0,1.0,True,1.0,1.0
1975-11-06,146.5,1975-11-07,145.0,1983,145.0,1975-11-07,145.0,1984.0,1.0,True,1.0,1.0
1975-11-07,145.0,1975-11-10,144.0,1984,144.0,1975-11-10,144.0,1985.0,1.0,True,1.0,1.0
1975-11-10,144.0,1975-11-11,143.65,1985,143.65,1975-11-11,143.65,1986.0,1.0,True,1.0,1.0
1975-11-11,143.65,1975-11-12,143.4,1986,143.4,1975-11-12,143.4,1987.0,1.0,True,1.0,1.0
1975-11-12,143.4,1975-11-13,143.7,1987,143.7,1975-11-13,143.7,1988.0,1.0,True,1.0,1.0
1975-11-13,143.7,1975-11-14,143.25,1988,143.25,1975-11-14,143.25,1989.0,1.0,True,1.0,1.0
1975-11-14,143.25,1975-11-17,142.1,1989,142.1,1975-11-17,142.1,1990.0,1.0,True,1.0,1.0
1975-11-17,142.1,1975-11-18,140.4,1990,140.4,1975-11-18,140.4,1991.0,1.0,True,1.0,1.0
1975-11-18,140.4,1975-11-19,140.95,1991,140.95,1975-11-19,140.95,1992.0,1.0,True,1.0,1.0
1975-11-19,140.95,1975-11-20,142.25,1992,142.25,1975-11-20,142.25,1993.0,1.0,True,1.0,1.0
1975-11-20,142.25,1975-11-21,141.85,1993,141.85,1975-11-21,141.85,1994.0,1.0,True,1.0,1.0
1975-11-21,141.85,1975-11-24,141.35,1994,141.35,1975-11-24,141.35,1995.0,1.0,True,1.0,1.0
1975-11-24,141.35,1975-11-25,141.9,1995,141.9,1975-11-25,141.9,1996.0,1.0,True,1.0,1.0
1975-11-25,141.9,1975-11-26,141.25,1996,141.25,1975-11-26,141.25,1997.0,1.0,True,1.0,1.0
1975-11-26,141.25,1975-11-27,140.0,1997,140.0,1975-11-27,140.0,1998.0,1.0,True,1.0,1.0
1975-11-27,140.0,1975-11-28,138.25,1998,138.25,1975-11-28,138.25,1999.0,1.0,True,1.0,1.0
1975-11-28,138.25,1975-12-01,138.15,1999,138.15,1975-12-01,138.15,2000.0,1.0,True,1.0,1.0
1975-12-01,138.15,1975-12-02,137.85,2000,137.85,1975-12-02,137.85,2001.0,1.0,True,1.0,1.0
1975-12-02,137.85,1975-12-03,139.1,2001,139.1,1975-12-03,139.1,2002.0,1.0,True,1.0,1.0
1975-12-03,139.1,1975-12-04,138.5,2002,138.5,1975-12-04,138.5,2003.0,1.0,True,1.0,1.0
1975-12-04,138.5,1975-12-05,138.25,2003,138.25,1975-12-05,138.25,2004.0,1.0,True,1.0,1.0
1975-12-05,138.25,1975-12-08,137.9,2004,137.9,1975-12-08,137.9,2005.0,1.0,True,1.0,1.0
1975-12-08,137.9,1975-12-09,137.0,2005,137.0,1975-12-09,137.0,2006.0,1.0,True,1.0,1.0
1975-12-09,137.0,1975-12-10,139.0,2006,139.0,1975-12-10,139.0,2007.0,1.0,True,1.0,1.0
1975-12-10,139.0,1975-12-11,139.4,2007,139.4,1975-12-11,139.4,2008.0,1.0,True,1.0,1.0
1975-12-11,139.4,1975-12-12,139.35,2008,139.35,1975-12-12,139.35,2009.0,1.0,True,1.0,1.0
1975-12-12,139.35,1975-12-15,138.65,2009,138.65,1975-12-15,138.65,2010.0,1.0,True,1.0,1.0
1975-12-15,138.65,1975-12-16,138.65,2010,138.65,1975-12-16,138.65,2011.0,1.0,True,1.0,1.0
1975-12-16,138.65,1975-12-17,138.75,2011,138.75,1975-12-17,138.75,2012.0,1.0,True,1.0,1.0
1975-12-17,138.75,1975-12-18,139.15,2012,139.15,1975-12-18,139.15,2013.0,1.0,True,1.0,1.0
1975-12-18,139.15,1975-12-19,138.9,2013,138.9,1975-12-19,138.9,2014.0,1.0,True,1.0,1.0
1975-12-19,138.9,1975-12-22,142.0,2014,142.0,1975-12-22,142.0,2015.0,1.0,True,1.0,1.0
1975-12-22,142.0,1975-12-23,141.25,2015,141.25,1975-12-23,141.25,2016.0,1.0,True,1.0,1.0
1975-12-23,141.25,1975-12-24,140.5,2016,140.5,1976-01-09,136.2,2029.0,13.0,True,0.0,0.0
1976-01-09,136.2,1976-01-12,136.5,2029,136.5,1976-01-12,136.5,2030.0,1.0,True,1.0,1.0
1976-01-12,136.5,1976-01-13,135.6,2030,135.6,1976-01-13,135.6,2031.0,1.0,True,1.0,1.0
1976-01-13,135.6,1976-01-14,131.0,2031,131.0,1976-01-14,131.0,2032.0,1.0,True,1.0,1.0
1976-01-14,131.0,1976-01-15,131.65,2032,131.65,1976-01-15,131.65,2033.0,1.0,True,1.0,1.0
1976-01-15,131.65,1976-01-16,129.6,2033,129.6,1976-01-16,129.6,2034.0,1.0,True,1.0,1.0
1976-01-16,129.6,1976-01-19,129.35,2034,129.35,1976-01-19,129.35,2035.0,1.0,True,1.0,1.0
1976-01-19,129.35,1976-01-20,126.0,2035,126.0,1976-01-20,126.0,2036.0,1.0,True,1.0,1.0
1976-01-20,126.0,1976-01-21,124.5,2036,124.5,1976-01-21,124.5,2037.0,1.0,True,1.0,1.0
1976-01-21,124.5,1976-01-22,124.0,2037,124.0,1976-01-26,126.65,2040.0,3.0,True,0.0,0.0
1976-01-26,126.65,1976-01-27,126.4,2040,126.4,1976-01-27,126.4,2041.0,1.0,True,1.0,1.0
1976-01-27,126.4,1976-01-28,127.0,2041,127.0,1976-01-28,127.0,2042.0,1.0,True,1.0,1.0
1976-01-28,127.0,1976-01-29,129.0,2042,129.0,1976-01-30,128.0,2044.0,2.0,True,0.0,0.0
1976-01-30,128.0,1976-02-02,128.4,2044,128.4,1976-02-02,128.4,2045.0,1.0,True,1.0,1.0
1976-02-02,128.4,1976-02-03,131.65,2045,131.65,1976-02-03,131.65,2046.0,1.0,True,1.0,1.0
1976-02-03,131.65,1976-02-04,130.4,2046,130.4,1976-02-04,130.4,2047.0,1.0,True,1.0,1.0
1976-02-04,130.4,1976-02-05,128.75,2047,128.75,1976-02-05,128.75,2048.0,1.0,True,1.0,1.0
1976-02-05,128.75,1976-02-06,131.15,2048,131.15,1976-02-06,131.15,2049.0,1.0,True,1.0,1.0
1976-02-06,131.15,1976-02-09,130.75,2049,130.75,1976-02-09,130.75,2050.0,1.0,True,1.0,1.0
1976-02-09,130.75,1976-02-10,128.85,2050,128.85,1976-02-10,128.85,2051.0,1.0,True,1.0,1.0
1976-02-10,128.85,1976-02-11,130.4,2051,130.4,1976-02-11,130.4,2052.0,1.0,True,1.0,1.0
1976-02-11,130.4,1976-02-12,130.0,2052,130.0,1976-02-12,130.0,2053.0,1.0,True,1.0,1.0
1976-02-12,130.0,1976-02-13,131.3,2053,131.3,1976-02-13,131.3,2054.0,1.0,True,1.0,1.0
1976-02-13,131.3,1976-02-16,131.6,2054,131.6,1976-02-16,131.6,2055.0,1.0,True,1.0,1.0
1976-02-16,131.6,1976-02-17,130.5,2055,130.5,1976-02-17,130.5,2056.0,1.0,True,1.0,1.0
1976-02-17,130.5,1976-02-18,131.2,2056,131.2,1976-02-18,131.2,2057.0,1.0,True,1.0,1.0
1976-02-18,131.2,1976-02-19,131.0,2057,131.0,1976-02-19,131.0,2058.0,1.0,True,1.0,1.0
1976-02-19,131.0,1976-02-20,131.0,2058,131.0,1976-02-20,131.0,2059.0,1.0,True,1.0,1.0
1976-02-20,131.0,1976-02-23,131.5,2059,131.5,1976-02-23,131.5,2060.0,1.0,True,1.0,1.0
1976-02-23,131.5,1976-02-24,132.15,2060,132.15,1976-02-24,132.15,2061.0,1.0,True,1.0,1.0
1976-02-24,132.15,1976-02-25,133.65,2061,133.65,1976-02-25,133.65,2062.0,1.0,True,1.0,1.0
1976-02-25,133.65,1976-02-26,132.25,2062,132.25,1976-02-26,132.25,2063.0,1.0,True,1.0,1.0
1976-02-26,132.25,1976-02-27,132.3,2063,132.3,1976-02-27,132.3,2064.0,1.0,True,1.0,1.0
1976-02-27,132.3,1976-03-01,132.45,2064,132.45,1976-03-01,132.45,2065.0,1.0,True,1.0,1.0
1976-03-01,132.45,1976-03-02,131.55,2065,131.55,1976-03-02,131.55,2066.0,1.0,True,1.0,1.0
1976-03-02,131.55,1976-03-03,132.5,2066,132.5,1976-03-03,132.5,2067.0,1.0,True,1.0,1.0
1976-03-03,132.5,1976-03-04,132.0,2067,132.0,1976-03-04,132.0,2068.0,1.0,True,1.0,1.0
1976-03-04,132.0,1976-03-05,133.2,2068,133.2,1976-03-05,133.2,2069.0,1.0,True,1.0,1.0
1976-03-05,133.2,1976-03-08,133.15,2069,133.15,1976-03-08,133.15,2070.0,1.0,True,1.0,1.0
1976-03-08,133.15,1976-03-09,132.9,2070,132.9,1976-03-09,132.9,2071.0,1.0,True,1.0,1.0
1976-03-09,132.9,1976-03-10,133.3,2071,133.3,1976-03-10,133.3,2072.0,1.0,True,1.0,1.0
1976-03-10,133.3,1976-03-11,134.0,2072,134.0,1976-03-11,134.0,2073.0,1.0,True,1.0,1.0
1976-03-11,134.0,1976-03-12,133.3,2073,133.3,1976-03-12,133.3,2074.0,1.0,True,1.0,1.0
1976-03-12,133.3,1976-03-15,133.9,2074,133.9,1976-03-15,133.9,2075.0,1.0,True,1.0,1.0
1976-03-15,133.9,1976-03-16,133.35,2075,133.35,1976-03-16,133.35,2076.0,1.0,True,1.0,1.0
1976-03-16,133.35,1976-03-17,133.25,2076,133.25,1976-03-17,133.25,2077.0,1.0,True,1.0,1.0
1976-03-17,133.25,1976-03-18,134.3,2077,134.3,1976-03-18,134.3,2078.0,1.0,True,1.0,1.0
1976-03-18,134.3,1976-03-19,133.45,2078,133.45,1976-03-19,133.45,2079.0,1.0,True,1.0,1.0
1976-03-19,133.45,1976-03-22,134.0,2079,134.0,1976-03-22,134.0,2080.0,1.0,True,1.0,1.0
1976-03-22,134.0,1976-03-23,133.2,2080,133.2,1976-03-23,133.2,2081.0,1.0,True,1.0,1.0
1976-03-23,133.2,1976-03-24,133.25,2081,133.25,1976-03-24,133.25,2082.0,1.0,True,1.0,1.0
1976-03-24,133.25,1976-03-25,133.1,2082,133.1,1976-03-25,133.1,2083.0,1.0,True,1.0,1.0
1976-03-25,133.1,1976-03-26,132.2,2083,132.2,1976-03-26,132.2,2084.0,1.0,True,1.0,1.0
1976-03-26,132.2,1976-03-29,131.1,2084,131.1,1976-03-29,131.1,2085.0,1.0,True,1.0,1.0
1976-03-29,131.1,1976-03-30,128.6,2085,128.6,1976-03-30,128.6,2086.0,1.0,True,1.0,1.0
1976-03-30,128.6,1976-03-31,129.5,2086,129.5,1976-03-31,129.5,2087.0,1.0,True,1.0,1.0
1976-03-31,129.5,1976-04-01,129.15,2087,129.15,1976-04-01,129.15,2088.0,1.0,True,1.0,1.0
1976-04-01,129.15,1976-04-02,129.25,2088,129.25,1976-04-02,129.25,2089.0,1.0,True,1.0,1.0
1976-04-02,129.25,1976-04-05,127.7,2089,127.7,1976-04-05,127.7,2090.0,1.0,True,1.0,1.0
1976-04-05,127.7,1976-04-06,128.1,2090,128.1,1976-04-06,128.1,2091.0,1.0,True,1.0,1.0
1976-04-06,128.1,1976-04-07,127.4,2091,127.4,1976-04-07,127.4,2092.0,1.0,True,1.0,1.0
1976-04-07,127.4,1976-04-08,127.45,2092,127.45,1976-04-08,127.45,2093.0,1.0,True,1.0,1.0
1976-04-08,127.45,1976-04-09,128.3,2093,128.3,1976-04-09,128.3,2094.0,1.0,True,1.0,1.0
1976-04-09,128.3,1976-04-12,127.1,2094,127.1,1976-04-12,127.1,2095.0,1.0,True,1.0,1.0
1976-04-12,127.1,1976-04-13,128.0,2095,128.0,1976-04-13,128.0,2096.0,1.0,True,1.0,1.0
1976-04-13,128.0,1976-04-14,127.9,2096,127.9,1976-04-14,127.9,2097.0,1.0,True,1.0,1.0
1976-04-14,127.9,1976-04-15,127.6,2097,127.6,1976-04-27,127.75,2106.0,9.0,True,0.0,0.0
1976-04-27,127.75,1976-04-28,128.6,2106,128.6,1976-04-28,128.6,2107.0,1.0,True,1.0,1.0
1976-04-28,128.6,1976-04-29,128.0,2107,128.0,1976-04-29,128.0,2108.0,1.0,True,1.0,1.0
1976-04-29,128.0,1976-04-30,128.15,2108,128.15,1976-04-30,128.15,2109.0,1.0,True,1.0,1.0
1976-04-30,128.15,1976-05-03,128.25,2109,128.25,1976-05-03,128.25,2110.0,1.0,True,1.0,1.0
1976-05-03,128.25,1976-05-04,128.25,2110,128.25,1976-05-04,128.25,2111.0,1.0,True,1.0,1.0
1976-05-04,128.25,1976-05-05,127.4,2111,127.4,1976-05-05,127.4,2112.0,1.0,True,1.0,1.0
1976-05-05,127.4,1976-05-06,126.9,2112,126.9,1976-05-06,126.9,2113.0,1.0,True,1.0,1.0
1976-05-06,126.9,1976-05-07,128.15,2113,128.15,1976-05-07,128.15,2114.0,1.0,True,1.0,1.0
1976-05-07,128.15,1976-05-10,128.25,2114,128.25,1976-05-10,128.25,2115.0,1.0,True,1.0,1.0
1976-05-10,128.25,1976-05-11,128.0,2115,128.0,1976-05-11,128.0,2116.0,1.0,True,1.0,1.0
1976-05-11,128.0,1976-05-12,127.85,2116,127.85,1976-05-12,127.85,2117.0,1.0,True,1.0,1.0
1976-05-12,127.85,1976-05-13,127.5,2117,127.5,1976-05-13,127.5,2118.0,1.0,True,1.0,1.0
1976-05-13,127.5,1976-05-14,127.7,2118,127.7,1976-05-18,127.6,2121.0,3.0,True,0.0,0.0
1976-05-18,127.6,1976-05-19,127.15,2121,127.15,1976-05-19,127.15,2122.0,1.0,True,1.0,1.0
1976-05-19,127.15,1976-05-20,125.6,2122,125.6,1976-05-20,125.6,2123.0,1.0,True,1.0,1.0
1976-05-20,125.6,1976-05-21,125.8,2123,125.8,1976-05-21,125.8,2124.0,1.0,True,1.0,1.0
1976-05-21,125.8,1976-05-24,125.6,2124,125.6,1976-05-24,125.6,2125.0,1.0,True,1.0,1.0
1976-05-24,125.6,1976-05-25,124.5,2125,124.5,1976-05-25,124.5,2126.0,1.0,True,1.0,1.0
1976-05-25,124.5,1976-05-26,124.4,2126,124.4,1976-05-26,124.4,2127.0,1.0,True,1.0,1.0
1976-05-26,124.4,1976-05-27,126.4,2127,126.4,1976-05-27,126.4,2128.0,1.0,True,1.0,1.0
1976-05-27,126.4,1976-05-28,125.25,2128,125.25,1976-06-08,126.9,2136.0,8.0,True,0.0,0.0
1976-06-08,126.9,1976-06-09,126.9,2136,126.9,1976-06-09,126.9,2137.0,1.0,True,1.0,1.0
1976-06-09,126.9,1976-06-10,126.75,2137,126.75,1976-06-10,126.75,2138.0,1.0,True,1.0,1.0
1976-06-10,126.75,1976-06-11,126.3,2138,126.3,1976-06-11,126.3,2139.0,1.0,True,1.0,1.0
1976-06-11,126.3,1976-06-14,125.8,2139,125.8,1976-06-14,125.8,2140.0,1.0,True,1.0,1.0
1976-06-14,125.8,1976-06-15,125.75,2140,125.75,1976-06-15,125.75,2141.0,1.0,True,1.0,1.0
1976-06-15,125.75,1976-06-16,125.1,2141,125.1,1976-06-16,125.1,2142.0,1.0,True,1.0,1.0
1976-06-16,125.1,1976-06-17,125.45,2142,125.45,1976-06-17,125.45,2143.0,1.0,True,1.0,1.0
1976-06-17,125.45,1976-06-18,125.6,2143,125.6,1976-06-18,125.6,2144.0,1.0,True,1.0,1.0
1976-06-18,125.6,1976-06-21,125.6,2144,125.6,1976-06-21,125.6,2145.0,1.0,True,1.0,1.0
1976-06-21,125.6,1976-06-22,125.5,2145,125.5,1976-06-22,125.5,2146.0,1.0,True,1.0,1.0
1976-06-22,125.5,1976-06-23,125.0,2146,125.0,1976-06-23,125.0,2147.0,1.0,True,1.0,1.0
1976-06-23,125.0,1976-06-24,124.5,2147,124.5,1976-06-24,124.5,2148.0,1.0,True,1.0,1.0
1976-06-24,124.5,1976-06-25,124.8,2148,124.8,1976-06-25,124.8,2149.0,1.0,True,1.0,1.0
1976-06-25,124.8,1976-06-28,124.3,2149,124.3,1976-06-29,123.9,2151.0,2.0,True,0.0,0.0
1976-06-29,123.9,1976-06-30,123.8,2151,123.8,1976-06-30,123.8,2152.0,1.0,True,1.0,1.0
1976-06-30,123.8,1976-07-01,123.25,2152,123.25,1976-07-01,123.25,2153.0,1.0,True,1.0,1.0
1976-07-01,123.25,1976-07-02,123.1,2153,123.1,1976-07-02,123.1,2154.0,1.0,True,1.0,1.0
1976-07-02,123.1,1976-07-05,123.1,2154,123.1,1976-07-05,123.1,2155.0,1.0,True,1.0,1.0
1976-07-05,123.1,1976-07-06,123.05,2155,123.05,1976-07-06,123.05,2156.0,1.0,True,1.0,1.0
1976-07-06,123.05,1976-07-07,123.2,2156,123.2,1976-07-07,123.2,2157.0,1.0,True,1.0,1.0
1976-07-07,123.2,1976-07-08,123.1,2157,123.1,1976-07-08,123.1,2158.0,1.0,True,1.0,1.0
1976-07-08,123.1,1976-07-09,122.6,2158,122.6,1976-07-09,122.6,2159.0,1.0,True,1.0,1.0
1976-07-09,122.6,1976-07-12,122.2,2159,122.2,1976-07-12,122.2,2160.0,1.0,True,1.0,1.0
1976-07-12,122.2,1976-07-13,122.0,2160,122.0,1976-07-13,122.0,2161.0,1.0,True,1.0,1.0
1976-07-13,122.0,1976-07-14,122.25,2161,122.25,1976-07-14,122.25,2162.0,1.0,True,1.0,1.0
1976-07-14,122.25,1976-07-15,121.8,2162,121.8,1976-07-15,121.8,2163.0,1.0,True,1.0,1.0
1976-07-15,121.8,1976-07-16,119.1,2163,119.1,1976-07-16,119.1,2164.0,1.0,True,1.0,1.0
1976-07-16,119.1,1976-07-19,117.75,2164,117.75,1976-07-19,117.75,2165.0,1.0,True,1.0,1.0
1976-07-19,117.75,1976-07-20,110.0,2165,110.0,1976-07-20,110.0,2166.0,1.0,True,1.0,1.0
1976-07-20,110.0,1976-07-21,110.0,2166,110.0,1976-07-21,110.0,2167.0,1.0,True,1.0,1.0
1976-07-21,110.0,1976-07-22,111.25,2167,111.25,1976-07-22,111.25,2168.0,1.0,True,1.0,1.0
1976-07-22,111.25,1976-07-23,110.3,2168,110.3,1976-07-23,110.3,2169.0,1.0,True,1.0,1.0
1976-07-23,110.3,1976-07-26,111.1,2169,111.1,1976-07-26,111.1,2170.0,1.0,True,1.0,1.0
1976-07-26,111.1,1976-07-27,112.9,2170,112.9,1976-07-27,112.9,2171.0,1.0,True,1.0,1.0
1976-07-27,112.9,1976-07-28,115.35,2171,115.35,1976-07-28,115.35,2172.0,1.0,True,1.0,1.0
1976-07-28,115.35,1976-07-29,113.25,2172,113.25,1976-07-29,113.25,2173.0,1.0,True,1.0,1.0
1976-07-29,113.25,1976-07-30,112.4,2173,112.4,1976-07-30,112.4,2174.0,1.0,True,1.0,1.0
1976-07-30,112.4,1976-08-02,111.5,2174,111.5,1976-08-02,111.5,2175.0,1.0,True,1.0,1.0
1976-08-02,111.5,1976-08-03,111.8,2175,111.8,1976-08-03,111.8,2176.0,1.0,True,1.0,1.0
1976-08-03,111.8,1976-08-04,112.8,2176,112.8,1976-08-04,112.8,2177.0,1.0,True,1.0,1.0
1976-08-04,112.8,1976-08-05,112.75,2177,112.75,1976-08-05,112.75,2178.0,1.0,True,1.0,1.0
1976-08-05,112.75,1976-08-06,112.8,2178,112.8,1976-08-06,112.8,2179.0,1.0,True,1.0,1.0
1976-08-06,112.8,1976-08-09,112.8,2179,112.8,1976-08-09,112.8,2180.0,1.0,True,1.0,1.0
1976-08-09,112.8,1976-08-10,113.4,2180,113.4,1976-08-10,113.4,2181.0,1.0,True,1.0,1.0
1976-08-10,113.4,1976-08-11,113.65,2181,113.65,1976-08-11,113.65,2182.0,1.0,True,1.0,1.0
1976-08-11,113.65,1976-08-12,113.4,2182,113.4,1976-08-12,113.4,2183.0,1.0,True,1.0,1.0
1976-08-12,113.4,1976-08-13,113.0,2183,113.0,1976-08-13,113.0,2184.0,1.0,True,1.0,1.0
1976-08-13,113.0,1976-08-16,113.35,2184,113.35,1976-08-16,113.35,2185.0,1.0,True,1.0,1.0
1976-08-16,113.35,1976-08-17,112.85,2185,112.85,1976-08-17,112.85,2186.0,1.0,True,1.0,1.0
1976-08-17,112.85,1976-08-18,110.25,2186,110.25,1976-08-18,110.25,2187.0,1.0,True,1.0,1.0
1976-08-18,110.25,1976-08-19,109.15,2187,109.15,1976-08-19,109.15,2188.0,1.0,True,1.0,1.0
1976-08-19,109.15,1976-08-20,109.0,2188,109.0,1976-08-20,109.0,2189.0,1.0,True,1.0,1.0
1976-08-20,109.0,1976-08-23,107.3,2189,107.3,1976-08-23,107.3,2190.0,1.0,True,1.0,1.0
1976-08-23,107.3,1976-08-24,105.1,2190,105.1,1976-08-24,105.1,2191.0,1.0,True,1.0,1.0
1976-08-24,105.1,1976-08-25,103.5,2191,103.5,1976-08-25,103.5,2192.0,1.0,True,1.0,1.0
1976-08-25,103.5,1976-08-26,105.5,2192,105.5,1976-08-26,105.5,2193.0,1.0,True,1.0,1.0
1976-08-26,105.5,1976-08-27,104.2,2193,104.2,1976-09-07,113.0,2201.0,8.0,True,0.0,0.0
1976-09-07,113.0,1976-09-08,113.0,2201,113.0,1976-09-08,113.0,2202.0,1.0,True,1.0,1.0
1976-09-08,113.0,1976-09-09,111.75,2202,111.75,1976-09-09,111.75,2203.0,1.0,True,1.0,1.0
1976-09-09,111.75,1976-09-10,114.0,2203,114.0,1976-09-10,114.0,2204.0,1.0,True,1.0,1.0
1976-09-10,114.0,1976-09-13,113.95,2204,113.95,1976-09-13,113.95,2205.0,1.0,True,1.0,1.0
1976-09-13,113.95,1976-09-14,112.9,2205,112.9,1976-09-14,112.9,2206.0,1.0,True,1.0,1.0
1976-09-14,112.9,1976-09-15,109.5,2206,109.5,1976-09-15,109.5,2207.0,1.0,True,1.0,1.0
1976-09-15,109.5,1976-09-16,115.3,2207,115.3,1976-09-16,115.3,2208.0,1.0,True,1.0,1.0
1976-09-16,115.3,1976-09-17,116.85,2208,116.85,1976-09-17,116.85,2209.0,1.0,True,1.0,1.0
1976-09-17,116.85,1976-09-20,115.1,2209,115.1,1976-09-20,115.1,2210.0,1.0,True,1.0,1.0
1976-09-20,115.1,1976-09-21,118.6,2210,118.6,1976-09-21,118.6,2211.0,1.0,True,1.0,1.0
1976-09-21,118.6,1976-09-22,120.75,2211,120.75,1976-09-22,120.75,2212.0,1.0,True,1.0,1.0
1976-09-22,120.75,1976-09-23,119.0,2212,119.0,1976-09-23,119.0,2213.0,1.0,True,1.0,1.0
1976-09-23,119.0,1976-09-24,118.45,2213,118.45,1976-09-24,118.45,2214.0,1.0,True,1.0,1.0
1976-09-24,118.45,1976-09-27,118.75,2214,118.75,1976-09-28,117.75,2216.0,2.0,True,0.0,0.0
1976-09-28,117.75,1976-09-29,116.5,2216,116.5,1976-09-29,116.5,2217.0,1.0,True,1.0,1.0
1976-09-29,116.5,1976-09-30,116.1,2217,116.1,1976-09-30,116.1,2218.0,1.0,True,1.0,1.0
1976-09-30,116.1,1976-10-01,116.25,2218,116.25,1976-10-01,116.25,2219.0,1.0,True,1.0,1.0
1976-10-01,116.25,1976-10-04,114.9,2219,114.9,1976-10-04,114.9,2220.0,1.0,True,1.0,1.0
1976-10-04,114.9,1976-10-05,114.3,2220,114.3,1976-10-05,114.3,2221.0,1.0,True,1.0,1.0
1976-10-05,114.3,1976-10-06,114.75,2221,114.75,1976-10-06,114.75,2222.0,1.0,True,1.0,1.0
1976-10-06,114.75,1976-10-07,116.25,2222,116.25,1976-10-07,116.25,2223.0,1.0,True,1.0,1.0
1976-10-07,116.25,1976-10-08,114.55,2223,114.55,1976-10-08,114.55,2224.0,1.0,True,1.0,1.0
1976-10-08,114.55,1976-10-11,113.65,2224,113.65,1976-10-11,113.65,2225.0,1.0,True,1.0,1.0
1976-10-11,113.65,1976-10-12,114.75,2225,114.75,1976-10-12,114.75,2226.0,1.0,True,1.0,1.0
1976-10-12,114.75,1976-10-13,114.25,2226,114.25,1976-10-13,114.25,2227.0,1.0,True,1.0,1.0
1976-10-13,114.25,1976-10-14,114.9,2227,114.9,1976-10-14,114.9,2228.0,1.0,True,1.0,1.0
1976-10-14,114.9,1976-10-15,115.0,2228,115.0,1976-10-15,115.0,2229.0,1.0,True,1.0,1.0
1976-10-15,115.0,1976-10-18,116.2,2229,116.2,1976-10-18,116.2,2230.0,1.0,True,1.0,1.0
1976-10-18,116.2,1976-10-19,115.6,2230,115.6,1976-10-19,115.6,2231.0,1.0,True,1.0,1.0
1976-10-19,115.6,1976-10-20,114.85,2231,114.85,1976-10-20,114.85,2232.0,1.0,True,1.0,1.0
1976-10-20,114.85,1976-10-21,115.4,2232,115.4,1976-10-21,115.4,2233.0,1.0,True,1.0,1.0
1976-10-21,115.4,1976-10-22,116.15,2233,116.15,1976-10-22,116.15,2234.0,1.0,True,1.0,1.0
1976-10-22,116.15,1976-10-25,115.65,2234,115.65,1976-10-25,115.65,2235.0,1.0,True,1.0,1.0
1976-10-25,115.65,1976-10-26,117.15,2235,117.15,1976-10-26,117.15,2236.0,1.0,True,1.0,1.0
1976-10-26,117.15,1976-10-27,117.65,2236,117.65,1976-10-27,117.65,2237.0,1.0,True,1.0,1.0
1976-10-27,117.65,1976-10-28,123.5,2237,123.5,1976-10-28,123.5,2238.0,1.0,True,1.0,1.0
1976-10-28,123.5,1976-10-29,122.3,2238,122.3,1976-10-29,122.3,2239.0,1.0,True,1.0,1.0
1976-10-29,122.3,1976-11-01,122.0,2239,122.0,1976-11-01,122.0,2240.0,1.0,True,1.0,1.0
1976-11-01,122.0,1976-11-02,122.2,2240,122.2,1976-11-02,122.2,2241.0,1.0,True,1.0,1.0
1976-11-02,122.2,1976-11-03,124.0,2241,124.0,1976-11-03,124.0,2242.0,1.0,True,1.0,1.0
1976-11-03,124.0,1976-11-04,124.5,2242,124.5,1976-11-04,124.5,2243.0,1.0,True,1.0,1.0
1976-11-04,124.5,1976-11-05,125.6,2243,125.6,1976-11-05,125.6,2244.0,1.0,True,1.0,1.0
1976-11-05,125.6,1976-11-08,130.0,2244,130.0,1976-11-08,130.0,2245.0,1.0,True,1.0,1.0
1976-11-08,130.0,1976-11-09,130.25,2245,130.25,1976-11-09,130.25,2246.0,1.0,True,1.0,1.0
1976-11-09,130.25,1976-11-10,135.9,2246,135.9,1976-11-10,135.9,2247.0,1.0,True,1.0,1.0
1976-11-10,135.9,1976-11-11,135.0,2247,135.0,1976-11-11,135.0,2248.0,1.0,True,1.0,1.0
1976-11-11,135.0,1976-11-12,135.0,2248,135.0,1976-11-12,135.0,2249.0,1.0,True,1.0,1.0
1976-11-12,135.0,1976-11-15,138.2,2249,138.2,1976-11-15,138.2,2250.0,1.0,True,1.0,1.0
1976-11-15,138.2,1976-11-16,134.75,2250,134.75,1976-11-16,134.75,2251.0,1.0,True,1.0,1.0
1976-11-16,134.75,1976-11-17,131.7,2251,131.7,1976-11-17,131.7,2252.0,1.0,True,1.0,1.0
1976-11-17,131.7,1976-11-18,129.1,2252,129.1,1976-11-18,129.1,2253.0,1.0,True,1.0,1.0
1976-11-18,129.1,1976-11-19,131.15,2253,131.15,1976-11-19,131.15,2254.0,1.0,True,1.0,1.0
1976-11-19,131.15,1976-11-22,132.75,2254,132.75,1976-11-22,132.75,2255.0,1.0,True,1.0,1.0
1976-11-22,132.75,1976-11-23,134.15,2255,134.15,1976-11-23,134.15,2256.0,1.0,True,1.0,1.0
1976-11-23,134.15,1976-11-24,131.1,2256,131.1,1976-11-24,131.1,2257.0,1.0,True,1.0,1.0
1976-11-24,131.1,1976-11-25,131.3,2257,131.3,1976-11-25,131.3,2258.0,1.0,True,1.0,1.0
1976-11-25,131.3,1976-11-26,130.0,2258,130.0,1976-11-26,130.0,2259.0,1.0,True,1.0,1.0
1976-11-26,130.0,1976-11-29,128.75,2259,128.75,1976-11-29,128.75,2260.0,1.0,True,1.0,1.0
1976-11-29,128.75,1976-11-30,130.1,2260,130.1,1976-11-30,130.1,2261.0,1.0,True,1.0,1.0
1976-11-30,130.1,1976-12-01,130.5,2261,130.5,1976-12-01,130.5,2262.0,1.0,True,1.0,1.0
1976-12-01,130.5,1976-12-02,131.15,2262,131.15,1976-12-02,131.15,2263.0,1.0,True,1.0,1.0
1976-12-02,131.15,1976-12-03,131.0,2263,131.0,1976-12-03,131.0,2264.0,1.0,True,1.0,1.0
1976-12-03,131.0,1976-12-06,133.0,2264,133.0,1976-12-06,133.0,2265.0,1.0,True,1.0,1.0
1976-12-06,133.0,1976-12-07,134.2,2265,134.2,1976-12-07,134.2,2266.0,1.0,True,1.0,1.0
1976-12-07,134.2,1976-12-08,134.65,2266,134.65,1976-12-08,134.65,2267.0,1.0,True,1.0,1.0
1976-12-08,134.65,1976-12-09,136.0,2267,136.0,1976-12-09,136.0,2268.0,1.0,True,1.0,1.0
1976-12-09,136.0,1976-12-10,137.0,2268,137.0,1976-12-10,137.0,2269.0,1.0,True,1.0,1.0
1976-12-10,137.0,1976-12-13,136.0,2269,136.0,1976-12-13,136.0,2270.0,1.0,True,1.0,1.0
1976-12-13,136.0,1976-12-14,134.1,2270,134.1,1976-12-14,134.1,2271.0,1.0,True,1.0,1.0
1976-12-14,134.1,1976-12-15,134.9,2271,134.9,1976-12-15,134.9,2272.0,1.0,True,1.0,1.0
1976-12-15,134.9,1976-12-16,133.0,2272,133.0,1976-12-16,133.0,2273.0,1.0,True,1.0,1.0
1976-12-16,133.0,1976-12-17,133.15,2273,133.15,1976-12-17,133.15,2274.0,1.0,True,1.0,1.0
1976-12-17,133.15,1976-12-20,131.5,2274,131.5,1976-12-20,131.5,2275.0,1.0,True,1.0,1.0
1976-12-20,131.5,1976-12-21,133.75,2275,133.75,1976-12-21,133.75,2276.0,1.0,True,1.0,1.0
1976-12-21,133.75,1976-12-22,133.9,2276,133.9,1976-12-22,133.9,2277.0,1.0,True,1.0,1.0
1976-12-22,133.9,1976-12-23,132.9,2277,132.9,1976-12-23,132.9,2278.0,1.0,True,1.0,1.0
1976-12-23,132.9,1976-12-24,133.05,2278,133.05,1977-01-11,129.4,2291.0,13.0,True,0.0,0.0
1977-01-11,129.4,1977-01-12,130.45,2291,130.45,1977-01-12,130.45,2292.0,1.0,True,1.0,1.0
1977-01-12,130.45,1977-01-13,131.65,2292,131.65,1977-01-13,131.65,2293.0,1.0,True,1.0,1.0
1977-01-13,131.65,1977-01-14,131.25,2293,131.25,1977-01-14,131.25,2294.0,1.0,True,1.0,1.0
1977-01-14,131.25,1977-01-17,131.0,2294,131.0,1977-01-17,131.0,2295.0,1.0,True,1.0,1.0
1977-01-17,131.0,1977-01-18,132.65,2295,132.65,1977-01-18,132.65,2296.0,1.0,True,1.0,1.0
1977-01-18,132.65,1977-01-19,132.4,2296,132.4,1977-01-19,132.4,2297.0,1.0,True,1.0,1.0
1977-01-19,132.4,1977-01-20,132.75,2297,132.75,1977-01-20,132.75,2298.0,1.0,True,1.0,1.0
1977-01-20,132.75,1977-01-21,133.0,2298,133.0,1977-01-21,133.0,2299.0,1.0,True,1.0,1.0
1977-01-21,133.0,1977-01-24,132.3,2299,132.3,1977-01-26,132.95,2302.0,3.0,True,0.0,0.0
1977-01-26,132.95,1977-01-27,132.2,2302,132.2,1977-01-27,132.2,2303.0,1.0,True,1.0,1.0
1977-01-27,132.2,1977-01-28,131.3,2303,131.3,1977-01-28,131.3,2304.0,1.0,True,1.0,1.0
1977-01-28,131.3,1977-01-31,132.1,2304,132.1,1977-02-01,132.85,2306.0,2.0,True,0.0,0.0
1977-02-01,132.85,1977-02-02,131.8,2306,131.8,1977-02-02,131.8,2307.0,1.0,True,1.0,1.0
1977-02-02,131.8,1977-02-03,132.6,2307,132.6,1977-02-03,132.6,2308.0,1.0,True,1.0,1.0
1977-02-03,132.6,1977-02-04,132.4,2308,132.4,1977-02-04,132.4,2309.0,1.0,True,1.0,1.0
1977-02-04,132.4,1977-02-07,133.3,2309,133.3,1977-02-07,133.3,2310.0,1.0,True,1.0,1.0
1977-02-07,133.3,1977-02-08,135.0,2310,135.0,1977-02-08,135.0,2311.0,1.0,True,1.0,1.0
1977-02-08,135.0,1977-02-09,136.25,2311,136.25,1977-02-09,136.25,2312.0,1.0,True,1.0,1.0
1977-02-09,136.25,1977-02-10,136.2,2312,136.2,1977-02-10,136.2,2313.0,1.0,True,1.0,1.0
1977-02-10,136.2,1977-02-11,135.15,2313,135.15,1977-02-11,135.15,2314.0,1.0,True,1.0,1.0
1977-02-11,135.15,1977-02-14,136.3,2314,136.3,1977-02-14,136.3,2315.0,1.0,True,1.0,1.0
1977-02-14,136.3,1977-02-15,135.9,2315,135.9,1977-02-15,135.9,2316.0,1.0,True,1.0,1.0
1977-02-15,135.9,1977-02-16,135.95,2316,135.95,1977-02-16,135.95,2317.0,1.0,True,1.0,1.0
1977-02-16,135.95,1977-02-17,136.45,2317,136.45,1977-02-17,136.45,2318.0,1.0,True,1.0,1.0
1977-02-17,136.45,1977-02-18,136.6,2318,136.6,1977-02-18,136.6,2319.0,1.0,True,1.0,1.0
1977-02-18,136.6,1977-02-21,137.25,2319,137.25,1977-02-21,137.25,2320.0,1.0,True,1.0,1.0
1977-02-21,137.25,1977-02-22,137.5,2320,137.5,1977-02-22,137.5,2321.0,1.0,True,1.0,1.0
1977-02-22,137.5,1977-02-23,138.15,2321,138.15,1977-02-23,138.15,2322.0,1.0,True,1.0,1.0
1977-02-23,138.15,1977-02-24,140.5,2322,140.5,1977-02-24,140.5,2323.0,1.0,True,1.0,1.0
1977-02-24,140.5,1977-02-25,140.85,2323,140.85,1977-02-25,140.85,2324.0,1.0,True,1.0,1.0
1977-02-25,140.85,1977-02-28,142.25,2324,142.25,1977-02-28,142.25,2325.0,1.0,True,1.0,1.0
1977-02-28,142.25,1977-03-01,142.1,2325,142.1,1977-03-01,142.1,2326.0,1.0,True,1.0,1.0
1977-03-01,142.1,1977-03-02,144.9,2326,144.9,1977-03-02,144.9,2327.0,1.0,True,1.0,1.0
1977-03-02,144.9,1977-03-03,145.35,2327,145.35,1977-03-03,145.35,2328.0,1.0,True,1.0,1.0
1977-03-03,145.35,1977-03-04,145.0,2328,145.0,1977-03-04,145.0,2329.0,1.0,True,1.0,1.0
1977-03-04,145.0,1977-03-07,147.75,2329,147.75,1977-03-07,147.75,2330.0,1.0,True,1.0,1.0
1977-03-07,147.75,1977-03-08,147.7,2330,147.7,1977-03-08,147.7,2331.0,1.0,True,1.0,1.0
1977-03-08,147.7,1977-03-09,146.25,2331,146.25,1977-03-09,146.25,2332.0,1.0,True,1.0,1.0
1977-03-09,146.25,1977-03-10,147.4,2332,147.4,1977-03-10,147.4,2333.0,1.0,True,1.0,1.0
1977-03-10,147.4,1977-03-11,145.75,2333,145.75,1977-03-11,145.75,2334.0,1.0,True,1.0,1.0
1977-03-11,145.75,1977-03-14,145.65,2334,145.65,1977-03-14,145.65,2335.0,1.0,True,1.0,1.0
1977-03-14,145.65,1977-03-15,146.1,2335,146.1,1977-03-15,146.1,2336.0,1.0,True,1.0,1.0
1977-03-15,146.1,1977-03-16,147.5,2336,147.5,1977-03-16,147.5,2337.0,1.0,True,1.0,1.0
1977-03-16,147.5,1977-03-17,148.4,2337,148.4,1977-03-17,148.4,2338.0,1.0,True,1.0,1.0
1977-03-17,148.4,1977-03-18,150.25,2338,150.25,1977-03-18,150.25,2339.0,1.0,True,1.0,1.0
1977-03-18,150.25,1977-03-21,151.4,2339,151.4,1977-03-21,151.4,2340.0,1.0,True,1.0,1.0
1977-03-21,151.4,1977-03-22,151.35,2340,151.35,1977-03-22,151.35,2341.0,1.0,True,1.0,1.0
1977-03-22,151.35,1977-03-23,152.2,2341,152.2,1977-03-23,152.2,2342.0,1.0,True,1.0,1.0
1977-03-23,152.2,1977-03-24,153.25,2342,153.25,1977-03-24,153.25,2343.0,1.0,True,1.0,1.0
1977-03-24,153.25,1977-03-25,153.6,2343,153.6,1977-03-25,153.6,2344.0,1.0,True,1.0,1.0
1977-03-25,153.6,1977-03-28,151.2,2344,151.2,1977-03-28,151.2,2345.0,1.0,True,1.0,1.0
1977-03-28,151.2,1977-03-29,150.0,2345,150.0,1977-03-29,150.0,2346.0,1.0,True,1.0,1.0
1977-03-29,150.0,1977-03-30,148.9,2346,148.9,1977-03-30,148.9,2347.0,1.0,True,1.0,1.0
1977-03-30,148.9,1977-03-31,149.8,2347,149.8,1977-03-31,149.8,2348.0,1.0,True,1.0,1.0
1977-03-31,149.8,1977-04-01,148.25,2348,148.25,1977-04-01,148.25,2349.0,1.0,True,1.0,1.0
1977-04-01,148.25,1977-04-04,149.75,2349,149.75,1977-04-04,149.75,2350.0,1.0,True,1.0,1.0
1977-04-04,149.75,1977-04-05,148.85,2350,148.85,1977-04-05,148.85,2351.0,1.0,True,1.0,1.0
1977-04-05,148.85,1977-04-06,147.2,2351,147.2,1977-04-06,147.2,2352.0,1.0,True,1.0,1.0
1977-04-06,147.2,1977-04-07,148.9,2352,148.9,1977-04-19,150.7,2361.0,9.0,True,0.0,0.0
1977-04-19,150.7,1977-04-20,149.6,2361,149.6,1977-04-20,149.6,2362.0,1.0,True,1.0,1.0
1977-04-20,149.6,1977-04-21,148.1,2362,148.1,1977-04-21,148.1,2363.0,1.0,True,1.0,1.0
1977-04-21,148.1,1977-04-22,149.6,2363,149.6,1977-04-22,149.6,2364.0,1.0,True,1.0,1.0
1977-04-22,149.6,1977-04-25,149.3,2364,149.3,1977-04-25,149.3,2365.0,1.0,True,1.0,1.0
1977-04-25,149.3,1977-04-26,147.25,2365,147.25,1977-04-26,147.25,2366.0,1.0,True,1.0,1.0
1977-04-26,147.25,1977-04-27,147.5,2366,147.5,1977-04-27,147.5,2367.0,1.0,True,1.0,1.0
1977-04-27,147.5,1977-04-28,146.6,2367,146.6,1977-04-28,146.6,2368.0,1.0,True,1.0,1.0
1977-04-28,146.6,1977-04-29,146.5,2368,146.5,1977-04-29,146.5,2369.0,1.0,True,1.0,1.0
1977-04-29,146.5,1977-05-02,147.5,2369,147.5,1977-05-02,147.5,2370.0,1.0,True,1.0,1.0
1977-05-02,147.5,1977-05-03,148.15,2370,148.15,1977-05-03,148.15,2371.0,1.0,True,1.0,1.0
1977-05-03,148.15,1977-05-04,147.6,2371,147.6,1977-05-04,147.6,2372.0,1.0,True,1.0,1.0
1977-05-04,147.6,1977-05-05,147.0,2372,147.0,1977-05-05,147.0,2373.0,1.0,True,1.0,1.0
1977-05-05,147.0,1977-05-06,147.75,2373,147.75,1977-05-10,147.85,2376.0,3.0,True,0.0,0.0
1977-05-10,147.85,1977-05-11,147.6,2376,147.6,1977-05-11,147.6,2377.0,1.0,True,1.0,1.0
1977-05-11,147.6,1977-05-12,147.1,2377,147.1,1977-05-12,147.1,2378.0,1.0,True,1.0,1.0
1977-05-12,147.1,1977-05-13,147.6,2378,147.6,1977-05-13,147.6,2379.0,1.0,True,1.0,1.0
1977-05-13,147.6,1977-05-16,147.6,2379,147.6,1977-05-16,147.6,2380.0,1.0,True,1.0,1.0
1977-05-16,147.6,1977-05-17,147.75,2380,147.75,1977-05-17,147.75,2381.0,1.0,True,1.0,1.0
1977-05-17,147.75,1977-05-18,146.85,2381,146.85,1977-05-18,146.85,2382.0,1.0,True,1.0,1.0
1977-05-18,146.85,1977-05-19,146.8,2382,146.8,1977-05-19,146.8,2383.0,1.0,True,1.0,1.0
1977-05-19,146.8,1977-05-20,147.05,2383,147.05,1977-05-20,147.05,2384.0,1.0,True,1.0,1.0
1977-05-20,147.05,1977-05-23,146.55,2384,146.55,1977-05-23,146.55,2385.0,1.0,True,1.0,1.0
1977-05-23,146.55,1977-05-24,144.8,2385,144.8,1977-05-24,144.8,2386.0,1.0,True,1.0,1.0
1977-05-24,144.8,1977-05-25,145.0,2386,145.0,1977-05-25,145.0,2387.0,1.0,True,1.0,1.0
1977-05-25,145.0,1977-05-26,144.35,2387,144.35,1977-05-26,144.35,2388.0,1.0,True,1.0,1.0
1977-05-26,144.35,1977-05-27,143.9,2388,143.9,1977-05-27,143.9,2389.0,1.0,True,1.0,1.0
1977-05-27,143.9,1977-05-30,144.0,2389,144.0,1977-05-30,144.0,2390.0,1.0,True,1.0,1.0
1977-05-30,144.0,1977-05-31,143.2,2390,143.2,1977-05-31,143.2,2391.0,1.0,True,1.0,1.0
1977-05-31,143.2,1977-06-01,143.75,2391,143.75,1977-06-01,143.75,2392.0,1.0,True,1.0,1.0
1977-06-01,143.75,1977-06-02,142.45,2392,142.45,1977-06-02,142.45,2393.0,1.0,True,1.0,1.0
1977-06-02,142.45,1977-06-03,142.6,2393,142.6,1977-06-15,137.2,2402.0,9.0,True,0.0,0.0
1977-06-15,137.2,1977-06-16,139.8,2402,139.8,1977-06-16,139.8,2403.0,1.0,True,1.0,1.0
1977-06-16,139.8,1977-06-17,139.2,2403,139.2,1977-06-17,139.2,2404.0,1.0,True,1.0,1.0
1977-06-17,139.2,1977-06-20,139.5,2404,139.5,1977-06-20,139.5,2405.0,1.0,True,1.0,1.0
1977-06-20,139.5,1977-06-21,141.0,2405,141.0,1977-06-21,141.0,2406.0,1.0,True,1.0,1.0
1977-06-21,141.0,1977-06-22,139.5,2406,139.5,1977-06-22,139.5,2407.0,1.0,True,1.0,1.0
1977-06-22,139.5,1977-06-23,140.2,2407,140.2,1977-06-23,140.2,2408.0,1.0,True,1.0,1.0
1977-06-23,140.2,1977-06-24,140.9,2408,140.9,1977-06-24,140.9,2409.0,1.0,True,1.0,1.0
1977-06-24,140.9,1977-06-27,141.6,2409,141.6,1977-06-27,141.6,2410.0,1.0,True,1.0,1.0
1977-06-27,141.6,1977-06-28,142.7,2410,142.7,1977-06-28,142.7,2411.0,1.0,True,1.0,1.0
1977-06-28,142.7,1977-06-29,142.3,2411,142.3,1977-06-29,142.3,2412.0,1.0,True,1.0,1.0
1977-06-29,142.3,1977-06-30,142.95,2412,142.95,1977-06-30,142.95,2413.0,1.0,True,1.0,1.0
1977-06-30,142.95,1977-07-01,143.05,2413,143.05,1977-07-01,143.05,2414.0,1.0,True,1.0,1.0
1977-07-01,143.05,1977-07-04,140.55,2414,140.55,1977-07-06,141.05,2417.0,3.0,True,0.0,0.0
1977-07-06,141.05,1977-07-07,141.25,2417,141.25,1977-07-07,141.25,2418.0,1.0,True,1.0,1.0
1977-07-07,141.25,1977-07-08,142.2,2418,142.2,1977-07-08,142.2,2419.0,1.0,True,1.0,1.0
1977-07-08,142.2,1977-07-11,141.05,2419,141.05,1977-07-11,141.05,2420.0,1.0,True,1.0,1.0
1977-07-11,141.05,1977-07-12,142.0,2420,142.0,1977-07-12,142.0,2421.0,1.0,True,1.0,1.0
1977-07-12,142.0,1977-07-13,142.75,2421,142.75,1977-07-13,142.75,2422.0,1.0,True,1.0,1.0
1977-07-13,142.75,1977-07-14,144.2,2422,144.2,1977-07-14,144.2,2423.0,1.0,True,1.0,1.0
1977-07-14,144.2,1977-07-15,144.15,2423,144.15,1977-07-15,144.15,2424.0,1.0,True,1.0,1.0
1977-07-15,144.15,1977-07-18,143.75,2424,143.75,1977-07-18,143.75,2425.0,1.0,True,1.0,1.0
1977-07-18,143.75,1977-07-19,145.0,2425,145.0,1977-07-19,145.0,2426.0,1.0,True,1.0,1.0
1977-07-19,145.0,1977-07-20,144.1,2426,144.1,1977-07-20,144.1,2427.0,1.0,True,1.0,1.0
1977-07-20,144.1,1977-07-21,144.2,2427,144.2,1977-07-21,144.2,2428.0,1.0,True,1.0,1.0
1977-07-21,144.2,1977-07-22,144.3,2428,144.3,1977-07-22,144.3,2429.0,1.0,True,1.0,1.0
1977-07-22,144.3,1977-07-25,145.75,2429,145.75,1977-07-25,145.75,2430.0,1.0,True,1.0,1.0
1977-07-25,145.75,1977-07-26,145.55,2430,145.55,1977-07-26,145.55,2431.0,1.0,True,1.0,1.0
1977-07-26,145.55,1977-07-27,145.8,2431,145.8,1977-07-27,145.8,2432.0,1.0,True,1.0,1.0
1977-07-27,145.8,1977-07-28,144.75,2432,144.75,1977-07-28,144.75,2433.0,1.0,True,1.0,1.0
1977-07-28,144.75,1977-07-29,144.5,2433,144.5,1977-07-29,144.5,2434.0,1.0,True,1.0,1.0
1977-07-29,144.5,1977-08-01,144.8,2434,144.8,1977-08-01,144.8,2435.0,1.0,True,1.0,1.0
1977-08-01,144.8,1977-08-02,145.2,2435,145.2,1977-08-02,145.2,2436.0,1.0,True,1.0,1.0
1977-08-02,145.2,1977-08-03,145.85,2436,145.85,1977-08-03,145.85,2437.0,1.0,True,1.0,1.0
1977-08-03,145.85,1977-08-04,146.5,2437,146.5,1977-08-04,146.5,2438.0,1.0,True,1.0,1.0
1977-08-04,146.5,1977-08-05,146.0,2438,146.0,1977-08-05,146.0,2439.0,1.0,True,1.0,1.0
1977-08-05,146.0,1977-08-08,146.15,2439,146.15,1977-08-08,146.15,2440.0,1.0,True,1.0,1.0
1977-08-08,146.15,1977-08-09,146.5,2440,146.5,1977-08-09,146.5,2441.0,1.0,True,1.0,1.0
1977-08-09,146.5,1977-08-10,145.85,2441,145.85,1977-08-10,145.85,2442.0,1.0,True,1.0,1.0
1977-08-10,145.85,1977-08-11,145.75,2442,145.75,1977-08-11,145.75,2443.0,1.0,True,1.0,1.0
1977-08-11,145.75,1977-08-12,145.5,2443,145.5,1977-08-12,145.5,2444.0,1.0,True,1.0,1.0
1977-08-12,145.5,1977-08-15,144.3,2444,144.3,1977-08-15,144.3,2445.0,1.0,True,1.0,1.0
1977-08-15,144.3,1977-08-16,143.35,2445,143.35,1977-08-16,143.35,2446.0,1.0,True,1.0,1.0
1977-08-16,143.35,1977-08-17,144.1,2446,144.1,1977-08-17,144.1,2447.0,1.0,True,1.0,1.0
1977-08-17,144.1,1977-08-18,143.75,2447,143.75,1977-08-18,143.75,2448.0,1.0,True,1.0,1.0
1977-08-18,143.75,1977-08-19,144.4,2448,144.4,1977-08-19,144.4,2449.0,1.0,True,1.0,1.0
1977-08-19,144.4,1977-08-22,144.2,2449,144.2,1977-08-22,144.2,2450.0,1.0,True,1.0,1.0
1977-08-22,144.2,1977-08-23,143.75,2450,143.75,1977-08-23,143.75,2451.0,1.0,True,1.0,1.0
1977-08-23,143.75,1977-08-24,144.0,2451,144.0,1977-08-24,144.0,2452.0,1.0,True,1.0,1.0
1977-08-24,144.0,1977-08-25,144.4,2452,144.4,1977-08-25,144.4,2453.0,1.0,True,1.0,1.0
1977-08-25,144.4,1977-08-26,144.2,2453,144.2,1977-09-06,147.85,2461.0,8.0,True,0.0,0.0
1977-09-06,147.85,1977-09-07,146.85,2461,146.85,1977-09-07,146.85,2462.0,1.0,True,1.0,1.0
1977-09-07,146.85,1977-09-08,147.5,2462,147.5,1977-09-08,147.5,2463.0,1.0,True,1.0,1.0
1977-09-08,147.5,1977-09-09,147.15,2463,147.15,1977-09-09,147.15,2464.0,1.0,True,1.0,1.0
1977-09-09,147.15,1977-09-12,148.0,2464,148.0,1977-09-12,148.0,2465.0,1.0,True,1.0,1.0
1977-09-12,148.0,1977-09-13,147.8,2465,147.8,1977-09-13,147.8,2466.0,1.0,True,1.0,1.0
1977-09-13,147.8,1977-09-14,147.75,2466,147.75,1977-09-14,147.75,2467.0,1.0,True,1.0,1.0
1977-09-14,147.75,1977-09-15,147.85,2467,147.85,1977-09-15,147.85,2468.0,1.0,True,1.0,1.0
1977-09-15,147.85,1977-09-16,147.95,2468,147.95,1977-09-16,147.95,2469.0,1.0,True,1.0,1.0
1977-09-16,147.95,1977-09-19,149.2,2469,149.2,1977-09-19,149.2,2470.0,1.0,True,1.0,1.0
1977-09-19,149.2,1977-09-20,149.3,2470,149.3,1977-09-20,149.3,2471.0,1.0,True,1.0,1.0
1977-09-20,149.3,1977-09-21,150.65,2471,150.65,1977-09-21,150.65,2472.0,1.0,True,1.0,1.0
1977-09-21,150.65,1977-09-22,151.5,2472,151.5,1977-09-22,151.5,2473.0,1.0,True,1.0,1.0
1977-09-22,151.5,1977-09-23,151.4,2473,151.4,1977-09-23,151.4,2474.0,1.0,True,1.0,1.0
1977-09-23,151.4,1977-09-26,152.35,2474,152.35,1977-09-27,152.75,2476.0,2.0,True,0.0,0.0
1977-09-27,152.75,1977-09-28,153.0,2476,153.0,1977-09-28,153.0,2477.0,1.0,True,1.0,1.0
1977-09-28,153.0,1977-09-29,153.0,2477,153.0,1977-09-29,153.0,2478.0,1.0,True,1.0,1.0
1977-09-29,153.0,1977-09-30,153.9,2478,153.9,1977-09-30,153.9,2479.0,1.0,True,1.0,1.0
1977-09-30,153.9,1977-10-03,155.1,2479,155.1,1977-10-03,155.1,2480.0,1.0,True,1.0,1.0
1977-10-03,155.1,1977-10-04,155.1,2480,155.1,1977-10-04,155.1,2481.0,1.0,True,1.0,1.0
1977-10-04,155.1,1977-10-05,155.2,2481,155.2,1977-10-05,155.2,2482.0,1.0,True,1.0,1.0
1977-10-05,155.2,1977-10-06,154.25,2482,154.25,1977-10-06,154.25,2483.0,1.0,True,1.0,1.0
1977-10-06,154.25,1977-10-07,153.6,2483,153.6,1977-10-07,153.6,2484.0,1.0,True,1.0,1.0
1977-10-07,153.6,1977-10-10,156.8,2484,156.8,1977-10-10,156.8,2485.0,1.0,True,1.0,1.0
1977-10-10,156.8,1977-10-11,156.5,2485,156.5,1977-10-11,156.5,2486.0,1.0,True,1.0,1.0
1977-10-11,156.5,1977-10-12,157.7,2486,157.7,1977-10-12,157.7,2487.0,1.0,True,1.0,1.0
1977-10-12,157.7,1977-10-13,157.2,2487,157.2,1977-10-13,157.2,2488.0,1.0,True,1.0,1.0
1977-10-13,157.2,1977-10-14,157.4,2488,157.4,1977-10-14,157.4,2489.0,1.0,True,1.0,1.0
1977-10-14,157.4,1977-10-17,160.8,2489,160.8,1977-10-17,160.8,2490.0,1.0,True,1.0,1.0
1977-10-17,160.8,1977-10-18,160.6,2490,160.6,1977-10-18,160.6,2491.0,1.0,True,1.0,1.0
1977-10-18,160.6,1977-10-19,161.55,2491,161.55,1977-10-19,161.55,2492.0,1.0,True,1.0,1.0
1977-10-19,161.55,1977-10-20,159.65,2492,159.65,1977-10-20,159.65,2493.0,1.0,True,1.0,1.0
1977-10-20,159.65,1977-10-21,160.95,2493,160.95,1977-10-21,160.95,2494.0,1.0,True,1.0,1.0
1977-10-21,160.95,1977-10-24,162.7,2494,162.7,1977-10-24,162.7,2495.0,1.0,True,1.0,1.0
1977-10-24,162.7,1977-10-25,163.5,2495,163.5,1977-10-25,163.5,2496.0,1.0,True,1.0,1.0
1977-10-25,163.5,1977-10-26,163.65,2496,163.65,1977-10-26,163.65,2497.0,1.0,True,1.0,1.0
1977-10-26,163.65,1977-10-27,161.55,2497,161.55,1977-10-27,161.55,2498.0,1.0,True,1.0,1.0
1977-10-27,161.55,1977-10-28,161.2,2498,161.2,1977-10-28,161.2,2499.0,1.0,True,1.0,1.0
1977-10-28,161.2,1977-10-31,160.8,2499,160.8,1977-10-31,160.8,2500.0,1.0,True,1.0,1.0
1977-10-31,160.8,1977-11-01,162.55,2500,162.55,1977-11-01,162.55,2501.0,1.0,True,1.0,1.0
1977-11-01,162.55,1977-11-02,161.75,2501,161.75,1977-11-02,161.75,2502.0,1.0,True,1.0,1.0
1977-11-02,161.75,1977-11-03,163.2,2502,163.2,1977-11-03,163.2,2503.0,1.0,True,1.0,1.0
1977-11-03,163.2,1977-11-04,164.7,2503,164.7,1977-11-04,164.7,2504.0,1.0,True,1.0,1.0
1977-11-04,164.7,1977-11-07,166.5,2504,166.5,1977-11-07,166.5,2505.0,1.0,True,1.0,1.0
1977-11-07,166.5,1977-11-08,164.7,2505,164.7,1977-11-08,164.7,2506.0,1.0,True,1.0,1.0
1977-11-08,164.7,1977-11-09,167.2,2506,167.2,1977-11-09,167.2,2507.0,1.0,True,1.0,1.0
1977-11-09,167.2,1977-11-10,167.0,2507,167.0,1977-11-10,167.0,2508.0,1.0,True,1.0,1.0
1977-11-10,167.0,1977-11-11,168.15,2508,168.15,1977-11-11,168.15,2509.0,1.0,True,1.0,1.0
1977-11-11,168.15,1977-11-14,166.5,2509,166.5,1977-11-14,166.5,2510.0,1.0,True,1.0,1.0
1977-11-14,166.5,1977-11-15,162.25,2510,162.25,1977-11-15,162.25,2511.0,1.0,True,1.0,1.0
1977-11-15,162.25,1977-11-16,161.75,2511,161.75,1977-11-16,161.75,2512.0,1.0,True,1.0,1.0
1977-11-16,161.75,1977-11-17,159.75,2512,159.75,1977-11-17,159.75,2513.0,1.0,True,1.0,1.0
1977-11-17,159.75,1977-11-18,160.2,2513,160.2,1977-11-18,160.2,2514.0,1.0,True,1.0,1.0
1977-11-18,160.2,1977-11-21,158.5,2514,158.5,1977-11-21,158.5,2515.0,1.0,True,1.0,1.0
1977-11-21,158.5,1977-11-22,156.65,2515,156.65,1977-11-22,156.65,2516.0,1.0,True,1.0,1.0
1977-11-22,156.65,1977-11-23,158.5,2516,158.5,1977-11-23,158.5,2517.0,1.0,True,1.0,1.0
1977-11-23,158.5,1977-11-24,159.0,2517,159.0,1977-11-24,159.0,2518.0,1.0,True,1.0,1.0
1977-11-24,159.0,1977-11-25,157.9,2518,157.9,1977-11-25,157.9,2519.0,1.0,True,1.0,1.0
1977-11-25,157.9,1977-11-28,160.5,2519,160.5,1977-11-28,160.5,2520.0,1.0,True,1.0,1.0
1977-11-28,160.5,1977-11-29,159.85,2520,159.85,1977-11-29,159.85,2521.0,1.0,True,1.0,1.0
1977-11-29,159.85,1977-11-30,159.8,2521,159.8,1977-11-30,159.8,2522.0,1.0,True,1.0,1.0
1977-11-30,159.8,1977-12-01,160.1,2522,160.1,1977-12-01,160.1,2523.0,1.0,True,1.0,1.0
1977-12-01,160.1,1977-12-02,158.6,2523,158.6,1977-12-02,158.6,2524.0,1.0,True,1.0,1.0
1977-12-02,158.6,1977-12-05,158.6,2524,158.6,1977-12-05,158.6,2525.0,1.0,True,1.0,1.0
1977-12-05,158.6,1977-12-06,161.25,2525,161.25,1977-12-06,161.25,2526.0,1.0,True,1.0,1.0
1977-12-06,161.25,1977-12-07,160.6,2526,160.6,1977-12-07,160.6,2527.0,1.0,True,1.0,1.0
1977-12-07,160.6,1977-12-08,160.4,2527,160.4,1977-12-08,160.4,2528.0,1.0,True,1.0,1.0
1977-12-08,160.4,1977-12-09,158.8,2528,158.8,1977-12-09,158.8,2529.0,1.0,True,1.0,1.0
1977-12-09,158.8,1977-12-12,158.0,2529,158.0,1977-12-12,158.0,2530.0,1.0,True,1.0,1.0
1977-12-12,158.0,1977-12-13,157.35,2530,157.35,1977-12-13,157.35,2531.0,1.0,True,1.0,1.0
1977-12-13,157.35,1977-12-14,160.4,2531,160.4,1977-12-14,160.4,2532.0,1.0,True,1.0,1.0
1977-12-14,160.4,1977-12-15,159.65,2532,159.65,1977-12-15,159.65,2533.0,1.0,True,1.0,1.0
1977-12-15,159.65,1977-12-16,159.25,2533,159.25,1977-12-16,159.25,2534.0,1.0,True,1.0,1.0
1977-12-16,159.25,1977-12-19,159.75,2534,159.75,1977-12-19,159.75,2535.0,1.0,True,1.0,1.0
1977-12-19,159.75,1977-12-20,159.8,2535,159.8,1977-12-20,159.8,2536.0,1.0,True,1.0,1.0
1977-12-20,159.8,1977-12-21,159.9,2536,159.9,1977-12-21,159.9,2537.0,1.0,True,1.0,1.0
1977-12-21,159.9,1977-12-22,159.9,2537,159.9,1977-12-22,159.9,2538.0,1.0,True,1.0,1.0
1977-12-22,159.9,1977-12-23,162.05,2538,162.05,1978-01-10,173.5,2551.0,13.0,True,0.0,0.0
1978-01-10,173.5,1978-01-11,172.9,2551,172.9,1978-01-11,172.9,2552.0,1.0,True,1.0,1.0
1978-01-11,172.9,1978-01-12,174.2,2552,174.2,1978-01-12,174.2,2553.0,1.0,True,1.0,1.0
1978-01-12,174.2,1978-01-13,172.4,2553,172.4,1978-01-13,172.4,2554.0,1.0,True,1.0,1.0
1978-01-13,172.4,1978-01-16,174.45,2554,174.45,1978-01-16,174.45,2555.0,1.0,True,1.0,1.0
1978-01-16,174.45,1978-01-17,174.25,2555,174.25,1978-01-17,174.25,2556.0,1.0,True,1.0,1.0
1978-01-17,174.25,1978-01-18,172.3,2556,172.3,1978-01-18,172.3,2557.0,1.0,True,1.0,1.0
1978-01-18,172.3,1978-01-19,172.85,2557,172.85,1978-01-19,172.85,2558.0,1.0,True,1.0,1.0
1978-01-19,172.85,1978-01-20,173.3,2558,173.3,1978-01-20,173.3,2559.0,1.0,True,1.0,1.0
1978-01-20,173.3,1978-01-23,174.95,2559,174.95,1978-01-25,177.0,2562.0,3.0,True,0.0,0.0
1978-01-25,177.0,1978-01-26,176.0,2562,176.0,1978-01-26,176.0,2563.0,1.0,True,1.0,1.0
1978-01-26,176.0,1978-01-27,176.15,2563,176.15,1978-01-27,176.15,2564.0,1.0,True,1.0,1.0
1978-01-27,176.15,1978-01-30,175.9,2564,175.9,1978-01-31,175.2,2566.0,2.0,True,0.0,0.0
1978-01-31,175.2,1978-02-01,176.6,2566,176.6,1978-02-01,176.6,2567.0,1.0,True,1.0,1.0
1978-02-01,176.6,1978-02-02,175.0,2567,175.0,1978-02-02,175.0,2568.0,1.0,True,1.0,1.0
1978-02-02,175.0,1978-02-03,175.2,2568,175.2,1978-02-03,175.2,2569.0,1.0,True,1.0,1.0
1978-02-03,175.2,1978-02-06,175.5,2569,175.5,1978-02-06,175.5,2570.0,1.0,True,1.0,1.0
1978-02-06,175.5,1978-02-07,175.7,2570,175.7,1978-02-07,175.7,2571.0,1.0,True,1.0,1.0
1978-02-07,175.7,1978-02-08,175.0,2571,175.0,1978-02-08,175.0,2572.0,1.0,True,1.0,1.0
1978-02-08,175.0,1978-02-09,174.0,2572,174.0,1978-02-09,174.0,2573.0,1.0,True,1.0,1.0
1978-02-09,174.0,1978-02-10,174.0,2573,174.0,1978-02-10,174.0,2574.0,1.0,True,1.0,1.0
1978-02-10,174.0,1978-02-13,176.5,2574,176.5,1978-02-13,176.5,2575.0,1.0,True,1.0,1.0
1978-02-13,176.5,1978-02-14,177.5,2575,177.5,1978-02-14,177.5,2576.0,1.0,True,1.0,1.0
1978-02-14,177.5,1978-02-15,178.55,2576,178.55,1978-02-15,178.55,2577.0,1.0,True,1.0,1.0
1978-02-15,178.55,1978-02-16,179.25,2577,179.25,1978-02-16,179.25,2578.0,1.0,True,1.0,1.0
1978-02-16,179.25,1978-02-17,179.6,2578,179.6,1978-02-17,179.6,2579.0,1.0,True,1.0,1.0
1978-02-17,179.6,1978-02-20,181.6,2579,181.6,1978-02-20,181.6,2580.0,1.0,True,1.0,1.0
1978-02-20,181.6,1978-02-21,181.4,2580,181.4,1978-02-21,181.4,2581.0,1.0,True,1.0,1.0
1978-02-21,181.4,1978-02-22,181.35,2581,181.35,1978-02-22,181.35,2582.0,1.0,True,1.0,1.0
1978-02-22,181.35,1978-02-23,182.6,2582,182.6,1978-02-23,182.6,2583.0,1.0,True,1.0,1.0
1978-02-23,182.6,1978-02-24,183.75,2583,183.75,1978-02-24,183.75,2584.0,1.0,True,1.0,1.0
1978-02-24,183.75,1978-02-27,182.1,2584,182.1,1978-02-27,182.1,2585.0,1.0,True,1.0,1.0
1978-02-27,182.1,1978-02-28,182.0,2585,182.0,1978-02-28,182.0,2586.0,1.0,True,1.0,1.0
1978-02-28,182.0,1978-03-01,183.8,2586,183.8,1978-03-01,183.8,2587.0,1.0,True,1.0,1.0
1978-03-01,183.8,1978-03-02,183.5,2587,183.5,1978-03-02,183.5,2588.0,1.0,True,1.0,1.0
1978-03-02,183.5,1978-03-03,183.8,2588,183.8,1978-03-03,183.8,2589.0,1.0,True,1.0,1.0
1978-03-03,183.8,1978-03-06,184.1,2589,184.1,1978-03-06,184.1,2590.0,1.0,True,1.0,1.0
1978-03-06,184.1,1978-03-07,185.4,2590,185.4,1978-03-07,185.4,2591.0,1.0,True,1.0,1.0
1978-03-07,185.4,1978-03-08,188.8,2591,188.8,1978-03-08,188.8,2592.0,1.0,True,1.0,1.0
1978-03-08,188.8,1978-03-09,187.95,2592,187.95,1978-03-09,187.95,2593.0,1.0,True,1.0,1.0
1978-03-09,187.95,1978-03-10,186.9,2593,186.9,1978-03-10,186.9,2594.0,1.0,True,1.0,1.0
1978-03-10,186.9,1978-03-13,185.2,2594,185.2,1978-03-13,185.2,2595.0,1.0,True,1.0,1.0
1978-03-13,185.2,1978-03-14,187.65,2595,187.65,1978-03-14,187.65,2596.0,1.0,True,1.0,1.0
1978-03-14,187.65,1978-03-15,186.75,2596,186.75,1978-03-15,186.75,2597.0,1.0,True,1.0,1.0
1978-03-15,186.75,1978-03-16,185.55,2597,185.55,1978-03-16,185.55,2598.0,1.0,True,1.0,1.0
1978-03-16,185.55,1978-03-17,184.5,2598,184.5,1978-03-17,184.5,2599.0,1.0,True,1.0,1.0
1978-03-17,184.5,1978-03-20,181.35,2599,181.35,1978-03-20,181.35,2600.0,1.0,True,1.0,1.0
1978-03-20,181.35,1978-03-21,177.25,2600,177.25,1978-03-21,177.25,2601.0,1.0,True,1.0,1.0
1978-03-21,177.25,1978-03-22,178.55,2601,178.55,1978-03-22,178.55,2602.0,1.0,True,1.0,1.0
1978-03-22,178.55,1978-03-23,182.1,2602,182.1,1978-04-04,179.8,2611.0,9.0,True,0.0,0.0
1978-04-04,179.8,1978-04-05,178.65,2611,178.65,1978-04-05,178.65,2612.0,1.0,True,1.0,1.0
1978-04-05,178.65,1978-04-06,182.0,2612,182.0,1978-04-06,182.0,2613.0,1.0,True,1.0,1.0
1978-04-06,182.0,1978-04-07,179.25,2613,179.25,1978-04-07,179.25,2614.0,1.0,True,1.0,1.0
1978-04-07,179.25,1978-04-10,178.7,2614,178.7,1978-04-10,178.7,2615.0,1.0,True,1.0,1.0
1978-04-10,178.7,1978-04-11,179.65,2615,179.65,1978-04-11,179.65,2616.0,1.0,True,1.0,1.0
1978-04-11,179.65,1978-04-12,180.7,2616,180.7,1978-04-12,180.7,2617.0,1.0,True,1.0,1.0
1978-04-12,180.7,1978-04-13,179.4,2617,179.4,1978-04-13,179.4,2618.0,1.0,True,1.0,1.0
1978-04-13,179.4,1978-04-14,178.2,2618,178.2,1978-04-14,178.2,2619.0,1.0,True,1.0,1.0
1978-04-14,178.2,1978-04-17,175.1,2619,175.1,1978-04-17,175.1,2620.0,1.0,True,1.0,1.0
1978-04-17,175.1,1978-04-18,173.3,2620,173.3,1978-04-18,173.3,2621.0,1.0,True,1.0,1.0
1978-04-18,173.3,1978-04-19,173.8,2621,173.8,1978-04-19,173.8,2622.0,1.0,True,1.0,1.0
1978-04-19,173.8,1978-04-20,169.7,2622,169.7,1978-04-20,169.7,2623.0,1.0,True,1.0,1.0
1978-04-20,169.7,1978-04-21,171.0,2623,171.0,1978-04-25,168.0,2626.0,3.0,True,0.0,0.0
1978-04-25,168.0,1978-04-26,168.1,2626,168.1,1978-04-26,168.1,2627.0,1.0,True,1.0,1.0
1978-04-26,168.1,1978-04-27,169.35,2627,169.35,1978-04-27,169.35,2628.0,1.0,True,1.0,1.0
1978-04-27,169.35,1978-04-28,170.0,2628,170.0,1978-05-09,172.15,2636.0,8.0,True,0.0,0.0
1978-05-09,172.15,1978-05-10,173.1,2636,173.1,1978-05-10,173.1,2637.0,1.0,True,1.0,1.0
1978-05-10,173.1,1978-05-11,174.85,2637,174.85,1978-05-11,174.85,2638.0,1.0,True,1.0,1.0
1978-05-11,174.85,1978-05-12,175.1,2638,175.1,1978-05-12,175.1,2639.0,1.0,True,1.0,1.0
1978-05-12,175.1,1978-05-15,175.0,2639,175.0,1978-05-15,175.0,2640.0,1.0,True,1.0,1.0
1978-05-15,175.0,1978-05-16,177.1,2640,177.1,1978-05-16,177.1,2641.0,1.0,True,1.0,1.0
1978-05-16,177.1,1978-05-17,176.4,2641,176.4,1978-05-17,176.4,2642.0,1.0,True,1.0,1.0
1978-05-17,176.4,1978-05-18,176.75,2642,176.75,1978-05-18,176.75,2643.0,1.0,True,1.0,1.0
1978-05-18,176.75,1978-05-19,178.65,2643,178.65,1978-05-19,178.65,2644.0,1.0,True,1.0,1.0
1978-05-19,178.65,1978-05-22,179.35,2644,179.35,1978-05-22,179.35,2645.0,1.0,True,1.0,1.0
1978-05-22,179.35,1978-05-23,180.25,2645,180.25,1978-05-23,180.25,2646.0,1.0,True,1.0,1.0
1978-05-23,180.25,1978-05-24,179.6,2646,179.6,1978-05-24,179.6,2647.0,1.0,True,1.0,1.0
1978-05-24,179.6,1978-05-25,179.35,2647,179.35,1978-05-25,179.35,2648.0,1.0,True,1.0,1.0
1978-05-25,179.35,1978-05-26,178.95,2648,178.95,1978-06-06,181.95,2656.0,8.0,True,0.0,0.0
1978-06-06,181.95,1978-06-07,182.35,2656,182.35,1978-06-07,182.35,2657.0,1.0,True,1.0,1.0
1978-06-07,182.35,1978-06-08,183.4,2657,183.4,1978-06-08,183.4,2658.0,1.0,True,1.0,1.0
1978-06-08,183.4,1978-06-09,181.0,2658,181.0,1978-06-09,181.0,2659.0,1.0,True,1.0,1.0
1978-06-09,181.0,1978-06-12,181.4,2659,181.4,1978-06-12,181.4,2660.0,1.0,True,1.0,1.0
1978-06-12,181.4,1978-06-13,181.6,2660,181.6,1978-06-13,181.6,2661.0,1.0,True,1.0,1.0
1978-06-13,181.6,1978-06-14,183.65,2661,183.65,1978-06-14,183.65,2662.0,1.0,True,1.0,1.0
1978-06-14,183.65,1978-06-15,182.55,2662,182.55,1978-06-15,182.55,2663.0,1.0,True,1.0,1.0
1978-06-15,182.55,1978-06-16,184.0,2663,184.0,1978-06-16,184.0,2664.0,1.0,True,1.0,1.0
1978-06-16,184.0,1978-06-19,184.15,2664,184.15,1978-06-19,184.15,2665.0,1.0,True,1.0,1.0
1978-06-19,184.15,1978-06-20,186.35,2665,186.35,1978-06-20,186.35,2666.0,1.0,True,1.0,1.0
1978-06-20,186.35,1978-06-21,186.1,2666,186.1,1978-06-21,186.1,2667.0,1.0,True,1.0,1.0
1978-06-21,186.1,1978-06-22,185.55,2667,185.55,1978-06-22,185.55,2668.0,1.0,True,1.0,1.0
1978-06-22,185.55,1978-06-23,185.2,2668,185.2,1978-06-23,185.2,2669.0,1.0,True,1.0,1.0
1978-06-23,185.2,1978-06-26,185.1,2669,185.1,1978-06-27,185.1,2671.0,2.0,True,1.0,0.0
1978-06-27,185.1,1978-06-28,185.25,2671,185.25,1978-06-28,185.25,2672.0,1.0,True,1.0,1.0
1978-06-28,185.25,1978-06-29,184.6,2672,184.6,1978-06-29,184.6,2673.0,1.0,True,1.0,1.0
1978-06-29,184.6,1978-06-30,183.2,2673,183.2,1978-06-30,183.2,2674.0,1.0,True,1.0,1.0
1978-06-30,183.2,1978-07-03,183.0,2674,183.0,1978-07-03,183.0,2675.0,1.0,True,1.0,1.0
1978-07-03,183.0,1978-07-04,185.0,2675,185.0,1978-07-04,185.0,2676.0,1.0,True,1.0,1.0
1978-07-04,185.0,1978-07-05,184.4,2676,184.4,1978-07-05,184.4,2677.0,1.0,True,1.0,1.0
1978-07-05,184.4,1978-07-06,183.45,2677,183.45,1978-07-06,183.45,2678.0,1.0,True,1.0,1.0
1978-07-06,183.45,1978-07-07,183.85,2678,183.85,1978-07-07,183.85,2679.0,1.0,True,1.0,1.0
1978-07-07,183.85,1978-07-10,185.5,2679,185.5,1978-07-10,185.5,2680.0,1.0,True,1.0,1.0
1978-07-10,185.5,1978-07-11,185.35,2680,185.35,1978-07-11,185.35,2681.0,1.0,True,1.0,1.0
1978-07-11,185.35,1978-07-12,185.7,2681,185.7,1978-07-12,185.7,2682.0,1.0,True,1.0,1.0
1978-07-12,185.7,1978-07-13,186.7,2682,186.7,1978-07-13,186.7,2683.0,1.0,True,1.0,1.0
1978-07-13,186.7,1978-07-14,186.0,2683,186.0,1978-07-14,186.0,2684.0,1.0,True,1.0,1.0
1978-07-14,186.0,1978-07-17,185.05,2684,185.05,1978-07-17,185.05,2685.0,1.0,True,1.0,1.0
1978-07-17,185.05,1978-07-18,185.4,2685,185.4,1978-07-18,185.4,2686.0,1.0,True,1.0,1.0
1978-07-18,185.4,1978-07-19,185.75,2686,185.75,1978-07-19,185.75,2687.0,1.0,True,1.0,1.0
1978-07-19,185.75,1978-07-20,187.4,2687,187.4,1978-07-20,187.4,2688.0,1.0,True,1.0,1.0
1978-07-20,187.4,1978-07-21,190.75,2688,190.75,1978-07-21,190.75,2689.0,1.0,True,1.0,1.0
1978-07-21,190.75,1978-07-24,195.5,2689,195.5,1978-07-24,195.5,2690.0,1.0,True,1.0,1.0
1978-07-24,195.5,1978-07-25,194.05,2690,194.05,1978-07-25,194.05,2691.0,1.0,True,1.0,1.0
1978-07-25,194.05,1978-07-26,194.7,2691,194.7,1978-07-26,194.7,2692.0,1.0,True,1.0,1.0
1978-07-26,194.7,1978-07-27,194.7,2692,194.7,1978-07-27,194.7,2693.0,1.0,True,1.0,1.0
1978-07-27,194.7,1978-07-28,198.8,2693,198.8,1978-07-28,198.8,2694.0,1.0,True,1.0,1.0
1978-07-28,198.8,1978-07-31,198.9,2694,198.9,1978-07-31,198.9,2695.0,1.0,True,1.0,1.0
1978-07-31,198.9,1978-08-01,207.5,2695,207.5,1978-08-01,207.5,2696.0,1.0,True,1.0,1.0
1978-08-01,207.5,1978-08-02,203.25,2696,203.25,1978-08-02,203.25,2697.0,1.0,True,1.0,1.0
1978-08-02,203.25,1978-08-03,201.75,2697,201.75,1978-08-03,201.75,2698.0,1.0,True,1.0,1.0
1978-08-03,201.75,1978-08-04,201.35,2698,201.35,1978-08-04,201.35,2699.0,1.0,True,1.0,1.0
1978-08-04,201.35,1978-08-07,205.0,2699,205.0,1978-08-07,205.0,2700.0,1.0,True,1.0,1.0
1978-08-07,205.0,1978-08-08,206.75,2700,206.75,1978-08-08,206.75,2701.0,1.0,True,1.0,1.0
1978-08-08,206.75,1978-08-09,208.0,2701,208.0,1978-08-09,208.0,2702.0,1.0,True,1.0,1.0
1978-08-09,208.0,1978-08-10,205.85,2702,205.85,1978-08-10,205.85,2703.0,1.0,True,1.0,1.0
1978-08-10,205.85,1978-08-11,209.85,2703,209.85,1978-08-11,209.85,2704.0,1.0,True,1.0,1.0
1978-08-11,209.85,1978-08-14,212.25,2704,212.25,1978-08-14,212.25,2705.0,1.0,True,1.0,1.0
1978-08-14,212.25,1978-08-15,215.9,2705,215.9,1978-08-15,215.9,2706.0,1.0,True,1.0,1.0
1978-08-15,215.9,1978-08-16,215.7,2706,215.7,1978-08-16,215.7,2707.0,1.0,True,1.0,1.0
1978-08-16,215.7,1978-08-17,210.45,2707,210.45,1978-08-17,210.45,2708.0,1.0,True,1.0,1.0
1978-08-17,210.45,1978-08-18,212.75,2708,212.75,1978-08-18,212.75,2709.0,1.0,True,1.0,1.0
1978-08-18,212.75,1978-08-21,205.15,2709,205.15,1978-08-21,205.15,2710.0,1.0,True,1.0,1.0
1978-08-21,205.15,1978-08-22,207.3,2710,207.3,1978-08-22,207.3,2711.0,1.0,True,1.0,1.0
1978-08-22,207.3,1978-08-23,198.35,2711,198.35,1978-08-23,198.35,2712.0,1.0,True,1.0,1.0
1978-08-23,198.35,1978-08-24,202.7,2712,202.7,1978-08-24,202.7,2713.0,1.0,True,1.0,1.0
1978-08-24,202.7,1978-08-25,198.85,2713,198.85,1978-09-05,211.2,2721.0,8.0,True,0.0,0.0
1978-09-05,211.2,1978-09-06,211.75,2721,211.75,1978-09-06,211.75,2722.0,1.0,True,1.0,1.0
1978-09-06,211.75,1978-09-07,210.85,2722,210.85,1978-09-07,210.85,2723.0,1.0,True,1.0,1.0
1978-09-07,210.85,1978-09-08,208.6,2723,208.6,1978-09-08,208.6,2724.0,1.0,True,1.0,1.0
1978-09-08,208.6,1978-09-11,205.7,2724,205.7,1978-09-11,205.7,2725.0,1.0,True,1.0,1.0
1978-09-11,205.7,1978-09-12,207.15,2725,207.15,1978-09-12,207.15,2726.0,1.0,True,1.0,1.0
1978-09-12,207.15,1978-09-13,206.8,2726,206.8,1978-09-13,206.8,2727.0,1.0,True,1.0,1.0
1978-09-13,206.8,1978-09-14,211.2,2727,211.2,1978-09-14,211.2,2728.0,1.0,True,1.0,1.0
1978-09-14,211.2,1978-09-15,210.65,2728,210.65,1978-09-15,210.65,2729.0,1.0,True,1.0,1.0
1978-09-15,210.65,1978-09-18,209.3,2729,209.3,1978-09-18,209.3,2730.0,1.0,True,1.0,1.0
1978-09-18,209.3,1978-09-19,211.1,2730,211.1,1978-09-19,211.1,2731.0,1.0,True,1.0,1.0
1978-09-19,211.1,1978-09-20,213.5,2731,213.5,1978-09-20,213.5,2732.0,1.0,True,1.0,1.0
1978-09-20,213.5,1978-09-21,215.9,2732,215.9,1978-09-21,215.9,2733.0,1.0,True,1.0,1.0
1978-09-21,215.9,1978-09-22,214.35,2733,214.35,1978-09-22,214.35,2734.0,1.0,True,1.0,1.0
1978-09-22,214.35,1978-09-25,216.65,2734,216.65,1978-09-26,219.1,2736.0,2.0,True,0.0,0.0
1978-09-26,219.1,1978-09-27,217.15,2736,217.15,1978-09-27,217.15,2737.0,1.0,True,1.0,1.0
1978-09-27,217.15,1978-09-28,217.45,2737,217.45,1978-09-28,217.45,2738.0,1.0,True,1.0,1.0
1978-09-28,217.45,1978-09-29,217.45,2738,217.45,1978-09-29,217.45,2739.0,1.0,True,1.0,1.0
1978-09-29,217.45,1978-10-02,217.0,2739,217.0,1978-10-02,217.0,2740.0,1.0,True,1.0,1.0
1978-10-02,217.0,1978-10-03,218.8,2740,218.8,1978-10-03,218.8,2741.0,1.0,True,1.0,1.0
1978-10-03,218.8,1978-10-04,223.0,2741,223.0,1978-10-04,223.0,2742.0,1.0,True,1.0,1.0
1978-10-04,223.0,1978-10-05,223.4,2742,223.4,1978-10-05,223.4,2743.0,1.0,True,1.0,1.0
1978-10-05,223.4,1978-10-06,223.2,2743,223.2,1978-10-06,223.2,2744.0,1.0,True,1.0,1.0
1978-10-06,223.2,1978-10-09,222.45,2744,222.45,1978-10-09,222.45,2745.0,1.0,True,1.0,1.0
1978-10-09,222.45,1978-10-10,223.6,2745,223.6,1978-10-10,223.6,2746.0,1.0,True,1.0,1.0
1978-10-10,223.6,1978-10-11,226.0,2746,226.0,1978-10-11,226.0,2747.0,1.0,True,1.0,1.0
1978-10-11,226.0,1978-10-12,227.2,2747,227.2,1978-10-12,227.2,2748.0,1.0,True,1.0,1.0
1978-10-12,227.2,1978-10-13,225.05,2748,225.05,1978-10-13,225.05,2749.0,1.0,True,1.0,1.0
1978-10-13,225.05,1978-10-16,224.3,2749,224.3,1978-10-16,224.3,2750.0,1.0,True,1.0,1.0
1978-10-16,224.3,1978-10-17,228.0,2750,228.0,1978-10-17,228.0,2751.0,1.0,True,1.0,1.0
1978-10-17,228.0,1978-10-18,229.25,2751,229.25,1978-10-18,229.25,2752.0,1.0,True,1.0,1.0
1978-10-18,229.25,1978-10-19,227.0,2752,227.0,1978-10-19,227.0,2753.0,1.0,True,1.0,1.0
1978-10-19,227.0,1978-10-20,227.45,2753,227.45,1978-10-20,227.45,2754.0,1.0,True,1.0,1.0
1978-10-20,227.45,1978-10-23,229.0,2754,229.0,1978-10-23,229.0,2755.0,1.0,True,1.0,1.0
1978-10-23,229.0,1978-10-24,226.3,2755,226.3,1978-10-24,226.3,2756.0,1.0,True,1.0,1.0
1978-10-24,226.3,1978-10-25,230.1,2756,230.1,1978-10-25,230.1,2757.0,1.0,True,1.0,1.0
1978-10-25,230.1,1978-10-26,233.3,2757,233.3,1978-10-26,233.3,2758.0,1.0,True,1.0,1.0
1978-10-26,233.3,1978-10-27,234.15,2758,234.15,1978-10-27,234.15,2759.0,1.0,True,1.0,1.0
1978-10-27,234.15,1978-10-30,241.3,2759,241.3,1978-10-30,241.3,2760.0,1.0,True,1.0,1.0
1978-10-30,241.3,1978-10-31,243.65,2760,243.65,1978-10-31,243.65,2761.0,1.0,True,1.0,1.0
1978-10-31,243.65,1978-11-01,238.65,2761,238.65,1978-11-01,238.65,2762.0,1.0,True,1.0,1.0
1978-11-01,238.65,1978-11-02,220.4,2762,220.4,1978-11-02,220.4,2763.0,1.0,True,1.0,1.0
1978-11-02,220.4,1978-11-03,219.55,2763,219.55,1978-11-03,219.55,2764.0,1.0,True,1.0,1.0
1978-11-03,219.55,1978-11-06,208.25,2764,208.25,1978-11-06,208.25,2765.0,1.0,True,1.0,1.0
1978-11-06,208.25,1978-11-07,214.4,2765,214.4,1978-11-07,214.4,2766.0,1.0,True,1.0,1.0
1978-11-07,214.4,1978-11-08,221.75,2766,221.75,1978-11-08,221.75,2767.0,1.0,True,1.0,1.0
1978-11-08,221.75,1978-11-09,216.6,2767,216.6,1978-11-09,216.6,2768.0,1.0,True,1.0,1.0
1978-11-09,216.6,1978-11-10,209.6,2768,209.6,1978-11-10,209.6,2769.0,1.0,True,1.0,1.0
1978-11-10,209.6,1978-11-13,209.1,2769,209.1,1978-11-13,209.1,2770.0,1.0,True,1.0,1.0
1978-11-13,209.1,1978-11-14,210.6,2770,210.6,1978-11-14,210.6,2771.0,1.0,True,1.0,1.0
1978-11-14,210.6,1978-11-15,207.0,2771,207.0,1978-11-15,207.0,2772.0,1.0,True,1.0,1.0
1978-11-15,207.0,1978-11-16,197.1,2772,197.1,1978-11-16,197.1,2773.0,1.0,True,1.0,1.0
1978-11-16,197.1,1978-11-17,198.3,2773,198.3,1978-11-17,198.3,2774.0,1.0,True,1.0,1.0
1978-11-17,198.3,1978-11-20,199.15,2774,199.15,1978-11-20,199.15,2775.0,1.0,True,1.0,1.0
1978-11-20,199.15,1978-11-21,199.1,2775,199.1,1978-11-21,199.1,2776.0,1.0,True,1.0,1.0
1978-11-21,199.1,1978-11-22,197.9,2776,197.9,1978-11-22,197.9,2777.0,1.0,True,1.0,1.0
1978-11-22,197.9,1978-11-23,201.35,2777,201.35,1978-11-23,201.35,2778.0,1.0,True,1.0,1.0
1978-11-23,201.35,1978-11-24,202.75,2778,202.75,1978-11-24,202.75,2779.0,1.0,True,1.0,1.0
1978-11-24,202.75,1978-11-27,199.7,2779,199.7,1978-11-27,199.7,2780.0,1.0,True,1.0,1.0
1978-11-27,199.7,1978-11-28,197.2,2780,197.2,1978-11-28,197.2,2781.0,1.0,True,1.0,1.0
1978-11-28,197.2,1978-11-29,193.65,2781,193.65,1978-11-29,193.65,2782.0,1.0,True,1.0,1.0
1978-11-29,193.65,1978-11-30,193.7,2782,193.7,1978-11-30,193.7,2783.0,1.0,True,1.0,1.0
1978-11-30,193.7,1978-12-01,194.05,2783,194.05,1978-12-01,194.05,2784.0,1.0,True,1.0,1.0
1978-12-01,194.05,1978-12-04,197.7,2784,197.7,1978-12-04,197.7,2785.0,1.0,True,1.0,1.0
1978-12-04,197.7,1978-12-05,196.65,2785,196.65,1978-12-05,196.65,2786.0,1.0,True,1.0,1.0
1978-12-05,196.65,1978-12-06,195.5,2786,195.5,1978-12-06,195.5,2787.0,1.0,True,1.0,1.0
1978-12-06,195.5,1978-12-07,198.1,2787,198.1,1978-12-07,198.1,2788.0,1.0,True,1.0,1.0
1978-12-07,198.1,1978-12-08,200.35,2788,200.35,1978-12-08,200.35,2789.0,1.0,True,1.0,1.0
1978-12-08,200.35,1978-12-11,205.4,2789,205.4,1978-12-11,205.4,2790.0,1.0,True,1.0,1.0
1978-12-11,205.4,1978-12-12,204.05,2790,204.05,1978-12-12,204.05,2791.0,1.0,True,1.0,1.0
1978-12-12,204.05,1978-12-13,203.0,2791,203.0,1978-12-13,203.0,2792.0,1.0,True,1.0,1.0
1978-12-13,203.0,1978-12-14,202.8,2792,202.8,1978-12-14,202.8,2793.0,1.0,True,1.0,1.0
1978-12-14,202.8,1978-12-15,205.6,2793,205.6,1978-12-15,205.6,2794.0,1.0,True,1.0,1.0
1978-12-15,205.6,1978-12-18,212.2,2794,212.2,1978-12-18,212.2,2795.0,1.0,True,1.0,1.0
1978-12-18,212.2,1978-12-19,220.35,2795,220.35,1978-12-19,220.35,2796.0,1.0,True,1.0,1.0
1978-12-19,220.35,1978-12-20,216.75,2796,216.75,1978-12-20,216.75,2797.0,1.0,True,1.0,1.0
1978-12-20,216.75,1978-12-21,213.25,2797,213.25,1978-12-21,213.25,2798.0,1.0,True,1.0,1.0
1978-12-21,213.25,1978-12-22,216.0,2798,216.0,1979-01-09,224.0,2811.0,13.0,True,0.0,0.0
1979-01-09,224.0,1979-01-10,220.4,2811,220.4,1979-01-10,220.4,2812.0,1.0,True,1.0,1.0
1979-01-10,220.4,1979-01-11,221.2,2812,221.2,1979-01-11,221.2,2813.0,1.0,True,1.0,1.0
1979-01-11,221.2,1979-01-12,216.6,2813,216.6,1979-01-12,216.6,2814.0,1.0,True,1.0,1.0
1979-01-12,216.6,1979-01-15,216.55,2814,216.55,1979-01-15,216.55,2815.0,1.0,True,1.0,1.0
1979-01-15,216.55,1979-01-16,219.0,2815,219.0,1979-01-16,219.0,2816.0,1.0,True,1.0,1.0
1979-01-16,219.0,1979-01-17,225.0,2816,225.0,1979-01-17,225.0,2817.0,1.0,True,1.0,1.0
1979-01-17,225.0,1979-01-18,227.8,2817,227.8,1979-01-18,227.8,2818.0,1.0,True,1.0,1.0
1979-01-18,227.8,1979-01-19,230.7,2818,230.7,1979-01-19,230.7,2819.0,1.0,True,1.0,1.0
1979-01-19,230.7,1979-01-22,234.4,2819,234.4,1979-01-24,234.5,2822.0,3.0,True,0.0,0.0
1979-01-24,234.5,1979-01-25,235.1,2822,235.1,1979-01-25,235.1,2823.0,1.0,True,1.0,1.0
1979-01-25,235.1,1979-01-26,234.35,2823,234.35,1979-01-26,234.35,2824.0,1.0,True,1.0,1.0
1979-01-26,234.35,1979-01-29,234.05,2824,234.05,1979-01-30,233.65,2826.0,2.0,True,0.0,0.0
1979-01-30,233.65,1979-01-31,233.05,2826,233.05,1979-01-31,233.05,2827.0,1.0,True,1.0,1.0
1979-01-31,233.05,1979-02-01,232.4,2827,232.4,1979-02-01,232.4,2828.0,1.0,True,1.0,1.0
1979-02-01,232.4,1979-02-02,229.9,2828,229.9,1979-02-02,229.9,2829.0,1.0,True,1.0,1.0
1979-02-02,229.9,1979-02-05,238.8,2829,238.8,1979-02-05,238.8,2830.0,1.0,True,1.0,1.0
1979-02-05,238.8,1979-02-06,242.55,2830,242.55,1979-02-06,242.55,2831.0,1.0,True,1.0,1.0
1979-02-06,242.55,1979-02-07,249.0,2831,249.0,1979-02-07,249.0,2832.0,1.0,True,1.0,1.0
1979-02-07,249.0,1979-02-08,254.0,2832,254.0,1979-02-08,254.0,2833.0,1.0,True,1.0,1.0
1979-02-08,254.0,1979-02-09,243.9,2833,243.9,1979-02-09,243.9,2834.0,1.0,True,1.0,1.0
1979-02-09,243.9,1979-02-12,249.6,2834,249.6,1979-02-12,249.6,2835.0,1.0,True,1.0,1.0
1979-02-12,249.6,1979-02-13,244.0,2835,244.0,1979-02-13,244.0,2836.0,1.0,True,1.0,1.0
1979-02-13,244.0,1979-02-14,237.6,2836,237.6,1979-02-14,237.6,2837.0,1.0,True,1.0,1.0
1979-02-14,237.6,1979-02-15,245.0,2837,245.0,1979-02-15,245.0,2838.0,1.0,True,1.0,1.0
1979-02-15,245.0,1979-02-16,245.95,2838,245.95,1979-02-16,245.95,2839.0,1.0,True,1.0,1.0
1979-02-16,245.95,1979-02-19,249.6,2839,249.6,1979-02-19,249.6,2840.0,1.0,True,1.0,1.0
1979-02-19,249.6,1979-02-20,248.0,2840,248.0,1979-02-20,248.0,2841.0,1.0,True,1.0,1.0
1979-02-20,248.0,1979-02-21,249.25,2841,249.25,1979-02-21,249.25,2842.0,1.0,True,1.0,1.0
1979-02-21,249.25,1979-02-22,251.15,2842,251.15,1979-02-22,251.15,2843.0,1.0,True,1.0,1.0
1979-02-22,251.15,1979-02-23,252.1,2843,252.1,1979-02-23,252.1,2844.0,1.0,True,1.0,1.0
1979-02-23,252.1,1979-02-26,250.3,2844,250.3,1979-02-26,250.3,2845.0,1.0,True,1.0,1.0
1979-02-26,250.3,1979-02-27,247.8,2845,247.8,1979-02-27,247.8,2846.0,1.0,True,1.0,1.0
1979-02-27,247.8,1979-02-28,250.9,2846,250.9,1979-02-28,250.9,2847.0,1.0,True,1.0,1.0
1979-02-28,250.9,1979-03-01,249.3,2847,249.3,1979-03-01,249.3,2848.0,1.0,True,1.0,1.0
1979-03-01,249.3,1979-03-02,248.7,2848,248.7,1979-03-02,248.7,2849.0,1.0,True,1.0,1.0
1979-03-02,248.7,1979-03-05,242.8,2849,242.8,1979-03-05,242.8,2850.0,1.0,True,1.0,1.0
1979-03-05,242.8,1979-03-06,239.3,2850,239.3,1979-03-06,239.3,2851.0,1.0,True,1.0,1.0
1979-03-06,239.3,1979-03-07,242.0,2851,242.0,1979-03-07,242.0,2852.0,1.0,True,1.0,1.0
1979-03-07,242.0,1979-03-08,238.75,2852,238.75,1979-03-08,238.75,2853.0,1.0,True,1.0,1.0
1979-03-08,238.75,1979-03-09,240.5,2853,240.5,1979-03-09,240.5,2854.0,1.0,True,1.0,1.0
1979-03-09,240.5,1979-03-12,241.1,2854,241.1,1979-03-12,241.1,2855.0,1.0,True,1.0,1.0
1979-03-12,241.1,1979-03-13,239.4,2855,239.4,1979-03-13,239.4,2856.0,1.0,True,1.0,1.0
1979-03-13,239.4,1979-03-14,239.9,2856,239.9,1979-03-14,239.9,2857.0,1.0,True,1.0,1.0
1979-03-14,239.9,1979-03-15,239.8,2857,239.8,1979-03-15,239.8,2858.0,1.0,True,1.0,1.0
1979-03-15,239.8,1979-03-16,243.35,2858,243.35,1979-03-16,243.35,2859.0,1.0,True,1.0,1.0
1979-03-16,243.35,1979-03-19,243.85,2859,243.85,1979-03-19,243.85,2860.0,1.0,True,1.0,1.0
1979-03-19,243.85,1979-03-20,242.0,2860,242.0,1979-03-20,242.0,2861.0,1.0,True,1.0,1.0
1979-03-20,242.0,1979-03-21,240.25,2861,240.25,1979-03-21,240.25,2862.0,1.0,True,1.0,1.0
1979-03-21,240.25,1979-03-22,242.9,2862,242.9,1979-03-22,242.9,2863.0,1.0,True,1.0,1.0
1979-03-22,242.9,1979-03-23,242.15,2863,242.15,1979-03-23,242.15,2864.0,1.0,True,1.0,1.0
1979-03-23,242.15,1979-03-26,244.3,2864,244.3,1979-03-26,244.3,2865.0,1.0,True,1.0,1.0
1979-03-26,244.3,1979-03-27,246.3,2865,246.3,1979-03-27,246.3,2866.0,1.0,True,1.0,1.0
1979-03-27,246.3,1979-03-28,243.75,2866,243.75,1979-03-28,243.75,2867.0,1.0,True,1.0,1.0
1979-03-28,243.75,1979-03-29,241.6,2867,241.6,1979-03-29,241.6,2868.0,1.0,True,1.0,1.0
1979-03-29,241.6,1979-03-30,239.65,2868,239.65,1979-03-30,239.65,2869.0,1.0,True,1.0,1.0
1979-03-30,239.65,1979-04-02,240.05,2869,240.05,1979-04-02,240.05,2870.0,1.0,True,1.0,1.0
1979-04-02,240.05,1979-04-03,239.9,2870,239.9,1979-04-03,239.9,2871.0,1.0,True,1.0,1.0
1979-04-03,239.9,1979-04-04,239.8,2871,239.8,1979-04-04,239.8,2872.0,1.0,True,1.0,1.0
1979-04-04,239.8,1979-04-05,240.5,2872,240.5,1979-04-05,240.5,2873.0,1.0,True,1.0,1.0
1979-04-05,240.5,1979-04-06,239.85,2873,239.85,1979-04-06,239.85,2874.0,1.0,True,1.0,1.0
1979-04-06,239.85,1979-04-09,240.0,2874,240.0,1979-04-09,240.0,2875.0,1.0,True,1.0,1.0
1979-04-09,240.0,1979-04-10,239.6,2875,239.6,1979-04-10,239.6,2876.0,1.0,True,1.0,1.0
1979-04-10,239.6,1979-04-11,239.1,2876,239.1,1979-04-11,239.1,2877.0,1.0,True,1.0,1.0
1979-04-11,239.1,1979-04-12,233.75,2877,233.75,1979-04-24,240.0,2886.0,9.0,True,0.0,0.0
1979-04-24,240.0,1979-04-25,241.5,2886,241.5,1979-04-25,241.5,2887.0,1.0,True,1.0,1.0
1979-04-25,241.5,1979-04-26,242.25,2887,242.25,1979-04-26,242.25,2888.0,1.0,True,1.0,1.0
1979-04-26,242.25,1979-04-27,242.75,2888,242.75,1979-04-27,242.75,2889.0,1.0,True,1.0,1.0
1979-04-27,242.75,1979-04-30,243.45,2889,243.45,1979-04-30,243.45,2890.0,1.0,True,1.0,1.0
1979-04-30,243.45,1979-05-01,247.7,2890,247.7,1979-05-01,247.7,2891.0,1.0,True,1.0,1.0
1979-05-01,247.7,1979-05-02,246.6,2891,246.6,1979-05-02,246.6,2892.0,1.0,True,1.0,1.0
1979-05-02,246.6,1979-05-03,245.9,2892,245.9,1979-05-03,245.9,2893.0,1.0,True,1.0,1.0
1979-05-03,245.9,1979-05-04,247.65,2893,247.65,1979-05-15,253.4,2901.0,8.0,True,0.0,0.0
1979-05-15,253.4,1979-05-16,256.1,2901,256.1,1979-05-16,256.1,2902.0,1.0,True,1.0,1.0
1979-05-16,256.1,1979-05-17,257.55,2902,257.55,1979-05-17,257.55,2903.0,1.0,True,1.0,1.0
1979-05-17,257.55,1979-05-18,257.5,2903,257.5,1979-05-18,257.5,2904.0,1.0,True,1.0,1.0
1979-05-18,257.5,1979-05-21,261.05,2904,261.05,1979-05-21,261.05,2905.0,1.0,True,1.0,1.0
1979-05-21,261.05,1979-05-22,265.15,2905,265.15,1979-05-22,265.15,2906.0,1.0,True,1.0,1.0
1979-05-22,265.15,1979-05-23,264.4,2906,264.4,1979-05-23,264.4,2907.0,1.0,True,1.0,1.0
1979-05-23,264.4,1979-05-24,263.0,2907,263.0,1979-05-24,263.0,2908.0,1.0,True,1.0,1.0
1979-05-24,263.0,1979-05-25,270.0,2908,270.0,1979-06-05,275.75,2916.0,8.0,True,0.0,0.0
1979-06-05,275.75,1979-06-06,280.75,2916,280.75,1979-06-06,280.75,2917.0,1.0,True,1.0,1.0
1979-06-06,280.75,1979-06-07,279.3,2917,279.3,1979-06-07,279.3,2918.0,1.0,True,1.0,1.0
1979-06-07,279.3,1979-06-08,277.4,2918,277.4,1979-06-08,277.4,2919.0,1.0,True,1.0,1.0
1979-06-08,277.4,1979-06-11,282.4,2919,282.4,1979-06-11,282.4,2920.0,1.0,True,1.0,1.0
1979-06-11,282.4,1979-06-12,278.9,2920,278.9,1979-06-12,278.9,2921.0,1.0,True,1.0,1.0
1979-06-12,278.9,1979-06-13,276.1,2921,276.1,1979-06-13,276.1,2922.0,1.0,True,1.0,1.0
1979-06-13,276.1,1979-06-14,278.8,2922,278.8,1979-06-14,278.8,2923.0,1.0,True,1.0,1.0
1979-06-14,278.8,1979-06-15,279.3,2923,279.3,1979-06-15,279.3,2924.0,1.0,True,1.0,1.0
1979-06-15,279.3,1979-06-18,279.9,2924,279.9,1979-06-18,279.9,2925.0,1.0,True,1.0,1.0
1979-06-18,279.9,1979-06-19,279.25,2925,279.25,1979-06-19,279.25,2926.0,1.0,True,1.0,1.0
1979-06-19,279.25,1979-06-20,280.7,2926,280.7,1979-06-20,280.7,2927.0,1.0,True,1.0,1.0
1979-06-20,280.7,1979-06-21,280.6,2927,280.6,1979-06-21,280.6,2928.0,1.0,True,1.0,1.0
1979-06-21,280.6,1979-06-22,281.95,2928,281.95,1979-06-22,281.95,2929.0,1.0,True,1.0,1.0
1979-06-22,281.95,1979-06-25,284.5,2929,284.5,1979-06-26,281.9,2931.0,2.0,True,0.0,0.0
1979-06-26,281.9,1979-06-27,281.0,2931,281.0,1979-06-27,281.0,2932.0,1.0,True,1.0,1.0
1979-06-27,281.0,1979-06-28,281.3,2932,281.3,1979-06-28,281.3,2933.0,1.0,True,1.0,1.0
1979-06-28,281.3,1979-06-29,276.45,2933,276.45,1979-06-29,276.45,2934.0,1.0,True,1.0,1.0
1979-06-29,276.45,1979-07-02,282.2,2934,282.2,1979-07-02,282.2,2935.0,1.0,True,1.0,1.0
1979-07-02,282.2,1979-07-03,281.8,2935,281.8,1979-07-03,281.8,2936.0,1.0,True,1.0,1.0
1979-07-03,281.8,1979-07-04,283.3,2936,283.3,1979-07-04,283.3,2937.0,1.0,True,1.0,1.0
1979-07-04,283.3,1979-07-05,286.75,2937,286.75,1979-07-05,286.75,2938.0,1.0,True,1.0,1.0
1979-07-05,286.75,1979-07-06,290.2,2938,290.2,1979-07-06,290.2,2939.0,1.0,True,1.0,1.0
1979-07-06,290.2,1979-07-09,290.25,2939,290.25,1979-07-09,290.25,2940.0,1.0,True,1.0,1.0
1979-07-09,290.25,1979-07-10,289.9,2940,289.9,1979-07-10,289.9,2941.0,1.0,True,1.0,1.0
1979-07-10,289.9,1979-07-11,290.6,2941,290.6,1979-07-11,290.6,2942.0,1.0,True,1.0,1.0
1979-07-11,290.6,1979-07-12,290.75,2942,290.75,1979-07-12,290.75,2943.0,1.0,True,1.0,1.0
1979-07-12,290.75,1979-07-13,288.6,2943,288.6,1979-07-13,288.6,2944.0,1.0,True,1.0,1.0
1979-07-13,288.6,1979-07-16,291.4,2944,291.4,1979-07-16,291.4,2945.0,1.0,True,1.0,1.0
1979-07-16,291.4,1979-07-17,296.5,2945,296.5,1979-07-17,296.5,2946.0,1.0,True,1.0,1.0
1979-07-17,296.5,1979-07-18,303.85,2946,303.85,1979-07-18,303.85,2947.0,1.0,True,1.0,1.0
1979-07-18,303.85,1979-07-19,300.1,2947,300.1,1979-07-19,300.1,2948.0,1.0,True,1.0,1.0
1979-07-19,300.1,1979-07-20,298.5,2948,298.5,1979-07-20,298.5,2949.0,1.0,True,1.0,1.0
1979-07-20,298.5,1979-07-23,303.6,2949,303.6,1979-07-23,303.6,2950.0,1.0,True,1.0,1.0
1979-07-23,303.6,1979-07-24,306.5,2950,306.5,1979-07-24,306.5,2951.0,1.0,True,1.0,1.0
1979-07-24,306.5,1979-07-25,303.0,2951,303.0,1979-07-25,303.0,2952.0,1.0,True,1.0,1.0
1979-07-25,303.0,1979-07-26,307.0,2952,307.0,1979-07-26,307.0,2953.0,1.0,True,1.0,1.0
1979-07-26,307.0,1979-07-27,305.4,2953,305.4,1979-07-27,305.4,2954.0,1.0,True,1.0,1.0
1979-07-27,305.4,1979-07-30,304.65,2954,304.65,1979-07-30,304.65,2955.0,1.0,True,1.0,1.0
1979-07-30,304.65,1979-07-31,295.35,2955,295.35,1979-07-31,295.35,2956.0,1.0,True,1.0,1.0
1979-07-31,295.35,1979-08-01,290.95,2956,290.95,1979-08-01,290.95,2957.0,1.0,True,1.0,1.0
1979-08-01,290.95,1979-08-02,292.85,2957,292.85,1979-08-02,292.85,2958.0,1.0,True,1.0,1.0
1979-08-02,292.85,1979-08-03,288.5,2958,288.5,1979-08-03,288.5,2959.0,1.0,True,1.0,1.0
1979-08-03,288.5,1979-08-06,287.0,2959,287.0,1979-08-06,287.0,2960.0,1.0,True,1.0,1.0
1979-08-06,287.0,1979-08-07,282.5,2960,282.5,1979-08-07,282.5,2961.0,1.0,True,1.0,1.0
1979-08-07,282.5,1979-08-08,287.1,2961,287.1,1979-08-08,287.1,2962.0,1.0,True,1.0,1.0
1979-08-08,287.1,1979-08-09,292.75,2962,292.75,1979-08-09,292.75,2963.0,1.0,True,1.0,1.0
1979-08-09,292.75,1979-08-10,302.8,2963,302.8,1979-08-10,302.8,2964.0,1.0,True,1.0,1.0
1979-08-10,302.8,1979-08-13,304.1,2964,304.1,1979-08-13,304.1,2965.0,1.0,True,1.0,1.0
1979-08-13,304.1,1979-08-14,293.0,2965,293.0,1979-08-14,293.0,2966.0,1.0,True,1.0,1.0
1979-08-14,293.0,1979-08-15,300.25,2966,300.25,1979-08-15,300.25,2967.0,1.0,True,1.0,1.0
1979-08-15,300.25,1979-08-16,296.5,2967,296.5,1979-08-16,296.5,2968.0,1.0,True,1.0,1.0
1979-08-16,296.5,1979-08-17,298.7,2968,298.7,1979-08-17,298.7,2969.0,1.0,True,1.0,1.0
1979-08-17,298.7,1979-08-20,299.1,2969,299.1,1979-08-20,299.1,2970.0,1.0,True,1.0,1.0
1979-08-20,299.1,1979-08-21,298.9,2970,298.9,1979-08-21,298.9,2971.0,1.0,True,1.0,1.0
1979-08-21,298.9,1979-08-22,311.5,2971,311.5,1979-08-22,311.5,2972.0,1.0,True,1.0,1.0
1979-08-22,311.5,1979-08-23,309.6,2972,309.6,1979-08-23,309.6,2973.0,1.0,True,1.0,1.0
1979-08-23,309.6,1979-08-24,314.7,2973,314.7,1979-09-04,323.9,2981.0,8.0,True,0.0,0.0
1979-09-04,323.9,1979-09-05,329.25,2981,329.25,1979-09-05,329.25,2982.0,1.0,True,1.0,1.0
1979-09-05,329.25,1979-09-06,340.85,2982,340.85,1979-09-06,340.85,2983.0,1.0,True,1.0,1.0
1979-09-06,340.85,1979-09-07,331.15,2983,331.15,1979-09-07,331.15,2984.0,1.0,True,1.0,1.0
1979-09-07,331.15,1979-09-10,336.4,2984,336.4,1979-09-10,336.4,2985.0,1.0,True,1.0,1.0
1979-09-10,336.4,1979-09-11,338.65,2985,338.65,1979-09-11,338.65,2986.0,1.0,True,1.0,1.0
1979-09-11,338.65,1979-09-12,336.95,2986,336.95,1979-09-12,336.95,2987.0,1.0,True,1.0,1.0
1979-09-12,336.95,1979-09-13,334.35,2987,334.35,1979-09-13,334.35,2988.0,1.0,True,1.0,1.0
1979-09-13,334.35,1979-09-14,345.75,2988,345.75,1979-09-14,345.75,2989.0,1.0,True,1.0,1.0
1979-09-14,345.75,1979-09-17,350.75,2989,350.75,1979-09-17,350.75,2990.0,1.0,True,1.0,1.0
1979-09-17,350.75,1979-09-18,371.35,2990,371.35,1979-09-18,371.35,2991.0,1.0,True,1.0,1.0
1979-09-18,371.35,1979-09-19,376.0,2991,376.0,1979-09-19,376.0,2992.0,1.0,True,1.0,1.0
1979-09-19,376.0,1979-09-20,375.35,2992,375.35,1979-09-20,375.35,2993.0,1.0,True,1.0,1.0
1979-09-20,375.35,1979-09-21,373.0,2993,373.0,1979-09-21,373.0,2994.0,1.0,True,1.0,1.0
1979-09-21,373.0,1979-09-24,377.0,2994,377.0,1979-09-25,375.9,2996.0,2.0,True,0.0,0.0
1979-09-25,375.9,1979-09-26,370.8,2996,370.8,1979-09-26,370.8,2997.0,1.0,True,1.0,1.0
1979-09-26,370.8,1979-09-27,386.25,2997,386.25,1979-09-27,386.25,2998.0,1.0,True,1.0,1.0
1979-09-27,386.25,1979-09-28,397.0,2998,397.0,1979-09-28,397.0,2999.0,1.0,True,1.0,1.0
1979-09-28,397.0,1979-10-01,399.5,2999,399.5,1979-10-01,399.5,3000.0,1.0,True,1.0,1.0
1979-10-01,399.5,1979-10-02,437.0,3000,437.0,1979-10-02,437.0,3001.0,1.0,True,1.0,1.0
1979-10-02,437.0,1979-10-03,418.5,3001,418.5,1979-10-03,418.5,3002.0,1.0,True,1.0,1.0
1979-10-03,418.5,1979-10-04,394.5,3002,394.5,1979-10-04,394.5,3003.0,1.0,True,1.0,1.0
1979-10-04,394.5,1979-10-05,367.5,3003,367.5,1979-10-05,367.5,3004.0,1.0,True,1.0,1.0
1979-10-05,367.5,1979-10-08,376.75,3004,376.75,1979-10-08,376.75,3005.0,1.0,True,1.0,1.0
1979-10-08,376.75,1979-10-09,377.0,3005,377.0,1979-10-09,377.0,3006.0,1.0,True,1.0,1.0
1979-10-09,377.0,1979-10-10,409.25,3006,409.25,1979-10-10,409.25,3007.0,1.0,True,1.0,1.0
1979-10-10,409.25,1979-10-11,400.0,3007,400.0,1979-10-11,400.0,3008.0,1.0,True,1.0,1.0
1979-10-11,400.0,1979-10-12,387.75,3008,387.75,1979-10-12,387.75,3009.0,1.0,True,1.0,1.0
1979-10-12,387.75,1979-10-15,400.2,3009,400.2,1979-10-15,400.2,3010.0,1.0,True,1.0,1.0
1979-10-15,400.2,1979-10-16,398.6,3010,398.6,1979-10-16,398.6,3011.0,1.0,True,1.0,1.0
1979-10-16,398.6,1979-10-17,386.4,3011,386.4,1979-10-17,386.4,3012.0,1.0,True,1.0,1.0
1979-10-17,386.4,1979-10-18,382.0,3012,382.0,1979-10-18,382.0,3013.0,1.0,True,1.0,1.0
1979-10-18,382.0,1979-10-19,388.75,3013,388.75,1979-10-19,388.75,3014.0,1.0,True,1.0,1.0
1979-10-19,388.75,1979-10-22,395.5,3014,395.5,1979-10-22,395.5,3015.0,1.0,True,1.0,1.0
1979-10-22,395.5,1979-10-23,387.6,3015,387.6,1979-10-23,387.6,3016.0,1.0,True,1.0,1.0
1979-10-23,387.6,1979-10-24,389.0,3016,389.0,1979-10-24,389.0,3017.0,1.0,True,1.0,1.0
1979-10-24,389.0,1979-10-25,391.2,3017,391.2,1979-10-25,391.2,3018.0,1.0,True,1.0,1.0
1979-10-25,391.2,1979-10-26,374.8,3018,374.8,1979-10-26,374.8,3019.0,1.0,True,1.0,1.0
1979-10-26,374.8,1979-10-29,374.5,3019,374.5,1979-10-29,374.5,3020.0,1.0,True,1.0,1.0
1979-10-29,374.5,1979-10-30,376.0,3020,376.0,1979-10-30,376.0,3021.0,1.0,True,1.0,1.0
1979-10-30,376.0,1979-10-31,379.75,3021,379.75,1979-10-31,379.75,3022.0,1.0,True,1.0,1.0
1979-10-31,379.75,1979-11-01,379.7,3022,379.7,1979-11-01,379.7,3023.0,1.0,True,1.0,1.0
1979-11-01,379.7,1979-11-02,373.0,3023,373.0,1979-11-02,373.0,3024.0,1.0,True,1.0,1.0
1979-11-02,373.0,1979-11-05,378.0,3024,378.0,1979-11-05,378.0,3025.0,1.0,True,1.0,1.0
1979-11-05,378.0,1979-11-06,382.8,3025,382.8,1979-11-06,382.8,3026.0,1.0,True,1.0,1.0
1979-11-06,382.8,1979-11-07,392.5,3026,392.5,1979-11-07,392.5,3027.0,1.0,True,1.0,1.0
1979-11-07,392.5,1979-11-08,392.5,3027,392.5,1979-11-08,392.5,3028.0,1.0,True,1.0,1.0
1979-11-08,392.5,1979-11-09,389.75,3028,389.75,1979-11-09,389.75,3029.0,1.0,True,1.0,1.0
1979-11-09,389.75,1979-11-12,393.0,3029,393.0,1979-11-12,393.0,3030.0,1.0,True,1.0,1.0
1979-11-12,393.0,1979-11-13,388.0,3030,388.0,1979-11-13,388.0,3031.0,1.0,True,1.0,1.0
1979-11-13,388.0,1979-11-14,389.25,3031,389.25,1979-11-14,389.25,3032.0,1.0,True,1.0,1.0
1979-11-14,389.25,1979-11-15,387.5,3032,387.5,1979-11-15,387.5,3033.0,1.0,True,1.0,1.0
1979-11-15,387.5,1979-11-16,386.75,3033,386.75,1979-11-16,386.75,3034.0,1.0,True,1.0,1.0
1979-11-16,386.75,1979-11-19,390.0,3034,390.0,1979-11-19,390.0,3035.0,1.0,True,1.0,1.0
1979-11-19,390.0,1979-11-20,389.0,3035,389.0,1979-11-20,389.0,3036.0,1.0,True,1.0,1.0
1979-11-20,389.0,1979-11-21,396.8,3036,396.8,1979-11-21,396.8,3037.0,1.0,True,1.0,1.0
1979-11-21,396.8,1979-11-22,394.85,3037,394.85,1979-11-22,394.85,3038.0,1.0,True,1.0,1.0
1979-11-22,394.85,1979-11-23,390.15,3038,390.15,1979-11-23,390.15,3039.0,1.0,True,1.0,1.0
1979-11-23,390.15,1979-11-26,393.0,3039,393.0,1979-11-26,393.0,3040.0,1.0,True,1.0,1.0
1979-11-26,393.0,1979-11-27,393.4,3040,393.4,1979-11-27,393.4,3041.0,1.0,True,1.0,1.0
1979-11-27,393.4,1979-11-28,405.35,3041,405.35,1979-11-28,405.35,3042.0,1.0,True,1.0,1.0
1979-11-28,405.35,1979-11-29,410.9,3042,410.9,1979-11-29,410.9,3043.0,1.0,True,1.0,1.0
1979-11-29,410.9,1979-11-30,417.2,3043,417.2,1979-11-30,417.2,3044.0,1.0,True,1.0,1.0
1979-11-30,417.2,1979-12-03,428.0,3044,428.0,1979-12-03,428.0,3045.0,1.0,True,1.0,1.0
1979-12-03,428.0,1979-12-04,435.0,3045,435.0,1979-12-04,435.0,3046.0,1.0,True,1.0,1.0
1979-12-04,435.0,1979-12-05,427.25,3046,427.25,1979-12-05,427.25,3047.0,1.0,True,1.0,1.0
1979-12-05,427.25,1979-12-06,434.5,3047,434.5,1979-12-06,434.5,3048.0,1.0,True,1.0,1.0
1979-12-06,434.5,1979-12-07,428.9,3048,428.9,1979-12-07,428.9,3049.0,1.0,True,1.0,1.0
1979-12-07,428.9,1979-12-10,431.35,3049,431.35,1979-12-10,431.35,3050.0,1.0,True,1.0,1.0
1979-12-10,431.35,1979-12-11,442.75,3050,442.75,1979-12-11,442.75,3051.0,1.0,True,1.0,1.0
1979-12-11,442.75,1979-12-12,449.75,3051,449.75,1979-12-12,449.75,3052.0,1.0,True,1.0,1.0
1979-12-12,449.75,1979-12-13,458.75,3052,458.75,1979-12-13,458.75,3053.0,1.0,True,1.0,1.0
1979-12-13,458.75,1979-12-14,459.5,3053,459.5,1979-12-14,459.5,3054.0,1.0,True,1.0,1.0
1979-12-14,459.5,1979-12-17,460.6,3054,460.6,1979-12-17,460.6,3055.0,1.0,True,1.0,1.0
1979-12-17,460.6,1979-12-18,473.5,3055,473.5,1979-12-18,473.5,3056.0,1.0,True,1.0,1.0
1979-12-18,473.5,1979-12-19,494.0,3056,494.0,1979-12-19,494.0,3057.0,1.0,True,1.0,1.0
1979-12-19,494.0,1979-12-20,477.25,3057,477.25,1979-12-20,477.25,3058.0,1.0,True,1.0,1.0
1979-12-20,477.25,1979-12-21,474.9,3058,474.9,1979-12-21,474.9,3059.0,1.0,True,1.0,1.0
1979-12-21,474.9,1979-12-24,485.9,3059,485.9,1980-01-09,599.25,3072.0,13.0,True,0.0,0.0
1980-01-09,599.25,1980-01-10,608.25,3072,608.25,1980-01-10,608.25,3073.0,1.0,True,1.0,1.0
1980-01-10,608.25,1980-01-11,610.0,3073,610.0,1980-01-11,610.0,3074.0,1.0,True,1.0,1.0
1980-01-11,610.0,1980-01-14,647.75,3074,647.75,1980-01-14,647.75,3075.0,1.0,True,1.0,1.0
1980-01-14,647.75,1980-01-15,682.0,3075,682.0,1980-01-15,682.0,3076.0,1.0,True,1.0,1.0
1980-01-15,682.0,1980-01-16,765.0,3076,765.0,1980-01-16,765.0,3077.0,1.0,True,1.0,1.0
1980-01-16,765.0,1980-01-17,728.25,3077,728.25,1980-01-17,728.25,3078.0,1.0,True,1.0,1.0
1980-01-17,728.25,1980-01-18,825.5,3078,825.5,1980-01-18,825.5,3079.0,1.0,True,1.0,1.0
1980-01-18,825.5,1980-01-21,843.0,3079,843.0,1980-01-21,843.0,3080.0,1.0,True,1.0,1.0
1980-01-21,843.0,1980-01-22,763.0,3080,763.0,1980-01-24,712.0,3083.0,3.0,True,0.0,0.0
1980-01-24,712.0,1980-01-25,691.5,3083,691.5,1980-01-25,691.5,3084.0,1.0,True,1.0,1.0
1980-01-25,691.5,1980-01-28,629.0,3084,629.0,1980-01-28,629.0,3085.0,1.0,True,1.0,1.0
1980-01-28,629.0,1980-01-29,678.0,3085,678.0,1980-01-30,703.5,3087.0,2.0,True,0.0,0.0
1980-01-30,703.5,1980-01-31,668.0,3087,668.0,1980-01-31,668.0,3088.0,1.0,True,1.0,1.0
1980-01-31,668.0,1980-02-01,675.0,3088,675.0,1980-02-01,675.0,3089.0,1.0,True,1.0,1.0
1980-02-01,675.0,1980-02-04,672.0,3089,672.0,1980-02-04,672.0,3090.0,1.0,True,1.0,1.0
1980-02-04,672.0,1980-02-05,661.25,3090,661.25,1980-02-05,661.25,3091.0,1.0,True,1.0,1.0
1980-02-05,661.25,1980-02-06,696.0,3091,696.0,1980-02-06,696.0,3092.0,1.0,True,1.0,1.0
1980-02-06,696.0,1980-02-07,704.0,3092,704.0,1980-02-07,704.0,3093.0,1.0,True,1.0,1.0
1980-02-07,704.0,1980-02-08,688.5,3093,688.5,1980-02-08,688.5,3094.0,1.0,True,1.0,1.0
1980-02-08,688.5,1980-02-11,714.5,3094,714.5,1980-02-11,714.5,3095.0,1.0,True,1.0,1.0
1980-02-11,714.5,1980-02-12,703.75,3095,703.75,1980-02-12,703.75,3096.0,1.0,True,1.0,1.0
1980-02-12,703.75,1980-02-13,695.5,3096,695.5,1980-02-13,695.5,3097.0,1.0,True,1.0,1.0
1980-02-13,695.5,1980-02-14,688.0,3097,688.0,1980-02-14,688.0,3098.0,1.0,True,1.0,1.0
1980-02-14,688.0,1980-02-15,674.5,3098,674.5,1980-02-15,674.5,3099.0,1.0,True,1.0,1.0
1980-02-15,674.5,1980-02-18,665.25,3099,665.25,1980-02-18,665.25,3100.0,1.0,True,1.0,1.0
1980-02-18,665.25,1980-02-19,661.75,3100,661.75,1980-02-19,661.75,3101.0,1.0,True,1.0,1.0
1980-02-19,661.75,1980-02-20,625.0,3101,625.0,1980-02-20,625.0,3102.0,1.0,True,1.0,1.0
1980-02-20,625.0,1980-02-21,646.5,3102,646.5,1980-02-21,646.5,3103.0,1.0,True,1.0,1.0
1980-02-21,646.5,1980-02-22,643.5,3103,643.5,1980-02-22,643.5,3104.0,1.0,True,1.0,1.0
1980-02-22,643.5,1980-02-25,625.0,3104,625.0,1980-02-25,625.0,3105.0,1.0,True,1.0,1.0
1980-02-25,625.0,1980-02-26,636.75,3105,636.75,1980-02-26,636.75,3106.0,1.0,True,1.0,1.0
1980-02-26,636.75,1980-02-27,629.0,3106,629.0,1980-02-27,629.0,3107.0,1.0,True,1.0,1.0
1980-02-27,629.0,1980-02-28,638.0,3107,638.0,1980-02-28,638.0,3108.0,1.0,True,1.0,1.0
1980-02-28,638.0,1980-02-29,640.0,3108,640.0,1980-02-29,640.0,3109.0,1.0,True,1.0,1.0
1980-02-29,640.0,1980-03-03,637.0,3109,637.0,1980-03-03,637.0,3110.0,1.0,True,1.0,1.0
1980-03-03,637.0,1980-03-04,633.25,3110,633.25,1980-03-04,633.25,3111.0,1.0,True,1.0,1.0
1980-03-04,633.25,1980-03-05,641.75,3111,641.75,1980-03-05,641.75,3112.0,1.0,True,1.0,1.0
1980-03-05,641.75,1980-03-06,634.25,3112,634.25,1980-03-06,634.25,3113.0,1.0,True,1.0,1.0
1980-03-06,634.25,1980-03-07,602.25,3113,602.25,1980-03-07,602.25,3114.0,1.0,True,1.0,1.0
1980-03-07,602.25,1980-03-10,602.0,3114,602.0,1980-03-10,602.0,3115.0,1.0,True,1.0,1.0
1980-03-10,602.0,1980-03-11,569.0,3115,569.0,1980-03-11,569.0,3116.0,1.0,True,1.0,1.0
1980-03-11,569.0,1980-03-12,582.5,3116,582.5,1980-03-12,582.5,3117.0,1.0,True,1.0,1.0
1980-03-12,582.5,1980-03-13,574.3,3117,574.3,1980-03-13,574.3,3118.0,1.0,True,1.0,1.0
1980-03-13,574.3,1980-03-14,502.75,3118,502.75,1980-03-14,502.75,3119.0,1.0,True,1.0,1.0
1980-03-14,502.75,1980-03-17,480.0,3119,480.0,1980-03-17,480.0,3120.0,1.0,True,1.0,1.0
1980-03-17,480.0,1980-03-18,474.0,3120,474.0,1980-03-18,474.0,3121.0,1.0,True,1.0,1.0
1980-03-18,474.0,1980-03-19,514.0,3121,514.0,1980-03-19,514.0,3122.0,1.0,True,1.0,1.0
1980-03-19,514.0,1980-03-20,561.0,3122,561.0,1980-03-20,561.0,3123.0,1.0,True,1.0,1.0
1980-03-20,561.0,1980-03-21,535.0,3123,535.0,1980-03-21,535.0,3124.0,1.0,True,1.0,1.0
1980-03-21,535.0,1980-03-24,544.0,3124,544.0,1980-03-24,544.0,3125.0,1.0,True,1.0,1.0
1980-03-24,544.0,1980-03-25,548.5,3125,548.5,1980-03-25,548.5,3126.0,1.0,True,1.0,1.0
1980-03-25,548.5,1980-03-26,525.0,3126,525.0,1980-03-26,525.0,3127.0,1.0,True,1.0,1.0
1980-03-26,525.0,1980-03-27,486.0,3127,486.0,1980-03-27,486.0,3128.0,1.0,True,1.0,1.0
1980-03-27,486.0,1980-03-28,490.0,3128,490.0,1980-03-28,490.0,3129.0,1.0,True,1.0,1.0
1980-03-28,490.0,1980-03-31,503.25,3129,503.25,1980-03-31,503.25,3130.0,1.0,True,1.0,1.0
1980-03-31,503.25,1980-04-01,501.5,3130,501.5,1980-04-01,501.5,3131.0,1.0,True,1.0,1.0
1980-04-01,501.5,1980-04-02,498.0,3131,498.0,1980-04-02,498.0,3132.0,1.0,True,1.0,1.0
1980-04-02,498.0,1980-04-03,491.25,3132,491.25,1980-04-15,495.5,3141.0,9.0,True,0.0,0.0
1980-04-15,495.5,1980-04-16,513.5,3141,513.5,1980-04-16,513.5,3142.0,1.0,True,1.0,1.0
1980-04-16,513.5,1980-04-17,511.5,3142,511.5,1980-04-17,511.5,3143.0,1.0,True,1.0,1.0
1980-04-17,511.5,1980-04-18,511.75,3143,511.75,1980-04-18,511.75,3144.0,1.0,True,1.0,1.0
1980-04-18,511.75,1980-04-21,506.5,3144,506.5,1980-04-21,506.5,3145.0,1.0,True,1.0,1.0
1980-04-21,506.5,1980-04-22,494.5,3145,494.5,1980-04-22,494.5,3146.0,1.0,True,1.0,1.0
1980-04-22,494.5,1980-04-23,506.75,3146,506.75,1980-04-23,506.75,3147.0,1.0,True,1.0,1.0
1980-04-23,506.75,1980-04-24,514.25,3147,514.25,1980-04-24,514.25,3148.0,1.0,True,1.0,1.0
1980-04-24,514.25,1980-04-25,552.0,3148,552.0,1980-04-25,552.0,3149.0,1.0,True,1.0,1.0
1980-04-25,552.0,1980-04-28,535.25,3149,535.25,1980-04-28,535.25,3150.0,1.0,True,1.0,1.0
1980-04-28,535.25,1980-04-29,513.0,3150,513.0,1980-04-29,513.0,3151.0,1.0,True,1.0,1.0
1980-04-29,513.0,1980-04-30,519.25,3151,519.25,1980-04-30,519.25,3152.0,1.0,True,1.0,1.0
1980-04-30,519.25,1980-05-01,507.75,3152,507.75,1980-05-01,507.75,3153.0,1.0,True,1.0,1.0
1980-05-01,507.75,1980-05-02,510.0,3153,510.0,1980-05-13,510.0,3161.0,8.0,True,1.0,0.0
1980-05-13,510.0,1980-05-14,518.5,3161,518.5,1980-05-14,518.5,3162.0,1.0,True,1.0,1.0
1980-05-14,518.5,1980-05-15,516.25,3162,516.25,1980-05-15,516.25,3163.0,1.0,True,1.0,1.0
1980-05-15,516.25,1980-05-16,516.1,3163,516.1,1980-05-16,516.1,3164.0,1.0,True,1.0,1.0
1980-05-16,516.1,1980-05-19,515.1,3164,515.1,1980-05-19,515.1,3165.0,1.0,True,1.0,1.0
1980-05-19,515.1,1980-05-20,509.8,3165,509.8,1980-05-20,509.8,3166.0,1.0,True,1.0,1.0
1980-05-20,509.8,1980-05-21,511.75,3166,511.75,1980-05-21,511.75,3167.0,1.0,True,1.0,1.0
1980-05-21,511.75,1980-05-22,507.5,3167,507.5,1980-05-22,507.5,3168.0,1.0,True,1.0,1.0
1980-05-22,507.5,1980-05-23,510.5,3168,510.5,1980-06-03,554.5,3176.0,8.0,True,0.0,0.0
1980-06-03,554.5,1980-06-04,568.0,3176,568.0,1980-06-04,568.0,3177.0,1.0,True,1.0,1.0
1980-06-04,568.0,1980-06-05,581.5,3177,581.5,1980-06-05,581.5,3178.0,1.0,True,1.0,1.0
1980-06-05,581.5,1980-06-06,598.0,3178,598.0,1980-06-06,598.0,3179.0,1.0,True,1.0,1.0
1980-06-06,598.0,1980-06-09,627.5,3179,627.5,1980-06-09,627.5,3180.0,1.0,True,1.0,1.0
1980-06-09,627.5,1980-06-10,606.5,3180,606.5,1980-06-10,606.5,3181.0,1.0,True,1.0,1.0
1980-06-10,606.5,1980-06-11,595.0,3181,595.0,1980-06-11,595.0,3182.0,1.0,True,1.0,1.0
1980-06-11,595.0,1980-06-12,588.75,3182,588.75,1980-06-12,588.75,3183.0,1.0,True,1.0,1.0
1980-06-12,588.75,1980-06-13,609.25,3183,609.25,1980-06-13,609.25,3184.0,1.0,True,1.0,1.0
1980-06-13,609.25,1980-06-16,599.0,3184,599.0,1980-06-16,599.0,3185.0,1.0,True,1.0,1.0
1980-06-16,599.0,1980-06-17,590.75,3185,590.75,1980-06-17,590.75,3186.0,1.0,True,1.0,1.0
1980-06-17,590.75,1980-06-18,602.5,3186,602.5,1980-06-18,602.5,3187.0,1.0,True,1.0,1.0
1980-06-18,602.5,1980-06-19,598.0,3187,598.0,1980-06-19,598.0,3188.0,1.0,True,1.0,1.0
1980-06-19,598.0,1980-06-20,603.75,3188,603.75,1980-06-20,603.75,3189.0,1.0,True,1.0,1.0
1980-06-20,603.75,1980-06-23,596.0,3189,596.0,1980-06-24,599.75,3191.0,2.0,True,0.0,0.0
1980-06-24,599.75,1980-06-25,617.5,3191,617.5,1980-06-25,617.5,3192.0,1.0,True,1.0,1.0
1980-06-25,617.5,1980-06-26,623.25,3192,623.25,1980-06-26,623.25,3193.0,1.0,True,1.0,1.0
1980-06-26,623.25,1980-06-27,631.5,3193,631.5,1980-06-27,631.5,3194.0,1.0,True,1.0,1.0
1980-06-27,631.5,1980-06-30,662.5,3194,662.5,1980-06-30,662.5,3195.0,1.0,True,1.0,1.0
1980-06-30,662.5,1980-07-01,656.0,3195,656.0,1980-07-01,656.0,3196.0,1.0,True,1.0,1.0
1980-07-01,656.0,1980-07-02,672.0,3196,672.0,1980-07-02,672.0,3197.0,1.0,True,1.0,1.0
1980-07-02,672.0,1980-07-03,664.5,3197,664.5,1980-07-03,664.5,3198.0,1.0,True,1.0,1.0
1980-07-03,664.5,1980-07-04,668.5,3198,668.5,1980-07-04,668.5,3199.0,1.0,True,1.0,1.0
1980-07-04,668.5,1980-07-07,665.75,3199,665.75,1980-07-07,665.75,3200.0,1.0,True,1.0,1.0
1980-07-07,665.75,1980-07-08,688.75,3200,688.75,1980-07-08,688.75,3201.0,1.0,True,1.0,1.0
1980-07-08,688.75,1980-07-09,678.0,3201,678.0,1980-07-09,678.0,3202.0,1.0,True,1.0,1.0
1980-07-09,678.0,1980-07-10,665.0,3202,665.0,1980-07-10,665.0,3203.0,1.0,True,1.0,1.0
1980-07-10,665.0,1980-07-11,663.5,3203,663.5,1980-07-11,663.5,3204.0,1.0,True,1.0,1.0
1980-07-11,663.5,1980-07-14,649.0,3204,649.0,1980-07-14,649.0,3205.0,1.0,True,1.0,1.0
1980-07-14,649.0,1980-07-15,621.0,3205,621.0,1980-07-15,621.0,3206.0,1.0,True,1.0,1.0
1980-07-15,621.0,1980-07-16,624.5,3206,624.5,1980-07-16,624.5,3207.0,1.0,True,1.0,1.0
1980-07-16,624.5,1980-07-17,630.25,3207,630.25,1980-07-17,630.25,3208.0,1.0,True,1.0,1.0
1980-07-17,630.25,1980-07-18,610.0,3208,610.0,1980-07-18,610.0,3209.0,1.0,True,1.0,1.0
1980-07-18,610.0,1980-07-21,620.75,3209,620.75,1980-07-21,620.75,3210.0,1.0,True,1.0,1.0
1980-07-21,620.75,1980-07-22,611.5,3210,611.5,1980-07-22,611.5,3211.0,1.0,True,1.0,1.0
1980-07-22,611.5,1980-07-23,632.0,3211,632.0,1980-07-23,632.0,3212.0,1.0,True,1.0,1.0
1980-07-23,632.0,1980-07-24,635.5,3212,635.5,1980-07-24,635.5,3213.0,1.0,True,1.0,1.0
1980-07-24,635.5,1980-07-25,652.5,3213,652.5,1980-07-25,652.5,3214.0,1.0,True,1.0,1.0
1980-07-25,652.5,1980-07-28,643.25,3214,643.25,1980-07-28,643.25,3215.0,1.0,True,1.0,1.0
1980-07-28,643.25,1980-07-29,645.5,3215,645.5,1980-07-29,645.5,3216.0,1.0,True,1.0,1.0
1980-07-29,645.5,1980-07-30,636.5,3216,636.5,1980-07-30,636.5,3217.0,1.0,True,1.0,1.0
1980-07-30,636.5,1980-07-31,618.0,3217,618.0,1980-07-31,618.0,3218.0,1.0,True,1.0,1.0
1980-07-31,618.0,1980-08-01,622.0,3218,622.0,1980-08-01,622.0,3219.0,1.0,True,1.0,1.0
1980-08-01,622.0,1980-08-04,622.25,3219,622.25,1980-08-04,622.25,3220.0,1.0,True,1.0,1.0
1980-08-04,622.25,1980-08-05,635.5,3220,635.5,1980-08-05,635.5,3221.0,1.0,True,1.0,1.0
1980-08-05,635.5,1980-08-06,628.5,3221,628.5,1980-08-06,628.5,3222.0,1.0,True,1.0,1.0
1980-08-06,628.5,1980-08-07,632.5,3222,632.5,1980-08-07,632.5,3223.0,1.0,True,1.0,1.0
1980-08-07,632.5,1980-08-08,631.25,3223,631.25,1980-08-08,631.25,3224.0,1.0,True,1.0,1.0
1980-08-08,631.25,1980-08-11,614.5,3224,614.5,1980-08-11,614.5,3225.0,1.0,True,1.0,1.0
1980-08-11,614.5,1980-08-12,613.25,3225,613.25,1980-08-12,613.25,3226.0,1.0,True,1.0,1.0
1980-08-12,613.25,1980-08-13,615.95,3226,615.95,1980-08-13,615.95,3227.0,1.0,True,1.0,1.0
1980-08-13,615.95,1980-08-14,623.0,3227,623.0,1980-08-14,623.0,3228.0,1.0,True,1.0,1.0
1980-08-14,623.0,1980-08-15,626.0,3228,626.0,1980-08-15,626.0,3229.0,1.0,True,1.0,1.0
1980-08-15,626.0,1980-08-18,609.75,3229,609.75,1980-08-18,609.75,3230.0,1.0,True,1.0,1.0
1980-08-18,609.75,1980-08-19,620.75,3230,620.75,1980-08-19,620.75,3231.0,1.0,True,1.0,1.0
1980-08-19,620.75,1980-08-20,622.75,3231,622.75,1980-08-20,622.75,3232.0,1.0,True,1.0,1.0
1980-08-20,622.75,1980-08-21,640.5,3232,640.5,1980-08-21,640.5,3233.0,1.0,True,1.0,1.0
1980-08-21,640.5,1980-08-22,639.5,3233,639.5,1980-09-02,632.25,3241.0,8.0,True,0.0,0.0
1980-09-02,632.25,1980-09-03,636.7,3241,636.7,1980-09-03,636.7,3242.0,1.0,True,1.0,1.0
1980-09-03,636.7,1980-09-04,637.25,3242,637.25,1980-09-04,637.25,3243.0,1.0,True,1.0,1.0
1980-09-04,637.25,1980-09-05,647.5,3243,647.5,1980-09-05,647.5,3244.0,1.0,True,1.0,1.0
1980-09-05,647.5,1980-09-08,660.0,3244,660.0,1980-09-08,660.0,3245.0,1.0,True,1.0,1.0
1980-09-08,660.0,1980-09-09,674.0,3245,674.0,1980-09-09,674.0,3246.0,1.0,True,1.0,1.0
1980-09-09,674.0,1980-09-10,686.0,3246,686.0,1980-09-10,686.0,3247.0,1.0,True,1.0,1.0
1980-09-10,686.0,1980-09-11,676.5,3247,676.5,1980-09-11,676.5,3248.0,1.0,True,1.0,1.0
1980-09-11,676.5,1980-09-12,693.5,3248,693.5,1980-09-12,693.5,3249.0,1.0,True,1.0,1.0
1980-09-12,693.5,1980-09-15,672.5,3249,672.5,1980-09-15,672.5,3250.0,1.0,True,1.0,1.0
1980-09-15,672.5,1980-09-16,668.0,3250,668.0,1980-09-16,668.0,3251.0,1.0,True,1.0,1.0
1980-09-16,668.0,1980-09-17,678.25,3251,678.25,1980-09-17,678.25,3252.0,1.0,True,1.0,1.0
1980-09-17,678.25,1980-09-18,674.0,3252,674.0,1980-09-18,674.0,3253.0,1.0,True,1.0,1.0
1980-09-18,674.0,1980-09-19,674.5,3253,674.5,1980-09-19,674.5,3254.0,1.0,True,1.0,1.0
1980-09-19,674.5,1980-09-22,698.75,3254,698.75,1980-09-23,720.5,3256.0,2.0,True,0.0,0.0
1980-09-23,720.5,1980-09-24,711.0,3256,711.0,1980-09-24,711.0,3257.0,1.0,True,1.0,1.0
1980-09-24,711.0,1980-09-25,705.0,3257,705.0,1980-09-25,705.0,3258.0,1.0,True,1.0,1.0
1980-09-25,705.0,1980-09-26,697.0,3258,697.0,1980-09-26,697.0,3259.0,1.0,True,1.0,1.0
1980-09-26,697.0,1980-09-29,687.25,3259,687.25,1980-09-29,687.25,3260.0,1.0,True,1.0,1.0
1980-09-29,687.25,1980-09-30,670.0,3260,670.0,1980-09-30,670.0,3261.0,1.0,True,1.0,1.0
1980-09-30,670.0,1980-10-01,679.25,3261,679.25,1980-10-01,679.25,3262.0,1.0,True,1.0,1.0
1980-10-01,679.25,1980-10-02,675.75,3262,675.75,1980-10-02,675.75,3263.0,1.0,True,1.0,1.0
1980-10-02,675.75,1980-10-03,670.25,3263,670.25,1980-10-03,670.25,3264.0,1.0,True,1.0,1.0
1980-10-03,670.25,1980-10-06,671.5,3264,671.5,1980-10-06,671.5,3265.0,1.0,True,1.0,1.0
1980-10-06,671.5,1980-10-07,679.5,3265,679.5,1980-10-07,679.5,3266.0,1.0,True,1.0,1.0
1980-10-07,679.5,1980-10-08,674.5,3266,674.5,1980-10-08,674.5,3267.0,1.0,True,1.0,1.0
1980-10-08,674.5,1980-10-09,681.75,3267,681.75,1980-10-09,681.75,3268.0,1.0,True,1.0,1.0
1980-10-09,681.75,1980-10-10,683.5,3268,683.5,1980-10-10,683.5,3269.0,1.0,True,1.0,1.0
1980-10-10,683.5,1980-10-13,683.5,3269,683.5,1980-10-13,683.5,3270.0,1.0,True,1.0,1.0
1980-10-13,683.5,1980-10-14,674.0,3270,674.0,1980-10-14,674.0,3271.0,1.0,True,1.0,1.0
1980-10-14,674.0,1980-10-15,676.25,3271,676.25,1980-10-15,676.25,3272.0,1.0,True,1.0,1.0
1980-10-15,676.25,1980-10-16,673.5,3272,673.5,1980-10-16,673.5,3273.0,1.0,True,1.0,1.0
1980-10-16,673.5,1980-10-17,667.75,3273,667.75,1980-10-17,667.75,3274.0,1.0,True,1.0,1.0
1980-10-17,667.75,1980-10-20,664.2,3274,664.2,1980-10-20,664.2,3275.0,1.0,True,1.0,1.0
1980-10-20,664.2,1980-10-21,652.75,3275,652.75,1980-10-21,652.75,3276.0,1.0,True,1.0,1.0
1980-10-21,652.75,1980-10-22,659.5,3276,659.5,1980-10-22,659.5,3277.0,1.0,True,1.0,1.0
1980-10-22,659.5,1980-10-23,649.25,3277,649.25,1980-10-23,649.25,3278.0,1.0,True,1.0,1.0
1980-10-23,649.25,1980-10-24,628.0,3278,628.0,1980-10-24,628.0,3279.0,1.0,True,1.0,1.0
1980-10-24,628.0,1980-10-27,633.5,3279,633.5,1980-10-27,633.5,3280.0,1.0,True,1.0,1.0
1980-10-27,633.5,1980-10-28,631.0,3280,631.0,1980-10-28,631.0,3281.0,1.0,True,1.0,1.0
1980-10-28,631.0,1980-10-29,643.5,3281,643.5,1980-10-29,643.5,3282.0,1.0,True,1.0,1.0
1980-10-29,643.5,1980-10-30,643.5,3282,643.5,1980-10-30,643.5,3283.0,1.0,True,1.0,1.0
1980-10-30,643.5,1980-10-31,636.0,3283,636.0,1980-10-31,636.0,3284.0,1.0,True,1.0,1.0
1980-10-31,636.0,1980-11-03,634.3,3284,634.3,1980-11-03,634.3,3285.0,1.0,True,1.0,1.0
1980-11-03,634.3,1980-11-04,648.0,3285,648.0,1980-11-04,648.0,3286.0,1.0,True,1.0,1.0
1980-11-04,648.0,1980-11-05,655.0,3286,655.0,1980-11-05,655.0,3287.0,1.0,True,1.0,1.0
1980-11-05,655.0,1980-11-06,633.75,3287,633.75,1980-11-06,633.75,3288.0,1.0,True,1.0,1.0
1980-11-06,633.75,1980-11-07,603.0,3288,603.0,1980-11-07,603.0,3289.0,1.0,True,1.0,1.0
1980-11-07,603.0,1980-11-10,617.0,3289,617.0,1980-11-10,617.0,3290.0,1.0,True,1.0,1.0
1980-11-10,617.0,1980-11-11,598.75,3290,598.75,1980-11-11,598.75,3291.0,1.0,True,1.0,1.0
1980-11-11,598.75,1980-11-12,614.5,3291,614.5,1980-11-12,614.5,3292.0,1.0,True,1.0,1.0
1980-11-12,614.5,1980-11-13,616.0,3292,616.0,1980-11-13,616.0,3293.0,1.0,True,1.0,1.0
1980-11-13,616.0,1980-11-14,615.7,3293,615.7,1980-11-14,615.7,3294.0,1.0,True,1.0,1.0
1980-11-14,615.7,1980-11-17,609.25,3294,609.25,1980-11-17,609.25,3295.0,1.0,True,1.0,1.0
1980-11-17,609.25,1980-11-18,616.25,3295,616.25,1980-11-18,616.25,3296.0,1.0,True,1.0,1.0
1980-11-18,616.25,1980-11-19,628.25,3296,628.25,1980-11-19,628.25,3297.0,1.0,True,1.0,1.0
1980-11-19,628.25,1980-11-20,634.5,3297,634.5,1980-11-20,634.5,3298.0,1.0,True,1.0,1.0
1980-11-20,634.5,1980-11-21,637.75,3298,637.75,1980-11-21,637.75,3299.0,1.0,True,1.0,1.0
1980-11-21,637.75,1980-11-24,635.0,3299,635.0,1980-11-24,635.0,3300.0,1.0,True,1.0,1.0
1980-11-24,635.0,1980-11-25,613.5,3300,613.5,1980-11-25,613.5,3301.0,1.0,True,1.0,1.0
1980-11-25,613.5,1980-11-26,625.5,3301,625.5,1980-11-26,625.5,3302.0,1.0,True,1.0,1.0
1980-11-26,625.5,1980-11-27,620.0,3302,620.0,1980-11-27,620.0,3303.0,1.0,True,1.0,1.0
1980-11-27,620.0,1980-11-28,621.5,3303,621.5,1980-11-28,621.5,3304.0,1.0,True,1.0,1.0
1980-11-28,621.5,1980-12-01,635.5,3304,635.5,1980-12-01,635.5,3305.0,1.0,True,1.0,1.0
1980-12-01,635.5,1980-12-02,629.25,3305,629.25,1980-12-02,629.25,3306.0,1.0,True,1.0,1.0
1980-12-02,629.25,1980-12-03,627.5,3306,627.5,1980-12-03,627.5,3307.0,1.0,True,1.0,1.0
1980-12-03,627.5,1980-12-04,632.7,3307,632.7,1980-12-04,632.7,3308.0,1.0,True,1.0,1.0
1980-12-04,632.7,1980-12-05,620.25,3308,620.25,1980-12-05,620.25,3309.0,1.0,True,1.0,1.0
1980-12-05,620.25,1980-12-08,615.25,3309,615.25,1980-12-08,615.25,3310.0,1.0,True,1.0,1.0
1980-12-08,615.25,1980-12-09,612.5,3310,612.5,1980-12-09,612.5,3311.0,1.0,True,1.0,1.0
1980-12-09,612.5,1980-12-10,594.5,3311,594.5,1980-12-10,594.5,3312.0,1.0,True,1.0,1.0
1980-12-10,594.5,1980-12-11,573.5,3312,573.5,1980-12-11,573.5,3313.0,1.0,True,1.0,1.0
1980-12-11,573.5,1980-12-12,553.5,3313,553.5,1980-12-12,553.5,3314.0,1.0,True,1.0,1.0
1980-12-12,553.5,1980-12-15,581.0,3314,581.0,1980-12-15,581.0,3315.0,1.0,True,1.0,1.0
1980-12-15,581.0,1980-12-16,559.75,3315,559.75,1980-12-16,559.75,3316.0,1.0,True,1.0,1.0
1980-12-16,559.75,1980-12-17,572.0,3316,572.0,1980-12-17,572.0,3317.0,1.0,True,1.0,1.0
1980-12-17,572.0,1980-12-18,577.0,3317,577.0,1980-12-18,577.0,3318.0,1.0,True,1.0,1.0
1980-12-18,577.0,1980-12-19,573.5,3318,573.5,1980-12-19,573.5,3319.0,1.0,True,1.0,1.0
1980-12-19,573.5,1980-12-22,594.0,3319,594.0,1980-12-22,594.0,3320.0,1.0,True,1.0,1.0
1980-12-22,594.0,1980-12-23,596.5,3320,596.5,1980-12-23,596.5,3321.0,1.0,True,1.0,1.0
1980-12-23,596.5,1980-12-24,604.0,3321,604.0,1981-01-12,564.25,3335.0,14.0,True,0.0,0.0
1981-01-12,564.25,1981-01-13,566.0,3335,566.0,1981-01-13,566.0,3336.0,1.0,True,1.0,1.0
1981-01-13,566.0,1981-01-14,561.5,3336,561.5,1981-01-14,561.5,3337.0,1.0,True,1.0,1.0
1981-01-14,561.5,1981-01-15,566.75,3337,566.75,1981-01-15,566.75,3338.0,1.0,True,1.0,1.0
1981-01-15,566.75,1981-01-16,562.75,3338,562.75,1981-01-16,562.75,3339.0,1.0,True,1.0,1.0
1981-01-16,562.75,1981-01-19,558.75,3339,558.75,1981-01-19,558.75,3340.0,1.0,True,1.0,1.0
1981-01-19,558.75,1981-01-20,563.5,3340,563.5,1981-01-20,563.5,3341.0,1.0,True,1.0,1.0
1981-01-20,563.5,1981-01-21,576.0,3341,576.0,1981-01-21,576.0,3342.0,1.0,True,1.0,1.0
1981-01-21,576.0,1981-01-22,567.0,3342,567.0,1981-01-26,530.25,3345.0,3.0,True,0.0,0.0
1981-01-26,530.25,1981-01-27,517.0,3345,517.0,1981-01-27,517.0,3346.0,1.0,True,1.0,1.0
1981-01-27,517.0,1981-01-28,524.5,3346,524.5,1981-01-28,524.5,3347.0,1.0,True,1.0,1.0
1981-01-28,524.5,1981-01-29,505.0,3347,505.0,1981-02-02,493.25,3350.0,3.0,True,0.0,0.0
1981-02-02,493.25,1981-02-03,482.0,3350,482.0,1981-02-03,482.0,3351.0,1.0,True,1.0,1.0
1981-02-03,482.0,1981-02-04,504.25,3351,504.25,1981-02-04,504.25,3352.0,1.0,True,1.0,1.0
1981-02-04,504.25,1981-02-05,497.0,3352,497.0,1981-02-05,497.0,3353.0,1.0,True,1.0,1.0
1981-02-05,497.0,1981-02-06,506.5,3353,506.5,1981-02-06,506.5,3354.0,1.0,True,1.0,1.0
1981-02-06,506.5,1981-02-09,515.0,3354,515.0,1981-02-09,515.0,3355.0,1.0,True,1.0,1.0
1981-02-09,515.0,1981-02-10,517.75,3355,517.75,1981-02-10,517.75,3356.0,1.0,True,1.0,1.0
1981-02-10,517.75,1981-02-11,505.0,3356,505.0,1981-02-11,505.0,3357.0,1.0,True,1.0,1.0
1981-02-11,505.0,1981-02-12,493.5,3357,493.5,1981-02-12,493.5,3358.0,1.0,True,1.0,1.0
1981-02-12,493.5,1981-02-13,492.5,3358,492.5,1981-02-13,492.5,3359.0,1.0,True,1.0,1.0
1981-02-13,492.5,1981-02-16,487.0,3359,487.0,1981-02-16,487.0,3360.0,1.0,True,1.0,1.0
1981-02-16,487.0,1981-02-17,498.5,3360,498.5,1981-02-17,498.5,3361.0,1.0,True,1.0,1.0
1981-02-17,498.5,1981-02-18,502.0,3361,502.0,1981-02-18,502.0,3362.0,1.0,True,1.0,1.0
1981-02-18,502.0,1981-02-19,505.5,3362,505.5,1981-02-19,505.5,3363.0,1.0,True,1.0,1.0
1981-02-19,505.5,1981-02-20,514.75,3363,514.75,1981-02-20,514.75,3364.0,1.0,True,1.0,1.0
1981-02-20,514.75,1981-02-23,506.5,3364,506.5,1981-02-23,506.5,3365.0,1.0,True,1.0,1.0
1981-02-23,506.5,1981-02-24,503.75,3365,503.75,1981-02-24,503.75,3366.0,1.0,True,1.0,1.0
1981-02-24,503.75,1981-02-25,505.75,3366,505.75,1981-02-25,505.75,3367.0,1.0,True,1.0,1.0
1981-02-25,505.75,1981-02-26,495.25,3367,495.25,1981-02-26,495.25,3368.0,1.0,True,1.0,1.0
1981-02-26,495.25,1981-02-27,490.25,3368,490.25,1981-02-27,490.25,3369.0,1.0,True,1.0,1.0
1981-02-27,490.25,1981-03-02,474.5,3369,474.5,1981-03-02,474.5,3370.0,1.0,True,1.0,1.0
1981-03-02,474.5,1981-03-03,466.25,3370,466.25,1981-03-03,466.25,3371.0,1.0,True,1.0,1.0
1981-03-03,466.25,1981-03-04,475.75,3371,475.75,1981-03-04,475.75,3372.0,1.0,True,1.0,1.0
1981-03-04,475.75,1981-03-05,457.0,3372,457.0,1981-03-05,457.0,3373.0,1.0,True,1.0,1.0
1981-03-05,457.0,1981-03-06,462.0,3373,462.0,1981-03-06,462.0,3374.0,1.0,True,1.0,1.0
1981-03-06,462.0,1981-03-09,473.25,3374,473.25,1981-03-09,473.25,3375.0,1.0,True,1.0,1.0
1981-03-09,473.25,1981-03-10,484.5,3375,484.5,1981-03-10,484.5,3376.0,1.0,True,1.0,1.0
1981-03-10,484.5,1981-03-11,475.5,3376,475.5,1981-03-11,475.5,3377.0,1.0,True,1.0,1.0
1981-03-11,475.5,1981-03-12,477.5,3377,477.5,1981-03-12,477.5,3378.0,1.0,True,1.0,1.0
1981-03-12,477.5,1981-03-13,492.0,3378,492.0,1981-03-13,492.0,3379.0,1.0,True,1.0,1.0
1981-03-13,492.0,1981-03-16,499.25,3379,499.25,1981-03-16,499.25,3380.0,1.0,True,1.0,1.0
1981-03-16,499.25,1981-03-17,498.25,3380,498.25,1981-03-17,498.25,3381.0,1.0,True,1.0,1.0
1981-03-17,498.25,1981-03-18,510.25,3381,510.25,1981-03-18,510.25,3382.0,1.0,True,1.0,1.0
1981-03-18,510.25,1981-03-19,512.75,3382,512.75,1981-03-19,512.75,3383.0,1.0,True,1.0,1.0
1981-03-19,512.75,1981-03-20,509.5,3383,509.5,1981-03-20,509.5,3384.0,1.0,True,1.0,1.0
1981-03-20,509.5,1981-03-23,535.75,3384,535.75,1981-03-23,535.75,3385.0,1.0,True,1.0,1.0
1981-03-23,535.75,1981-03-24,531.0,3385,531.0,1981-03-24,531.0,3386.0,1.0,True,1.0,1.0
1981-03-24,531.0,1981-03-25,533.25,3386,533.25,1981-03-25,533.25,3387.0,1.0,True,1.0,1.0
1981-03-25,533.25,1981-03-26,534.0,3387,534.0,1981-03-26,534.0,3388.0,1.0,True,1.0,1.0
1981-03-26,534.0,1981-03-27,547.25,3388,547.25,1981-03-27,547.25,3389.0,1.0,True,1.0,1.0
1981-03-27,547.25,1981-03-30,529.5,3389,529.5,1981-03-30,529.5,3390.0,1.0,True,1.0,1.0
1981-03-30,529.5,1981-03-31,514.25,3390,514.25,1981-03-31,514.25,3391.0,1.0,True,1.0,1.0
1981-03-31,514.25,1981-04-01,516.75,3391,516.75,1981-04-01,516.75,3392.0,1.0,True,1.0,1.0
1981-04-01,516.75,1981-04-02,517.0,3392,517.0,1981-04-02,517.0,3393.0,1.0,True,1.0,1.0
1981-04-02,517.0,1981-04-03,523.5,3393,523.5,1981-04-03,523.5,3394.0,1.0,True,1.0,1.0
1981-04-03,523.5,1981-04-06,534.25,3394,534.25,1981-04-06,534.25,3395.0,1.0,True,1.0,1.0
1981-04-06,534.25,1981-04-07,517.0,3395,517.0,1981-04-07,517.0,3396.0,1.0,True,1.0,1.0
1981-04-07,517.0,1981-04-08,508.0,3396,508.0,1981-04-08,508.0,3397.0,1.0,True,1.0,1.0
1981-04-08,508.0,1981-04-09,512.0,3397,512.0,1981-04-09,512.0,3398.0,1.0,True,1.0,1.0
1981-04-09,512.0,1981-04-10,491.0,3398,491.0,1981-04-10,491.0,3399.0,1.0,True,1.0,1.0
1981-04-10,491.0,1981-04-13,475.5,3399,475.5,1981-04-13,475.5,3400.0,1.0,True,1.0,1.0
1981-04-13,475.5,1981-04-14,483.0,3400,483.0,1981-04-14,483.0,3401.0,1.0,True,1.0,1.0
1981-04-14,483.0,1981-04-15,480.25,3401,480.25,1981-04-15,480.25,3402.0,1.0,True,1.0,1.0
1981-04-15,480.25,1981-04-16,481.5,3402,481.5,1981-04-28,484.25,3411.0,9.0,True,0.0,0.0
1981-04-28,484.25,1981-04-29,478.5,3411,478.5,1981-04-29,478.5,3412.0,1.0,True,1.0,1.0
1981-04-29,478.5,1981-04-30,481.0,3412,481.0,1981-04-30,481.0,3413.0,1.0,True,1.0,1.0
1981-04-30,481.0,1981-05-01,484.75,3413,484.75,1981-05-12,487.0,3421.0,8.0,True,0.0,0.0
1981-05-12,487.0,1981-05-13,486.5,3421,486.5,1981-05-13,486.5,3422.0,1.0,True,1.0,1.0
1981-05-13,486.5,1981-05-14,480.75,3422,480.75,1981-05-14,480.75,3423.0,1.0,True,1.0,1.0
1981-05-14,480.75,1981-05-15,482.5,3423,482.5,1981-05-19,483.25,3426.0,3.0,True,0.0,0.0
1981-05-19,483.25,1981-05-20,478.25,3426,478.25,1981-05-20,478.25,3427.0,1.0,True,1.0,1.0
1981-05-20,478.25,1981-05-21,480.0,3427,480.0,1981-05-21,480.0,3428.0,1.0,True,1.0,1.0
1981-05-21,480.0,1981-05-22,472.75,3428,472.75,1981-06-02,473.5,3436.0,8.0,True,0.0,0.0
1981-06-02,473.5,1981-06-03,474.0,3436,474.0,1981-06-03,474.0,3437.0,1.0,True,1.0,1.0
1981-06-03,474.0,1981-06-04,463.75,3437,463.75,1981-06-04,463.75,3438.0,1.0,True,1.0,1.0
1981-06-04,463.75,1981-06-05,460.25,3438,460.25,1981-06-05,460.25,3439.0,1.0,True,1.0,1.0
1981-06-05,460.25,1981-06-08,460.0,3439,460.0,1981-06-08,460.0,3440.0,1.0,True,1.0,1.0
1981-06-08,460.0,1981-06-09,463.0,3440,463.0,1981-06-09,463.0,3441.0,1.0,True,1.0,1.0
1981-06-09,463.0,1981-06-10,463.25,3441,463.25,1981-06-10,463.25,3442.0,1.0,True,1.0,1.0
1981-06-10,463.25,1981-06-11,464.25,3442,464.25,1981-06-11,464.25,3443.0,1.0,True,1.0,1.0
1981-06-11,464.25,1981-06-12,467.0,3443,467.0,1981-06-12,467.0,3444.0,1.0,True,1.0,1.0
1981-06-12,467.0,1981-06-15,472.25,3444,472.25,1981-06-15,472.25,3445.0,1.0,True,1.0,1.0
1981-06-15,472.25,1981-06-16,466.75,3445,466.75,1981-06-16,466.75,3446.0,1.0,True,1.0,1.0
1981-06-16,466.75,1981-06-17,463.25,3446,463.25,1981-06-17,463.25,3447.0,1.0,True,1.0,1.0
1981-06-17,463.25,1981-06-18,460.25,3447,460.25,1981-06-18,460.25,3448.0,1.0,True,1.0,1.0
1981-06-18,460.25,1981-06-19,457.75,3448,457.75,1981-06-19,457.75,3449.0,1.0,True,1.0,1.0
1981-06-19,457.75,1981-06-22,462.0,3449,462.0,1981-06-23,465.0,3451.0,2.0,True,0.0,0.0
1981-06-23,465.0,1981-06-24,462.25,3451,462.25,1981-06-24,462.25,3452.0,1.0,True,1.0,1.0
1981-06-24,462.25,1981-06-25,454.5,3452,454.5,1981-06-25,454.5,3453.0,1.0,True,1.0,1.0
1981-06-25,454.5,1981-06-26,443.75,3453,443.75,1981-06-26,443.75,3454.0,1.0,True,1.0,1.0
1981-06-26,443.75,1981-06-29,431.5,3454,431.5,1981-06-29,431.5,3455.0,1.0,True,1.0,1.0
1981-06-29,431.5,1981-06-30,421.5,3455,421.5,1981-06-30,421.5,3456.0,1.0,True,1.0,1.0
1981-06-30,421.5,1981-07-01,421.25,3456,421.25,1981-07-01,421.25,3457.0,1.0,True,1.0,1.0
1981-07-01,421.25,1981-07-02,410.0,3457,410.0,1981-07-02,410.0,3458.0,1.0,True,1.0,1.0
1981-07-02,410.0,1981-07-03,413.75,3458,413.75,1981-07-03,413.75,3459.0,1.0,True,1.0,1.0
1981-07-03,413.75,1981-07-06,403.5,3459,403.5,1981-07-06,403.5,3460.0,1.0,True,1.0,1.0
1981-07-06,403.5,1981-07-07,403.5,3460,403.5,1981-07-07,403.5,3461.0,1.0,True,1.0,1.0
1981-07-07,403.5,1981-07-08,400.0,3461,400.0,1981-07-08,400.0,3462.0,1.0,True,1.0,1.0
1981-07-08,400.0,1981-07-09,406.0,3462,406.0,1981-07-09,406.0,3463.0,1.0,True,1.0,1.0
1981-07-09,406.0,1981-07-10,415.25,3463,415.25,1981-07-10,415.25,3464.0,1.0,True,1.0,1.0
1981-07-10,415.25,1981-07-13,417.75,3464,417.75,1981-07-13,417.75,3465.0,1.0,True,1.0,1.0
1981-07-13,417.75,1981-07-14,403.25,3465,403.25,1981-07-14,403.25,3466.0,1.0,True,1.0,1.0
1981-07-14,403.25,1981-07-15,408.0,3466,408.0,1981-07-15,408.0,3467.0,1.0,True,1.0,1.0
1981-07-15,408.0,1981-07-16,417.25,3467,417.25,1981-07-16,417.25,3468.0,1.0,True,1.0,1.0
1981-07-16,417.25,1981-07-17,414.5,3468,414.5,1981-07-17,414.5,3469.0,1.0,True,1.0,1.0
1981-07-17,414.5,1981-07-20,414.75,3469,414.75,1981-07-20,414.75,3470.0,1.0,True,1.0,1.0
1981-07-20,414.75,1981-07-21,408.0,3470,408.0,1981-07-21,408.0,3471.0,1.0,True,1.0,1.0
1981-07-21,408.0,1981-07-22,409.25,3471,409.25,1981-07-22,409.25,3472.0,1.0,True,1.0,1.0
1981-07-22,409.25,1981-07-23,410.5,3472,410.5,1981-07-23,410.5,3473.0,1.0,True,1.0,1.0
1981-07-23,410.5,1981-07-24,407.5,3473,407.5,1981-07-24,407.5,3474.0,1.0,True,1.0,1.0
1981-07-24,407.5,1981-07-27,409.75,3474,409.75,1981-07-27,409.75,3475.0,1.0,True,1.0,1.0
1981-07-27,409.75,1981-07-28,403.0,3475,403.0,1981-08-06,395.0,3483.0,8.0,True,0.0,0.0
1981-08-06,395.0,1981-08-07,399.0,3483,399.0,1981-08-07,399.0,3484.0,1.0,True,1.0,1.0
1981-08-07,399.0,1981-08-10,393.2,3484,393.2,1981-08-10,393.2,3485.0,1.0,True,1.0,1.0
1981-08-10,393.2,1981-08-11,396.5,3485,396.5,1981-08-11,396.5,3486.0,1.0,True,1.0,1.0
1981-08-11,396.5,1981-08-12,408.5,3486,408.5,1981-08-12,408.5,3487.0,1.0,True,1.0,1.0
1981-08-12,408.5,1981-08-13,407.5,3487,407.5,1981-08-13,407.5,3488.0,1.0,True,1.0,1.0
1981-08-13,407.5,1981-08-14,411.5,3488,411.5,1981-08-14,411.5,3489.0,1.0,True,1.0,1.0
1981-08-14,411.5,1981-08-17,409.5,3489,409.5,1981-08-17,409.5,3490.0,1.0,True,1.0,1.0
1981-08-17,409.5,1981-08-18,422.5,3490,422.5,1981-08-18,422.5,3491.0,1.0,True,1.0,1.0
1981-08-18,422.5,1981-08-19,433.5,3491,433.5,1981-08-19,433.5,3492.0,1.0,True,1.0,1.0
1981-08-19,433.5,1981-08-20,430.5,3492,430.5,1981-08-20,430.5,3493.0,1.0,True,1.0,1.0
1981-08-20,430.5,1981-08-21,428.5,3493,428.5,1981-08-21,428.5,3494.0,1.0,True,1.0,1.0
1981-08-21,428.5,1981-08-24,428.5,3494,428.5,1981-08-24,428.5,3495.0,1.0,True,1.0,1.0
1981-08-24,428.5,1981-08-25,410.5,3495,410.5,1981-08-25,410.5,3496.0,1.0,True,1.0,1.0
1981-08-25,410.5,1981-08-26,413.0,3496,413.0,1981-08-27,414.75,3498.0,2.0,True,0.0,0.0
1981-08-27,414.75,1981-08-28,425.5,3498,425.5,1981-09-08,434.25,3506.0,8.0,True,0.0,0.0
1981-09-08,434.25,1981-09-09,436.25,3506,436.25,1981-09-09,436.25,3507.0,1.0,True,1.0,1.0
1981-09-09,436.25,1981-09-10,448.0,3507,448.0,1981-09-10,448.0,3508.0,1.0,True,1.0,1.0
1981-09-10,448.0,1981-09-11,447.75,3508,447.75,1981-09-11,447.75,3509.0,1.0,True,1.0,1.0
1981-09-11,447.75,1981-09-14,456.0,3509,456.0,1981-09-14,456.0,3510.0,1.0,True,1.0,1.0
1981-09-14,456.0,1981-09-15,455.25,3510,455.25,1981-09-15,455.25,3511.0,1.0,True,1.0,1.0
1981-09-15,455.25,1981-09-16,449.75,3511,449.75,1981-09-16,449.75,3512.0,1.0,True,1.0,1.0
1981-09-16,449.75,1981-09-17,456.0,3512,456.0,1981-09-17,456.0,3513.0,1.0,True,1.0,1.0
1981-09-17,456.0,1981-09-18,446.75,3513,446.75,1981-09-18,446.75,3514.0,1.0,True,1.0,1.0
1981-09-18,446.75,1981-09-21,459.25,3514,459.25,1981-09-21,459.25,3515.0,1.0,True,1.0,1.0
1981-09-21,459.25,1981-09-22,460.25,3515,460.25,1981-09-22,460.25,3516.0,1.0,True,1.0,1.0
1981-09-22,460.25,1981-09-23,458.0,3516,458.0,1981-09-23,458.0,3517.0,1.0,True,1.0,1.0
1981-09-23,458.0,1981-09-24,450.5,3517,450.5,1981-09-24,450.5,3518.0,1.0,True,1.0,1.0
1981-09-24,450.5,1981-09-25,451.75,3518,451.75,1981-09-25,451.75,3519.0,1.0,True,1.0,1.0
1981-09-25,451.75,1981-09-28,427.5,3519,427.5,1981-09-29,432.5,3521.0,2.0,True,0.0,0.0
1981-09-29,432.5,1981-09-30,426.5,3521,426.5,1981-09-30,426.5,3522.0,1.0,True,1.0,1.0
1981-09-30,426.5,1981-10-01,435.25,3522,435.25,1981-10-01,435.25,3523.0,1.0,True,1.0,1.0
1981-10-01,435.25,1981-10-02,433.25,3523,433.25,1981-10-02,433.25,3524.0,1.0,True,1.0,1.0
1981-10-02,433.25,1981-10-05,440.75,3524,440.75,1981-10-05,440.75,3525.0,1.0,True,1.0,1.0
1981-10-05,440.75,1981-10-06,434.95,3525,434.95,1981-10-06,434.95,3526.0,1.0,True,1.0,1.0
1981-10-06,434.95,1981-10-07,445.0,3526,445.0,1981-10-07,445.0,3527.0,1.0,True,1.0,1.0
1981-10-07,445.0,1981-10-08,441.75,3527,441.75,1981-10-08,441.75,3528.0,1.0,True,1.0,1.0
1981-10-08,441.75,1981-10-09,452.25,3528,452.25,1981-10-09,452.25,3529.0,1.0,True,1.0,1.0
1981-10-09,452.25,1981-10-12,451.6,3529,451.6,1981-10-12,451.6,3530.0,1.0,True,1.0,1.0
1981-10-12,451.6,1981-10-13,443.9,3530,443.9,1981-10-13,443.9,3531.0,1.0,True,1.0,1.0
1981-10-13,443.9,1981-10-14,445.25,3531,445.25,1981-10-14,445.25,3532.0,1.0,True,1.0,1.0
1981-10-14,445.25,1981-10-15,446.85,3532,446.85,1981-10-15,446.85,3533.0,1.0,True,1.0,1.0
1981-10-15,446.85,1981-10-16,441.25,3533,441.25,1981-10-16,441.25,3534.0,1.0,True,1.0,1.0
1981-10-16,441.25,1981-10-19,440.75,3534,440.75,1981-10-19,440.75,3535.0,1.0,True,1.0,1.0
1981-10-19,440.75,1981-10-20,437.2,3535,437.2,1981-10-20,437.2,3536.0,1.0,True,1.0,1.0
1981-10-20,437.2,1981-10-21,433.3,3536,433.3,1981-10-21,433.3,3537.0,1.0,True,1.0,1.0
1981-10-21,433.3,1981-10-22,434.6,3537,434.6,1981-10-22,434.6,3538.0,1.0,True,1.0,1.0
1981-10-22,434.6,1981-10-23,433.5,3538,433.5,1981-10-23,433.5,3539.0,1.0,True,1.0,1.0
1981-10-23,433.5,1981-10-26,428.0,3539,428.0,1981-10-26,428.0,3540.0,1.0,True,1.0,1.0
1981-10-26,428.0,1981-10-27,426.8,3540,426.8,1981-10-27,426.8,3541.0,1.0,True,1.0,1.0
1981-10-27,426.8,1981-10-28,431.5,3541,431.5,1981-10-28,431.5,3542.0,1.0,True,1.0,1.0
1981-10-28,431.5,1981-10-29,422.25,3542,422.25,1981-10-29,422.25,3543.0,1.0,True,1.0,1.0
1981-10-29,422.25,1981-10-30,429.0,3543,429.0,1981-10-30,429.0,3544.0,1.0,True,1.0,1.0
1981-10-30,429.0,1981-11-02,431.0,3544,431.0,1981-11-02,431.0,3545.0,1.0,True,1.0,1.0
1981-11-02,431.0,1981-11-03,427.75,3545,427.75,1981-11-03,427.75,3546.0,1.0,True,1.0,1.0
1981-11-03,427.75,1981-11-04,431.0,3546,431.0,1981-11-04,431.0,3547.0,1.0,True,1.0,1.0
1981-11-04,431.0,1981-11-05,428.9,3547,428.9,1981-11-05,428.9,3548.0,1.0,True,1.0,1.0
1981-11-05,428.9,1981-11-06,427.75,3548,427.75,1981-11-06,427.75,3549.0,1.0,True,1.0,1.0
1981-11-06,427.75,1981-11-09,430.1,3549,430.1,1981-11-09,430.1,3550.0,1.0,True,1.0,1.0
1981-11-09,430.1,1981-11-10,422.75,3550,422.75,1981-11-10,422.75,3551.0,1.0,True,1.0,1.0
1981-11-10,422.75,1981-11-11,412.75,3551,412.75,1981-11-11,412.75,3552.0,1.0,True,1.0,1.0
1981-11-11,412.75,1981-11-12,412.25,3552,412.25,1981-11-12,412.25,3553.0,1.0,True,1.0,1.0
1981-11-12,412.25,1981-11-13,414.0,3553,414.0,1981-11-13,414.0,3554.0,1.0,True,1.0,1.0
1981-11-13,414.0,1981-11-16,408.25,3554,408.25,1981-11-16,408.25,3555.0,1.0,True,1.0,1.0
1981-11-16,408.25,1981-11-17,395.75,3555,395.75,1981-11-17,395.75,3556.0,1.0,True,1.0,1.0
1981-11-17,395.75,1981-11-18,400.75,3556,400.75,1981-11-18,400.75,3557.0,1.0,True,1.0,1.0
1981-11-18,400.75,1981-11-19,401.0,3557,401.0,1981-11-19,401.0,3558.0,1.0,True,1.0,1.0
1981-11-19,401.0,1981-11-20,401.0,3558,401.0,1981-11-20,401.0,3559.0,1.0,True,1.0,1.0
1981-11-20,401.0,1981-11-23,396.0,3559,396.0,1981-11-23,396.0,3560.0,1.0,True,1.0,1.0
1981-11-23,396.0,1981-11-24,398.0,3560,398.0,1981-11-24,398.0,3561.0,1.0,True,1.0,1.0
1981-11-24,398.0,1981-11-25,406.0,3561,406.0,1981-11-25,406.0,3562.0,1.0,True,1.0,1.0
1981-11-25,406.0,1981-11-26,409.75,3562,409.75,1981-11-26,409.75,3563.0,1.0,True,1.0,1.0
1981-11-26,409.75,1981-11-27,411.25,3563,411.25,1981-11-27,411.25,3564.0,1.0,True,1.0,1.0
1981-11-27,411.25,1981-11-30,415.5,3564,415.5,1981-11-30,415.5,3565.0,1.0,True,1.0,1.0
1981-11-30,415.5,1981-12-01,405.0,3565,405.0,1981-12-01,405.0,3566.0,1.0,True,1.0,1.0
1981-12-01,405.0,1981-12-02,405.25,3566,405.25,1981-12-02,405.25,3567.0,1.0,True,1.0,1.0
1981-12-02,405.25,1981-12-03,419.0,3567,419.0,1981-12-03,419.0,3568.0,1.0,True,1.0,1.0
1981-12-03,419.0,1981-12-04,423.5,3568,423.5,1981-12-04,423.5,3569.0,1.0,True,1.0,1.0
1981-12-04,423.5,1981-12-07,417.25,3569,417.25,1981-12-07,417.25,3570.0,1.0,True,1.0,1.0
1981-12-07,417.25,1981-12-08,417.25,3570,417.25,1981-12-08,417.25,3571.0,1.0,True,1.0,1.0
1981-12-08,417.25,1981-12-09,408.25,3571,408.25,1981-12-09,408.25,3572.0,1.0,True,1.0,1.0
1981-12-09,408.25,1981-12-10,407.0,3572,407.0,1981-12-10,407.0,3573.0,1.0,True,1.0,1.0
1981-12-10,407.0,1981-12-11,409.0,3573,409.0,1981-12-11,409.0,3574.0,1.0,True,1.0,1.0
1981-12-11,409.0,1981-12-14,419.25,3574,419.25,1981-12-14,419.25,3575.0,1.0,True,1.0,1.0
1981-12-14,419.25,1981-12-15,413.25,3575,413.25,1981-12-15,413.25,3576.0,1.0,True,1.0,1.0
1981-12-15,413.25,1981-12-16,418.0,3576,418.0,1981-12-16,418.0,3577.0,1.0,True,1.0,1.0
1981-12-16,418.0,1981-12-17,418.0,3577,418.0,1981-12-17,418.0,3578.0,1.0,True,1.0,1.0
1981-12-17,418.0,1981-12-18,415.25,3578,415.25,1981-12-18,415.25,3579.0,1.0,True,1.0,1.0
1981-12-18,415.25,1981-12-21,413.75,3579,413.75,1981-12-21,413.75,3580.0,1.0,True,1.0,1.0
1981-12-21,413.75,1981-12-22,403.75,3580,403.75,1981-12-22,403.75,3581.0,1.0,True,1.0,1.0
1981-12-22,403.75,1981-12-23,402.25,3581,402.25,1981-12-23,402.25,3582.0,1.0,True,1.0,1.0
1981-12-23,402.25,1981-12-24,404.0,3582,404.0,1982-01-11,392.0,3595.0,13.0,True,0.0,0.0
1982-01-11,392.0,1982-01-12,389.25,3595,389.25,1982-01-12,389.25,3596.0,1.0,True,1.0,1.0
1982-01-12,389.25,1982-01-13,387.0,3596,387.0,1982-01-13,387.0,3597.0,1.0,True,1.0,1.0
1982-01-13,387.0,1982-01-14,371.0,3597,371.0,1982-01-14,371.0,3598.0,1.0,True,1.0,1.0
1982-01-14,371.0,1982-01-15,377.25,3598,377.25,1982-01-15,377.25,3599.0,1.0,True,1.0,1.0
1982-01-15,377.25,1982-01-18,369.75,3599,369.75,1982-01-18,369.75,3600.0,1.0,True,1.0,1.0
1982-01-18,369.75,1982-01-19,377.25,3600,377.25,1982-01-19,377.25,3601.0,1.0,True,1.0,1.0
1982-01-19,377.25,1982-01-20,371.75,3601,371.75,1982-01-20,371.75,3602.0,1.0,True,1.0,1.0
1982-01-20,371.75,1982-01-21,375.25,3602,375.25,1982-01-21,375.25,3603.0,1.0,True,1.0,1.0
1982-01-21,375.25,1982-01-22,377.75,3603,377.75,1982-01-26,373.5,3606.0,3.0,True,0.0,0.0
1982-01-26,373.5,1982-01-27,382.5,3606,382.5,1982-01-27,382.5,3607.0,1.0,True,1.0,1.0
1982-01-27,382.5,1982-01-28,381.5,3607,381.5,1982-01-28,381.5,3608.0,1.0,True,1.0,1.0
1982-01-28,381.5,1982-01-29,388.25,3608,388.25,1982-02-01,381.25,3610.0,2.0,True,0.0,0.0
1982-02-01,381.25,1982-02-02,376.25,3610,376.25,1982-02-02,376.25,3611.0,1.0,True,1.0,1.0
1982-02-02,376.25,1982-02-03,378.75,3611,378.75,1982-02-03,378.75,3612.0,1.0,True,1.0,1.0
1982-02-03,378.75,1982-02-04,383.75,3612,383.75,1982-02-04,383.75,3613.0,1.0,True,1.0,1.0
1982-02-04,383.75,1982-02-05,384.5,3613,384.5,1982-02-05,384.5,3614.0,1.0,True,1.0,1.0
1982-02-05,384.5,1982-02-08,381.5,3614,381.5,1982-02-08,381.5,3615.0,1.0,True,1.0,1.0
1982-02-08,381.5,1982-02-09,378.0,3615,378.0,1982-02-09,378.0,3616.0,1.0,True,1.0,1.0
1982-02-09,378.0,1982-02-10,382.6,3616,382.6,1982-02-10,382.6,3617.0,1.0,True,1.0,1.0
1982-02-10,382.6,1982-02-11,381.5,3617,381.5,1982-02-11,381.5,3618.0,1.0,True,1.0,1.0
1982-02-11,381.5,1982-02-12,379.0,3618,379.0,1982-02-12,379.0,3619.0,1.0,True,1.0,1.0
1982-02-12,379.0,1982-02-15,375.55,3619,375.55,1982-02-15,375.55,3620.0,1.0,True,1.0,1.0
1982-02-15,375.55,1982-02-16,376.25,3620,376.25,1982-02-16,376.25,3621.0,1.0,True,1.0,1.0
1982-02-16,376.25,1982-02-17,375.5,3621,375.5,1982-02-17,375.5,3622.0,1.0,True,1.0,1.0
1982-02-17,375.5,1982-02-18,367.5,3622,367.5,1982-02-18,367.5,3623.0,1.0,True,1.0,1.0
1982-02-18,367.5,1982-02-19,368.75,3623,368.75,1982-02-19,368.75,3624.0,1.0,True,1.0,1.0
1982-02-19,368.75,1982-02-22,364.0,3624,364.0,1982-02-22,364.0,3625.0,1.0,True,1.0,1.0
1982-02-22,364.0,1982-02-23,360.5,3625,360.5,1982-02-23,360.5,3626.0,1.0,True,1.0,1.0
1982-02-23,360.5,1982-02-24,362.75,3626,362.75,1982-02-24,362.75,3627.0,1.0,True,1.0,1.0
1982-02-24,362.75,1982-02-25,368.0,3627,368.0,1982-02-25,368.0,3628.0,1.0,True,1.0,1.0
1982-02-25,368.0,1982-02-26,363.25,3628,363.25,1982-02-26,363.25,3629.0,1.0,True,1.0,1.0
1982-02-26,363.25,1982-03-01,358.75,3629,358.75,1982-03-01,358.75,3630.0,1.0,True,1.0,1.0
1982-03-01,358.75,1982-03-02,363.0,3630,363.0,1982-03-02,363.0,3631.0,1.0,True,1.0,1.0
1982-03-02,363.0,1982-03-03,357.1,3631,357.1,1982-03-03,357.1,3632.0,1.0,True,1.0,1.0
1982-03-03,357.1,1982-03-04,347.0,3632,347.0,1982-03-15,314.25,3640.0,8.0,True,0.0,0.0
1982-03-15,314.25,1982-03-16,321.0,3640,321.0,1982-03-16,321.0,3641.0,1.0,True,1.0,1.0
1982-03-16,321.0,1982-03-17,314.5,3641,314.5,1982-03-17,314.5,3642.0,1.0,True,1.0,1.0
1982-03-17,314.5,1982-03-18,322.4,3642,322.4,1982-03-18,322.4,3643.0,1.0,True,1.0,1.0
1982-03-18,322.4,1982-03-19,316.25,3643,316.25,1982-03-19,316.25,3644.0,1.0,True,1.0,1.0
1982-03-19,316.25,1982-03-22,318.5,3644,318.5,1982-03-22,318.5,3645.0,1.0,True,1.0,1.0
1982-03-22,318.5,1982-03-23,327.0,3645,327.0,1982-03-23,327.0,3646.0,1.0,True,1.0,1.0
1982-03-23,327.0,1982-03-24,333.0,3646,333.0,1982-03-24,333.0,3647.0,1.0,True,1.0,1.0
1982-03-24,333.0,1982-03-25,328.0,3647,328.0,1982-03-25,328.0,3648.0,1.0,True,1.0,1.0
1982-03-25,328.0,1982-03-26,322.75,3648,322.75,1982-03-26,322.75,3649.0,1.0,True,1.0,1.0
1982-03-26,322.75,1982-03-29,319.5,3649,319.5,1982-03-29,319.5,3650.0,1.0,True,1.0,1.0
1982-03-29,319.5,1982-03-30,325.75,3650,325.75,1982-03-30,325.75,3651.0,1.0,True,1.0,1.0
1982-03-30,325.75,1982-03-31,320.5,3651,320.5,1982-03-31,320.5,3652.0,1.0,True,1.0,1.0
1982-03-31,320.5,1982-04-01,325.5,3652,325.5,1982-04-01,325.5,3653.0,1.0,True,1.0,1.0
1982-04-01,325.5,1982-04-02,326.6,3653,326.6,1982-04-05,336.0,3655.0,2.0,True,0.0,0.0
1982-04-05,336.0,1982-04-06,346.25,3655,346.25,1982-04-06,346.25,3656.0,1.0,True,1.0,1.0
1982-04-06,346.25,1982-04-07,356.75,3656,356.75,1982-04-07,356.75,3657.0,1.0,True,1.0,1.0
1982-04-07,356.75,1982-04-08,352.5,3657,352.5,1982-04-20,345.75,3666.0,9.0,True,0.0,0.0
1982-04-20,345.75,1982-04-21,346.6,3666,346.6,1982-04-21,346.6,3667.0,1.0,True,1.0,1.0
1982-04-21,346.6,1982-04-22,344.75,3667,344.75,1982-04-22,344.75,3668.0,1.0,True,1.0,1.0
1982-04-22,344.75,1982-04-23,346.75,3668,346.75,1982-04-23,346.75,3669.0,1.0,True,1.0,1.0
1982-04-23,346.75,1982-04-26,361.0,3669,361.0,1982-04-26,361.0,3670.0,1.0,True,1.0,1.0
1982-04-26,361.0,1982-04-27,350.75,3670,350.75,1982-04-27,350.75,3671.0,1.0,True,1.0,1.0
1982-04-27,350.75,1982-04-28,358.5,3671,358.5,1982-04-28,358.5,3672.0,1.0,True,1.0,1.0
1982-04-28,358.5,1982-04-29,352.0,3672,352.0,1982-04-29,352.0,3673.0,1.0,True,1.0,1.0
1982-04-29,352.0,1982-04-30,356.75,3673,356.75,1982-05-11,330.0,3681.0,8.0,True,0.0,0.0
1982-05-11,330.0,1982-05-12,333.5,3681,333.5,1982-05-12,333.5,3682.0,1.0,True,1.0,1.0
1982-05-12,333.5,1982-05-13,331.75,3682,331.75,1982-05-13,331.75,3683.0,1.0,True,1.0,1.0
1982-05-13,331.75,1982-05-14,331.75,3683,331.75,1982-05-14,331.75,3684.0,1.0,True,1.0,1.0
1982-05-14,331.75,1982-05-17,337.25,3684,337.25,1982-05-17,337.25,3685.0,1.0,True,1.0,1.0
1982-05-17,337.25,1982-05-18,337.5,3685,337.5,1982-05-18,337.5,3686.0,1.0,True,1.0,1.0
1982-05-18,337.5,1982-05-19,342.75,3686,342.75,1982-05-19,342.75,3687.0,1.0,True,1.0,1.0
1982-05-19,342.75,1982-05-20,341.5,3687,341.5,1982-05-20,341.5,3688.0,1.0,True,1.0,1.0
1982-05-20,341.5,1982-05-21,343.25,3688,343.25,1982-05-21,343.25,3689.0,1.0,True,1.0,1.0
1982-05-21,343.25,1982-05-24,331.85,3689,331.85,1982-05-24,331.85,3690.0,1.0,True,1.0,1.0
1982-05-24,331.85,1982-05-25,326.0,3690,326.0,1982-05-25,326.0,3691.0,1.0,True,1.0,1.0
1982-05-25,326.0,1982-05-26,332.0,3691,332.0,1982-05-26,332.0,3692.0,1.0,True,1.0,1.0
1982-05-26,332.0,1982-05-27,324.75,3692,324.75,1982-05-27,324.75,3693.0,1.0,True,1.0,1.0
1982-05-27,324.75,1982-05-28,325.5,3693,325.5,1982-06-08,330.9,3701.0,8.0,True,0.0,0.0
1982-06-08,330.9,1982-06-09,326.75,3701,326.75,1982-06-09,326.75,3702.0,1.0,True,1.0,1.0
1982-06-09,326.75,1982-06-10,329.0,3702,329.0,1982-06-10,329.0,3703.0,1.0,True,1.0,1.0
1982-06-10,329.0,1982-06-11,327.0,3703,327.0,1982-06-11,327.0,3704.0,1.0,True,1.0,1.0
1982-06-11,327.0,1982-06-14,322.25,3704,322.25,1982-06-14,322.25,3705.0,1.0,True,1.0,1.0
1982-06-14,322.25,1982-06-15,315.0,3705,315.0,1982-06-15,315.0,3706.0,1.0,True,1.0,1.0
1982-06-15,315.0,1982-06-16,316.65,3706,316.65,1982-06-16,316.65,3707.0,1.0,True,1.0,1.0
1982-06-16,316.65,1982-06-17,313.5,3707,313.5,1982-06-17,313.5,3708.0,1.0,True,1.0,1.0
1982-06-17,313.5,1982-06-18,307.5,3708,307.5,1982-06-18,307.5,3709.0,1.0,True,1.0,1.0
1982-06-18,307.5,1982-06-21,297.0,3709,297.0,1982-06-21,297.0,3710.0,1.0,True,1.0,1.0
1982-06-21,297.0,1982-06-22,301.75,3710,301.75,1982-06-22,301.75,3711.0,1.0,True,1.0,1.0
1982-06-22,301.75,1982-06-23,300.75,3711,300.75,1982-06-23,300.75,3712.0,1.0,True,1.0,1.0
1982-06-23,300.75,1982-06-24,309.75,3712,309.75,1982-06-24,309.75,3713.0,1.0,True,1.0,1.0
1982-06-24,309.75,1982-06-25,304.0,3713,304.0,1982-06-25,304.0,3714.0,1.0,True,1.0,1.0
1982-06-25,304.0,1982-06-28,303.4,3714,303.4,1982-06-29,310.75,3716.0,2.0,True,0.0,0.0
1982-06-29,310.75,1982-06-30,314.0,3716,314.0,1982-06-30,314.0,3717.0,1.0,True,1.0,1.0
1982-06-30,314.0,1982-07-01,311.75,3717,311.75,1982-07-01,311.75,3718.0,1.0,True,1.0,1.0
1982-07-01,311.75,1982-07-02,313.0,3718,313.0,1982-07-02,313.0,3719.0,1.0,True,1.0,1.0
1982-07-02,313.0,1982-07-05,315.5,3719,315.5,1982-07-05,315.5,3720.0,1.0,True,1.0,1.0
1982-07-05,315.5,1982-07-06,313.1,3720,313.1,1982-07-06,313.1,3721.0,1.0,True,1.0,1.0
1982-07-06,313.1,1982-07-07,307.4,3721,307.4,1982-07-07,307.4,3722.0,1.0,True,1.0,1.0
1982-07-07,307.4,1982-07-08,310.85,3722,310.85,1982-07-08,310.85,3723.0,1.0,True,1.0,1.0
1982-07-08,310.85,1982-07-09,322.35,3723,322.35,1982-07-09,322.35,3724.0,1.0,True,1.0,1.0
1982-07-09,322.35,1982-07-12,338.5,3724,338.5,1982-07-12,338.5,3725.0,1.0,True,1.0,1.0
1982-07-12,338.5,1982-07-13,339.0,3725,339.0,1982-07-13,339.0,3726.0,1.0,True,1.0,1.0
1982-07-13,339.0,1982-07-14,353.75,3726,353.75,1982-07-14,353.75,3727.0,1.0,True,1.0,1.0
1982-07-14,353.75,1982-07-15,347.75,3727,347.75,1982-07-15,347.75,3728.0,1.0,True,1.0,1.0
1982-07-15,347.75,1982-07-16,345.75,3728,345.75,1982-07-16,345.75,3729.0,1.0,True,1.0,1.0
1982-07-16,345.75,1982-07-19,350.0,3729,350.0,1982-07-19,350.0,3730.0,1.0,True,1.0,1.0
1982-07-19,350.0,1982-07-20,344.25,3730,344.25,1982-07-20,344.25,3731.0,1.0,True,1.0,1.0
1982-07-20,344.25,1982-07-21,361.5,3731,361.5,1982-07-21,361.5,3732.0,1.0,True,1.0,1.0
1982-07-21,361.5,1982-07-22,358.25,3732,358.25,1982-07-22,358.25,3733.0,1.0,True,1.0,1.0
1982-07-22,358.25,1982-07-23,363.75,3733,363.75,1982-07-23,363.75,3734.0,1.0,True,1.0,1.0
1982-07-23,363.75,1982-07-26,357.0,3734,357.0,1982-07-26,357.0,3735.0,1.0,True,1.0,1.0
1982-07-26,357.0,1982-07-27,351.5,3735,351.5,1982-07-27,351.5,3736.0,1.0,True,1.0,1.0
1982-07-27,351.5,1982-07-28,345.75,3736,345.75,1982-07-28,345.75,3737.0,1.0,True,1.0,1.0
1982-07-28,345.75,1982-07-29,340.5,3737,340.5,1982-07-29,340.5,3738.0,1.0,True,1.0,1.0
1982-07-29,340.5,1982-07-30,342.5,3738,342.5,1982-07-30,342.5,3739.0,1.0,True,1.0,1.0
1982-07-30,342.5,1982-08-02,352.125,3739,352.125,1982-08-02,352.125,3740.0,1.0,True,1.0,1.0
1982-08-02,352.125,1982-08-03,355.5,3740,355.5,1982-08-03,355.5,3741.0,1.0,True,1.0,1.0
1982-08-03,355.5,1982-08-04,347.6,3741,347.6,1982-08-04,347.6,3742.0,1.0,True,1.0,1.0
1982-08-04,347.6,1982-08-05,348.25,3742,348.25,1982-08-05,348.25,3743.0,1.0,True,1.0,1.0
1982-08-05,348.25,1982-08-06,346.125,3743,346.125,1982-08-06,346.125,3744.0,1.0,True,1.0,1.0
1982-08-06,346.125,1982-08-09,337.75,3744,337.75,1982-08-09,337.75,3745.0,1.0,True,1.0,1.0
1982-08-09,337.75,1982-08-10,337.75,3745,337.75,1982-08-10,337.75,3746.0,1.0,True,1.0,1.0
1982-08-10,337.75,1982-08-11,332.875,3746,332.875,1982-08-11,332.875,3747.0,1.0,True,1.0,1.0
1982-08-11,332.875,1982-08-12,333.25,3747,333.25,1982-08-12,333.25,3748.0,1.0,True,1.0,1.0
1982-08-12,333.25,1982-08-13,337.75,3748,337.75,1982-08-13,337.75,3749.0,1.0,True,1.0,1.0
1982-08-13,337.75,1982-08-16,337.25,3749,337.25,1982-08-16,337.25,3750.0,1.0,True,1.0,1.0
1982-08-16,337.25,1982-08-17,338.0,3750,338.0,1982-08-17,338.0,3751.0,1.0,True,1.0,1.0
1982-08-17,338.0,1982-08-18,352.1,3751,352.1,1982-08-18,352.1,3752.0,1.0,True,1.0,1.0
1982-08-18,352.1,1982-08-19,356.25,3752,356.25,1982-08-19,356.25,3753.0,1.0,True,1.0,1.0
1982-08-19,356.25,1982-08-20,379.0,3753,379.0,1982-08-20,379.0,3754.0,1.0,True,1.0,1.0
1982-08-20,379.0,1982-08-23,381.75,3754,381.75,1982-08-23,381.75,3755.0,1.0,True,1.0,1.0
1982-08-23,381.75,1982-08-24,411.5,3755,411.5,1982-08-24,411.5,3756.0,1.0,True,1.0,1.0
1982-08-24,411.5,1982-08-25,394.5,3756,394.5,1982-08-25,394.5,3757.0,1.0,True,1.0,1.0
1982-08-25,394.5,1982-08-26,417.5,3757,417.5,1982-08-26,417.5,3758.0,1.0,True,1.0,1.0
1982-08-26,417.5,1982-08-27,425.25,3758,425.25,1982-09-07,488.5,3766.0,8.0,True,0.0,0.0
1982-09-07,488.5,1982-09-08,469.0,3766,469.0,1982-09-08,469.0,3767.0,1.0,True,1.0,1.0
1982-09-08,469.0,1982-09-09,477.0,3767,477.0,1982-09-09,477.0,3768.0,1.0,True,1.0,1.0
1982-09-09,477.0,1982-09-10,448.25,3768,448.25,1982-09-10,448.25,3769.0,1.0,True,1.0,1.0
1982-09-10,448.25,1982-09-13,440.0,3769,440.0,1982-09-13,440.0,3770.0,1.0,True,1.0,1.0
1982-09-13,440.0,1982-09-14,452.0,3770,452.0,1982-09-14,452.0,3771.0,1.0,True,1.0,1.0
1982-09-14,452.0,1982-09-15,444.75,3771,444.75,1982-09-15,444.75,3772.0,1.0,True,1.0,1.0
1982-09-15,444.75,1982-09-16,447.25,3772,447.25,1982-09-16,447.25,3773.0,1.0,True,1.0,1.0
1982-09-16,447.25,1982-09-17,445.5,3773,445.5,1982-09-17,445.5,3774.0,1.0,True,1.0,1.0
1982-09-17,445.5,1982-09-20,426.25,3774,426.25,1982-09-20,426.25,3775.0,1.0,True,1.0,1.0
1982-09-20,426.25,1982-09-21,426.5,3775,426.5,1982-09-21,426.5,3776.0,1.0,True,1.0,1.0
1982-09-21,426.5,1982-09-22,441.5,3776,441.5,1982-09-22,441.5,3777.0,1.0,True,1.0,1.0
1982-09-22,441.5,1982-09-23,437.25,3777,437.25,1982-09-23,437.25,3778.0,1.0,True,1.0,1.0
1982-09-23,437.25,1982-09-24,438.5,3778,438.5,1982-09-24,438.5,3779.0,1.0,True,1.0,1.0
1982-09-24,438.5,1982-09-27,414.25,3779,414.25,1982-09-28,409.65,3781.0,2.0,True,0.0,0.0
1982-09-28,409.65,1982-09-29,413.15,3781,413.15,1982-09-29,413.15,3782.0,1.0,True,1.0,1.0
1982-09-29,413.15,1982-09-30,394.75,3782,394.75,1982-09-30,394.75,3783.0,1.0,True,1.0,1.0
1982-09-30,394.75,1982-10-01,397.75,3783,397.75,1982-10-01,397.75,3784.0,1.0,True,1.0,1.0
1982-10-01,397.75,1982-10-04,392.75,3784,392.75,1982-10-04,392.75,3785.0,1.0,True,1.0,1.0
1982-10-04,392.75,1982-10-05,387.25,3785,387.25,1982-10-05,387.25,3786.0,1.0,True,1.0,1.0
1982-10-05,387.25,1982-10-06,402.5,3786,402.5,1982-10-06,402.5,3787.0,1.0,True,1.0,1.0
1982-10-06,402.5,1982-10-07,417.25,3787,417.25,1982-10-07,417.25,3788.0,1.0,True,1.0,1.0
1982-10-07,417.25,1982-10-08,438.0,3788,438.0,1982-10-08,438.0,3789.0,1.0,True,1.0,1.0
1982-10-08,438.0,1982-10-11,432.75,3789,432.75,1982-10-11,432.75,3790.0,1.0,True,1.0,1.0
1982-10-11,432.75,1982-10-12,442.25,3790,442.25,1982-10-12,442.25,3791.0,1.0,True,1.0,1.0
1982-10-12,442.25,1982-10-13,429.5,3791,429.5,1982-10-13,429.5,3792.0,1.0,True,1.0,1.0
1982-10-13,429.5,1982-10-14,448.0,3792,448.0,1982-10-14,448.0,3793.0,1.0,True,1.0,1.0
1982-10-14,448.0,1982-10-15,437.25,3793,437.25,1982-10-15,437.25,3794.0,1.0,True,1.0,1.0
1982-10-15,437.25,1982-10-18,426.5,3794,426.5,1982-10-18,426.5,3795.0,1.0,True,1.0,1.0
1982-10-18,426.5,1982-10-19,439.0,3795,439.0,1982-10-19,439.0,3796.0,1.0,True,1.0,1.0
1982-10-19,439.0,1982-10-20,429.75,3796,429.75,1982-10-20,429.75,3797.0,1.0,True,1.0,1.0
1982-10-20,429.75,1982-10-21,432.25,3797,432.25,1982-10-21,432.25,3798.0,1.0,True,1.0,1.0
1982-10-21,432.25,1982-10-22,426.25,3798,426.25,1982-10-22,426.25,3799.0,1.0,True,1.0,1.0
1982-10-22,426.25,1982-10-25,420.5,3799,420.5,1982-10-25,420.5,3800.0,1.0,True,1.0,1.0
1982-10-25,420.5,1982-10-26,416.5,3800,416.5,1982-10-26,416.5,3801.0,1.0,True,1.0,1.0
1982-10-26,416.5,1982-10-27,422.25,3801,422.25,1982-10-27,422.25,3802.0,1.0,True,1.0,1.0
1982-10-27,422.25,1982-10-28,418.25,3802,418.25,1982-10-28,418.25,3803.0,1.0,True,1.0,1.0
1982-10-28,418.25,1982-10-29,422.0,3803,422.0,1982-10-29,422.0,3804.0,1.0,True,1.0,1.0
1982-10-29,422.0,1982-11-01,426.75,3804,426.75,1982-11-01,426.75,3805.0,1.0,True,1.0,1.0
1982-11-01,426.75,1982-11-02,431.5,3805,431.5,1982-11-02,431.5,3806.0,1.0,True,1.0,1.0
1982-11-02,431.5,1982-11-03,433.5,3806,433.5,1982-11-03,433.5,3807.0,1.0,True,1.0,1.0
1982-11-03,433.5,1982-11-04,426.0,3807,426.0,1982-11-04,426.0,3808.0,1.0,True,1.0,1.0
1982-11-04,426.0,1982-11-05,423.0,3808,423.0,1982-11-05,423.0,3809.0,1.0,True,1.0,1.0
1982-11-05,423.0,1982-11-08,411.0,3809,411.0,1982-11-08,411.0,3810.0,1.0,True,1.0,1.0
1982-11-08,411.0,1982-11-09,410.0,3810,410.0,1982-11-09,410.0,3811.0,1.0,True,1.0,1.0
1982-11-09,410.0,1982-11-10,412.0,3811,412.0,1982-11-10,412.0,3812.0,1.0,True,1.0,1.0
1982-11-10,412.0,1982-11-11,408.0,3812,408.0,1982-11-11,408.0,3813.0,1.0,True,1.0,1.0
1982-11-11,408.0,1982-11-12,400.0,3813,400.0,1982-11-12,400.0,3814.0,1.0,True,1.0,1.0
1982-11-12,400.0,1982-11-15,404.5,3814,404.5,1982-11-15,404.5,3815.0,1.0,True,1.0,1.0
1982-11-15,404.5,1982-11-16,404.0,3815,404.0,1982-11-16,404.0,3816.0,1.0,True,1.0,1.0
1982-11-16,404.0,1982-11-17,412.6,3816,412.6,1982-11-17,412.6,3817.0,1.0,True,1.0,1.0
1982-11-17,412.6,1982-11-18,409.25,3817,409.25,1982-11-18,409.25,3818.0,1.0,True,1.0,1.0
1982-11-18,409.25,1982-11-19,417.0,3818,417.0,1982-11-19,417.0,3819.0,1.0,True,1.0,1.0
1982-11-19,417.0,1982-11-22,413.4,3819,413.4,1982-11-22,413.4,3820.0,1.0,True,1.0,1.0
1982-11-22,413.4,1982-11-23,404.75,3820,404.75,1982-11-23,404.75,3821.0,1.0,True,1.0,1.0
1982-11-23,404.75,1982-11-24,404.5,3821,404.5,1982-11-24,404.5,3822.0,1.0,True,1.0,1.0
1982-11-24,404.5,1982-11-25,410.25,3822,410.25,1982-11-25,410.25,3823.0,1.0,True,1.0,1.0
1982-11-25,410.25,1982-11-26,413.75,3823,413.75,1982-11-26,413.75,3824.0,1.0,True,1.0,1.0
1982-11-26,413.75,1982-11-29,428.5,3824,428.5,1982-11-29,428.5,3825.0,1.0,True,1.0,1.0
1982-11-29,428.5,1982-11-30,428.25,3825,428.25,1982-11-30,428.25,3826.0,1.0,True,1.0,1.0
1982-11-30,428.25,1982-12-01,440.0,3826,440.0,1982-12-01,440.0,3827.0,1.0,True,1.0,1.0
1982-12-01,440.0,1982-12-02,435.75,3827,435.75,1982-12-02,435.75,3828.0,1.0,True,1.0,1.0
1982-12-02,435.75,1982-12-03,440.75,3828,440.75,1982-12-03,440.75,3829.0,1.0,True,1.0,1.0
1982-12-03,440.75,1982-12-06,443.0,3829,443.0,1982-12-06,443.0,3830.0,1.0,True,1.0,1.0
1982-12-06,443.0,1982-12-07,458.15,3830,458.15,1982-12-07,458.15,3831.0,1.0,True,1.0,1.0
1982-12-07,458.15,1982-12-08,449.25,3831,449.25,1982-12-08,449.25,3832.0,1.0,True,1.0,1.0
1982-12-08,449.25,1982-12-09,442.5,3832,442.5,1982-12-09,442.5,3833.0,1.0,True,1.0,1.0
1982-12-09,442.5,1982-12-10,439.0,3833,439.0,1982-12-10,439.0,3834.0,1.0,True,1.0,1.0
1982-12-10,439.0,1982-12-13,438.75,3834,438.75,1982-12-13,438.75,3835.0,1.0,True,1.0,1.0
1982-12-13,438.75,1982-12-14,449.25,3835,449.25,1982-12-14,449.25,3836.0,1.0,True,1.0,1.0
1982-12-14,449.25,1982-12-15,435.25,3836,435.25,1982-12-15,435.25,3837.0,1.0,True,1.0,1.0
1982-12-15,435.25,1982-12-16,441.5,3837,441.5,1982-12-16,441.5,3838.0,1.0,True,1.0,1.0
1982-12-16,441.5,1982-12-17,440.5,3838,440.5,1982-12-17,440.5,3839.0,1.0,True,1.0,1.0
1982-12-17,440.5,1982-12-20,440.75,3839,440.75,1982-12-20,440.75,3840.0,1.0,True,1.0,1.0
1982-12-20,440.75,1982-12-21,441.75,3840,441.75,1982-12-21,441.75,3841.0,1.0,True,1.0,1.0
1982-12-21,441.75,1982-12-22,448.15,3841,448.15,1982-12-22,448.15,3842.0,1.0,True,1.0,1.0
1982-12-22,448.15,1982-12-23,445.5,3842,445.5,1982-12-23,445.5,3843.0,1.0,True,1.0,1.0
1982-12-23,445.5,1982-12-24,448.5,3843,448.5,1983-01-11,490.5,3856.0,13.0,True,0.0,0.0
1983-01-11,490.5,1983-01-12,483.0,3856,483.0,1983-01-12,483.0,3857.0,1.0,True,1.0,1.0
1983-01-12,483.0,1983-01-13,491.0,3857,491.0,1983-01-13,491.0,3858.0,1.0,True,1.0,1.0
1983-01-13,491.0,1983-01-14,483.75,3858,483.75,1983-01-14,483.75,3859.0,1.0,True,1.0,1.0
1983-01-14,483.75,1983-01-17,494.5,3859,494.5,1983-01-17,494.5,3860.0,1.0,True,1.0,1.0
1983-01-17,494.5,1983-01-18,487.0,3860,487.0,1983-01-18,487.0,3861.0,1.0,True,1.0,1.0
1983-01-18,487.0,1983-01-19,497.75,3861,497.75,1983-01-19,497.75,3862.0,1.0,True,1.0,1.0
1983-01-19,497.75,1983-01-20,487.5,3862,487.5,1983-01-20,487.5,3863.0,1.0,True,1.0,1.0
1983-01-20,487.5,1983-01-21,490.25,3863,490.25,1983-01-21,490.25,3864.0,1.0,True,1.0,1.0
1983-01-21,490.25,1983-01-24,475.75,3864,475.75,1983-01-26,488.25,3867.0,3.0,True,0.0,0.0
1983-01-26,488.25,1983-01-27,493.5,3867,493.5,1983-01-27,493.5,3868.0,1.0,True,1.0,1.0
1983-01-27,493.5,1983-01-28,492.5,3868,492.5,1983-01-28,492.5,3869.0,1.0,True,1.0,1.0
1983-01-28,492.5,1983-01-31,503.0,3869,503.0,1983-02-01,508.5,3871.0,2.0,True,0.0,0.0
1983-02-01,508.5,1983-02-02,498.25,3871,498.25,1983-02-02,498.25,3872.0,1.0,True,1.0,1.0
1983-02-02,498.25,1983-02-03,506.0,3872,506.0,1983-02-03,506.0,3873.0,1.0,True,1.0,1.0
1983-02-03,506.0,1983-02-04,501.0,3873,501.0,1983-02-04,501.0,3874.0,1.0,True,1.0,1.0
1983-02-04,501.0,1983-02-07,489.0,3874,489.0,1983-02-07,489.0,3875.0,1.0,True,1.0,1.0
1983-02-07,489.0,1983-02-08,496.5,3875,496.5,1983-02-08,496.5,3876.0,1.0,True,1.0,1.0
1983-02-08,496.5,1983-02-09,492.25,3876,492.25,1983-02-09,492.25,3877.0,1.0,True,1.0,1.0
1983-02-09,492.25,1983-02-10,494.75,3877,494.75,1983-02-10,494.75,3878.0,1.0,True,1.0,1.0
1983-02-10,494.75,1983-02-11,506.0,3878,506.0,1983-02-11,506.0,3879.0,1.0,True,1.0,1.0
1983-02-11,506.0,1983-02-14,500.5,3879,500.5,1983-02-14,500.5,3880.0,1.0,True,1.0,1.0
1983-02-14,500.5,1983-02-15,511.5,3880,511.5,1983-02-15,511.5,3881.0,1.0,True,1.0,1.0
1983-02-15,511.5,1983-02-16,506.75,3881,506.75,1983-02-16,506.75,3882.0,1.0,True,1.0,1.0
1983-02-16,506.75,1983-02-17,506.0,3882,506.0,1983-02-17,506.0,3883.0,1.0,True,1.0,1.0
1983-02-17,506.0,1983-02-18,502.25,3883,502.25,1983-02-18,502.25,3884.0,1.0,True,1.0,1.0
1983-02-18,502.25,1983-02-21,503.75,3884,503.75,1983-02-21,503.75,3885.0,1.0,True,1.0,1.0
1983-02-21,503.75,1983-02-22,503.25,3885,503.25,1983-02-22,503.25,3886.0,1.0,True,1.0,1.0
1983-02-22,503.25,1983-02-23,479.25,3886,479.25,1983-02-23,479.25,3887.0,1.0,True,1.0,1.0
1983-02-23,479.25,1983-02-24,473.75,3887,473.75,1983-02-24,473.75,3888.0,1.0,True,1.0,1.0
1983-02-24,473.75,1983-02-25,470.75,3888,470.75,1983-02-25,470.75,3889.0,1.0,True,1.0,1.0
1983-02-25,470.75,1983-02-28,419.75,3889,419.75,1983-02-28,419.75,3890.0,1.0,True,1.0,1.0
1983-02-28,419.75,1983-03-01,414.5,3890,414.5,1983-03-01,414.5,3891.0,1.0,True,1.0,1.0
1983-03-01,414.5,1983-03-02,431.0,3891,431.0,1983-03-02,431.0,3892.0,1.0,True,1.0,1.0
1983-03-02,431.0,1983-03-03,431.75,3892,431.75,1983-03-03,431.75,3893.0,1.0,True,1.0,1.0
1983-03-03,431.75,1983-03-04,415.5,3893,415.5,1983-03-04,415.5,3894.0,1.0,True,1.0,1.0
1983-03-04,415.5,1983-03-07,421.25,3894,421.25,1983-03-07,421.25,3895.0,1.0,True,1.0,1.0
1983-03-07,421.25,1983-03-08,422.25,3895,422.25,1983-03-08,422.25,3896.0,1.0,True,1.0,1.0
1983-03-08,422.25,1983-03-09,424.25,3896,424.25,1983-03-09,424.25,3897.0,1.0,True,1.0,1.0
1983-03-09,424.25,1983-03-10,433.0,3897,433.0,1983-03-10,433.0,3898.0,1.0,True,1.0,1.0
1983-03-10,433.0,1983-03-11,424.0,3898,424.0,1983-03-11,424.0,3899.0,1.0,True,1.0,1.0
1983-03-11,424.0,1983-03-14,431.75,3899,431.75,1983-03-14,431.75,3900.0,1.0,True,1.0,1.0
1983-03-14,431.75,1983-03-15,436.5,3900,436.5,1983-03-15,436.5,3901.0,1.0,True,1.0,1.0
1983-03-15,436.5,1983-03-16,424.0,3901,424.0,1983-03-16,424.0,3902.0,1.0,True,1.0,1.0
1983-03-16,424.0,1983-03-17,416.75,3902,416.75,1983-03-17,416.75,3903.0,1.0,True,1.0,1.0
1983-03-17,416.75,1983-03-18,419.75,3903,419.75,1983-03-18,419.75,3904.0,1.0,True,1.0,1.0
1983-03-18,419.75,1983-03-21,414.5,3904,414.5,1983-03-21,414.5,3905.0,1.0,True,1.0,1.0
1983-03-21,414.5,1983-03-22,420.75,3905,420.75,1983-03-22,420.75,3906.0,1.0,True,1.0,1.0
1983-03-22,420.75,1983-03-23,413.0,3906,413.0,1983-03-23,413.0,3907.0,1.0,True,1.0,1.0
1983-03-23,413.0,1983-03-24,415.0,3907,415.0,1983-03-24,415.0,3908.0,1.0,True,1.0,1.0
1983-03-24,415.0,1983-03-25,411.25,3908,411.25,1983-03-25,411.25,3909.0,1.0,True,1.0,1.0
1983-03-25,411.25,1983-03-28,412.0,3909,412.0,1983-03-28,412.0,3910.0,1.0,True,1.0,1.0
1983-03-28,412.0,1983-03-29,412.0,3910,412.0,1983-03-29,412.0,3911.0,1.0,True,1.0,1.0
1983-03-29,412.0,1983-03-30,417.25,3911,417.25,1983-03-30,417.25,3912.0,1.0,True,1.0,1.0
1983-03-30,417.25,1983-03-31,414.25,3912,414.25,1983-04-12,433.25,3921.0,9.0,True,0.0,0.0
1983-04-12,433.25,1983-04-13,428.75,3921,428.75,1983-04-13,428.75,3922.0,1.0,True,1.0,1.0
1983-04-13,428.75,1983-04-14,436.25,3922,436.25,1983-04-14,436.25,3923.0,1.0,True,1.0,1.0
1983-04-14,436.25,1983-04-15,435.75,3923,435.75,1983-04-15,435.75,3924.0,1.0,True,1.0,1.0
1983-04-15,435.75,1983-04-18,443.0,3924,443.0,1983-04-18,443.0,3925.0,1.0,True,1.0,1.0
1983-04-18,443.0,1983-04-19,441.5,3925,441.5,1983-04-19,441.5,3926.0,1.0,True,1.0,1.0
1983-04-19,441.5,1983-04-20,434.0,3926,434.0,1983-04-20,434.0,3927.0,1.0,True,1.0,1.0
1983-04-20,434.0,1983-04-21,440.5,3927,440.5,1983-04-21,440.5,3928.0,1.0,True,1.0,1.0
1983-04-21,440.5,1983-04-22,436.25,3928,436.25,1983-04-22,436.25,3929.0,1.0,True,1.0,1.0
1983-04-22,436.25,1983-04-25,442.25,3929,442.25,1983-04-25,442.25,3930.0,1.0,True,1.0,1.0
1983-04-25,442.25,1983-04-26,435.25,3930,435.25,1983-04-26,435.25,3931.0,1.0,True,1.0,1.0
1983-04-26,435.25,1983-04-27,436.5,3931,436.5,1983-04-27,436.5,3932.0,1.0,True,1.0,1.0
1983-04-27,436.5,1983-04-28,427.0,3932,427.0,1983-04-28,427.0,3933.0,1.0,True,1.0,1.0
1983-04-28,427.0,1983-04-29,428.5,3933,428.5,1983-05-10,439.25,3941.0,8.0,True,0.0,0.0
1983-05-10,439.25,1983-05-11,443.25,3941,443.25,1983-05-11,443.25,3942.0,1.0,True,1.0,1.0
1983-05-11,443.25,1983-05-12,438.25,3942,438.25,1983-05-12,438.25,3943.0,1.0,True,1.0,1.0
1983-05-12,438.25,1983-05-13,438.0,3943,438.0,1983-05-13,438.0,3944.0,1.0,True,1.0,1.0
1983-05-13,438.0,1983-05-16,438.5,3944,438.5,1983-05-16,438.5,3945.0,1.0,True,1.0,1.0
1983-05-16,438.5,1983-05-17,437.5,3945,437.5,1983-05-17,437.5,3946.0,1.0,True,1.0,1.0
1983-05-17,437.5,1983-05-18,442.15,3946,442.15,1983-05-18,442.15,3947.0,1.0,True,1.0,1.0
1983-05-18,442.15,1983-05-19,440.0,3947,440.0,1983-05-19,440.0,3948.0,1.0,True,1.0,1.0
1983-05-19,440.0,1983-05-20,439.0,3948,439.0,1983-05-20,439.0,3949.0,1.0,True,1.0,1.0
1983-05-20,439.0,1983-05-23,433.0,3949,433.0,1983-05-23,433.0,3950.0,1.0,True,1.0,1.0
1983-05-23,433.0,1983-05-24,437.25,3950,437.25,1983-05-24,437.25,3951.0,1.0,True,1.0,1.0
1983-05-24,437.25,1983-05-25,437.6,3951,437.6,1983-05-25,437.6,3952.0,1.0,True,1.0,1.0
1983-05-25,437.6,1983-05-26,441.25,3952,441.25,1983-05-26,441.25,3953.0,1.0,True,1.0,1.0
1983-05-26,441.25,1983-05-27,436.85,3953,436.85,1983-06-07,403.15,3961.0,8.0,True,0.0,0.0
1983-06-07,403.15,1983-06-08,402.25,3961,402.25,1983-06-08,402.25,3962.0,1.0,True,1.0,1.0
1983-06-08,402.25,1983-06-09,405.75,3962,405.75,1983-06-09,405.75,3963.0,1.0,True,1.0,1.0
1983-06-09,405.75,1983-06-10,413.25,3963,413.25,1983-06-10,413.25,3964.0,1.0,True,1.0,1.0
1983-06-10,413.25,1983-06-13,412.0,3964,412.0,1983-06-13,412.0,3965.0,1.0,True,1.0,1.0
1983-06-13,412.0,1983-06-14,412.35,3965,412.35,1983-06-14,412.35,3966.0,1.0,True,1.0,1.0
1983-06-14,412.35,1983-06-15,407.5,3966,407.5,1983-06-15,407.5,3967.0,1.0,True,1.0,1.0
1983-06-15,407.5,1983-06-16,410.75,3967,410.75,1983-06-16,410.75,3968.0,1.0,True,1.0,1.0
1983-06-16,410.75,1983-06-17,416.5,3968,416.5,1983-06-17,416.5,3969.0,1.0,True,1.0,1.0
1983-06-17,416.5,1983-06-20,411.25,3969,411.25,1983-06-20,411.25,3970.0,1.0,True,1.0,1.0
1983-06-20,411.25,1983-06-21,415.25,3970,415.25,1983-06-21,415.25,3971.0,1.0,True,1.0,1.0
1983-06-21,415.25,1983-06-22,421.25,3971,421.25,1983-06-22,421.25,3972.0,1.0,True,1.0,1.0
1983-06-22,421.25,1983-06-23,418.5,3972,418.5,1983-06-23,418.5,3973.0,1.0,True,1.0,1.0
1983-06-23,418.5,1983-06-24,420.75,3973,420.75,1983-06-24,420.75,3974.0,1.0,True,1.0,1.0
1983-06-24,420.75,1983-06-27,423.25,3974,423.25,1983-06-28,413.75,3976.0,2.0,True,0.0,0.0
1983-06-28,413.75,1983-06-29,415.25,3976,415.25,1983-06-29,415.25,3977.0,1.0,True,1.0,1.0
1983-06-29,415.25,1983-06-30,416.75,3977,416.75,1983-06-30,416.75,3978.0,1.0,True,1.0,1.0
1983-06-30,416.75,1983-07-01,416.75,3978,416.75,1983-07-01,416.75,3979.0,1.0,True,1.0,1.0
1983-07-01,416.75,1983-07-04,416.0,3979,416.0,1983-07-04,416.0,3980.0,1.0,True,1.0,1.0
1983-07-04,416.0,1983-07-05,413.75,3980,413.75,1983-07-05,413.75,3981.0,1.0,True,1.0,1.0
1983-07-05,413.75,1983-07-06,412.25,3981,412.25,1983-07-06,412.25,3982.0,1.0,True,1.0,1.0
1983-07-06,412.25,1983-07-07,414.25,3982,414.25,1983-07-07,414.25,3983.0,1.0,True,1.0,1.0
1983-07-07,414.25,1983-07-08,422.75,3983,422.75,1983-07-08,422.75,3984.0,1.0,True,1.0,1.0
1983-07-08,422.75,1983-07-11,426.15,3984,426.15,1983-07-11,426.15,3985.0,1.0,True,1.0,1.0
1983-07-11,426.15,1983-07-12,430.5,3985,430.5,1983-07-12,430.5,3986.0,1.0,True,1.0,1.0
1983-07-12,430.5,1983-07-13,426.5,3986,426.5,1983-07-13,426.5,3987.0,1.0,True,1.0,1.0
1983-07-13,426.5,1983-07-14,424.4,3987,424.4,1983-07-14,424.4,3988.0,1.0,True,1.0,1.0
1983-07-14,424.4,1983-07-15,421.75,3988,421.75,1983-07-15,421.75,3989.0,1.0,True,1.0,1.0
1983-07-15,421.75,1983-07-18,423.25,3989,423.25,1983-07-18,423.25,3990.0,1.0,True,1.0,1.0
1983-07-18,423.25,1983-07-19,424.25,3990,424.25,1983-07-19,424.25,3991.0,1.0,True,1.0,1.0
1983-07-19,424.25,1983-07-20,426.0,3991,426.0,1983-07-20,426.0,3992.0,1.0,True,1.0,1.0
1983-07-20,426.0,1983-07-21,429.25,3992,429.25,1983-07-21,429.25,3993.0,1.0,True,1.0,1.0
1983-07-21,429.25,1983-07-22,424.25,3993,424.25,1983-07-22,424.25,3994.0,1.0,True,1.0,1.0
1983-07-22,424.25,1983-07-25,423.25,3994,423.25,1983-07-25,423.25,3995.0,1.0,True,1.0,1.0
1983-07-25,423.25,1983-07-26,426.25,3995,426.25,1983-07-26,426.25,3996.0,1.0,True,1.0,1.0
1983-07-26,426.25,1983-07-27,425.75,3996,425.75,1983-07-27,425.75,3997.0,1.0,True,1.0,1.0
1983-07-27,425.75,1983-07-28,426.0,3997,426.0,1983-07-28,426.0,3998.0,1.0,True,1.0,1.0
1983-07-28,426.0,1983-07-29,422.25,3998,422.25,1983-07-29,422.25,3999.0,1.0,True,1.0,1.0
1983-07-29,422.25,1983-08-01,413.25,3999,413.25,1983-08-01,413.25,4000.0,1.0,True,1.0,1.0
1983-08-01,413.25,1983-08-02,413.75,4000,413.75,1983-08-02,413.75,4001.0,1.0,True,1.0,1.0
1983-08-02,413.75,1983-08-03,412.75,4001,412.75,1983-08-03,412.75,4002.0,1.0,True,1.0,1.0
1983-08-03,412.75,1983-08-04,413.25,4002,413.25,1983-08-04,413.25,4003.0,1.0,True,1.0,1.0
1983-08-04,413.25,1983-08-05,409.0,4003,409.0,1983-08-05,409.0,4004.0,1.0,True,1.0,1.0
1983-08-05,409.0,1983-08-08,410.5,4004,410.5,1983-08-08,410.5,4005.0,1.0,True,1.0,1.0
1983-08-08,410.5,1983-08-09,412.0,4005,412.0,1983-08-09,412.0,4006.0,1.0,True,1.0,1.0
1983-08-09,412.0,1983-08-10,408.0,4006,408.0,1983-08-10,408.0,4007.0,1.0,True,1.0,1.0
1983-08-10,408.0,1983-08-11,411.15,4007,411.15,1983-08-11,411.15,4008.0,1.0,True,1.0,1.0
1983-08-11,411.15,1983-08-12,411.6,4008,411.6,1983-08-12,411.6,4009.0,1.0,True,1.0,1.0
1983-08-12,411.6,1983-08-15,415.3,4009,415.3,1983-08-15,415.3,4010.0,1.0,True,1.0,1.0
1983-08-15,415.3,1983-08-16,419.75,4010,419.75,1983-08-16,419.75,4011.0,1.0,True,1.0,1.0
1983-08-16,419.75,1983-08-17,420.25,4011,420.25,1983-08-17,420.25,4012.0,1.0,True,1.0,1.0
1983-08-17,420.25,1983-08-18,421.0,4012,421.0,1983-08-18,421.0,4013.0,1.0,True,1.0,1.0
1983-08-18,421.0,1983-08-19,419.1,4013,419.1,1983-08-19,419.1,4014.0,1.0,True,1.0,1.0
1983-08-19,419.1,1983-08-22,421.25,4014,421.25,1983-08-22,421.25,4015.0,1.0,True,1.0,1.0
1983-08-22,421.25,1983-08-23,425.75,4015,425.75,1983-08-23,425.75,4016.0,1.0,True,1.0,1.0
1983-08-23,425.75,1983-08-24,423.75,4016,423.75,1983-08-24,423.75,4017.0,1.0,True,1.0,1.0
1983-08-24,423.75,1983-08-25,422.5,4017,422.5,1983-08-25,422.5,4018.0,1.0,True,1.0,1.0
1983-08-25,422.5,1983-08-26,419.25,4018,419.25,1983-09-06,418.25,4026.0,8.0,True,0.0,0.0
1983-09-06,418.25,1983-09-07,413.0,4026,413.0,1983-09-07,413.0,4027.0,1.0,True,1.0,1.0
1983-09-07,413.0,1983-09-08,414.5,4027,414.5,1983-09-08,414.5,4028.0,1.0,True,1.0,1.0
1983-09-08,414.5,1983-09-09,414.5,4028,414.5,1983-09-09,414.5,4029.0,1.0,True,1.0,1.0
1983-09-09,414.5,1983-09-12,416.9,4029,416.9,1983-09-12,416.9,4030.0,1.0,True,1.0,1.0
1983-09-12,416.9,1983-09-13,406.75,4030,406.75,1983-09-13,406.75,4031.0,1.0,True,1.0,1.0
1983-09-13,406.75,1983-09-14,406.15,4031,406.15,1983-09-14,406.15,4032.0,1.0,True,1.0,1.0
1983-09-14,406.15,1983-09-15,403.75,4032,403.75,1983-09-15,403.75,4033.0,1.0,True,1.0,1.0
1983-09-15,403.75,1983-09-16,405.25,4033,405.25,1983-09-16,405.25,4034.0,1.0,True,1.0,1.0
1983-09-16,405.25,1983-09-19,410.25,4034,410.25,1983-09-19,410.25,4035.0,1.0,True,1.0,1.0
1983-09-19,410.25,1983-09-20,413.0,4035,413.0,1983-09-20,413.0,4036.0,1.0,True,1.0,1.0
1983-09-20,413.0,1983-09-21,412.0,4036,412.0,1983-09-21,412.0,4037.0,1.0,True,1.0,1.0
1983-09-21,412.0,1983-09-22,410.5,4037,410.5,1983-09-22,410.5,4038.0,1.0,True,1.0,1.0
1983-09-22,410.5,1983-09-23,413.25,4038,413.25,1983-09-23,413.25,4039.0,1.0,True,1.0,1.0
1983-09-23,413.25,1983-09-26,416.25,4039,416.25,1983-09-27,413.5,4041.0,2.0,True,0.0,0.0
1983-09-27,413.5,1983-09-28,414.0,4041,414.0,1983-09-28,414.0,4042.0,1.0,True,1.0,1.0
1983-09-28,414.0,1983-09-29,409.5,4042,409.5,1983-09-29,409.5,4043.0,1.0,True,1.0,1.0
1983-09-29,409.5,1983-09-30,404.0,4043,404.0,1983-09-30,404.0,4044.0,1.0,True,1.0,1.0
1983-09-30,404.0,1983-10-03,393.5,4044,393.5,1983-10-03,393.5,4045.0,1.0,True,1.0,1.0
1983-10-03,393.5,1983-10-04,392.75,4045,392.75,1983-10-04,392.75,4046.0,1.0,True,1.0,1.0
1983-10-04,392.75,1983-10-05,388.75,4046,388.75,1983-10-05,388.75,4047.0,1.0,True,1.0,1.0
1983-10-05,388.75,1983-10-06,397.25,4047,397.25,1983-10-06,397.25,4048.0,1.0,True,1.0,1.0
1983-10-06,397.25,1983-10-07,395.7,4048,395.7,1983-10-07,395.7,4049.0,1.0,True,1.0,1.0
1983-10-07,395.7,1983-10-10,399.25,4049,399.25,1983-10-10,399.25,4050.0,1.0,True,1.0,1.0
1983-10-10,399.25,1983-10-11,400.5,4050,400.5,1983-10-11,400.5,4051.0,1.0,True,1.0,1.0
1983-10-11,400.5,1983-10-12,395.75,4051,395.75,1983-10-12,395.75,4052.0,1.0,True,1.0,1.0
1983-10-12,395.75,1983-10-13,397.5,4052,397.5,1983-10-13,397.5,4053.0,1.0,True,1.0,1.0
1983-10-13,397.5,1983-10-14,400.75,4053,400.75,1983-10-14,400.75,4054.0,1.0,True,1.0,1.0
1983-10-14,400.75,1983-10-17,400.5,4054,400.5,1983-10-17,400.5,4055.0,1.0,True,1.0,1.0
1983-10-17,400.5,1983-10-18,396.75,4055,396.75,1983-10-18,396.75,4056.0,1.0,True,1.0,1.0
1983-10-18,396.75,1983-10-19,393.6,4056,393.6,1983-10-19,393.6,4057.0,1.0,True,1.0,1.0
1983-10-19,393.6,1983-10-20,390.0,4057,390.0,1983-10-20,390.0,4058.0,1.0,True,1.0,1.0
1983-10-20,390.0,1983-10-21,393.6,4058,393.6,1983-10-21,393.6,4059.0,1.0,True,1.0,1.0
1983-10-21,393.6,1983-10-24,396.25,4059,396.25,1983-10-24,396.25,4060.0,1.0,True,1.0,1.0
1983-10-24,396.25,1983-10-25,396.25,4060,396.25,1983-10-25,396.25,4061.0,1.0,True,1.0,1.0
1983-10-25,396.25,1983-10-26,395.25,4061,395.25,1983-10-26,395.25,4062.0,1.0,True,1.0,1.0
1983-10-26,395.25,1983-10-27,384.5,4062,384.5,1983-10-27,384.5,4063.0,1.0,True,1.0,1.0
1983-10-27,384.5,1983-10-28,387.25,4063,387.25,1983-10-28,387.25,4064.0,1.0,True,1.0,1.0
1983-10-28,387.25,1983-10-31,383.5,4064,383.5,1983-10-31,383.5,4065.0,1.0,True,1.0,1.0
1983-10-31,383.5,1983-11-01,376.0,4065,376.0,1983-11-01,376.0,4066.0,1.0,True,1.0,1.0
1983-11-01,376.0,1983-11-02,381.5,4066,381.5,1983-11-02,381.5,4067.0,1.0,True,1.0,1.0
1983-11-02,381.5,1983-11-03,381.75,4067,381.75,1983-11-03,381.75,4068.0,1.0,True,1.0,1.0
1983-11-03,381.75,1983-11-04,382.5,4068,382.5,1983-11-04,382.5,4069.0,1.0,True,1.0,1.0
1983-11-04,382.5,1983-11-07,377.0,4069,377.0,1983-11-07,377.0,4070.0,1.0,True,1.0,1.0
1983-11-07,377.0,1983-11-08,382.15,4070,382.15,1983-11-08,382.15,4071.0,1.0,True,1.0,1.0
1983-11-08,382.15,1983-11-09,380.5,4071,380.5,1983-11-09,380.5,4072.0,1.0,True,1.0,1.0
1983-11-09,380.5,1983-11-10,382.0,4072,382.0,1983-11-10,382.0,4073.0,1.0,True,1.0,1.0
1983-11-10,382.0,1983-11-11,381.15,4073,381.15,1983-11-11,381.15,4074.0,1.0,True,1.0,1.0
1983-11-11,381.15,1983-11-14,382.6,4074,382.6,1983-11-14,382.6,4075.0,1.0,True,1.0,1.0
1983-11-14,382.6,1983-11-15,383.25,4075,383.25,1983-11-15,383.25,4076.0,1.0,True,1.0,1.0
1983-11-15,383.25,1983-11-16,383.0,4076,383.0,1983-11-16,383.0,4077.0,1.0,True,1.0,1.0
1983-11-16,383.0,1983-11-17,376.5,4077,376.5,1983-11-17,376.5,4078.0,1.0,True,1.0,1.0
1983-11-17,376.5,1983-11-18,376.25,4078,376.25,1983-11-18,376.25,4079.0,1.0,True,1.0,1.0
1983-11-18,376.25,1983-11-21,374.75,4079,374.75,1983-11-21,374.75,4080.0,1.0,True,1.0,1.0
1983-11-21,374.75,1983-11-22,375.8,4080,375.8,1983-11-22,375.8,4081.0,1.0,True,1.0,1.0
1983-11-22,375.8,1983-11-23,375.75,4081,375.75,1983-11-23,375.75,4082.0,1.0,True,1.0,1.0
1983-11-23,375.75,1983-11-24,375.75,4082,375.75,1983-11-24,375.75,4083.0,1.0,True,1.0,1.0
1983-11-24,375.75,1983-11-25,375.9,4083,375.9,1983-11-25,375.9,4084.0,1.0,True,1.0,1.0
1983-11-25,375.9,1983-11-28,381.25,4084,381.25,1983-11-28,381.25,4085.0,1.0,True,1.0,1.0
1983-11-28,381.25,1983-11-29,391.25,4085,391.25,1983-11-29,391.25,4086.0,1.0,True,1.0,1.0
1983-11-29,391.25,1983-11-30,405.75,4086,405.75,1983-11-30,405.75,4087.0,1.0,True,1.0,1.0
1983-11-30,405.75,1983-12-01,398.5,4087,398.5,1983-12-01,398.5,4088.0,1.0,True,1.0,1.0
1983-12-01,398.5,1983-12-02,403.5,4088,403.5,1983-12-02,403.5,4089.0,1.0,True,1.0,1.0
1983-12-02,403.5,1983-12-05,402.4,4089,402.4,1983-12-05,402.4,4090.0,1.0,True,1.0,1.0
1983-12-05,402.4,1983-12-06,398.0,4090,398.0,1983-12-06,398.0,4091.0,1.0,True,1.0,1.0
1983-12-06,398.0,1983-12-07,399.75,4091,399.75,1983-12-07,399.75,4092.0,1.0,True,1.0,1.0
1983-12-07,399.75,1983-12-08,402.0,4092,402.0,1983-12-08,402.0,4093.0,1.0,True,1.0,1.0
1983-12-08,402.0,1983-12-09,388.5,4093,388.5,1983-12-09,388.5,4094.0,1.0,True,1.0,1.0
1983-12-09,388.5,1983-12-12,390.9,4094,390.9,1983-12-12,390.9,4095.0,1.0,True,1.0,1.0
1983-12-12,390.9,1983-12-13,389.75,4095,389.75,1983-12-13,389.75,4096.0,1.0,True,1.0,1.0
1983-12-13,389.75,1983-12-14,390.0,4096,390.0,1983-12-14,390.0,4097.0,1.0,True,1.0,1.0
1983-12-14,390.0,1983-12-15,388.6,4097,388.6,1983-12-15,388.6,4098.0,1.0,True,1.0,1.0
1983-12-15,388.6,1983-12-16,381.0,4098,381.0,1983-12-16,381.0,4099.0,1.0,True,1.0,1.0
1983-12-16,381.0,1983-12-19,376.65,4099,376.65,1983-12-19,376.65,4100.0,1.0,True,1.0,1.0
1983-12-19,376.65,1983-12-20,375.4,4100,375.4,1983-12-20,375.4,4101.0,1.0,True,1.0,1.0
1983-12-20,375.4,1983-12-21,378.25,4101,378.25,1983-12-21,378.25,4102.0,1.0,True,1.0,1.0
1983-12-21,378.25,1983-12-22,378.9,4102,378.9,1983-12-22,378.9,4103.0,1.0,True,1.0,1.0
1983-12-22,378.9,1983-12-23,379.5,4103,379.5,1984-01-10,367.5,4116.0,13.0,True,0.0,0.0
1984-01-10,367.5,1984-01-11,369.0,4116,369.0,1984-01-11,369.0,4117.0,1.0,True,1.0,1.0
1984-01-11,369.0,1984-01-12,371.25,4117,371.25,1984-01-12,371.25,4118.0,1.0,True,1.0,1.0
1984-01-12,371.25,1984-01-13,370.0,4118,370.0,1984-01-13,370.0,4119.0,1.0,True,1.0,1.0
1984-01-13,370.0,1984-01-16,370.25,4119,370.25,1984-01-16,370.25,4120.0,1.0,True,1.0,1.0
1984-01-16,370.25,1984-01-17,368.75,4120,368.75,1984-01-17,368.75,4121.0,1.0,True,1.0,1.0
1984-01-17,368.75,1984-01-18,368.25,4121,368.25,1984-01-18,368.25,4122.0,1.0,True,1.0,1.0
1984-01-18,368.25,1984-01-19,373.0,4122,373.0,1984-01-19,373.0,4123.0,1.0,True,1.0,1.0
1984-01-19,373.0,1984-01-20,372.75,4123,372.75,1984-01-20,372.75,4124.0,1.0,True,1.0,1.0
1984-01-20,372.75,1984-01-23,371.25,4124,371.25,1984-01-25,366.375,4127.0,3.0,True,0.0,0.0
1984-01-25,366.375,1984-01-26,368.4,4127,368.4,1984-01-26,368.4,4128.0,1.0,True,1.0,1.0
1984-01-26,368.4,1984-01-27,366.65,4128,366.65,1984-01-27,366.65,4129.0,1.0,True,1.0,1.0
1984-01-27,366.65,1984-01-30,369.25,4129,369.25,1984-01-31,371.9,4131.0,2.0,True,0.0,0.0
1984-01-31,371.9,1984-02-01,377.25,4131,377.25,1984-02-01,377.25,4132.0,1.0,True,1.0,1.0
1984-02-01,377.25,1984-02-02,382.75,4132,382.75,1984-02-02,382.75,4133.0,1.0,True,1.0,1.0
1984-02-02,382.75,1984-02-03,386.25,4133,386.25,1984-02-03,386.25,4134.0,1.0,True,1.0,1.0
1984-02-03,386.25,1984-02-06,380.4,4134,380.4,1984-02-06,380.4,4135.0,1.0,True,1.0,1.0
1984-02-06,380.4,1984-02-07,379.25,4135,379.25,1984-02-07,379.25,4136.0,1.0,True,1.0,1.0
1984-02-07,379.25,1984-02-08,384.95,4136,384.95,1984-02-08,384.95,4137.0,1.0,True,1.0,1.0
1984-02-08,384.95,1984-02-09,383.8,4137,383.8,1984-02-09,383.8,4138.0,1.0,True,1.0,1.0
1984-02-09,383.8,1984-02-10,380.9,4138,380.9,1984-02-10,380.9,4139.0,1.0,True,1.0,1.0
1984-02-10,380.9,1984-02-13,377.5,4139,377.5,1984-02-13,377.5,4140.0,1.0,True,1.0,1.0
1984-02-13,377.5,1984-02-14,374.95,4140,374.95,1984-02-14,374.95,4141.0,1.0,True,1.0,1.0
1984-02-14,374.95,1984-02-15,382.5,4141,382.5,1984-02-15,382.5,4142.0,1.0,True,1.0,1.0
1984-02-15,382.5,1984-02-16,383.1,4142,383.1,1984-02-16,383.1,4143.0,1.0,True,1.0,1.0
1984-02-16,383.1,1984-02-17,382.0,4143,382.0,1984-02-17,382.0,4144.0,1.0,True,1.0,1.0
1984-02-17,382.0,1984-02-20,384.5,4144,384.5,1984-02-20,384.5,4145.0,1.0,True,1.0,1.0
1984-02-20,384.5,1984-02-21,388.25,4145,388.25,1984-02-21,388.25,4146.0,1.0,True,1.0,1.0
1984-02-21,388.25,1984-02-22,392.0,4146,392.0,1984-02-22,392.0,4147.0,1.0,True,1.0,1.0
1984-02-22,392.0,1984-02-23,399.75,4147,399.75,1984-02-23,399.75,4148.0,1.0,True,1.0,1.0
1984-02-23,399.75,1984-02-24,396.1,4148,396.1,1984-02-24,396.1,4149.0,1.0,True,1.0,1.0
1984-02-24,396.1,1984-02-27,394.0,4149,394.0,1984-02-27,394.0,4150.0,1.0,True,1.0,1.0
1984-02-27,394.0,1984-02-28,400.0,4150,400.0,1984-02-28,400.0,4151.0,1.0,True,1.0,1.0
1984-02-28,400.0,1984-02-29,396.6,4151,396.6,1984-02-29,396.6,4152.0,1.0,True,1.0,1.0
1984-02-29,396.6,1984-03-01,395.25,4152,395.25,1984-03-01,395.25,4153.0,1.0,True,1.0,1.0
1984-03-01,395.25,1984-03-02,396.8,4153,396.8,1984-03-02,396.8,4154.0,1.0,True,1.0,1.0
1984-03-02,396.8,1984-03-05,406.85,4154,406.85,1984-03-05,406.85,4155.0,1.0,True,1.0,1.0
1984-03-05,406.85,1984-03-06,403.5,4155,403.5,1984-03-06,403.5,4156.0,1.0,True,1.0,1.0
1984-03-06,403.5,1984-03-07,402.0,4156,402.0,1984-03-07,402.0,4157.0,1.0,True,1.0,1.0
1984-03-07,402.0,1984-03-08,396.35,4157,396.35,1984-03-08,396.35,4158.0,1.0,True,1.0,1.0
1984-03-08,396.35,1984-03-09,402.0,4158,402.0,1984-03-09,402.0,4159.0,1.0,True,1.0,1.0
1984-03-09,402.0,1984-03-12,397.5,4159,397.5,1984-03-12,397.5,4160.0,1.0,True,1.0,1.0
1984-03-12,397.5,1984-03-13,397.5,4160,397.5,1984-03-13,397.5,4161.0,1.0,True,1.0,1.0
1984-03-13,397.5,1984-03-14,400.0,4161,400.0,1984-03-14,400.0,4162.0,1.0,True,1.0,1.0
1984-03-14,400.0,1984-03-15,394.15,4162,394.15,1984-03-15,394.15,4163.0,1.0,True,1.0,1.0
1984-03-15,394.15,1984-03-16,392.8,4163,392.8,1984-03-16,392.8,4164.0,1.0,True,1.0,1.0
1984-03-16,392.8,1984-03-19,392.15,4164,392.15,1984-03-19,392.15,4165.0,1.0,True,1.0,1.0
1984-03-19,392.15,1984-03-20,393.7,4165,393.7,1984-03-20,393.7,4166.0,1.0,True,1.0,1.0
1984-03-20,393.7,1984-03-21,392.0,4166,392.0,1984-03-21,392.0,4167.0,1.0,True,1.0,1.0
1984-03-21,392.0,1984-03-22,391.6,4167,391.6,1984-03-22,391.6,4168.0,1.0,True,1.0,1.0
1984-03-22,391.6,1984-03-23,388.0,4168,388.0,1984-03-23,388.0,4169.0,1.0,True,1.0,1.0
1984-03-23,388.0,1984-03-26,388.5,4169,388.5,1984-03-26,388.5,4170.0,1.0,True,1.0,1.0
1984-03-26,388.5,1984-03-27,389.1,4170,389.1,1984-03-27,389.1,4171.0,1.0,True,1.0,1.0
1984-03-27,389.1,1984-03-28,385.75,4171,385.75,1984-03-28,385.75,4172.0,1.0,True,1.0,1.0
1984-03-28,385.75,1984-03-29,390.35,4172,390.35,1984-03-29,390.35,4173.0,1.0,True,1.0,1.0
1984-03-29,390.35,1984-03-30,388.5,4173,388.5,1984-03-30,388.5,4174.0,1.0,True,1.0,1.0
1984-03-30,388.5,1984-04-02,387.25,4174,387.25,1984-04-02,387.25,4175.0,1.0,True,1.0,1.0
1984-04-02,387.25,1984-04-03,381.15,4175,381.15,1984-04-03,381.15,4176.0,1.0,True,1.0,1.0
1984-04-03,381.15,1984-04-04,380.5,4176,380.5,1984-04-04,380.5,4177.0,1.0,True,1.0,1.0
1984-04-04,380.5,1984-04-05,381.6,4177,381.6,1984-04-05,381.6,4178.0,1.0,True,1.0,1.0
1984-04-05,381.6,1984-04-06,378.75,4178,378.75,1984-04-06,378.75,4179.0,1.0,True,1.0,1.0
1984-04-06,378.75,1984-04-09,381.5,4179,381.5,1984-04-09,381.5,4180.0,1.0,True,1.0,1.0
1984-04-09,381.5,1984-04-10,381.9,4180,381.9,1984-04-10,381.9,4181.0,1.0,True,1.0,1.0
1984-04-10,381.9,1984-04-11,382.8,4181,382.8,1984-04-11,382.8,4182.0,1.0,True,1.0,1.0
1984-04-11,382.8,1984-04-12,382.1,4182,382.1,1984-04-12,382.1,4183.0,1.0,True,1.0,1.0
1984-04-12,382.1,1984-04-13,380.2,4183,380.2,1984-04-13,380.2,4184.0,1.0,True,1.0,1.0
1984-04-13,380.2,1984-04-16,380.0,4184,380.0,1984-04-16,380.0,4185.0,1.0,True,1.0,1.0
1984-04-16,380.0,1984-04-17,380.3,4185,380.3,1984-04-17,380.3,4186.0,1.0,True,1.0,1.0
1984-04-17,380.3,1984-04-18,380.85,4186,380.85,1984-04-18,380.85,4187.0,1.0,True,1.0,1.0
1984-04-18,380.85,1984-04-19,385.0,4187,385.0,1984-05-01,376.4,4196.0,9.0,True,0.0,0.0
1984-05-01,376.4,1984-05-02,377.35,4196,377.35,1984-05-02,377.35,4197.0,1.0,True,1.0,1.0
1984-05-02,377.35,1984-05-03,378.3,4197,378.3,1984-05-03,378.3,4198.0,1.0,True,1.0,1.0
1984-05-03,378.3,1984-05-04,378.3,4198,378.3,1984-05-15,373.35,4206.0,8.0,True,0.0,0.0
1984-05-15,373.35,1984-05-16,374.8,4206,374.8,1984-05-16,374.8,4207.0,1.0,True,1.0,1.0
1984-05-16,374.8,1984-05-17,376.65,4207,376.65,1984-05-17,376.65,4208.0,1.0,True,1.0,1.0
1984-05-17,376.65,1984-05-18,375.0,4208,375.0,1984-05-22,379.15,4211.0,3.0,True,0.0,0.0
1984-05-22,379.15,1984-05-23,378.5,4211,378.5,1984-05-23,378.5,4212.0,1.0,True,1.0,1.0
1984-05-23,378.5,1984-05-24,375.3,4212,375.3,1984-05-24,375.3,4213.0,1.0,True,1.0,1.0
1984-05-24,375.3,1984-05-25,380.5,4213,380.5,1984-06-05,394.0,4221.0,8.0,True,0.0,0.0
1984-06-05,394.0,1984-06-06,393.4,4221,393.4,1984-06-06,393.4,4222.0,1.0,True,1.0,1.0
1984-06-06,393.4,1984-06-07,392.0,4222,392.0,1984-06-07,392.0,4223.0,1.0,True,1.0,1.0
1984-06-07,392.0,1984-06-08,387.1,4223,387.1,1984-06-08,387.1,4224.0,1.0,True,1.0,1.0
1984-06-08,387.1,1984-06-11,383.6,4224,383.6,1984-06-11,383.6,4225.0,1.0,True,1.0,1.0
1984-06-11,383.6,1984-06-12,375.25,4225,375.25,1984-06-12,375.25,4226.0,1.0,True,1.0,1.0
1984-06-12,375.25,1984-06-13,374.5,4226,374.5,1984-06-13,374.5,4227.0,1.0,True,1.0,1.0
1984-06-13,374.5,1984-06-14,376.0,4227,376.0,1984-06-14,376.0,4228.0,1.0,True,1.0,1.0
1984-06-14,376.0,1984-06-15,373.9,4228,373.9,1984-06-15,373.9,4229.0,1.0,True,1.0,1.0
1984-06-15,373.9,1984-06-18,369.4,4229,369.4,1984-06-18,369.4,4230.0,1.0,True,1.0,1.0
1984-06-18,369.4,1984-06-19,370.2,4230,370.2,1984-06-19,370.2,4231.0,1.0,True,1.0,1.0
1984-06-19,370.2,1984-06-20,371.85,4231,371.85,1984-06-20,371.85,4232.0,1.0,True,1.0,1.0
1984-06-20,371.85,1984-06-21,370.0,4232,370.0,1984-06-21,370.0,4233.0,1.0,True,1.0,1.0
1984-06-21,370.0,1984-06-22,373.0,4233,373.0,1984-06-22,373.0,4234.0,1.0,True,1.0,1.0
1984-06-22,373.0,1984-06-25,370.45,4234,370.45,1984-06-26,369.0,4236.0,2.0,True,0.0,0.0
1984-06-26,369.0,1984-06-27,370.3,4236,370.3,1984-06-27,370.3,4237.0,1.0,True,1.0,1.0
1984-06-27,370.3,1984-06-28,371.5,4237,371.5,1984-06-28,371.5,4238.0,1.0,True,1.0,1.0
1984-06-28,371.5,1984-06-29,375.25,4238,375.25,1984-06-29,375.25,4239.0,1.0,True,1.0,1.0
1984-06-29,375.25,1984-07-02,370.45,4239,370.45,1984-07-02,370.45,4240.0,1.0,True,1.0,1.0
1984-07-02,370.45,1984-07-03,369.75,4240,369.75,1984-07-03,369.75,4241.0,1.0,True,1.0,1.0
1984-07-03,369.75,1984-07-04,370.55,4241,370.55,1984-07-04,370.55,4242.0,1.0,True,1.0,1.0
1984-07-04,370.55,1984-07-05,366.0,4242,366.0,1984-07-05,366.0,4243.0,1.0,True,1.0,1.0
1984-07-05,366.0,1984-07-06,358.0,4243,358.0,1984-07-06,358.0,4244.0,1.0,True,1.0,1.0
1984-07-06,358.0,1984-07-09,332.5,4244,332.5,1984-07-09,332.5,4245.0,1.0,True,1.0,1.0
1984-07-09,332.5,1984-07-10,346.0,4245,346.0,1984-07-10,346.0,4246.0,1.0,True,1.0,1.0
1984-07-10,346.0,1984-07-11,335.75,4246,335.75,1984-07-11,335.75,4247.0,1.0,True,1.0,1.0
1984-07-11,335.75,1984-07-12,339.5,4247,339.5,1984-07-12,339.5,4248.0,1.0,True,1.0,1.0
1984-07-12,339.5,1984-07-13,341.6,4248,341.6,1984-07-13,341.6,4249.0,1.0,True,1.0,1.0
1984-07-13,341.6,1984-07-16,352.25,4249,352.25,1984-07-16,352.25,4250.0,1.0,True,1.0,1.0
1984-07-16,352.25,1984-07-17,347.5,4250,347.5,1984-07-17,347.5,4251.0,1.0,True,1.0,1.0
1984-07-17,347.5,1984-07-18,346.25,4251,346.25,1984-07-18,346.25,4252.0,1.0,True,1.0,1.0
1984-07-18,346.25,1984-07-19,352.35,4252,352.35,1984-07-19,352.35,4253.0,1.0,True,1.0,1.0
1984-07-19,352.35,1984-07-20,346.5,4253,346.5,1984-07-20,346.5,4254.0,1.0,True,1.0,1.0
1984-07-20,346.5,1984-07-23,335.25,4254,335.25,1984-07-23,335.25,4255.0,1.0,True,1.0,1.0
1984-07-23,335.25,1984-07-24,337.75,4255,337.75,1984-07-24,337.75,4256.0,1.0,True,1.0,1.0
1984-07-24,337.75,1984-07-25,337.5,4256,337.5,1984-07-25,337.5,4257.0,1.0,True,1.0,1.0
1984-07-25,337.5,1984-07-26,345.0,4257,345.0,1984-07-26,345.0,4258.0,1.0,True,1.0,1.0
1984-07-26,345.0,1984-07-27,336.15,4258,336.15,1984-07-27,336.15,4259.0,1.0,True,1.0,1.0
1984-07-27,336.15,1984-07-30,339.15,4259,339.15,1984-07-30,339.15,4260.0,1.0,True,1.0,1.0
1984-07-30,339.15,1984-07-31,341.6,4260,341.6,1984-07-31,341.6,4261.0,1.0,True,1.0,1.0
1984-07-31,341.6,1984-08-01,337.35,4261,337.35,1984-08-01,337.35,4262.0,1.0,True,1.0,1.0
1984-08-01,337.35,1984-08-02,343.15,4262,343.15,1984-08-02,343.15,4263.0,1.0,True,1.0,1.0
1984-08-02,343.15,1984-08-03,347.5,4263,347.5,1984-08-03,347.5,4264.0,1.0,True,1.0,1.0
1984-08-03,347.5,1984-08-06,352.4,4264,352.4,1984-08-06,352.4,4265.0,1.0,True,1.0,1.0
1984-08-06,352.4,1984-08-07,346.25,4265,346.25,1984-08-07,346.25,4266.0,1.0,True,1.0,1.0
1984-08-07,346.25,1984-08-08,343.9,4266,343.9,1984-08-08,343.9,4267.0,1.0,True,1.0,1.0
1984-08-08,343.9,1984-08-09,344.25,4267,344.25,1984-08-09,344.25,4268.0,1.0,True,1.0,1.0
1984-08-09,344.25,1984-08-10,350.5,4268,350.5,1984-08-10,350.5,4269.0,1.0,True,1.0,1.0
1984-08-10,350.5,1984-08-13,343.0,4269,343.0,1984-08-13,343.0,4270.0,1.0,True,1.0,1.0
1984-08-13,343.0,1984-08-14,348.8,4270,348.8,1984-08-14,348.8,4271.0,1.0,True,1.0,1.0
1984-08-14,348.8,1984-08-15,353.9,4271,353.9,1984-08-15,353.9,4272.0,1.0,True,1.0,1.0
1984-08-15,353.9,1984-08-16,350.65,4272,350.65,1984-08-16,350.65,4273.0,1.0,True,1.0,1.0
1984-08-16,350.65,1984-08-17,351.25,4273,351.25,1984-08-17,351.25,4274.0,1.0,True,1.0,1.0
1984-08-17,351.25,1984-08-20,349.7,4274,349.7,1984-08-20,349.7,4275.0,1.0,True,1.0,1.0
1984-08-20,349.7,1984-08-21,345.4,4275,345.4,1984-08-21,345.4,4276.0,1.0,True,1.0,1.0
1984-08-21,345.4,1984-08-22,345.4,4276,345.4,1984-08-22,345.4,4277.0,1.0,True,1.0,1.0
1984-08-22,345.4,1984-08-23,351.75,4277,351.75,1984-08-23,351.75,4278.0,1.0,True,1.0,1.0
1984-08-23,351.75,1984-08-24,350.35,4278,350.35,1984-09-04,341.75,4286.0,8.0,True,0.0,0.0
1984-09-04,341.75,1984-09-05,338.5,4286,338.5,1984-09-05,338.5,4287.0,1.0,True,1.0,1.0
1984-09-05,338.5,1984-09-06,340.3,4287,340.3,1984-09-06,340.3,4288.0,1.0,True,1.0,1.0
1984-09-06,340.3,1984-09-07,339.5,4288,339.5,1984-09-07,339.5,4289.0,1.0,True,1.0,1.0
1984-09-07,339.5,1984-09-10,337.2,4289,337.2,1984-09-10,337.2,4290.0,1.0,True,1.0,1.0
1984-09-10,337.2,1984-09-11,338.65,4290,338.65,1984-09-11,338.65,4291.0,1.0,True,1.0,1.0
1984-09-11,338.65,1984-09-12,339.5,4291,339.5,1984-09-12,339.5,4292.0,1.0,True,1.0,1.0
1984-09-12,339.5,1984-09-13,337.5,4292,337.5,1984-09-13,337.5,4293.0,1.0,True,1.0,1.0
1984-09-13,337.5,1984-09-14,339.4,4293,339.4,1984-09-14,339.4,4294.0,1.0,True,1.0,1.0
1984-09-14,339.4,1984-09-17,338.0,4294,338.0,1984-09-17,338.0,4295.0,1.0,True,1.0,1.0
1984-09-17,338.0,1984-09-18,336.5,4295,336.5,1984-09-18,336.5,4296.0,1.0,True,1.0,1.0
1984-09-18,336.5,1984-09-19,339.9,4296,339.9,1984-09-19,339.9,4297.0,1.0,True,1.0,1.0
1984-09-19,339.9,1984-09-20,340.0,4297,340.0,1984-09-20,340.0,4298.0,1.0,True,1.0,1.0
1984-09-20,340.0,1984-09-21,339.75,4298,339.75,1984-09-21,339.75,4299.0,1.0,True,1.0,1.0
1984-09-21,339.75,1984-09-24,347.25,4299,347.25,1984-09-25,345.1,4301.0,2.0,True,0.0,0.0
1984-09-25,345.1,1984-09-26,345.75,4301,345.75,1984-09-26,345.75,4302.0,1.0,True,1.0,1.0
1984-09-26,345.75,1984-09-27,344.0,4302,344.0,1984-09-27,344.0,4303.0,1.0,True,1.0,1.0
1984-09-27,344.0,1984-09-28,344.15,4303,344.15,1984-09-28,344.15,4304.0,1.0,True,1.0,1.0
1984-09-28,344.15,1984-10-01,344.75,4304,344.75,1984-10-01,344.75,4305.0,1.0,True,1.0,1.0
1984-10-01,344.75,1984-10-02,344.85,4305,344.85,1984-10-02,344.85,4306.0,1.0,True,1.0,1.0
1984-10-02,344.85,1984-10-03,347.6,4306,347.6,1984-10-03,347.6,4307.0,1.0,True,1.0,1.0
1984-10-03,347.6,1984-10-04,346.0,4307,346.0,1984-10-04,346.0,4308.0,1.0,True,1.0,1.0
1984-10-04,346.0,1984-10-05,346.55,4308,346.55,1984-10-05,346.55,4309.0,1.0,True,1.0,1.0
1984-10-05,346.55,1984-10-08,342.75,4309,342.75,1984-10-08,342.75,4310.0,1.0,True,1.0,1.0
1984-10-08,342.75,1984-10-09,341.25,4310,341.25,1984-10-09,341.25,4311.0,1.0,True,1.0,1.0
1984-10-09,341.25,1984-10-10,337.75,4311,337.75,1984-10-10,337.75,4312.0,1.0,True,1.0,1.0
1984-10-10,337.75,1984-10-11,338.1,4312,338.1,1984-10-11,338.1,4313.0,1.0,True,1.0,1.0
1984-10-11,338.1,1984-10-12,337.9,4313,337.9,1984-10-12,337.9,4314.0,1.0,True,1.0,1.0
1984-10-12,337.9,1984-10-15,338.25,4314,338.25,1984-10-15,338.25,4315.0,1.0,True,1.0,1.0
1984-10-15,338.25,1984-10-16,339.75,4315,339.75,1984-10-16,339.75,4316.0,1.0,True,1.0,1.0
1984-10-16,339.75,1984-10-17,340.0,4316,340.0,1984-10-17,340.0,4317.0,1.0,True,1.0,1.0
1984-10-17,340.0,1984-10-18,338.25,4317,338.25,1984-10-18,338.25,4318.0,1.0,True,1.0,1.0
1984-10-18,338.25,1984-10-19,339.6,4318,339.6,1984-10-19,339.6,4319.0,1.0,True,1.0,1.0
1984-10-19,339.6,1984-10-22,338.0,4319,338.0,1984-10-22,338.0,4320.0,1.0,True,1.0,1.0
1984-10-22,338.0,1984-10-23,339.4,4320,339.4,1984-10-23,339.4,4321.0,1.0,True,1.0,1.0
1984-10-23,339.4,1984-10-24,340.25,4321,340.25,1984-10-24,340.25,4322.0,1.0,True,1.0,1.0
1984-10-24,340.25,1984-10-25,339.9,4322,339.9,1984-10-25,339.9,4323.0,1.0,True,1.0,1.0
1984-10-25,339.9,1984-10-26,338.15,4323,338.15,1984-10-26,338.15,4324.0,1.0,True,1.0,1.0
1984-10-26,338.15,1984-10-29,335.8,4324,335.8,1984-10-29,335.8,4325.0,1.0,True,1.0,1.0
1984-10-29,335.8,1984-10-30,335.65,4325,335.65,1984-10-30,335.65,4326.0,1.0,True,1.0,1.0
1984-10-30,335.65,1984-10-31,334.5,4326,334.5,1984-10-31,334.5,4327.0,1.0,True,1.0,1.0
1984-10-31,334.5,1984-11-01,333.85,4327,333.85,1984-11-01,333.85,4328.0,1.0,True,1.0,1.0
1984-11-01,333.85,1984-11-02,339.0,4328,339.0,1984-11-02,339.0,4329.0,1.0,True,1.0,1.0
1984-11-02,339.0,1984-11-05,342.3,4329,342.3,1984-11-05,342.3,4330.0,1.0,True,1.0,1.0
1984-11-05,342.3,1984-11-06,345.95,4330,345.95,1984-11-06,345.95,4331.0,1.0,True,1.0,1.0
1984-11-06,345.95,1984-11-07,345.8,4331,345.8,1984-11-07,345.8,4332.0,1.0,True,1.0,1.0
1984-11-07,345.8,1984-11-08,348.1,4332,348.1,1984-11-08,348.1,4333.0,1.0,True,1.0,1.0
1984-11-08,348.1,1984-11-09,345.85,4333,345.85,1984-11-09,345.85,4334.0,1.0,True,1.0,1.0
1984-11-09,345.85,1984-11-12,345.8,4334,345.8,1984-11-12,345.8,4335.0,1.0,True,1.0,1.0
1984-11-12,345.8,1984-11-13,350.0,4335,350.0,1984-11-13,350.0,4336.0,1.0,True,1.0,1.0
1984-11-13,350.0,1984-11-14,346.0,4336,346.0,1984-11-14,346.0,4337.0,1.0,True,1.0,1.0
1984-11-14,346.0,1984-11-15,345.35,4337,345.35,1984-11-15,345.35,4338.0,1.0,True,1.0,1.0
1984-11-15,345.35,1984-11-16,345.05,4338,345.05,1984-11-16,345.05,4339.0,1.0,True,1.0,1.0
1984-11-16,345.05,1984-11-19,343.0,4339,343.0,1984-11-19,343.0,4340.0,1.0,True,1.0,1.0
1984-11-19,343.0,1984-11-20,342.65,4340,342.65,1984-11-20,342.65,4341.0,1.0,True,1.0,1.0
1984-11-20,342.65,1984-11-21,342.75,4341,342.75,1984-11-21,342.75,4342.0,1.0,True,1.0,1.0
1984-11-21,342.75,1984-11-22,342.55,4342,342.55,1984-11-22,342.55,4343.0,1.0,True,1.0,1.0
1984-11-22,342.55,1984-11-23,342.0,4343,342.0,1984-11-23,342.0,4344.0,1.0,True,1.0,1.0
1984-11-23,342.0,1984-11-26,339.5,4344,339.5,1984-11-26,339.5,4345.0,1.0,True,1.0,1.0
1984-11-26,339.5,1984-11-27,333.35,4345,333.35,1984-11-27,333.35,4346.0,1.0,True,1.0,1.0
1984-11-27,333.35,1984-11-28,329.1,4346,329.1,1984-11-28,329.1,4347.0,1.0,True,1.0,1.0
1984-11-28,329.1,1984-11-29,331.75,4347,331.75,1984-11-29,331.75,4348.0,1.0,True,1.0,1.0
1984-11-29,331.75,1984-11-30,328.6,4348,328.6,1984-11-30,328.6,4349.0,1.0,True,1.0,1.0
1984-11-30,328.6,1984-12-03,327.7,4349,327.7,1984-12-03,327.7,4350.0,1.0,True,1.0,1.0
1984-12-03,327.7,1984-12-04,330.9,4350,330.9,1984-12-04,330.9,4351.0,1.0,True,1.0,1.0
1984-12-04,330.9,1984-12-05,330.55,4351,330.55,1984-12-05,330.55,4352.0,1.0,True,1.0,1.0
1984-12-05,330.55,1984-12-06,330.7,4352,330.7,1984-12-06,330.7,4353.0,1.0,True,1.0,1.0
1984-12-06,330.7,1984-12-07,330.0,4353,330.0,1984-12-07,330.0,4354.0,1.0,True,1.0,1.0
1984-12-07,330.0,1984-12-10,326.25,4354,326.25,1984-12-10,326.25,4355.0,1.0,True,1.0,1.0
1984-12-10,326.25,1984-12-11,326.65,4355,326.65,1984-12-11,326.65,4356.0,1.0,True,1.0,1.0
1984-12-11,326.65,1984-12-12,327.6,4356,327.6,1984-12-12,327.6,4357.0,1.0,True,1.0,1.0
1984-12-12,327.6,1984-12-13,326.4,4357,326.4,1984-12-13,326.4,4358.0,1.0,True,1.0,1.0
1984-12-13,326.4,1984-12-14,321.75,4358,321.75,1984-12-14,321.75,4359.0,1.0,True,1.0,1.0
1984-12-14,321.75,1984-12-17,316.85,4359,316.85,1984-12-17,316.85,4360.0,1.0,True,1.0,1.0
1984-12-17,316.85,1984-12-18,308.25,4360,308.25,1984-12-18,308.25,4361.0,1.0,True,1.0,1.0
1984-12-18,308.25,1984-12-19,308.75,4361,308.75,1984-12-19,308.75,4362.0,1.0,True,1.0,1.0
1984-12-19,308.75,1984-12-20,303.25,4362,303.25,1984-12-20,303.25,4363.0,1.0,True,1.0,1.0
1984-12-20,303.25,1984-12-21,308.85,4363,308.85,1985-01-09,298.35,4377.0,14.0,True,0.0,0.0
1985-01-09,298.35,1985-01-10,304.0,4377,304.0,1985-01-10,304.0,4378.0,1.0,True,1.0,1.0
1985-01-10,304.0,1985-01-11,304.0,4378,304.0,1985-01-11,304.0,4379.0,1.0,True,1.0,1.0
1985-01-11,304.0,1985-01-14,301.25,4379,301.25,1985-01-14,301.25,4380.0,1.0,True,1.0,1.0
1985-01-14,301.25,1985-01-15,302.5,4380,302.5,1985-01-15,302.5,4381.0,1.0,True,1.0,1.0
1985-01-15,302.5,1985-01-16,302.45,4381,302.45,1985-01-16,302.45,4382.0,1.0,True,1.0,1.0
1985-01-16,302.45,1985-01-17,305.8,4382,305.8,1985-01-17,305.8,4383.0,1.0,True,1.0,1.0
1985-01-17,305.8,1985-01-18,306.9,4383,306.9,1985-01-18,306.9,4384.0,1.0,True,1.0,1.0
1985-01-18,306.9,1985-01-21,307.0,4384,307.0,1985-01-24,301.9,4388.0,4.0,True,0.0,0.0
1985-01-24,301.9,1985-01-25,299.25,4388,299.25,1985-01-25,299.25,4389.0,1.0,True,1.0,1.0
1985-01-25,299.25,1985-01-28,298.6,4389,298.6,1985-01-28,298.6,4390.0,1.0,True,1.0,1.0
1985-01-28,298.6,1985-01-29,303.5,4390,303.5,1985-01-30,303.0,4392.0,2.0,True,0.0,0.0
1985-01-30,303.0,1985-01-31,304.9,4392,304.9,1985-01-31,304.9,4393.0,1.0,True,1.0,1.0
1985-01-31,304.9,1985-02-01,304.8,4393,304.8,1985-02-01,304.8,4394.0,1.0,True,1.0,1.0
1985-02-01,304.8,1985-02-04,301.25,4394,301.25,1985-02-04,301.25,4395.0,1.0,True,1.0,1.0
1985-02-04,301.25,1985-02-05,301.75,4395,301.75,1985-02-05,301.75,4396.0,1.0,True,1.0,1.0
1985-02-05,301.75,1985-02-06,303.45,4396,303.45,1985-02-06,303.45,4397.0,1.0,True,1.0,1.0
1985-02-06,303.45,1985-02-07,302.5,4397,302.5,1985-02-07,302.5,4398.0,1.0,True,1.0,1.0
1985-02-07,302.5,1985-02-08,300.6,4398,300.6,1985-02-08,300.6,4399.0,1.0,True,1.0,1.0
1985-02-08,300.6,1985-02-11,300.0,4399,300.0,1985-02-11,300.0,4400.0,1.0,True,1.0,1.0
1985-02-11,300.0,1985-02-12,303.45,4400,303.45,1985-02-12,303.45,4401.0,1.0,True,1.0,1.0
1985-02-12,303.45,1985-02-13,302.8,4401,302.8,1985-02-13,302.8,4402.0,1.0,True,1.0,1.0
1985-02-13,302.8,1985-02-14,303.4,4402,303.4,1985-02-14,303.4,4403.0,1.0,True,1.0,1.0
1985-02-14,303.4,1985-02-15,304.9,4403,304.9,1985-02-15,304.9,4404.0,1.0,True,1.0,1.0
1985-02-15,304.9,1985-02-18,314.95,4404,314.95,1985-02-18,314.95,4405.0,1.0,True,1.0,1.0
1985-02-18,314.95,1985-02-19,302.9,4405,302.9,1985-02-19,302.9,4406.0,1.0,True,1.0,1.0
1985-02-19,302.9,1985-02-20,302.85,4406,302.85,1985-02-20,302.85,4407.0,1.0,True,1.0,1.0
1985-02-20,302.85,1985-02-21,302.0,4407,302.0,1985-02-21,302.0,4408.0,1.0,True,1.0,1.0
1985-02-21,302.0,1985-02-22,298.8,4408,298.8,1985-02-22,298.8,4409.0,1.0,True,1.0,1.0
1985-02-22,298.8,1985-02-25,290.0,4409,290.0,1985-02-25,290.0,4410.0,1.0,True,1.0,1.0
1985-02-25,290.0,1985-02-26,285.0,4410,285.0,1985-02-26,285.0,4411.0,1.0,True,1.0,1.0
1985-02-26,285.0,1985-02-27,290.75,4411,290.75,1985-02-27,290.75,4412.0,1.0,True,1.0,1.0
1985-02-27,290.75,1985-02-28,290.5,4412,290.5,1985-02-28,290.5,4413.0,1.0,True,1.0,1.0
1985-02-28,290.5,1985-03-01,288.1,4413,288.1,1985-03-01,288.1,4414.0,1.0,True,1.0,1.0
1985-03-01,288.1,1985-03-04,288.3,4414,288.3,1985-03-04,288.3,4415.0,1.0,True,1.0,1.0
1985-03-04,288.3,1985-03-05,288.85,4415,288.85,1985-03-05,288.85,4416.0,1.0,True,1.0,1.0
1985-03-05,288.85,1985-03-06,286.7,4416,286.7,1985-03-06,286.7,4417.0,1.0,True,1.0,1.0
1985-03-06,286.7,1985-03-07,289.3,4417,289.3,1985-03-07,289.3,4418.0,1.0,True,1.0,1.0
1985-03-07,289.3,1985-03-08,289.0,4418,289.0,1985-03-08,289.0,4419.0,1.0,True,1.0,1.0
1985-03-08,289.0,1985-03-11,290.25,4419,290.25,1985-03-11,290.25,4420.0,1.0,True,1.0,1.0
1985-03-11,290.25,1985-03-12,288.75,4420,288.75,1985-03-12,288.75,4421.0,1.0,True,1.0,1.0
1985-03-12,288.75,1985-03-13,290.1,4421,290.1,1985-03-13,290.1,4422.0,1.0,True,1.0,1.0
1985-03-13,290.1,1985-03-14,290.25,4422,290.25,1985-03-14,290.25,4423.0,1.0,True,1.0,1.0
1985-03-14,290.25,1985-03-15,289.9,4423,289.9,1985-03-15,289.9,4424.0,1.0,True,1.0,1.0
1985-03-15,289.9,1985-03-18,293.7,4424,293.7,1985-03-18,293.7,4425.0,1.0,True,1.0,1.0
1985-03-18,293.7,1985-03-19,307.25,4425,307.25,1985-03-19,307.25,4426.0,1.0,True,1.0,1.0
1985-03-19,307.25,1985-03-20,333.25,4426,333.25,1985-03-20,333.25,4427.0,1.0,True,1.0,1.0
1985-03-20,333.25,1985-03-21,312.5,4427,312.5,1985-03-21,312.5,4428.0,1.0,True,1.0,1.0
1985-03-21,312.5,1985-03-22,320.75,4428,320.75,1985-03-22,320.75,4429.0,1.0,True,1.0,1.0
1985-03-22,320.75,1985-03-25,315.9,4429,315.9,1985-03-25,315.9,4430.0,1.0,True,1.0,1.0
1985-03-25,315.9,1985-03-26,316.0,4430,316.0,1985-03-26,316.0,4431.0,1.0,True,1.0,1.0
1985-03-26,316.0,1985-03-27,329.9,4431,329.9,1985-03-27,329.9,4432.0,1.0,True,1.0,1.0
1985-03-27,329.9,1985-03-28,328.75,4432,328.75,1985-03-28,328.75,4433.0,1.0,True,1.0,1.0
1985-03-28,328.75,1985-03-29,329.8,4433,329.8,1985-03-29,329.8,4434.0,1.0,True,1.0,1.0
1985-03-29,329.8,1985-04-01,324.65,4434,324.65,1985-04-01,324.65,4435.0,1.0,True,1.0,1.0
1985-04-01,324.65,1985-04-02,317.0,4435,317.0,1985-04-02,317.0,4436.0,1.0,True,1.0,1.0
1985-04-02,317.0,1985-04-03,321.1,4436,321.1,1985-04-03,321.1,4437.0,1.0,True,1.0,1.0
1985-04-03,321.1,1985-04-04,317.0,4437,317.0,1985-04-16,331.5,4446.0,9.0,True,0.0,0.0
1985-04-16,331.5,1985-04-17,327.0,4446,327.0,1985-04-17,327.0,4447.0,1.0,True,1.0,1.0
1985-04-17,327.0,1985-04-18,325.5,4447,325.5,1985-04-18,325.5,4448.0,1.0,True,1.0,1.0
1985-04-18,325.5,1985-04-19,327.7,4448,327.7,1985-04-19,327.7,4449.0,1.0,True,1.0,1.0
1985-04-19,327.7,1985-04-22,328.1,4449,328.1,1985-04-22,328.1,4450.0,1.0,True,1.0,1.0
1985-04-22,328.1,1985-04-23,326.0,4450,326.0,1985-04-23,326.0,4451.0,1.0,True,1.0,1.0
1985-04-23,326.0,1985-04-24,322.6,4451,322.6,1985-04-24,322.6,4452.0,1.0,True,1.0,1.0
1985-04-24,322.6,1985-04-25,322.4,4452,322.4,1985-04-25,322.4,4453.0,1.0,True,1.0,1.0
1985-04-25,322.4,1985-04-26,322.5,4453,322.5,1985-04-26,322.5,4454.0,1.0,True,1.0,1.0
1985-04-26,322.5,1985-04-29,323.0,4454,323.0,1985-04-29,323.0,4455.0,1.0,True,1.0,1.0
1985-04-29,323.0,1985-04-30,324.65,4455,324.65,1985-04-30,324.65,4456.0,1.0,True,1.0,1.0
1985-04-30,324.65,1985-05-01,315.6,4456,315.6,1985-05-01,315.6,4457.0,1.0,True,1.0,1.0
1985-05-01,315.6,1985-05-02,314.25,4457,314.25,1985-05-02,314.25,4458.0,1.0,True,1.0,1.0
1985-05-02,314.25,1985-05-03,313.7,4458,313.7,1985-05-14,324.75,4466.0,8.0,True,0.0,0.0
1985-05-14,324.75,1985-05-15,322.85,4466,322.85,1985-05-15,322.85,4467.0,1.0,True,1.0,1.0
1985-05-15,322.85,1985-05-16,320.4,4467,320.4,1985-05-16,320.4,4468.0,1.0,True,1.0,1.0
1985-05-16,320.4,1985-05-17,319.8,4468,319.8,1985-05-17,319.8,4469.0,1.0,True,1.0,1.0
1985-05-17,319.8,1985-05-20,323.65,4469,323.65,1985-05-20,323.65,4470.0,1.0,True,1.0,1.0
1985-05-20,323.65,1985-05-21,316.5,4470,316.5,1985-05-21,316.5,4471.0,1.0,True,1.0,1.0
1985-05-21,316.5,1985-05-22,317.4,4471,317.4,1985-05-22,317.4,4472.0,1.0,True,1.0,1.0
1985-05-22,317.4,1985-05-23,316.4,4472,316.4,1985-05-23,316.4,4473.0,1.0,True,1.0,1.0
1985-05-23,316.4,1985-05-24,316.35,4473,316.35,1985-06-04,316.25,4481.0,8.0,True,0.0,0.0
1985-06-04,316.25,1985-06-05,314.75,4481,314.75,1985-06-05,314.75,4482.0,1.0,True,1.0,1.0
1985-06-05,314.75,1985-06-06,314.9,4482,314.9,1985-06-06,314.9,4483.0,1.0,True,1.0,1.0
1985-06-06,314.9,1985-06-07,315.0,4483,315.0,1985-06-07,315.0,4484.0,1.0,True,1.0,1.0
1985-06-07,315.0,1985-06-10,310.75,4484,310.75,1985-06-10,310.75,4485.0,1.0,True,1.0,1.0
1985-06-10,310.75,1985-06-11,313.25,4485,313.25,1985-06-11,313.25,4486.0,1.0,True,1.0,1.0
1985-06-11,313.25,1985-06-12,313.75,4486,313.75,1985-06-12,313.75,4487.0,1.0,True,1.0,1.0
1985-06-12,313.75,1985-06-13,314.1,4487,314.1,1985-06-13,314.1,4488.0,1.0,True,1.0,1.0
1985-06-13,314.1,1985-06-14,315.75,4488,315.75,1985-06-14,315.75,4489.0,1.0,True,1.0,1.0
1985-06-14,315.75,1985-06-17,317.25,4489,317.25,1985-06-17,317.25,4490.0,1.0,True,1.0,1.0
1985-06-17,317.25,1985-06-18,321.65,4490,321.65,1985-06-18,321.65,4491.0,1.0,True,1.0,1.0
1985-06-18,321.65,1985-06-19,325.2,4491,325.2,1985-06-19,325.2,4492.0,1.0,True,1.0,1.0
1985-06-19,325.2,1985-06-20,322.0,4492,322.0,1985-06-20,322.0,4493.0,1.0,True,1.0,1.0
1985-06-20,322.0,1985-06-21,315.25,4493,315.25,1985-06-21,315.25,4494.0,1.0,True,1.0,1.0
1985-06-21,315.25,1985-06-24,314.1,4494,314.1,1985-06-25,315.9,4496.0,2.0,True,0.0,0.0
1985-06-25,315.9,1985-06-26,316.5,4496,316.5,1985-06-26,316.5,4497.0,1.0,True,1.0,1.0
1985-06-26,316.5,1985-06-27,316.25,4497,316.25,1985-06-27,316.25,4498.0,1.0,True,1.0,1.0
1985-06-27,316.25,1985-06-28,316.5,4498,316.5,1985-06-28,316.5,4499.0,1.0,True,1.0,1.0
1985-06-28,316.5,1985-07-01,315.35,4499,315.35,1985-07-01,315.35,4500.0,1.0,True,1.0,1.0
1985-07-01,315.35,1985-07-02,310.85,4500,310.85,1985-07-02,310.85,4501.0,1.0,True,1.0,1.0
1985-07-02,310.85,1985-07-03,310.4,4501,310.4,1985-07-03,310.4,4502.0,1.0,True,1.0,1.0
1985-07-03,310.4,1985-07-04,310.7,4502,310.7,1985-07-04,310.7,4503.0,1.0,True,1.0,1.0
1985-07-04,310.7,1985-07-05,310.9,4503,310.9,1985-07-05,310.9,4504.0,1.0,True,1.0,1.0
1985-07-05,310.9,1985-07-08,312.2,4504,312.2,1985-07-08,312.2,4505.0,1.0,True,1.0,1.0
1985-07-08,312.2,1985-07-09,314.8,4505,314.8,1985-07-09,314.8,4506.0,1.0,True,1.0,1.0
1985-07-09,314.8,1985-07-10,314.7,4506,314.7,1985-07-10,314.7,4507.0,1.0,True,1.0,1.0
1985-07-10,314.7,1985-07-11,313.8,4507,313.8,1985-07-11,313.8,4508.0,1.0,True,1.0,1.0
1985-07-11,313.8,1985-07-12,315.05,4508,315.05,1985-07-12,315.05,4509.0,1.0,True,1.0,1.0
1985-07-12,315.05,1985-07-15,317.15,4509,317.15,1985-07-15,317.15,4510.0,1.0,True,1.0,1.0
1985-07-15,317.15,1985-07-16,316.8,4510,316.8,1985-07-16,316.8,4511.0,1.0,True,1.0,1.0
1985-07-16,316.8,1985-07-17,321.7,4511,321.7,1985-07-17,321.7,4512.0,1.0,True,1.0,1.0
1985-07-17,321.7,1985-07-18,322.25,4512,322.25,1985-07-18,322.25,4513.0,1.0,True,1.0,1.0
1985-07-18,322.25,1985-07-19,319.0,4513,319.0,1985-07-19,319.0,4514.0,1.0,True,1.0,1.0
1985-07-19,319.0,1985-07-22,317.4,4514,317.4,1985-07-22,317.4,4515.0,1.0,True,1.0,1.0
1985-07-22,317.4,1985-07-23,322.75,4515,322.75,1985-07-23,322.75,4516.0,1.0,True,1.0,1.0
1985-07-23,322.75,1985-07-24,318.5,4516,318.5,1985-07-24,318.5,4517.0,1.0,True,1.0,1.0
1985-07-24,318.5,1985-07-25,319.4,4517,319.4,1985-07-25,319.4,4518.0,1.0,True,1.0,1.0
1985-07-25,319.4,1985-07-26,317.6,4518,317.6,1985-07-26,317.6,4519.0,1.0,True,1.0,1.0
1985-07-26,317.6,1985-07-29,323.0,4519,323.0,1985-07-29,323.0,4520.0,1.0,True,1.0,1.0
1985-07-29,323.0,1985-07-30,323.25,4520,323.25,1985-07-30,323.25,4521.0,1.0,True,1.0,1.0
1985-07-30,323.25,1985-07-31,328.1,4521,328.1,1985-07-31,328.1,4522.0,1.0,True,1.0,1.0
1985-07-31,328.1,1985-08-01,326.75,4522,326.75,1985-08-01,326.75,4523.0,1.0,True,1.0,1.0
1985-08-01,326.75,1985-08-02,319.65,4523,319.65,1985-08-02,319.65,4524.0,1.0,True,1.0,1.0
1985-08-02,319.65,1985-08-05,323.0,4524,323.0,1985-08-05,323.0,4525.0,1.0,True,1.0,1.0
1985-08-05,323.0,1985-08-06,321.4,4525,321.4,1985-08-06,321.4,4526.0,1.0,True,1.0,1.0
1985-08-06,321.4,1985-08-07,320.65,4526,320.65,1985-08-07,320.65,4527.0,1.0,True,1.0,1.0
1985-08-07,320.65,1985-08-08,322.9,4527,322.9,1985-08-08,322.9,4528.0,1.0,True,1.0,1.0
1985-08-08,322.9,1985-08-09,322.4,4528,322.4,1985-08-09,322.4,4529.0,1.0,True,1.0,1.0
1985-08-09,322.4,1985-08-12,326.6,4529,326.6,1985-08-12,326.6,4530.0,1.0,True,1.0,1.0
1985-08-12,326.6,1985-08-13,328.5,4530,328.5,1985-08-13,328.5,4531.0,1.0,True,1.0,1.0
1985-08-13,328.5,1985-08-14,326.2,4531,326.2,1985-08-14,326.2,4532.0,1.0,True,1.0,1.0
1985-08-14,326.2,1985-08-15,328.9,4532,328.9,1985-08-15,328.9,4533.0,1.0,True,1.0,1.0
1985-08-15,328.9,1985-08-16,335.4,4533,335.4,1985-08-16,335.4,4534.0,1.0,True,1.0,1.0
1985-08-16,335.4,1985-08-19,339.25,4534,339.25,1985-08-19,339.25,4535.0,1.0,True,1.0,1.0
1985-08-19,339.25,1985-08-20,335.5,4535,335.5,1985-08-20,335.5,4536.0,1.0,True,1.0,1.0
1985-08-20,335.5,1985-08-21,335.75,4536,335.75,1985-08-21,335.75,4537.0,1.0,True,1.0,1.0
1985-08-21,335.75,1985-08-22,337.6,4537,337.6,1985-08-22,337.6,4538.0,1.0,True,1.0,1.0
1985-08-22,337.6,1985-08-23,333.6,4538,333.6,1985-09-03,332.7,4546.0,8.0,True,0.0,0.0
1985-09-03,332.7,1985-09-04,325.0,4546,325.0,1985-09-04,325.0,4547.0,1.0,True,1.0,1.0
1985-09-04,325.0,1985-09-05,326.0,4547,326.0,1985-09-05,326.0,4548.0,1.0,True,1.0,1.0
1985-09-05,326.0,1985-09-06,318.75,4548,318.75,1985-09-06,318.75,4549.0,1.0,True,1.0,1.0
1985-09-06,318.75,1985-09-09,320.2,4549,320.2,1985-09-09,320.2,4550.0,1.0,True,1.0,1.0
1985-09-09,320.2,1985-09-10,320.0,4550,320.0,1985-09-10,320.0,4551.0,1.0,True,1.0,1.0
1985-09-10,320.0,1985-09-11,322.0,4551,322.0,1985-09-11,322.0,4552.0,1.0,True,1.0,1.0
1985-09-11,322.0,1985-09-12,318.0,4552,318.0,1985-09-12,318.0,4553.0,1.0,True,1.0,1.0
1985-09-12,318.0,1985-09-13,321.75,4553,321.75,1985-09-13,321.75,4554.0,1.0,True,1.0,1.0
1985-09-13,321.75,1985-09-16,318.85,4554,318.85,1985-09-16,318.85,4555.0,1.0,True,1.0,1.0
1985-09-16,318.85,1985-09-17,318.7,4555,318.7,1985-09-17,318.7,4556.0,1.0,True,1.0,1.0
1985-09-17,318.7,1985-09-18,315.5,4556,315.5,1985-09-18,315.5,4557.0,1.0,True,1.0,1.0
1985-09-18,315.5,1985-09-19,315.9,4557,315.9,1985-09-19,315.9,4558.0,1.0,True,1.0,1.0
1985-09-19,315.9,1985-09-20,319.2,4558,319.2,1985-09-20,319.2,4559.0,1.0,True,1.0,1.0
1985-09-20,319.2,1985-09-23,328.1,4559,328.1,1985-09-24,328.4,4561.0,2.0,True,0.0,0.0
1985-09-24,328.4,1985-09-25,328.7,4561,328.7,1985-09-25,328.7,4562.0,1.0,True,1.0,1.0
1985-09-25,328.7,1985-09-26,330.4,4562,330.4,1985-09-26,330.4,4563.0,1.0,True,1.0,1.0
1985-09-26,330.4,1985-09-27,328.95,4563,328.95,1985-09-27,328.95,4564.0,1.0,True,1.0,1.0
1985-09-27,328.95,1985-09-30,326.5,4564,326.5,1985-09-30,326.5,4565.0,1.0,True,1.0,1.0
1985-09-30,326.5,1985-10-01,323.15,4565,323.15,1985-10-01,323.15,4566.0,1.0,True,1.0,1.0
1985-10-01,323.15,1985-10-02,324.75,4566,324.75,1985-10-02,324.75,4567.0,1.0,True,1.0,1.0
1985-10-02,324.75,1985-10-03,324.35,4567,324.35,1985-10-03,324.35,4568.0,1.0,True,1.0,1.0
1985-10-03,324.35,1985-10-04,330.55,4568,330.55,1985-10-04,330.55,4569.0,1.0,True,1.0,1.0
1985-10-04,330.55,1985-10-07,326.25,4569,326.25,1985-10-07,326.25,4570.0,1.0,True,1.0,1.0
1985-10-07,326.25,1985-10-08,326.1,4570,326.1,1985-10-08,326.1,4571.0,1.0,True,1.0,1.0
1985-10-08,326.1,1985-10-09,326.95,4571,326.95,1985-10-09,326.95,4572.0,1.0,True,1.0,1.0
1985-10-09,326.95,1985-10-10,325.55,4572,325.55,1985-10-10,325.55,4573.0,1.0,True,1.0,1.0
1985-10-10,325.55,1985-10-11,325.8,4573,325.8,1985-10-11,325.8,4574.0,1.0,True,1.0,1.0
1985-10-11,325.8,1985-10-14,326.6,4574,326.6,1985-10-14,326.6,4575.0,1.0,True,1.0,1.0
1985-10-14,326.6,1985-10-15,326.85,4575,326.85,1985-10-15,326.85,4576.0,1.0,True,1.0,1.0
1985-10-15,326.85,1985-10-16,325.9,4576,325.9,1985-10-16,325.9,4577.0,1.0,True,1.0,1.0
1985-10-16,325.9,1985-10-17,324.6,4577,324.6,1985-10-17,324.6,4578.0,1.0,True,1.0,1.0
1985-10-17,324.6,1985-10-18,326.25,4578,326.25,1985-10-18,326.25,4579.0,1.0,True,1.0,1.0
1985-10-18,326.25,1985-10-21,326.5,4579,326.5,1985-10-21,326.5,4580.0,1.0,True,1.0,1.0
1985-10-21,326.5,1985-10-22,325.9,4580,325.9,1985-10-22,325.9,4581.0,1.0,True,1.0,1.0
1985-10-22,325.9,1985-10-23,326.9,4581,326.9,1985-10-23,326.9,4582.0,1.0,True,1.0,1.0
1985-10-23,326.9,1985-10-24,325.95,4582,325.95,1985-10-24,325.95,4583.0,1.0,True,1.0,1.0
1985-10-24,325.95,1985-10-25,325.65,4583,325.65,1985-10-25,325.65,4584.0,1.0,True,1.0,1.0
1985-10-25,325.65,1985-10-28,326.5,4584,326.5,1985-10-28,326.5,4585.0,1.0,True,1.0,1.0
1985-10-28,326.5,1985-10-29,326.55,4585,326.55,1985-10-29,326.55,4586.0,1.0,True,1.0,1.0
1985-10-29,326.55,1985-10-30,326.8,4586,326.8,1985-10-30,326.8,4587.0,1.0,True,1.0,1.0
1985-10-30,326.8,1985-10-31,325.75,4587,325.75,1985-10-31,325.75,4588.0,1.0,True,1.0,1.0
1985-10-31,325.75,1985-11-01,324.65,4588,324.65,1985-11-01,324.65,4589.0,1.0,True,1.0,1.0
1985-11-01,324.65,1985-11-04,325.6,4589,325.6,1985-11-04,325.6,4590.0,1.0,True,1.0,1.0
1985-11-04,325.6,1985-11-05,324.55,4590,324.55,1985-11-05,324.55,4591.0,1.0,True,1.0,1.0
1985-11-05,324.55,1985-11-06,324.75,4591,324.75,1985-11-06,324.75,4592.0,1.0,True,1.0,1.0
1985-11-06,324.75,1985-11-07,323.6,4592,323.6,1985-11-07,323.6,4593.0,1.0,True,1.0,1.0
1985-11-07,323.6,1985-11-08,322.1,4593,322.1,1985-11-08,322.1,4594.0,1.0,True,1.0,1.0
1985-11-08,322.1,1985-11-11,323.25,4594,323.25,1985-11-11,323.25,4595.0,1.0,True,1.0,1.0
1985-11-11,323.25,1985-11-12,322.7,4595,322.7,1985-11-12,322.7,4596.0,1.0,True,1.0,1.0
1985-11-12,322.7,1985-11-13,324.5,4596,324.5,1985-11-13,324.5,4597.0,1.0,True,1.0,1.0
1985-11-13,324.5,1985-11-14,325.0,4597,325.0,1985-11-14,325.0,4598.0,1.0,True,1.0,1.0
1985-11-14,325.0,1985-11-15,324.55,4598,324.55,1985-11-15,324.55,4599.0,1.0,True,1.0,1.0
1985-11-15,324.55,1985-11-18,323.75,4599,323.75,1985-11-18,323.75,4600.0,1.0,True,1.0,1.0
1985-11-18,323.75,1985-11-19,324.1,4600,324.1,1985-11-19,324.1,4601.0,1.0,True,1.0,1.0
1985-11-19,324.1,1985-11-20,325.05,4601,325.05,1985-11-20,325.05,4602.0,1.0,True,1.0,1.0
1985-11-20,325.05,1985-11-21,325.75,4602,325.75,1985-11-21,325.75,4603.0,1.0,True,1.0,1.0
1985-11-21,325.75,1985-11-22,326.0,4603,326.0,1985-11-22,326.0,4604.0,1.0,True,1.0,1.0
1985-11-22,326.0,1985-11-25,330.5,4604,330.5,1985-11-25,330.5,4605.0,1.0,True,1.0,1.0
1985-11-25,330.5,1985-11-26,331.5,4605,331.5,1985-11-26,331.5,4606.0,1.0,True,1.0,1.0
1985-11-26,331.5,1985-11-27,330.45,4606,330.45,1985-11-27,330.45,4607.0,1.0,True,1.0,1.0
1985-11-27,330.45,1985-11-28,326.75,4607,326.75,1985-11-28,326.75,4608.0,1.0,True,1.0,1.0
1985-11-28,326.75,1985-11-29,327.4,4608,327.4,1985-11-29,327.4,4609.0,1.0,True,1.0,1.0
1985-11-29,327.4,1985-12-02,323.95,4609,323.95,1985-12-02,323.95,4610.0,1.0,True,1.0,1.0
1985-12-02,323.95,1985-12-03,322.5,4610,322.5,1985-12-03,322.5,4611.0,1.0,True,1.0,1.0
1985-12-03,322.5,1985-12-04,324.5,4611,324.5,1985-12-04,324.5,4612.0,1.0,True,1.0,1.0
1985-12-04,324.5,1985-12-05,322.5,4612,322.5,1985-12-05,322.5,4613.0,1.0,True,1.0,1.0
1985-12-05,322.5,1985-12-06,322.5,4613,322.5,1985-12-06,322.5,4614.0,1.0,True,1.0,1.0
1985-12-06,322.5,1985-12-09,320.15,4614,320.15,1985-12-09,320.15,4615.0,1.0,True,1.0,1.0
1985-12-09,320.15,1985-12-10,316.1,4615,316.1,1985-12-10,316.1,4616.0,1.0,True,1.0,1.0
1985-12-10,316.1,1985-12-11,316.8,4616,316.8,1985-12-11,316.8,4617.0,1.0,True,1.0,1.0
1985-12-11,316.8,1985-12-12,316.05,4617,316.05,1985-12-12,316.05,4618.0,1.0,True,1.0,1.0
1985-12-12,316.05,1985-12-13,317.9,4618,317.9,1985-12-13,317.9,4619.0,1.0,True,1.0,1.0
1985-12-13,317.9,1985-12-16,318.25,4619,318.25,1985-12-16,318.25,4620.0,1.0,True,1.0,1.0
1985-12-16,318.25,1985-12-17,321.9,4620,321.9,1985-12-17,321.9,4621.0,1.0,True,1.0,1.0
1985-12-17,321.9,1985-12-18,321.1,4621,321.1,1985-12-18,321.1,4622.0,1.0,True,1.0,1.0
1985-12-18,321.1,1985-12-19,323.4,4622,323.4,1985-12-19,323.4,4623.0,1.0,True,1.0,1.0
1985-12-19,323.4,1985-12-20,323.55,4623,323.55,1985-12-20,323.55,4624.0,1.0,True,1.0,1.0
1985-12-20,323.55,1985-12-23,325.75,4624,325.75,1985-12-23,325.75,4625.0,1.0,True,1.0,1.0
1985-12-23,325.75,1985-12-24,324.85,4625,324.85,1986-01-09,333.9,4638.0,13.0,True,0.0,0.0
1986-01-09,333.9,1986-01-10,339.45,4638,339.45,1986-01-10,339.45,4639.0,1.0,True,1.0,1.0
1986-01-10,339.45,1986-01-13,340.75,4639,340.75,1986-01-13,340.75,4640.0,1.0,True,1.0,1.0
1986-01-13,340.75,1986-01-14,338.8,4640,338.8,1986-01-14,338.8,4641.0,1.0,True,1.0,1.0
1986-01-14,338.8,1986-01-15,345.3,4641,345.3,1986-01-15,345.3,4642.0,1.0,True,1.0,1.0
1986-01-15,345.3,1986-01-16,359.6,4642,359.6,1986-01-16,359.6,4643.0,1.0,True,1.0,1.0
1986-01-16,359.6,1986-01-17,357.25,4643,357.25,1986-01-17,357.25,4644.0,1.0,True,1.0,1.0
1986-01-17,357.25,1986-01-20,353.25,4644,353.25,1986-01-20,353.25,4645.0,1.0,True,1.0,1.0
1986-01-20,353.25,1986-01-21,356.5,4645,356.5,1986-01-21,356.5,4646.0,1.0,True,1.0,1.0
1986-01-21,356.5,1986-01-22,352.75,4646,352.75,1986-01-24,355.25,4649.0,3.0,True,0.0,0.0
1986-01-24,355.25,1986-01-27,361.75,4649,361.75,1986-01-27,361.75,4650.0,1.0,True,1.0,1.0
1986-01-27,361.75,1986-01-28,353.8,4650,353.8,1986-01-28,353.8,4651.0,1.0,True,1.0,1.0
1986-01-28,353.8,1986-01-29,354.4,4651,354.4,1986-01-30,355.4,4653.0,2.0,True,0.0,0.0
1986-01-30,355.4,1986-01-31,354.0,4653,354.0,1986-01-31,354.0,4654.0,1.0,True,1.0,1.0
1986-01-31,354.0,1986-02-03,347.35,4654,347.35,1986-02-03,347.35,4655.0,1.0,True,1.0,1.0
1986-02-03,347.35,1986-02-04,338.5,4655,338.5,1986-02-04,338.5,4656.0,1.0,True,1.0,1.0
1986-02-04,338.5,1986-02-05,335.95,4656,335.95,1986-02-05,335.95,4657.0,1.0,True,1.0,1.0
1986-02-05,335.95,1986-02-06,337.1,4657,337.1,1986-02-06,337.1,4658.0,1.0,True,1.0,1.0
1986-02-06,337.1,1986-02-07,337.9,4658,337.9,1986-02-07,337.9,4659.0,1.0,True,1.0,1.0
1986-02-07,337.9,1986-02-10,340.5,4659,340.5,1986-02-10,340.5,4660.0,1.0,True,1.0,1.0
1986-02-10,340.5,1986-02-11,337.2,4660,337.2,1986-02-11,337.2,4661.0,1.0,True,1.0,1.0
1986-02-11,337.2,1986-02-12,338.35,4661,338.35,1986-02-12,338.35,4662.0,1.0,True,1.0,1.0
1986-02-12,338.35,1986-02-13,335.4,4662,335.4,1986-02-13,335.4,4663.0,1.0,True,1.0,1.0
1986-02-13,335.4,1986-02-14,329.5,4663,329.5,1986-02-14,329.5,4664.0,1.0,True,1.0,1.0
1986-02-14,329.5,1986-02-17,333.0,4664,333.0,1986-02-17,333.0,4665.0,1.0,True,1.0,1.0
1986-02-17,333.0,1986-02-18,332.4,4665,332.4,1986-02-18,332.4,4666.0,1.0,True,1.0,1.0
1986-02-18,332.4,1986-02-19,343.7,4666,343.7,1986-02-19,343.7,4667.0,1.0,True,1.0,1.0
1986-02-19,343.7,1986-02-20,339.25,4667,339.25,1986-02-20,339.25,4668.0,1.0,True,1.0,1.0
1986-02-20,339.25,1986-02-21,339.0,4668,339.0,1986-02-21,339.0,4669.0,1.0,True,1.0,1.0
1986-02-21,339.0,1986-02-24,343.35,4669,343.35,1986-02-24,343.35,4670.0,1.0,True,1.0,1.0
1986-02-24,343.35,1986-02-25,351.4,4670,351.4,1986-02-25,351.4,4671.0,1.0,True,1.0,1.0
1986-02-25,351.4,1986-02-26,345.1,4671,345.1,1986-02-26,345.1,4672.0,1.0,True,1.0,1.0
1986-02-26,345.1,1986-02-27,337.85,4672,337.85,1986-02-27,337.85,4673.0,1.0,True,1.0,1.0
1986-02-27,337.85,1986-02-28,338.25,4673,338.25,1986-02-28,338.25,4674.0,1.0,True,1.0,1.0
1986-02-28,338.25,1986-03-03,339.45,4674,339.45,1986-03-03,339.45,4675.0,1.0,True,1.0,1.0
1986-03-03,339.45,1986-03-04,337.9,4675,337.9,1986-03-04,337.9,4676.0,1.0,True,1.0,1.0
1986-03-04,337.9,1986-03-05,342.2,4676,342.2,1986-03-05,342.2,4677.0,1.0,True,1.0,1.0
1986-03-05,342.2,1986-03-06,343.0,4677,343.0,1986-03-06,343.0,4678.0,1.0,True,1.0,1.0
1986-03-06,343.0,1986-03-07,342.0,4678,342.0,1986-03-07,342.0,4679.0,1.0,True,1.0,1.0
1986-03-07,342.0,1986-03-10,341.8,4679,341.8,1986-03-10,341.8,4680.0,1.0,True,1.0,1.0
1986-03-10,341.8,1986-03-11,341.65,4680,341.65,1986-03-11,341.65,4681.0,1.0,True,1.0,1.0
1986-03-11,341.65,1986-03-12,344.5,4681,344.5,1986-03-12,344.5,4682.0,1.0,True,1.0,1.0
1986-03-12,344.5,1986-03-13,349.8,4682,349.8,1986-03-13,349.8,4683.0,1.0,True,1.0,1.0
1986-03-13,349.8,1986-03-14,347.6,4683,347.6,1986-03-14,347.6,4684.0,1.0,True,1.0,1.0
1986-03-14,347.6,1986-03-17,348.2,4684,348.2,1986-03-17,348.2,4685.0,1.0,True,1.0,1.0
1986-03-17,348.2,1986-03-18,350.8,4685,350.8,1986-03-18,350.8,4686.0,1.0,True,1.0,1.0
1986-03-18,350.8,1986-03-19,349.25,4686,349.25,1986-03-19,349.25,4687.0,1.0,True,1.0,1.0
1986-03-19,349.25,1986-03-20,350.6,4687,350.6,1986-03-20,350.6,4688.0,1.0,True,1.0,1.0
1986-03-20,350.6,1986-03-21,351.35,4688,351.35,1986-03-21,351.35,4689.0,1.0,True,1.0,1.0
1986-03-21,351.35,1986-03-24,352.4,4689,352.4,1986-03-24,352.4,4690.0,1.0,True,1.0,1.0
1986-03-24,352.4,1986-03-25,352.9,4690,352.9,1986-03-25,352.9,4691.0,1.0,True,1.0,1.0
1986-03-25,352.9,1986-03-26,344.9,4691,344.9,1986-03-26,344.9,4692.0,1.0,True,1.0,1.0
1986-03-26,344.9,1986-03-27,345.5,4692,345.5,1986-04-08,340.65,4701.0,9.0,True,0.0,0.0
1986-04-08,340.65,1986-04-09,338.65,4701,338.65,1986-04-09,338.65,4702.0,1.0,True,1.0,1.0
1986-04-09,338.65,1986-04-10,338.15,4702,338.15,1986-04-10,338.15,4703.0,1.0,True,1.0,1.0
1986-04-10,338.15,1986-04-11,340.25,4703,340.25,1986-04-11,340.25,4704.0,1.0,True,1.0,1.0
1986-04-11,340.25,1986-04-14,343.2,4704,343.2,1986-04-14,343.2,4705.0,1.0,True,1.0,1.0
1986-04-14,343.2,1986-04-15,340.25,4705,340.25,1986-04-15,340.25,4706.0,1.0,True,1.0,1.0
1986-04-15,340.25,1986-04-16,340.75,4706,340.75,1986-04-16,340.75,4707.0,1.0,True,1.0,1.0
1986-04-16,340.75,1986-04-17,339.3,4707,339.3,1986-04-17,339.3,4708.0,1.0,True,1.0,1.0
1986-04-17,339.3,1986-04-18,341.0,4708,341.0,1986-04-18,341.0,4709.0,1.0,True,1.0,1.0
1986-04-18,341.0,1986-04-21,342.45,4709,342.45,1986-04-21,342.45,4710.0,1.0,True,1.0,1.0
1986-04-21,342.45,1986-04-22,344.15,4710,344.15,1986-04-22,344.15,4711.0,1.0,True,1.0,1.0
1986-04-22,344.15,1986-04-23,347.25,4711,347.25,1986-04-23,347.25,4712.0,1.0,True,1.0,1.0
1986-04-23,347.25,1986-04-24,346.0,4712,346.0,1986-04-24,346.0,4713.0,1.0,True,1.0,1.0
1986-04-24,346.0,1986-04-25,344.3,4713,344.3,1986-04-29,342.35,4716.0,3.0,True,0.0,0.0
1986-04-29,342.35,1986-04-30,344.75,4716,344.75,1986-04-30,344.75,4717.0,1.0,True,1.0,1.0
1986-04-30,344.75,1986-05-01,345.6,4717,345.6,1986-05-01,345.6,4718.0,1.0,True,1.0,1.0
1986-05-01,345.6,1986-05-02,341.6,4718,341.6,1986-05-13,343.8,4726.0,8.0,True,0.0,0.0
1986-05-13,343.8,1986-05-14,342.75,4726,342.75,1986-05-14,342.75,4727.0,1.0,True,1.0,1.0
1986-05-14,342.75,1986-05-15,342.5,4727,342.5,1986-05-15,342.5,4728.0,1.0,True,1.0,1.0
1986-05-15,342.5,1986-05-16,342.75,4728,342.75,1986-05-16,342.75,4729.0,1.0,True,1.0,1.0
1986-05-16,342.75,1986-05-19,342.05,4729,342.05,1986-05-19,342.05,4730.0,1.0,True,1.0,1.0
1986-05-19,342.05,1986-05-20,340.3,4730,340.3,1986-05-20,340.3,4731.0,1.0,True,1.0,1.0
1986-05-20,340.3,1986-05-21,338.6,4731,338.6,1986-05-21,338.6,4732.0,1.0,True,1.0,1.0
1986-05-21,338.6,1986-05-22,339.4,4732,339.4,1986-05-22,339.4,4733.0,1.0,True,1.0,1.0
1986-05-22,339.4,1986-05-23,340.85,4733,340.85,1986-06-03,341.85,4741.0,8.0,True,0.0,0.0
1986-06-03,341.85,1986-06-04,341.4,4741,341.4,1986-06-04,341.4,4742.0,1.0,True,1.0,1.0
1986-06-04,341.4,1986-06-05,341.5,4742,341.5,1986-06-05,341.5,4743.0,1.0,True,1.0,1.0
1986-06-05,341.5,1986-06-06,341.5,4743,341.5,1986-06-06,341.5,4744.0,1.0,True,1.0,1.0
1986-06-06,341.5,1986-06-09,341.85,4744,341.85,1986-06-09,341.85,4745.0,1.0,True,1.0,1.0
1986-06-09,341.85,1986-06-10,347.55,4745,347.55,1986-06-10,347.55,4746.0,1.0,True,1.0,1.0
1986-06-10,347.55,1986-06-11,347.5,4746,347.5,1986-06-11,347.5,4747.0,1.0,True,1.0,1.0
1986-06-11,347.5,1986-06-12,347.95,4747,347.95,1986-06-12,347.95,4748.0,1.0,True,1.0,1.0
1986-06-12,347.95,1986-06-13,347.4,4748,347.4,1986-06-13,347.4,4749.0,1.0,True,1.0,1.0
1986-06-13,347.4,1986-06-16,346.5,4749,346.5,1986-06-16,346.5,4750.0,1.0,True,1.0,1.0
1986-06-16,346.5,1986-06-17,337.3,4750,337.3,1986-06-17,337.3,4751.0,1.0,True,1.0,1.0
1986-06-17,337.3,1986-06-18,338.5,4751,338.5,1986-06-18,338.5,4752.0,1.0,True,1.0,1.0
1986-06-18,338.5,1986-06-19,338.7,4752,338.7,1986-06-19,338.7,4753.0,1.0,True,1.0,1.0
1986-06-19,338.7,1986-06-20,338.9,4753,338.9,1986-06-20,338.9,4754.0,1.0,True,1.0,1.0
1986-06-20,338.9,1986-06-23,340.5,4754,340.5,1986-06-24,340.75,4756.0,2.0,True,0.0,0.0
1986-06-24,340.75,1986-06-25,343.25,4756,343.25,1986-06-25,343.25,4757.0,1.0,True,1.0,1.0
1986-06-25,343.25,1986-06-26,343.8,4757,343.8,1986-06-26,343.8,4758.0,1.0,True,1.0,1.0
1986-06-26,343.8,1986-06-27,343.55,4758,343.55,1986-06-27,343.55,4759.0,1.0,True,1.0,1.0
1986-06-27,343.55,1986-06-30,345.5,4759,345.5,1986-06-30,345.5,4760.0,1.0,True,1.0,1.0
1986-06-30,345.5,1986-07-01,345.65,4760,345.65,1986-07-01,345.65,4761.0,1.0,True,1.0,1.0
1986-07-01,345.65,1986-07-02,344.0,4761,344.0,1986-07-02,344.0,4762.0,1.0,True,1.0,1.0
1986-07-02,344.0,1986-07-03,343.5,4762,343.5,1986-07-03,343.5,4763.0,1.0,True,1.0,1.0
1986-07-03,343.5,1986-07-04,343.8,4763,343.8,1986-07-04,343.8,4764.0,1.0,True,1.0,1.0
1986-07-04,343.8,1986-07-07,344.45,4764,344.45,1986-07-07,344.45,4765.0,1.0,True,1.0,1.0
1986-07-07,344.45,1986-07-08,346.5,4765,346.5,1986-07-08,346.5,4766.0,1.0,True,1.0,1.0
1986-07-08,346.5,1986-07-09,350.35,4766,350.35,1986-07-09,350.35,4767.0,1.0,True,1.0,1.0
1986-07-09,350.35,1986-07-10,347.5,4767,347.5,1986-07-10,347.5,4768.0,1.0,True,1.0,1.0
1986-07-10,347.5,1986-07-11,347.65,4768,347.65,1986-07-11,347.65,4769.0,1.0,True,1.0,1.0
1986-07-11,347.65,1986-07-14,346.2,4769,346.2,1986-07-14,346.2,4770.0,1.0,True,1.0,1.0
1986-07-14,346.2,1986-07-15,345.85,4770,345.85,1986-07-15,345.85,4771.0,1.0,True,1.0,1.0
1986-07-15,345.85,1986-07-16,348.35,4771,348.35,1986-07-16,348.35,4772.0,1.0,True,1.0,1.0
1986-07-16,348.35,1986-07-17,346.9,4772,346.9,1986-07-17,346.9,4773.0,1.0,True,1.0,1.0
1986-07-17,346.9,1986-07-18,347.1,4773,347.1,1986-07-18,347.1,4774.0,1.0,True,1.0,1.0
1986-07-18,347.1,1986-07-21,353.0,4774,353.0,1986-07-21,353.0,4775.0,1.0,True,1.0,1.0
1986-07-21,353.0,1986-07-22,353.5,4775,353.5,1986-07-22,353.5,4776.0,1.0,True,1.0,1.0
1986-07-22,353.5,1986-07-23,351.75,4776,351.75,1986-07-23,351.75,4777.0,1.0,True,1.0,1.0
1986-07-23,351.75,1986-07-24,348.5,4777,348.5,1986-07-24,348.5,4778.0,1.0,True,1.0,1.0
1986-07-24,348.5,1986-07-25,349.0,4778,349.0,1986-07-25,349.0,4779.0,1.0,True,1.0,1.0
1986-07-25,349.0,1986-07-28,350.8,4779,350.8,1986-07-28,350.8,4780.0,1.0,True,1.0,1.0
1986-07-28,350.8,1986-07-29,353.3,4780,353.3,1986-07-29,353.3,4781.0,1.0,True,1.0,1.0
1986-07-29,353.3,1986-07-30,351.35,4781,351.35,1986-07-30,351.35,4782.0,1.0,True,1.0,1.0
1986-07-30,351.35,1986-07-31,357.75,4782,357.75,1986-07-31,357.75,4783.0,1.0,True,1.0,1.0
1986-07-31,357.75,1986-08-01,360.5,4783,360.5,1986-08-01,360.5,4784.0,1.0,True,1.0,1.0
1986-08-01,360.5,1986-08-04,358.75,4784,358.75,1986-08-04,358.75,4785.0,1.0,True,1.0,1.0
1986-08-04,358.75,1986-08-05,358.5,4785,358.5,1986-08-05,358.5,4786.0,1.0,True,1.0,1.0
1986-08-05,358.5,1986-08-06,360.85,4786,360.85,1986-08-06,360.85,4787.0,1.0,True,1.0,1.0
1986-08-06,360.85,1986-08-07,360.85,4787,360.85,1986-08-07,360.85,4788.0,1.0,True,1.0,1.0
1986-08-07,360.85,1986-08-08,361.85,4788,361.85,1986-08-08,361.85,4789.0,1.0,True,1.0,1.0
1986-08-08,361.85,1986-08-11,394.5,4789,394.5,1986-08-11,394.5,4790.0,1.0,True,1.0,1.0
1986-08-11,394.5,1986-08-12,386.1,4790,386.1,1986-08-12,386.1,4791.0,1.0,True,1.0,1.0
1986-08-12,386.1,1986-08-13,391.25,4791,391.25,1986-08-13,391.25,4792.0,1.0,True,1.0,1.0
1986-08-13,391.25,1986-08-14,384.0,4792,384.0,1986-08-14,384.0,4793.0,1.0,True,1.0,1.0
1986-08-14,384.0,1986-08-15,386.4,4793,386.4,1986-08-15,386.4,4794.0,1.0,True,1.0,1.0
1986-08-15,386.4,1986-08-18,377.25,4794,377.25,1986-08-18,377.25,4795.0,1.0,True,1.0,1.0
1986-08-18,377.25,1986-08-19,372.5,4795,372.5,1986-08-19,372.5,4796.0,1.0,True,1.0,1.0
1986-08-19,372.5,1986-08-20,379.0,4796,379.0,1986-08-20,379.0,4797.0,1.0,True,1.0,1.0
1986-08-20,379.0,1986-08-21,381.75,4797,381.75,1986-08-21,381.75,4798.0,1.0,True,1.0,1.0
1986-08-21,381.75,1986-08-22,384.65,4798,384.65,1986-09-02,395.5,4806.0,8.0,True,0.0,0.0
1986-09-02,395.5,1986-09-03,407.2,4806,407.2,1986-09-03,407.2,4807.0,1.0,True,1.0,1.0
1986-09-03,407.2,1986-09-04,404.0,4807,404.0,1986-09-04,404.0,4808.0,1.0,True,1.0,1.0
1986-09-04,404.0,1986-09-05,418.25,4808,418.25,1986-09-05,418.25,4809.0,1.0,True,1.0,1.0
1986-09-05,418.25,1986-09-08,419.0,4809,419.0,1986-09-08,419.0,4810.0,1.0,True,1.0,1.0
1986-09-08,419.0,1986-09-09,412.5,4810,412.5,1986-09-09,412.5,4811.0,1.0,True,1.0,1.0
1986-09-09,412.5,1986-09-10,414.5,4811,414.5,1986-09-10,414.5,4812.0,1.0,True,1.0,1.0
1986-09-10,414.5,1986-09-11,407.0,4812,407.0,1986-09-11,407.0,4813.0,1.0,True,1.0,1.0
1986-09-11,407.0,1986-09-12,418.75,4813,418.75,1986-09-12,418.75,4814.0,1.0,True,1.0,1.0
1986-09-12,418.75,1986-09-15,416.0,4814,416.0,1986-09-15,416.0,4815.0,1.0,True,1.0,1.0
1986-09-15,416.0,1986-09-16,413.55,4815,413.55,1986-09-16,413.55,4816.0,1.0,True,1.0,1.0
1986-09-16,413.55,1986-09-17,413.6,4816,413.6,1986-09-17,413.6,4817.0,1.0,True,1.0,1.0
1986-09-17,413.6,1986-09-18,415.7,4817,415.7,1986-09-18,415.7,4818.0,1.0,True,1.0,1.0
1986-09-18,415.7,1986-09-19,423.0,4818,423.0,1986-09-19,423.0,4819.0,1.0,True,1.0,1.0
1986-09-19,423.0,1986-09-22,442.75,4819,442.75,1986-09-23,435.15,4821.0,2.0,True,0.0,0.0
1986-09-23,435.15,1986-09-24,434.0,4821,434.0,1986-09-24,434.0,4822.0,1.0,True,1.0,1.0
1986-09-24,434.0,1986-09-25,432.25,4822,432.25,1986-09-25,432.25,4823.0,1.0,True,1.0,1.0
1986-09-25,432.25,1986-09-26,434.0,4823,434.0,1986-09-26,434.0,4824.0,1.0,True,1.0,1.0
1986-09-26,434.0,1986-09-29,429.45,4824,429.45,1986-09-29,429.45,4825.0,1.0,True,1.0,1.0
1986-09-29,429.45,1986-09-30,421.2,4825,421.2,1986-09-30,421.2,4826.0,1.0,True,1.0,1.0
1986-09-30,421.2,1986-10-01,425.5,4826,425.5,1986-10-01,425.5,4827.0,1.0,True,1.0,1.0
1986-10-01,425.5,1986-10-02,425.5,4827,425.5,1986-10-02,425.5,4828.0,1.0,True,1.0,1.0
1986-10-02,425.5,1986-10-03,436.9,4828,436.9,1986-10-03,436.9,4829.0,1.0,True,1.0,1.0
1986-10-03,436.9,1986-10-06,436.5,4829,436.5,1986-10-06,436.5,4830.0,1.0,True,1.0,1.0
1986-10-06,436.5,1986-10-07,442.0,4830,442.0,1986-10-07,442.0,4831.0,1.0,True,1.0,1.0
1986-10-07,442.0,1986-10-08,439.4,4831,439.4,1986-10-08,439.4,4832.0,1.0,True,1.0,1.0
1986-10-08,439.4,1986-10-09,435.8,4832,435.8,1986-10-09,435.8,4833.0,1.0,True,1.0,1.0
1986-10-09,435.8,1986-10-10,428.15,4833,428.15,1986-10-10,428.15,4834.0,1.0,True,1.0,1.0
1986-10-10,428.15,1986-10-13,431.4,4834,431.4,1986-10-13,431.4,4835.0,1.0,True,1.0,1.0
1986-10-13,431.4,1986-10-14,431.25,4835,431.25,1986-10-14,431.25,4836.0,1.0,True,1.0,1.0
1986-10-14,431.25,1986-10-15,426.25,4836,426.25,1986-10-15,426.25,4837.0,1.0,True,1.0,1.0
1986-10-15,426.25,1986-10-16,426.0,4837,426.0,1986-10-16,426.0,4838.0,1.0,True,1.0,1.0
1986-10-16,426.0,1986-10-17,420.0,4838,420.0,1986-10-17,420.0,4839.0,1.0,True,1.0,1.0
1986-10-17,420.0,1986-10-20,420.0,4839,420.0,1986-10-20,420.0,4840.0,1.0,True,1.0,1.0
1986-10-20,420.0,1986-10-21,426.8,4840,426.8,1986-10-21,426.8,4841.0,1.0,True,1.0,1.0
1986-10-21,426.8,1986-10-22,426.6,4841,426.6,1986-10-22,426.6,4842.0,1.0,True,1.0,1.0
1986-10-22,426.6,1986-10-23,425.4,4842,425.4,1986-10-23,425.4,4843.0,1.0,True,1.0,1.0
1986-10-23,425.4,1986-10-24,413.0,4843,413.0,1986-10-24,413.0,4844.0,1.0,True,1.0,1.0
1986-10-24,413.0,1986-10-27,409.6,4844,409.6,1986-10-27,409.6,4845.0,1.0,True,1.0,1.0
1986-10-27,409.6,1986-10-28,409.55,4845,409.55,1986-10-28,409.55,4846.0,1.0,True,1.0,1.0
1986-10-28,409.55,1986-10-29,407.75,4846,407.75,1986-10-29,407.75,4847.0,1.0,True,1.0,1.0
1986-10-29,407.75,1986-10-30,404.0,4847,404.0,1986-10-30,404.0,4848.0,1.0,True,1.0,1.0
1986-10-30,404.0,1986-10-31,401.5,4848,401.5,1986-10-31,401.5,4849.0,1.0,True,1.0,1.0
1986-10-31,401.5,1986-11-03,400.3,4849,400.3,1986-11-03,400.3,4850.0,1.0,True,1.0,1.0
1986-11-03,400.3,1986-11-04,408.5,4850,408.5,1986-11-04,408.5,4851.0,1.0,True,1.0,1.0
1986-11-04,408.5,1986-11-05,410.25,4851,410.25,1986-11-05,410.25,4852.0,1.0,True,1.0,1.0
1986-11-05,410.25,1986-11-06,405.0,4852,405.0,1986-11-06,405.0,4853.0,1.0,True,1.0,1.0
1986-11-06,405.0,1986-11-07,408.3,4853,408.3,1986-11-07,408.3,4854.0,1.0,True,1.0,1.0
1986-11-07,408.3,1986-11-10,409.9,4854,409.9,1986-11-10,409.9,4855.0,1.0,True,1.0,1.0
1986-11-10,409.9,1986-11-11,407.4,4855,407.4,1986-11-11,407.4,4856.0,1.0,True,1.0,1.0
1986-11-11,407.4,1986-11-12,407.45,4856,407.45,1986-11-12,407.45,4857.0,1.0,True,1.0,1.0
1986-11-12,407.45,1986-11-13,406.85,4857,406.85,1986-11-13,406.85,4858.0,1.0,True,1.0,1.0
1986-11-13,406.85,1986-11-14,409.0,4858,409.0,1986-11-14,409.0,4859.0,1.0,True,1.0,1.0
1986-11-14,409.0,1986-11-17,393.25,4859,393.25,1986-11-17,393.25,4860.0,1.0,True,1.0,1.0
1986-11-17,393.25,1986-11-18,388.0,4860,388.0,1986-11-18,388.0,4861.0,1.0,True,1.0,1.0
1986-11-18,388.0,1986-11-19,391.5,4861,391.5,1986-11-19,391.5,4862.0,1.0,True,1.0,1.0
1986-11-19,391.5,1986-11-20,387.0,4862,387.0,1986-11-20,387.0,4863.0,1.0,True,1.0,1.0
1986-11-20,387.0,1986-11-21,389.5,4863,389.5,1986-11-21,389.5,4864.0,1.0,True,1.0,1.0
1986-11-21,389.5,1986-11-24,380.4,4864,380.4,1986-11-24,380.4,4865.0,1.0,True,1.0,1.0
1986-11-24,380.4,1986-11-25,380.75,4865,380.75,1986-11-25,380.75,4866.0,1.0,True,1.0,1.0
1986-11-25,380.75,1986-11-26,384.0,4866,384.0,1986-11-26,384.0,4867.0,1.0,True,1.0,1.0
1986-11-26,384.0,1986-11-27,382.3,4867,382.3,1986-11-27,382.3,4868.0,1.0,True,1.0,1.0
1986-11-27,382.3,1986-11-28,390.0,4868,390.0,1986-11-28,390.0,4869.0,1.0,True,1.0,1.0
1986-11-28,390.0,1986-12-01,399.6,4869,399.6,1986-12-01,399.6,4870.0,1.0,True,1.0,1.0
1986-12-01,399.6,1986-12-02,394.3,4870,394.3,1986-12-02,394.3,4871.0,1.0,True,1.0,1.0
1986-12-02,394.3,1986-12-03,385.25,4871,385.25,1986-12-03,385.25,4872.0,1.0,True,1.0,1.0
1986-12-03,385.25,1986-12-04,391.2,4872,391.2,1986-12-04,391.2,4873.0,1.0,True,1.0,1.0
1986-12-04,391.2,1986-12-05,388.6,4873,388.6,1986-12-05,388.6,4874.0,1.0,True,1.0,1.0
1986-12-05,388.6,1986-12-08,390.5,4874,390.5,1986-12-08,390.5,4875.0,1.0,True,1.0,1.0
1986-12-08,390.5,1986-12-09,389.2,4875,389.2,1986-12-09,389.2,4876.0,1.0,True,1.0,1.0
1986-12-09,389.2,1986-12-10,387.25,4876,387.25,1986-12-10,387.25,4877.0,1.0,True,1.0,1.0
1986-12-10,387.25,1986-12-11,388.75,4877,388.75,1986-12-11,388.75,4878.0,1.0,True,1.0,1.0
1986-12-11,388.75,1986-12-12,389.7,4878,389.7,1986-12-12,389.7,4879.0,1.0,True,1.0,1.0
1986-12-12,389.7,1986-12-15,394.6,4879,394.6,1986-12-15,394.6,4880.0,1.0,True,1.0,1.0
1986-12-15,394.6,1986-12-16,393.7,4880,393.7,1986-12-16,393.7,4881.0,1.0,True,1.0,1.0
1986-12-16,393.7,1986-12-17,393.4,4881,393.4,1986-12-17,393.4,4882.0,1.0,True,1.0,1.0
1986-12-17,393.4,1986-12-18,392.5,4882,392.5,1986-12-18,392.5,4883.0,1.0,True,1.0,1.0
1986-12-18,392.5,1986-12-19,394.15,4883,394.15,1986-12-19,394.15,4884.0,1.0,True,1.0,1.0
1986-12-19,394.15,1986-12-22,395.35,4884,395.35,1986-12-22,395.35,4885.0,1.0,True,1.0,1.0
1986-12-22,395.35,1986-12-23,392.75,4885,392.75,1986-12-23,392.75,4886.0,1.0,True,1.0,1.0
1986-12-23,392.75,1986-12-24,391.0,4886,391.0,1987-01-09,402.25,4899.0,13.0,True,0.0,0.0
1987-01-09,402.25,1987-01-12,409.9,4899,409.9,1987-01-12,409.9,4900.0,1.0,True,1.0,1.0
1987-01-12,409.9,1987-01-13,408.6,4900,408.6,1987-01-13,408.6,4901.0,1.0,True,1.0,1.0
1987-01-13,408.6,1987-01-14,414.4,4901,414.4,1987-01-14,414.4,4902.0,1.0,True,1.0,1.0
1987-01-14,414.4,1987-01-15,415.0,4902,415.0,1987-01-15,415.0,4903.0,1.0,True,1.0,1.0
1987-01-15,415.0,1987-01-16,414.5,4903,414.5,1987-01-16,414.5,4904.0,1.0,True,1.0,1.0
1987-01-16,414.5,1987-01-19,421.25,4904,421.25,1987-01-19,421.25,4905.0,1.0,True,1.0,1.0
1987-01-19,421.25,1987-01-20,417.4,4905,417.4,1987-01-20,417.4,4906.0,1.0,True,1.0,1.0
1987-01-20,417.4,1987-01-21,408.5,4906,408.5,1987-01-21,408.5,4907.0,1.0,True,1.0,1.0
1987-01-21,408.5,1987-01-22,410.6,4907,410.6,1987-01-26,405.35,4910.0,3.0,True,0.0,0.0
1987-01-26,405.35,1987-01-27,408.7,4910,408.7,1987-01-27,408.7,4911.0,1.0,True,1.0,1.0
1987-01-27,408.7,1987-01-28,416.5,4911,416.5,1987-01-28,416.5,4912.0,1.0,True,1.0,1.0
1987-01-28,416.5,1987-01-29,411.0,4912,411.0,1987-01-30,407.3,4914.0,2.0,True,0.0,0.0
1987-01-30,407.3,1987-02-02,406.45,4914,406.45,1987-02-02,406.45,4915.0,1.0,True,1.0,1.0
1987-02-02,406.45,1987-02-03,402.0,4915,402.0,1987-02-03,402.0,4916.0,1.0,True,1.0,1.0
1987-02-03,402.0,1987-02-04,401.75,4916,401.75,1987-02-04,401.75,4917.0,1.0,True,1.0,1.0
1987-02-04,401.75,1987-02-05,402.6,4917,402.6,1987-02-05,402.6,4918.0,1.0,True,1.0,1.0
1987-02-05,402.6,1987-02-06,402.7,4918,402.7,1987-02-06,402.7,4919.0,1.0,True,1.0,1.0
1987-02-06,402.7,1987-02-09,402.95,4919,402.95,1987-02-09,402.95,4920.0,1.0,True,1.0,1.0
1987-02-09,402.95,1987-02-10,404.4,4920,404.4,1987-02-10,404.4,4921.0,1.0,True,1.0,1.0
1987-02-10,404.4,1987-02-11,402.9,4921,402.9,1987-02-11,402.9,4922.0,1.0,True,1.0,1.0
1987-02-11,402.9,1987-02-12,402.0,4922,402.0,1987-02-12,402.0,4923.0,1.0,True,1.0,1.0
1987-02-12,402.0,1987-02-13,395.55,4923,395.55,1987-02-13,395.55,4924.0,1.0,True,1.0,1.0
1987-02-13,395.55,1987-02-16,397.2,4924,397.2,1987-02-16,397.2,4925.0,1.0,True,1.0,1.0
1987-02-16,397.2,1987-02-17,396.85,4925,396.85,1987-02-17,396.85,4926.0,1.0,True,1.0,1.0
1987-02-17,396.85,1987-02-18,392.95,4926,392.95,1987-02-18,392.95,4927.0,1.0,True,1.0,1.0
1987-02-18,392.95,1987-02-19,392.6,4927,392.6,1987-02-19,392.6,4928.0,1.0,True,1.0,1.0
1987-02-19,392.6,1987-02-20,397.5,4928,397.5,1987-02-20,397.5,4929.0,1.0,True,1.0,1.0
1987-02-20,397.5,1987-02-23,403.0,4929,403.0,1987-02-23,403.0,4930.0,1.0,True,1.0,1.0
1987-02-23,403.0,1987-02-24,401.95,4930,401.95,1987-02-24,401.95,4931.0,1.0,True,1.0,1.0
1987-02-24,401.95,1987-02-25,406.7,4931,406.7,1987-02-25,406.7,4932.0,1.0,True,1.0,1.0
1987-02-25,406.7,1987-02-26,403.1,4932,403.1,1987-02-26,403.1,4933.0,1.0,True,1.0,1.0
1987-02-26,403.1,1987-02-27,405.75,4933,405.75,1987-02-27,405.75,4934.0,1.0,True,1.0,1.0
1987-02-27,405.75,1987-03-02,404.4,4934,404.4,1987-03-02,404.4,4935.0,1.0,True,1.0,1.0
1987-03-02,404.4,1987-03-03,403.7,4935,403.7,1987-03-03,403.7,4936.0,1.0,True,1.0,1.0
1987-03-03,403.7,1987-03-04,407.65,4936,407.65,1987-03-04,407.65,4937.0,1.0,True,1.0,1.0
1987-03-04,407.65,1987-03-05,411.45,4937,411.45,1987-03-05,411.45,4938.0,1.0,True,1.0,1.0
1987-03-05,411.45,1987-03-06,406.5,4938,406.5,1987-03-06,406.5,4939.0,1.0,True,1.0,1.0
1987-03-06,406.5,1987-03-09,404.85,4939,404.85,1987-03-09,404.85,4940.0,1.0,True,1.0,1.0
1987-03-09,404.85,1987-03-10,405.0,4940,405.0,1987-03-10,405.0,4941.0,1.0,True,1.0,1.0
1987-03-10,405.0,1987-03-11,406.85,4941,406.85,1987-03-11,406.85,4942.0,1.0,True,1.0,1.0
1987-03-11,406.85,1987-03-12,408.0,4942,408.0,1987-03-12,408.0,4943.0,1.0,True,1.0,1.0
1987-03-12,408.0,1987-03-13,409.25,4943,409.25,1987-03-13,409.25,4944.0,1.0,True,1.0,1.0
1987-03-13,409.25,1987-03-16,404.65,4944,404.65,1987-03-16,404.65,4945.0,1.0,True,1.0,1.0
1987-03-16,404.65,1987-03-17,406.0,4945,406.0,1987-03-17,406.0,4946.0,1.0,True,1.0,1.0
1987-03-17,406.0,1987-03-18,406.4,4946,406.4,1987-03-18,406.4,4947.0,1.0,True,1.0,1.0
1987-03-18,406.4,1987-03-19,405.05,4947,405.05,1987-03-19,405.05,4948.0,1.0,True,1.0,1.0
1987-03-19,405.05,1987-03-20,405.0,4948,405.0,1987-03-20,405.0,4949.0,1.0,True,1.0,1.0
1987-03-20,405.0,1987-03-23,406.6,4949,406.6,1987-03-23,406.6,4950.0,1.0,True,1.0,1.0
1987-03-23,406.6,1987-03-24,410.3,4950,410.3,1987-03-24,410.3,4951.0,1.0,True,1.0,1.0
1987-03-24,410.3,1987-03-25,415.0,4951,415.0,1987-03-25,415.0,4952.0,1.0,True,1.0,1.0
1987-03-25,415.0,1987-03-26,411.3,4952,411.3,1987-03-26,411.3,4953.0,1.0,True,1.0,1.0
1987-03-26,411.3,1987-03-27,415.9,4953,415.9,1987-03-27,415.9,4954.0,1.0,True,1.0,1.0
1987-03-27,415.9,1987-03-30,421.8,4954,421.8,1987-03-30,421.8,4955.0,1.0,True,1.0,1.0
1987-03-30,421.8,1987-03-31,419.0,4955,419.0,1987-03-31,419.0,4956.0,1.0,True,1.0,1.0
1987-03-31,419.0,1987-04-01,418.5,4956,418.5,1987-04-01,418.5,4957.0,1.0,True,1.0,1.0
1987-04-01,418.5,1987-04-02,420.25,4957,420.25,1987-04-02,420.25,4958.0,1.0,True,1.0,1.0
1987-04-02,420.25,1987-04-03,418.65,4958,418.65,1987-04-03,418.65,4959.0,1.0,True,1.0,1.0
1987-04-03,418.65,1987-04-06,420.55,4959,420.55,1987-04-06,420.55,4960.0,1.0,True,1.0,1.0
1987-04-06,420.55,1987-04-07,419.8,4960,419.8,1987-04-07,419.8,4961.0,1.0,True,1.0,1.0
1987-04-07,419.8,1987-04-08,423.2,4961,423.2,1987-04-08,423.2,4962.0,1.0,True,1.0,1.0
1987-04-08,423.2,1987-04-09,421.5,4962,421.5,1987-04-09,421.5,4963.0,1.0,True,1.0,1.0
1987-04-09,421.5,1987-04-10,432.3,4963,432.3,1987-04-10,432.3,4964.0,1.0,True,1.0,1.0
1987-04-10,432.3,1987-04-13,436.5,4964,436.5,1987-04-13,436.5,4965.0,1.0,True,1.0,1.0
1987-04-13,436.5,1987-04-14,440.25,4965,440.25,1987-04-14,440.25,4966.0,1.0,True,1.0,1.0
1987-04-14,440.25,1987-04-15,445.5,4966,445.5,1987-04-15,445.5,4967.0,1.0,True,1.0,1.0
1987-04-15,445.5,1987-04-16,441.0,4967,441.0,1987-04-28,455.75,4976.0,9.0,True,0.0,0.0
1987-04-28,455.75,1987-04-29,451.75,4976,451.75,1987-04-29,451.75,4977.0,1.0,True,1.0,1.0
1987-04-29,451.75,1987-04-30,454.5,4977,454.5,1987-04-30,454.5,4978.0,1.0,True,1.0,1.0
1987-04-30,454.5,1987-05-01,452.15,4978,452.15,1987-05-12,460.25,4986.0,8.0,True,0.0,0.0
1987-05-12,460.25,1987-05-13,459.5,4986,459.5,1987-05-13,459.5,4987.0,1.0,True,1.0,1.0
1987-05-13,459.5,1987-05-14,460.0,4987,460.0,1987-05-14,460.0,4988.0,1.0,True,1.0,1.0
1987-05-14,460.0,1987-05-15,466.7,4988,466.7,1987-05-19,471.35,4991.0,3.0,True,0.0,0.0
1987-05-19,471.35,1987-05-20,479.95,4991,479.95,1987-05-20,479.95,4992.0,1.0,True,1.0,1.0
1987-05-20,479.95,1987-05-21,468.6,4992,468.6,1987-05-21,468.6,4993.0,1.0,True,1.0,1.0
1987-05-21,468.6,1987-05-22,473.6,4993,473.6,1987-06-02,449.3,5001.0,8.0,True,0.0,0.0
1987-06-02,449.3,1987-06-03,453.25,5001,453.25,1987-06-03,453.25,5002.0,1.0,True,1.0,1.0
1987-06-03,453.25,1987-06-04,450.25,5002,450.25,1987-06-04,450.25,5003.0,1.0,True,1.0,1.0
1987-06-04,450.25,1987-06-05,454.7,5003,454.7,1987-06-05,454.7,5004.0,1.0,True,1.0,1.0
1987-06-05,454.7,1987-06-08,454.4,5004,454.4,1987-06-08,454.4,5005.0,1.0,True,1.0,1.0
1987-06-08,454.4,1987-06-09,452.05,5005,452.05,1987-06-09,452.05,5006.0,1.0,True,1.0,1.0
1987-06-09,452.05,1987-06-10,456.65,5006,456.65,1987-06-10,456.65,5007.0,1.0,True,1.0,1.0
1987-06-10,456.65,1987-06-11,456.4,5007,456.4,1987-06-11,456.4,5008.0,1.0,True,1.0,1.0
1987-06-11,456.4,1987-06-12,460.8,5008,460.8,1987-06-12,460.8,5009.0,1.0,True,1.0,1.0
1987-06-12,460.8,1987-06-15,450.35,5009,450.35,1987-06-15,450.35,5010.0,1.0,True,1.0,1.0
1987-06-15,450.35,1987-06-16,452.75,5010,452.75,1987-06-16,452.75,5011.0,1.0,True,1.0,1.0
1987-06-16,452.75,1987-06-17,448.25,5011,448.25,1987-06-17,448.25,5012.0,1.0,True,1.0,1.0
1987-06-17,448.25,1987-06-18,451.1,5012,451.1,1987-06-18,451.1,5013.0,1.0,True,1.0,1.0
1987-06-18,451.1,1987-06-19,452.25,5013,452.25,1987-06-19,452.25,5014.0,1.0,True,1.0,1.0
1987-06-19,452.25,1987-06-22,443.6,5014,443.6,1987-06-23,438.1,5016.0,2.0,True,0.0,0.0
1987-06-23,438.1,1987-06-24,443.0,5016,443.0,1987-06-24,443.0,5017.0,1.0,True,1.0,1.0
1987-06-24,443.0,1987-06-25,439.0,5017,439.0,1987-06-25,439.0,5018.0,1.0,True,1.0,1.0
1987-06-25,439.0,1987-06-26,441.4,5018,441.4,1987-06-26,441.4,5019.0,1.0,True,1.0,1.0
1987-06-26,441.4,1987-06-29,446.0,5019,446.0,1987-06-29,446.0,5020.0,1.0,True,1.0,1.0
1987-06-29,446.0,1987-06-30,447.1,5020,447.1,1987-06-30,447.1,5021.0,1.0,True,1.0,1.0
1987-06-30,447.1,1987-07-01,449.5,5021,449.5,1987-07-01,449.5,5022.0,1.0,True,1.0,1.0
1987-07-01,449.5,1987-07-02,447.4,5022,447.4,1987-07-02,447.4,5023.0,1.0,True,1.0,1.0
1987-07-02,447.4,1987-07-03,443.0,5023,443.0,1987-07-03,443.0,5024.0,1.0,True,1.0,1.0
1987-07-03,443.0,1987-07-06,443.1,5024,443.1,1987-07-06,443.1,5025.0,1.0,True,1.0,1.0
1987-07-06,443.1,1987-07-07,444.8,5025,444.8,1987-07-07,444.8,5026.0,1.0,True,1.0,1.0
1987-07-07,444.8,1987-07-08,442.15,5026,442.15,1987-07-08,442.15,5027.0,1.0,True,1.0,1.0
1987-07-08,442.15,1987-07-09,445.3,5027,445.3,1987-07-09,445.3,5028.0,1.0,True,1.0,1.0
1987-07-09,445.3,1987-07-10,444.25,5028,444.25,1987-07-10,444.25,5029.0,1.0,True,1.0,1.0
1987-07-10,444.25,1987-07-13,443.7,5029,443.7,1987-07-13,443.7,5030.0,1.0,True,1.0,1.0
1987-07-13,443.7,1987-07-14,447.15,5030,447.15,1987-07-14,447.15,5031.0,1.0,True,1.0,1.0
1987-07-14,447.15,1987-07-15,448.25,5031,448.25,1987-07-15,448.25,5032.0,1.0,True,1.0,1.0
1987-07-15,448.25,1987-07-16,452.9,5032,452.9,1987-07-16,452.9,5033.0,1.0,True,1.0,1.0
1987-07-16,452.9,1987-07-17,452.5,5033,452.5,1987-07-17,452.5,5034.0,1.0,True,1.0,1.0
1987-07-17,452.5,1987-07-20,449.65,5034,449.65,1987-07-20,449.65,5035.0,1.0,True,1.0,1.0
1987-07-20,449.65,1987-07-21,452.5,5035,452.5,1987-07-21,452.5,5036.0,1.0,True,1.0,1.0
1987-07-21,452.5,1987-07-22,454.45,5036,454.45,1987-07-22,454.45,5037.0,1.0,True,1.0,1.0
1987-07-22,454.45,1987-07-23,454.75,5037,454.75,1987-07-23,454.75,5038.0,1.0,True,1.0,1.0
1987-07-23,454.75,1987-07-24,454.0,5038,454.0,1987-07-24,454.0,5039.0,1.0,True,1.0,1.0
1987-07-24,454.0,1987-07-27,453.1,5039,453.1,1987-07-27,453.1,5040.0,1.0,True,1.0,1.0
1987-07-27,453.1,1987-07-28,454.2,5040,454.2,1987-07-28,454.2,5041.0,1.0,True,1.0,1.0
1987-07-28,454.2,1987-07-29,459.5,5041,459.5,1987-07-29,459.5,5042.0,1.0,True,1.0,1.0
1987-07-29,459.5,1987-07-30,457.2,5042,457.2,1987-07-30,457.2,5043.0,1.0,True,1.0,1.0
1987-07-30,457.2,1987-07-31,464.25,5043,464.25,1987-07-31,464.25,5044.0,1.0,True,1.0,1.0
1987-07-31,464.25,1987-08-03,473.25,5044,473.25,1987-08-03,473.25,5045.0,1.0,True,1.0,1.0
1987-08-03,473.25,1987-08-04,476.0,5045,476.0,1987-08-04,476.0,5046.0,1.0,True,1.0,1.0
1987-08-04,476.0,1987-08-05,469.85,5046,469.85,1987-08-05,469.85,5047.0,1.0,True,1.0,1.0
1987-08-05,469.85,1987-08-06,468.85,5047,468.85,1987-08-06,468.85,5048.0,1.0,True,1.0,1.0
1987-08-06,468.85,1987-08-07,464.0,5048,464.0,1987-08-07,464.0,5049.0,1.0,True,1.0,1.0
1987-08-07,464.0,1987-08-10,459.5,5049,459.5,1987-08-10,459.5,5050.0,1.0,True,1.0,1.0
1987-08-10,459.5,1987-08-11,463.2,5050,463.2,1987-08-11,463.2,5051.0,1.0,True,1.0,1.0
1987-08-11,463.2,1987-08-12,461.0,5051,461.0,1987-08-12,461.0,5052.0,1.0,True,1.0,1.0
1987-08-12,461.0,1987-08-13,462.0,5052,462.0,1987-08-13,462.0,5053.0,1.0,True,1.0,1.0
1987-08-13,462.0,1987-08-14,457.4,5053,457.4,1987-08-14,457.4,5054.0,1.0,True,1.0,1.0
1987-08-14,457.4,1987-08-17,454.8,5054,454.8,1987-08-17,454.8,5055.0,1.0,True,1.0,1.0
1987-08-17,454.8,1987-08-18,454.9,5055,454.9,1987-08-18,454.9,5056.0,1.0,True,1.0,1.0
1987-08-18,454.9,1987-08-19,457.65,5056,457.65,1987-08-19,457.65,5057.0,1.0,True,1.0,1.0
1987-08-19,457.65,1987-08-20,457.4,5057,457.4,1987-08-20,457.4,5058.0,1.0,True,1.0,1.0
1987-08-20,457.4,1987-08-21,454.1,5058,454.1,1987-08-21,454.1,5059.0,1.0,True,1.0,1.0
1987-08-21,454.1,1987-08-24,455.8,5059,455.8,1987-08-24,455.8,5060.0,1.0,True,1.0,1.0
1987-08-24,455.8,1987-08-25,458.5,5060,458.5,1987-08-25,458.5,5061.0,1.0,True,1.0,1.0
1987-08-25,458.5,1987-08-26,457.4,5061,457.4,1987-08-26,457.4,5062.0,1.0,True,1.0,1.0
1987-08-26,457.4,1987-08-27,458.25,5062,458.25,1987-08-27,458.25,5063.0,1.0,True,1.0,1.0
1987-08-27,458.25,1987-08-28,455.9,5063,455.9,1987-09-08,462.75,5071.0,8.0,True,0.0,0.0
1987-09-08,462.75,1987-09-09,458.0,5071,458.0,1987-09-09,458.0,5072.0,1.0,True,1.0,1.0
1987-09-09,458.0,1987-09-10,461.0,5072,461.0,1987-09-10,461.0,5073.0,1.0,True,1.0,1.0
1987-09-10,461.0,1987-09-11,460.9,5073,460.9,1987-09-11,460.9,5074.0,1.0,True,1.0,1.0
1987-09-11,460.9,1987-09-14,456.6,5074,456.6,1987-09-14,456.6,5075.0,1.0,True,1.0,1.0
1987-09-14,456.6,1987-09-15,458.35,5075,458.35,1987-09-15,458.35,5076.0,1.0,True,1.0,1.0
1987-09-15,458.35,1987-09-16,458.5,5076,458.5,1987-09-16,458.5,5077.0,1.0,True,1.0,1.0
1987-09-16,458.5,1987-09-17,458.8,5077,458.8,1987-09-17,458.8,5078.0,1.0,True,1.0,1.0
1987-09-17,458.8,1987-09-18,461.35,5078,461.35,1987-09-18,461.35,5079.0,1.0,True,1.0,1.0
1987-09-18,461.35,1987-09-21,458.85,5079,458.85,1987-09-21,458.85,5080.0,1.0,True,1.0,1.0
1987-09-21,458.85,1987-09-22,463.15,5080,463.15,1987-09-22,463.15,5081.0,1.0,True,1.0,1.0
1987-09-22,463.15,1987-09-23,461.05,5081,461.05,1987-09-23,461.05,5082.0,1.0,True,1.0,1.0
1987-09-23,461.05,1987-09-24,463.85,5082,463.85,1987-09-24,463.85,5083.0,1.0,True,1.0,1.0
1987-09-24,463.85,1987-09-25,461.0,5083,461.0,1987-09-25,461.0,5084.0,1.0,True,1.0,1.0
1987-09-25,461.0,1987-09-28,460.9,5084,460.9,1987-09-29,458.9,5086.0,2.0,True,0.0,0.0
1987-09-29,458.9,1987-09-30,459.15,5086,459.15,1987-09-30,459.15,5087.0,1.0,True,1.0,1.0
1987-09-30,459.15,1987-10-01,454.1,5087,454.1,1987-10-01,454.1,5088.0,1.0,True,1.0,1.0
1987-10-01,454.1,1987-10-02,455.0,5088,455.0,1987-10-02,455.0,5089.0,1.0,True,1.0,1.0
1987-10-02,455.0,1987-10-05,455.15,5089,455.15,1987-10-05,455.15,5090.0,1.0,True,1.0,1.0
1987-10-05,455.15,1987-10-06,456.85,5090,456.85,1987-10-06,456.85,5091.0,1.0,True,1.0,1.0
1987-10-06,456.85,1987-10-07,458.55,5091,458.55,1987-10-07,458.55,5092.0,1.0,True,1.0,1.0
1987-10-07,458.55,1987-10-08,458.25,5092,458.25,1987-10-08,458.25,5093.0,1.0,True,1.0,1.0
1987-10-08,458.25,1987-10-09,461.75,5093,461.75,1987-10-09,461.75,5094.0,1.0,True,1.0,1.0
1987-10-09,461.75,1987-10-12,461.85,5094,461.85,1987-10-12,461.85,5095.0,1.0,True,1.0,1.0
1987-10-12,461.85,1987-10-13,459.65,5095,459.65,1987-10-13,459.65,5096.0,1.0,True,1.0,1.0
1987-10-13,459.65,1987-10-14,459.45,5096,459.45,1987-10-14,459.45,5097.0,1.0,True,1.0,1.0
1987-10-14,459.45,1987-10-15,461.75,5097,461.75,1987-10-15,461.75,5098.0,1.0,True,1.0,1.0
1987-10-15,461.75,1987-10-16,464.25,5098,464.25,1987-10-16,464.25,5099.0,1.0,True,1.0,1.0
1987-10-16,464.25,1987-10-19,479.5,5099,479.5,1987-10-19,479.5,5100.0,1.0,True,1.0,1.0
1987-10-19,479.5,1987-10-20,481.6,5100,481.6,1987-10-20,481.6,5101.0,1.0,True,1.0,1.0
1987-10-20,481.6,1987-10-21,466.65,5101,466.65,1987-10-21,466.65,5102.0,1.0,True,1.0,1.0
1987-10-21,466.65,1987-10-22,469.8,5102,469.8,1987-10-22,469.8,5103.0,1.0,True,1.0,1.0
1987-10-22,469.8,1987-10-23,472.65,5103,472.65,1987-10-23,472.65,5104.0,1.0,True,1.0,1.0
1987-10-23,472.65,1987-10-26,474.85,5104,474.85,1987-10-26,474.85,5105.0,1.0,True,1.0,1.0
1987-10-26,474.85,1987-10-27,473.45,5105,473.45,1987-10-27,473.45,5106.0,1.0,True,1.0,1.0
1987-10-27,473.45,1987-10-28,479.65,5106,479.65,1987-10-28,479.65,5107.0,1.0,True,1.0,1.0
1987-10-28,479.65,1987-10-29,474.05,5107,474.05,1987-10-29,474.05,5108.0,1.0,True,1.0,1.0
1987-10-29,474.05,1987-10-30,468.0,5108,468.0,1987-10-30,468.0,5109.0,1.0,True,1.0,1.0
1987-10-30,468.0,1987-11-02,469.95,5109,469.95,1987-11-02,469.95,5110.0,1.0,True,1.0,1.0
1987-11-02,469.95,1987-11-03,470.1,5110,470.1,1987-11-03,470.1,5111.0,1.0,True,1.0,1.0
1987-11-03,470.1,1987-11-04,467.0,5111,467.0,1987-11-04,467.0,5112.0,1.0,True,1.0,1.0
1987-11-04,467.0,1987-11-05,459.7,5112,459.7,1987-11-05,459.7,5113.0,1.0,True,1.0,1.0
1987-11-05,459.7,1987-11-06,458.6,5113,458.6,1987-11-06,458.6,5114.0,1.0,True,1.0,1.0
1987-11-06,458.6,1987-11-09,463.5,5114,463.5,1987-11-09,463.5,5115.0,1.0,True,1.0,1.0
1987-11-09,463.5,1987-11-10,458.75,5115,458.75,1987-11-10,458.75,5116.0,1.0,True,1.0,1.0
1987-11-10,458.75,1987-11-11,461.3,5116,461.3,1987-11-11,461.3,5117.0,1.0,True,1.0,1.0
1987-11-11,461.3,1987-11-12,463.0,5117,463.0,1987-11-12,463.0,5118.0,1.0,True,1.0,1.0
1987-11-12,463.0,1987-11-13,464.2,5118,464.2,1987-11-13,464.2,5119.0,1.0,True,1.0,1.0
1987-11-13,464.2,1987-11-16,461.75,5119,461.75,1987-11-16,461.75,5120.0,1.0,True,1.0,1.0
1987-11-16,461.75,1987-11-17,463.55,5120,463.55,1987-11-17,463.55,5121.0,1.0,True,1.0,1.0
1987-11-17,463.55,1987-11-18,464.2,5121,464.2,1987-11-18,464.2,5122.0,1.0,True,1.0,1.0
1987-11-18,464.2,1987-11-19,465.8,5122,465.8,1987-11-19,465.8,5123.0,1.0,True,1.0,1.0
1987-11-19,465.8,1987-11-20,466.25,5123,466.25,1987-11-20,466.25,5124.0,1.0,True,1.0,1.0
1987-11-20,466.25,1987-11-23,468.25,5124,468.25,1987-11-23,468.25,5125.0,1.0,True,1.0,1.0
1987-11-23,468.25,1987-11-24,476.95,5125,476.95,1987-11-24,476.95,5126.0,1.0,True,1.0,1.0
1987-11-24,476.95,1987-11-25,478.75,5126,478.75,1987-11-25,478.75,5127.0,1.0,True,1.0,1.0
1987-11-25,478.75,1987-11-26,477.65,5127,477.65,1987-11-26,477.65,5128.0,1.0,True,1.0,1.0
1987-11-26,477.65,1987-11-27,477.8,5128,477.8,1987-11-27,477.8,5129.0,1.0,True,1.0,1.0
1987-11-27,477.8,1987-11-30,493.9,5129,493.9,1987-11-30,493.9,5130.0,1.0,True,1.0,1.0
1987-11-30,493.9,1987-12-01,486.9,5130,486.9,1987-12-01,486.9,5131.0,1.0,True,1.0,1.0
1987-12-01,486.9,1987-12-02,490.0,5131,490.0,1987-12-02,490.0,5132.0,1.0,True,1.0,1.0
1987-12-02,490.0,1987-12-03,488.95,5132,488.95,1987-12-03,488.95,5133.0,1.0,True,1.0,1.0
1987-12-03,488.95,1987-12-04,485.75,5133,485.75,1987-12-04,485.75,5134.0,1.0,True,1.0,1.0
1987-12-04,485.75,1987-12-07,480.9,5134,480.9,1987-12-07,480.9,5135.0,1.0,True,1.0,1.0
1987-12-07,480.9,1987-12-08,483.0,5135,483.0,1987-12-08,483.0,5136.0,1.0,True,1.0,1.0
1987-12-08,483.0,1987-12-09,485.3,5136,485.3,1987-12-09,485.3,5137.0,1.0,True,1.0,1.0
1987-12-09,485.3,1987-12-10,484.5,5137,484.5,1987-12-10,484.5,5138.0,1.0,True,1.0,1.0
1987-12-10,484.5,1987-12-11,495.0,5138,495.0,1987-12-11,495.0,5139.0,1.0,True,1.0,1.0
1987-12-11,495.0,1987-12-14,502.75,5139,502.75,1987-12-14,502.75,5140.0,1.0,True,1.0,1.0
1987-12-14,502.75,1987-12-15,493.7,5140,493.7,1987-12-15,493.7,5141.0,1.0,True,1.0,1.0
1987-12-15,493.7,1987-12-16,487.05,5141,487.05,1987-12-16,487.05,5142.0,1.0,True,1.0,1.0
1987-12-16,487.05,1987-12-17,487.75,5142,487.75,1987-12-17,487.75,5143.0,1.0,True,1.0,1.0
1987-12-17,487.75,1987-12-18,484.55,5143,484.55,1987-12-18,484.55,5144.0,1.0,True,1.0,1.0
1987-12-18,484.55,1987-12-21,481.0,5144,481.0,1987-12-21,481.0,5145.0,1.0,True,1.0,1.0
1987-12-21,481.0,1987-12-22,481.6,5145,481.6,1987-12-22,481.6,5146.0,1.0,True,1.0,1.0
1987-12-22,481.6,1987-12-23,483.25,5146,483.25,1987-12-23,483.25,5147.0,1.0,True,1.0,1.0
1987-12-23,483.25,1987-12-24,483.75,5147,483.75,1988-01-11,485.3,5160.0,13.0,True,0.0,0.0
1988-01-11,485.3,1988-01-12,482.05,5160,482.05,1988-01-12,482.05,5161.0,1.0,True,1.0,1.0
1988-01-12,482.05,1988-01-13,481.4,5161,481.4,1988-01-13,481.4,5162.0,1.0,True,1.0,1.0
1988-01-13,481.4,1988-01-14,480.9,5162,480.9,1988-01-14,480.9,5163.0,1.0,True,1.0,1.0
1988-01-14,480.9,1988-01-15,484.8,5163,484.8,1988-01-15,484.8,5164.0,1.0,True,1.0,1.0
1988-01-15,484.8,1988-01-18,475.85,5164,475.85,1988-01-18,475.85,5165.0,1.0,True,1.0,1.0
1988-01-18,475.85,1988-01-19,476.75,5165,476.75,1988-01-19,476.75,5166.0,1.0,True,1.0,1.0
1988-01-19,476.75,1988-01-20,477.75,5166,477.75,1988-01-20,477.75,5167.0,1.0,True,1.0,1.0
1988-01-20,477.75,1988-01-21,476.5,5167,476.5,1988-01-21,476.5,5168.0,1.0,True,1.0,1.0
1988-01-21,476.5,1988-01-22,477.85,5168,477.85,1988-01-26,471.4,5171.0,3.0,True,0.0,0.0
1988-01-26,471.4,1988-01-27,469.4,5171,469.4,1988-01-27,469.4,5172.0,1.0,True,1.0,1.0
1988-01-27,469.4,1988-01-28,467.0,5172,467.0,1988-01-28,467.0,5173.0,1.0,True,1.0,1.0
1988-01-28,467.0,1988-01-29,465.25,5173,465.25,1988-02-01,454.65,5175.0,2.0,True,0.0,0.0
1988-02-01,454.65,1988-02-02,455.15,5175,455.15,1988-02-02,455.15,5176.0,1.0,True,1.0,1.0
1988-02-02,455.15,1988-02-03,447.1,5176,447.1,1988-02-03,447.1,5177.0,1.0,True,1.0,1.0
1988-02-03,447.1,1988-02-04,437.6,5177,437.6,1988-02-04,437.6,5178.0,1.0,True,1.0,1.0
1988-02-04,437.6,1988-02-05,444.15,5178,444.15,1988-02-05,444.15,5179.0,1.0,True,1.0,1.0
1988-02-05,444.15,1988-02-08,443.05,5179,443.05,1988-02-08,443.05,5180.0,1.0,True,1.0,1.0
1988-02-08,443.05,1988-02-09,439.25,5180,439.25,1988-02-09,439.25,5181.0,1.0,True,1.0,1.0
1988-02-09,439.25,1988-02-10,443.8,5181,443.8,1988-02-10,443.8,5182.0,1.0,True,1.0,1.0
1988-02-10,443.8,1988-02-11,440.2,5182,440.2,1988-02-11,440.2,5183.0,1.0,True,1.0,1.0
1988-02-11,440.2,1988-02-12,440.3,5183,440.3,1988-02-12,440.3,5184.0,1.0,True,1.0,1.0
1988-02-12,440.3,1988-02-15,443.6,5184,443.6,1988-02-15,443.6,5185.0,1.0,True,1.0,1.0
1988-02-15,443.6,1988-02-16,444.25,5185,444.25,1988-02-16,444.25,5186.0,1.0,True,1.0,1.0
1988-02-16,444.25,1988-02-17,444.4,5186,444.4,1988-02-17,444.4,5187.0,1.0,True,1.0,1.0
1988-02-17,444.4,1988-02-18,446.25,5187,446.25,1988-02-18,446.25,5188.0,1.0,True,1.0,1.0
1988-02-18,446.25,1988-02-19,443.45,5188,443.45,1988-02-19,443.45,5189.0,1.0,True,1.0,1.0
1988-02-19,443.45,1988-02-22,445.1,5189,445.1,1988-02-22,445.1,5190.0,1.0,True,1.0,1.0
1988-02-22,445.1,1988-02-23,443.95,5190,443.95,1988-02-23,443.95,5191.0,1.0,True,1.0,1.0
1988-02-23,443.95,1988-02-24,438.0,5191,438.0,1988-02-24,438.0,5192.0,1.0,True,1.0,1.0
1988-02-24,438.0,1988-02-25,433.95,5192,433.95,1988-02-25,433.95,5193.0,1.0,True,1.0,1.0
1988-02-25,433.95,1988-02-26,432.65,5193,432.65,1988-02-26,432.65,5194.0,1.0,True,1.0,1.0
1988-02-26,432.65,1988-02-29,423.75,5194,423.75,1988-02-29,423.75,5195.0,1.0,True,1.0,1.0
1988-02-29,423.75,1988-03-01,429.15,5195,429.15,1988-03-01,429.15,5196.0,1.0,True,1.0,1.0
1988-03-01,429.15,1988-03-02,431.55,5196,431.55,1988-03-02,431.55,5197.0,1.0,True,1.0,1.0
1988-03-02,431.55,1988-03-03,429.15,5197,429.15,1988-03-03,429.15,5198.0,1.0,True,1.0,1.0
1988-03-03,429.15,1988-03-04,430.75,5198,430.75,1988-03-04,430.75,5199.0,1.0,True,1.0,1.0
1988-03-04,430.75,1988-03-07,436.0,5199,436.0,1988-03-07,436.0,5200.0,1.0,True,1.0,1.0
1988-03-07,436.0,1988-03-08,435.7,5200,435.7,1988-03-08,435.7,5201.0,1.0,True,1.0,1.0
1988-03-08,435.7,1988-03-09,436.1,5201,436.1,1988-03-09,436.1,5202.0,1.0,True,1.0,1.0
1988-03-09,436.1,1988-03-10,437.25,5202,437.25,1988-03-10,437.25,5203.0,1.0,True,1.0,1.0
1988-03-10,437.25,1988-03-11,444.1,5203,444.1,1988-03-11,444.1,5204.0,1.0,True,1.0,1.0
1988-03-11,444.1,1988-03-14,441.9,5204,441.9,1988-03-14,441.9,5205.0,1.0,True,1.0,1.0
1988-03-14,441.9,1988-03-15,442.25,5205,442.25,1988-03-15,442.25,5206.0,1.0,True,1.0,1.0
1988-03-15,442.25,1988-03-16,447.15,5206,447.15,1988-03-16,447.15,5207.0,1.0,True,1.0,1.0
1988-03-16,447.15,1988-03-17,445.35,5207,445.35,1988-03-17,445.35,5208.0,1.0,True,1.0,1.0
1988-03-17,445.35,1988-03-18,442.8,5208,442.8,1988-03-18,442.8,5209.0,1.0,True,1.0,1.0
1988-03-18,442.8,1988-03-21,446.5,5209,446.5,1988-03-21,446.5,5210.0,1.0,True,1.0,1.0
1988-03-21,446.5,1988-03-22,449.4,5210,449.4,1988-03-22,449.4,5211.0,1.0,True,1.0,1.0
1988-03-22,449.4,1988-03-23,450.0,5211,450.0,1988-03-23,450.0,5212.0,1.0,True,1.0,1.0
1988-03-23,450.0,1988-03-24,453.9,5212,453.9,1988-03-24,453.9,5213.0,1.0,True,1.0,1.0
1988-03-24,453.9,1988-03-25,451.5,5213,451.5,1988-03-25,451.5,5214.0,1.0,True,1.0,1.0
1988-03-25,451.5,1988-03-28,453.1,5214,453.1,1988-03-28,453.1,5215.0,1.0,True,1.0,1.0
1988-03-28,453.1,1988-03-29,454.7,5215,454.7,1988-03-29,454.7,5216.0,1.0,True,1.0,1.0
1988-03-29,454.7,1988-03-30,454.0,5216,454.0,1988-03-30,454.0,5217.0,1.0,True,1.0,1.0
1988-03-30,454.0,1988-03-31,458.0,5217,458.0,1988-04-12,450.2,5226.0,9.0,True,0.0,0.0
1988-04-12,450.2,1988-04-13,448.5,5226,448.5,1988-04-13,448.5,5227.0,1.0,True,1.0,1.0
1988-04-13,448.5,1988-04-14,447.0,5227,447.0,1988-04-14,447.0,5228.0,1.0,True,1.0,1.0
1988-04-14,447.0,1988-04-15,453.85,5228,453.85,1988-04-15,453.85,5229.0,1.0,True,1.0,1.0
1988-04-15,453.85,1988-04-18,457.55,5229,457.55,1988-04-18,457.55,5230.0,1.0,True,1.0,1.0
1988-04-18,457.55,1988-04-19,456.55,5230,456.55,1988-04-19,456.55,5231.0,1.0,True,1.0,1.0
1988-04-19,456.55,1988-04-20,458.0,5231,458.0,1988-04-20,458.0,5232.0,1.0,True,1.0,1.0
1988-04-20,458.0,1988-04-21,454.0,5232,454.0,1988-04-21,454.0,5233.0,1.0,True,1.0,1.0
1988-04-21,454.0,1988-04-22,453.15,5233,453.15,1988-04-22,453.15,5234.0,1.0,True,1.0,1.0
1988-04-22,453.15,1988-04-25,449.75,5234,449.75,1988-04-25,449.75,5235.0,1.0,True,1.0,1.0
1988-04-25,449.75,1988-04-26,448.25,5235,448.25,1988-04-26,448.25,5236.0,1.0,True,1.0,1.0
1988-04-26,448.25,1988-04-27,449.1,5236,449.1,1988-04-27,449.1,5237.0,1.0,True,1.0,1.0
1988-04-27,449.1,1988-04-28,452.15,5237,452.15,1988-04-28,452.15,5238.0,1.0,True,1.0,1.0
1988-04-28,452.15,1988-04-29,449.75,5238,449.75,1988-05-10,447.1,5246.0,8.0,True,0.0,0.0
1988-05-10,447.1,1988-05-11,449.35,5246,449.35,1988-05-11,449.35,5247.0,1.0,True,1.0,1.0
1988-05-11,449.35,1988-05-12,448.65,5247,448.65,1988-05-12,448.65,5248.0,1.0,True,1.0,1.0
1988-05-12,448.65,1988-05-13,451.05,5248,451.05,1988-05-13,451.05,5249.0,1.0,True,1.0,1.0
1988-05-13,451.05,1988-05-16,453.4,5249,453.4,1988-05-16,453.4,5250.0,1.0,True,1.0,1.0
1988-05-16,453.4,1988-05-17,453.15,5250,453.15,1988-05-17,453.15,5251.0,1.0,True,1.0,1.0
1988-05-17,453.15,1988-05-18,452.7,5251,452.7,1988-05-18,452.7,5252.0,1.0,True,1.0,1.0
1988-05-18,452.7,1988-05-19,456.65,5252,456.65,1988-05-19,456.65,5253.0,1.0,True,1.0,1.0
1988-05-19,456.65,1988-05-20,456.5,5253,456.5,1988-05-20,456.5,5254.0,1.0,True,1.0,1.0
1988-05-20,456.5,1988-05-23,460.25,5254,460.25,1988-05-23,460.25,5255.0,1.0,True,1.0,1.0
1988-05-23,460.25,1988-05-24,458.6,5255,458.6,1988-05-24,458.6,5256.0,1.0,True,1.0,1.0
1988-05-24,458.6,1988-05-25,458.35,5256,458.35,1988-05-25,458.35,5257.0,1.0,True,1.0,1.0
1988-05-25,458.35,1988-05-26,453.0,5257,453.0,1988-05-26,453.0,5258.0,1.0,True,1.0,1.0
1988-05-26,453.0,1988-05-27,452.5,5258,452.5,1988-06-07,463.4,5266.0,8.0,True,0.0,0.0
1988-06-07,463.4,1988-06-08,458.75,5266,458.75,1988-06-08,458.75,5267.0,1.0,True,1.0,1.0
1988-06-08,458.75,1988-06-09,455.0,5267,455.0,1988-06-09,455.0,5268.0,1.0,True,1.0,1.0
1988-06-09,455.0,1988-06-10,457.1,5268,457.1,1988-06-10,457.1,5269.0,1.0,True,1.0,1.0
1988-06-10,457.1,1988-06-13,450.5,5269,450.5,1988-06-13,450.5,5270.0,1.0,True,1.0,1.0
1988-06-13,450.5,1988-06-14,450.8,5270,450.8,1988-06-14,450.8,5271.0,1.0,True,1.0,1.0
1988-06-14,450.8,1988-06-15,450.3,5271,450.3,1988-06-15,450.3,5272.0,1.0,True,1.0,1.0
1988-06-15,450.3,1988-06-16,452.65,5272,452.65,1988-06-16,452.65,5273.0,1.0,True,1.0,1.0
1988-06-16,452.65,1988-06-17,449.8,5273,449.8,1988-06-17,449.8,5274.0,1.0,True,1.0,1.0
1988-06-17,449.8,1988-06-20,453.9,5274,453.9,1988-06-20,453.9,5275.0,1.0,True,1.0,1.0
1988-06-20,453.9,1988-06-21,451.7,5275,451.7,1988-06-21,451.7,5276.0,1.0,True,1.0,1.0
1988-06-21,451.7,1988-06-22,449.8,5276,449.8,1988-06-22,449.8,5277.0,1.0,True,1.0,1.0
1988-06-22,449.8,1988-06-23,447.6,5277,447.6,1988-06-23,447.6,5278.0,1.0,True,1.0,1.0
1988-06-23,447.6,1988-06-24,447.0,5278,447.0,1988-06-24,447.0,5279.0,1.0,True,1.0,1.0
1988-06-24,447.0,1988-06-27,442.0,5279,442.0,1988-06-28,443.85,5281.0,2.0,True,0.0,0.0
1988-06-28,443.85,1988-06-29,434.9,5281,434.9,1988-06-29,434.9,5282.0,1.0,True,1.0,1.0
1988-06-29,434.9,1988-06-30,436.85,5282,436.85,1988-06-30,436.85,5283.0,1.0,True,1.0,1.0
1988-06-30,436.85,1988-07-01,436.5,5283,436.5,1988-07-01,436.5,5284.0,1.0,True,1.0,1.0
1988-07-01,436.5,1988-07-04,437.15,5284,437.15,1988-07-04,437.15,5285.0,1.0,True,1.0,1.0
1988-07-04,437.15,1988-07-05,437.4,5285,437.4,1988-07-05,437.4,5286.0,1.0,True,1.0,1.0
1988-07-05,437.4,1988-07-06,438.1,5286,438.1,1988-07-06,438.1,5287.0,1.0,True,1.0,1.0
1988-07-06,438.1,1988-07-07,439.15,5287,439.15,1988-07-07,439.15,5288.0,1.0,True,1.0,1.0
1988-07-07,439.15,1988-07-08,438.9,5288,438.9,1988-07-08,438.9,5289.0,1.0,True,1.0,1.0
1988-07-08,438.9,1988-07-11,439.65,5289,439.65,1988-07-11,439.65,5290.0,1.0,True,1.0,1.0
1988-07-11,439.65,1988-07-12,434.5,5290,434.5,1988-07-12,434.5,5291.0,1.0,True,1.0,1.0
1988-07-12,434.5,1988-07-13,436.2,5291,436.2,1988-07-13,436.2,5292.0,1.0,True,1.0,1.0
1988-07-13,436.2,1988-07-14,439.05,5292,439.05,1988-07-14,439.05,5293.0,1.0,True,1.0,1.0
1988-07-14,439.05,1988-07-15,438.1,5293,438.1,1988-07-15,438.1,5294.0,1.0,True,1.0,1.0
1988-07-15,438.1,1988-07-18,437.65,5294,437.65,1988-07-18,437.65,5295.0,1.0,True,1.0,1.0
1988-07-18,437.65,1988-07-19,437.25,5295,437.25,1988-07-19,437.25,5296.0,1.0,True,1.0,1.0
1988-07-19,437.25,1988-07-20,445.0,5296,445.0,1988-07-20,445.0,5297.0,1.0,True,1.0,1.0
1988-07-20,445.0,1988-07-21,443.2,5297,443.2,1988-07-21,443.2,5298.0,1.0,True,1.0,1.0
1988-07-21,443.2,1988-07-22,443.2,5298,443.2,1988-07-22,443.2,5299.0,1.0,True,1.0,1.0
1988-07-22,443.2,1988-07-25,442.2,5299,442.2,1988-07-25,442.2,5300.0,1.0,True,1.0,1.0
1988-07-25,442.2,1988-07-26,430.15,5300,430.15,1988-07-26,430.15,5301.0,1.0,True,1.0,1.0
1988-07-26,430.15,1988-07-27,431.7,5301,431.7,1988-07-27,431.7,5302.0,1.0,True,1.0,1.0
1988-07-27,431.7,1988-07-28,428.75,5302,428.75,1988-07-28,428.75,5303.0,1.0,True,1.0,1.0
1988-07-28,428.75,1988-07-29,432.7,5303,432.7,1988-07-29,432.7,5304.0,1.0,True,1.0,1.0
1988-07-29,432.7,1988-08-01,436.4,5304,436.4,1988-08-01,436.4,5305.0,1.0,True,1.0,1.0
1988-08-01,436.4,1988-08-02,432.9,5305,432.9,1988-08-02,432.9,5306.0,1.0,True,1.0,1.0
1988-08-02,432.9,1988-08-03,431.25,5306,431.25,1988-08-03,431.25,5307.0,1.0,True,1.0,1.0
1988-08-03,431.25,1988-08-04,433.4,5307,433.4,1988-08-04,433.4,5308.0,1.0,True,1.0,1.0
1988-08-04,433.4,1988-08-05,431.45,5308,431.45,1988-08-05,431.45,5309.0,1.0,True,1.0,1.0
1988-08-05,431.45,1988-08-08,431.85,5309,431.85,1988-08-08,431.85,5310.0,1.0,True,1.0,1.0
1988-08-08,431.85,1988-08-09,428.25,5310,428.25,1988-08-09,428.25,5311.0,1.0,True,1.0,1.0
1988-08-09,428.25,1988-08-10,426.95,5311,426.95,1988-08-10,426.95,5312.0,1.0,True,1.0,1.0
1988-08-10,426.95,1988-08-11,429.0,5312,429.0,1988-08-11,429.0,5313.0,1.0,True,1.0,1.0
1988-08-11,429.0,1988-08-12,428.4,5313,428.4,1988-08-12,428.4,5314.0,1.0,True,1.0,1.0
1988-08-12,428.4,1988-08-15,431.15,5314,431.15,1988-08-15,431.15,5315.0,1.0,True,1.0,1.0
1988-08-15,431.15,1988-08-16,432.0,5315,432.0,1988-08-16,432.0,5316.0,1.0,True,1.0,1.0
1988-08-16,432.0,1988-08-17,429.0,5316,429.0,1988-08-17,429.0,5317.0,1.0,True,1.0,1.0
1988-08-17,429.0,1988-08-18,430.2,5317,430.2,1988-08-18,430.2,5318.0,1.0,True,1.0,1.0
1988-08-18,430.2,1988-08-19,432.4,5318,432.4,1988-08-19,432.4,5319.0,1.0,True,1.0,1.0
1988-08-19,432.4,1988-08-22,429.7,5319,429.7,1988-08-22,429.7,5320.0,1.0,True,1.0,1.0
1988-08-22,429.7,1988-08-23,432.7,5320,432.7,1988-08-23,432.7,5321.0,1.0,True,1.0,1.0
1988-08-23,432.7,1988-08-24,432.1,5321,432.1,1988-08-24,432.1,5322.0,1.0,True,1.0,1.0
1988-08-24,432.1,1988-08-25,434.8,5322,434.8,1988-08-25,434.8,5323.0,1.0,True,1.0,1.0
1988-08-25,434.8,1988-08-26,433.75,5323,433.75,1988-09-06,427.65,5331.0,8.0,True,0.0,0.0
1988-09-06,427.65,1988-09-07,427.0,5331,427.0,1988-09-07,427.0,5332.0,1.0,True,1.0,1.0
1988-09-07,427.0,1988-09-08,428.0,5332,428.0,1988-09-08,428.0,5333.0,1.0,True,1.0,1.0
1988-09-08,428.0,1988-09-09,428.9,5333,428.9,1988-09-09,428.9,5334.0,1.0,True,1.0,1.0
1988-09-09,428.9,1988-09-12,418.0,5334,418.0,1988-09-12,418.0,5335.0,1.0,True,1.0,1.0
1988-09-12,418.0,1988-09-13,420.8,5335,420.8,1988-09-13,420.8,5336.0,1.0,True,1.0,1.0
1988-09-13,420.8,1988-09-14,421.9,5336,421.9,1988-09-14,421.9,5337.0,1.0,True,1.0,1.0
1988-09-14,421.9,1988-09-15,421.5,5337,421.5,1988-09-15,421.5,5338.0,1.0,True,1.0,1.0
1988-09-15,421.5,1988-09-16,417.3,5338,417.3,1988-09-16,417.3,5339.0,1.0,True,1.0,1.0
1988-09-16,417.3,1988-09-19,409.0,5339,409.0,1988-09-19,409.0,5340.0,1.0,True,1.0,1.0
1988-09-19,409.0,1988-09-20,410.4,5340,410.4,1988-09-20,410.4,5341.0,1.0,True,1.0,1.0
1988-09-20,410.4,1988-09-21,401.6,5341,401.6,1988-09-21,401.6,5342.0,1.0,True,1.0,1.0
1988-09-21,401.6,1988-09-22,399.6,5342,399.6,1988-09-22,399.6,5343.0,1.0,True,1.0,1.0
1988-09-22,399.6,1988-09-23,399.3,5343,399.3,1988-09-23,399.3,5344.0,1.0,True,1.0,1.0
1988-09-23,399.3,1988-09-26,389.05,5344,389.05,1988-09-27,397.0,5346.0,2.0,True,0.0,0.0
1988-09-27,397.0,1988-09-28,397.65,5346,397.65,1988-09-28,397.65,5347.0,1.0,True,1.0,1.0
1988-09-28,397.65,1988-09-29,398.6,5347,398.6,1988-09-29,398.6,5348.0,1.0,True,1.0,1.0
1988-09-29,398.6,1988-09-30,396.15,5348,396.15,1988-09-30,396.15,5349.0,1.0,True,1.0,1.0
1988-09-30,396.15,1988-10-03,394.2,5349,394.2,1988-10-03,394.2,5350.0,1.0,True,1.0,1.0
1988-10-03,394.2,1988-10-04,397.35,5350,397.35,1988-10-04,397.35,5351.0,1.0,True,1.0,1.0
1988-10-04,397.35,1988-10-05,397.25,5351,397.25,1988-10-05,397.25,5352.0,1.0,True,1.0,1.0
1988-10-05,397.25,1988-10-06,403.0,5352,403.0,1988-10-06,403.0,5353.0,1.0,True,1.0,1.0
1988-10-06,403.0,1988-10-07,404.25,5353,404.25,1988-10-07,404.25,5354.0,1.0,True,1.0,1.0
1988-10-07,404.25,1988-10-10,406.25,5354,406.25,1988-10-10,406.25,5355.0,1.0,True,1.0,1.0
1988-10-10,406.25,1988-10-11,408.0,5355,408.0,1988-10-11,408.0,5356.0,1.0,True,1.0,1.0
1988-10-11,408.0,1988-10-12,404.7,5356,404.7,1988-10-12,404.7,5357.0,1.0,True,1.0,1.0
1988-10-12,404.7,1988-10-13,408.6,5357,408.6,1988-10-13,408.6,5358.0,1.0,True,1.0,1.0
1988-10-13,408.6,1988-10-14,406.5,5358,406.5,1988-10-14,406.5,5359.0,1.0,True,1.0,1.0
1988-10-14,406.5,1988-10-17,411.15,5359,411.15,1988-10-17,411.15,5360.0,1.0,True,1.0,1.0
1988-10-17,411.15,1988-10-18,413.05,5360,413.05,1988-10-18,413.05,5361.0,1.0,True,1.0,1.0
1988-10-18,413.05,1988-10-19,410.8,5361,410.8,1988-10-19,410.8,5362.0,1.0,True,1.0,1.0
1988-10-19,410.8,1988-10-20,411.4,5362,411.4,1988-10-20,411.4,5363.0,1.0,True,1.0,1.0
1988-10-20,411.4,1988-10-21,410.55,5363,410.55,1988-10-21,410.55,5364.0,1.0,True,1.0,1.0
1988-10-21,410.55,1988-10-24,406.3,5364,406.3,1988-10-24,406.3,5365.0,1.0,True,1.0,1.0
1988-10-24,406.3,1988-10-25,406.6,5365,406.6,1988-10-25,406.6,5366.0,1.0,True,1.0,1.0
1988-10-25,406.6,1988-10-26,407.5,5366,407.5,1988-10-26,407.5,5367.0,1.0,True,1.0,1.0
1988-10-26,407.5,1988-10-27,407.15,5367,407.15,1988-10-27,407.15,5368.0,1.0,True,1.0,1.0
1988-10-27,407.15,1988-10-28,407.3,5368,407.3,1988-10-28,407.3,5369.0,1.0,True,1.0,1.0
1988-10-28,407.3,1988-10-31,412.3,5369,412.3,1988-10-31,412.3,5370.0,1.0,True,1.0,1.0
1988-10-31,412.3,1988-11-01,411.0,5370,411.0,1988-11-01,411.0,5371.0,1.0,True,1.0,1.0
1988-11-01,411.0,1988-11-02,412.5,5371,412.5,1988-11-02,412.5,5372.0,1.0,True,1.0,1.0
1988-11-02,412.5,1988-11-03,422.9,5372,422.9,1988-11-03,422.9,5373.0,1.0,True,1.0,1.0
1988-11-03,422.9,1988-11-04,419.5,5373,419.5,1988-11-04,419.5,5374.0,1.0,True,1.0,1.0
1988-11-04,419.5,1988-11-07,422.0,5374,422.0,1988-11-07,422.0,5375.0,1.0,True,1.0,1.0
1988-11-07,422.0,1988-11-08,421.85,5375,421.85,1988-11-08,421.85,5376.0,1.0,True,1.0,1.0
1988-11-08,421.85,1988-11-09,419.5,5376,419.5,1988-11-09,419.5,5377.0,1.0,True,1.0,1.0
1988-11-09,419.5,1988-11-10,422.25,5377,422.25,1988-11-10,422.25,5378.0,1.0,True,1.0,1.0
1988-11-10,422.25,1988-11-11,420.75,5378,420.75,1988-11-11,420.75,5379.0,1.0,True,1.0,1.0
1988-11-11,420.75,1988-11-14,420.65,5379,420.65,1988-11-14,420.65,5380.0,1.0,True,1.0,1.0
1988-11-14,420.65,1988-11-15,422.8,5380,422.8,1988-11-15,422.8,5381.0,1.0,True,1.0,1.0
1988-11-15,422.8,1988-11-16,422.6,5381,422.6,1988-11-16,422.6,5382.0,1.0,True,1.0,1.0
1988-11-16,422.6,1988-11-17,423.3,5382,423.3,1988-11-17,423.3,5383.0,1.0,True,1.0,1.0
1988-11-17,423.3,1988-11-18,419.75,5383,419.75,1988-11-18,419.75,5384.0,1.0,True,1.0,1.0
1988-11-18,419.75,1988-11-21,416.6,5384,416.6,1988-11-21,416.6,5385.0,1.0,True,1.0,1.0
1988-11-21,416.6,1988-11-22,416.1,5385,416.1,1988-11-22,416.1,5386.0,1.0,True,1.0,1.0
1988-11-22,416.1,1988-11-23,417.95,5386,417.95,1988-11-23,417.95,5387.0,1.0,True,1.0,1.0
1988-11-23,417.95,1988-11-24,419.85,5387,419.85,1988-11-24,419.85,5388.0,1.0,True,1.0,1.0
1988-11-24,419.85,1988-11-25,422.6,5388,422.6,1988-11-25,422.6,5389.0,1.0,True,1.0,1.0
1988-11-25,422.6,1988-11-28,421.4,5389,421.4,1988-11-28,421.4,5390.0,1.0,True,1.0,1.0
1988-11-28,421.4,1988-11-29,422.1,5390,422.1,1988-11-29,422.1,5391.0,1.0,True,1.0,1.0
1988-11-29,422.1,1988-11-30,421.3,5391,421.3,1988-11-30,421.3,5392.0,1.0,True,1.0,1.0
1988-11-30,421.3,1988-12-01,425.5,5392,425.5,1988-12-01,425.5,5393.0,1.0,True,1.0,1.0
1988-12-01,425.5,1988-12-02,423.8,5393,423.8,1988-12-02,423.8,5394.0,1.0,True,1.0,1.0
1988-12-02,423.8,1988-12-05,430.4,5394,430.4,1988-12-05,430.4,5395.0,1.0,True,1.0,1.0
1988-12-05,430.4,1988-12-06,429.0,5395,429.0,1988-12-06,429.0,5396.0,1.0,True,1.0,1.0
1988-12-06,429.0,1988-12-07,425.35,5396,425.35,1988-12-07,425.35,5397.0,1.0,True,1.0,1.0
1988-12-07,425.35,1988-12-08,423.3,5397,423.3,1988-12-08,423.3,5398.0,1.0,True,1.0,1.0
1988-12-08,423.3,1988-12-09,422.2,5398,422.2,1988-12-09,422.2,5399.0,1.0,True,1.0,1.0
1988-12-09,422.2,1988-12-12,421.0,5399,421.0,1988-12-12,421.0,5400.0,1.0,True,1.0,1.0
1988-12-12,421.0,1988-12-13,420.05,5400,420.05,1988-12-13,420.05,5401.0,1.0,True,1.0,1.0
1988-12-13,420.05,1988-12-14,419.6,5401,419.6,1988-12-14,419.6,5402.0,1.0,True,1.0,1.0
1988-12-14,419.6,1988-12-15,421.4,5402,421.4,1988-12-15,421.4,5403.0,1.0,True,1.0,1.0
1988-12-15,421.4,1988-12-16,412.6,5403,412.6,1988-12-16,412.6,5404.0,1.0,True,1.0,1.0
1988-12-16,412.6,1988-12-19,413.65,5404,413.65,1988-12-19,413.65,5405.0,1.0,True,1.0,1.0
1988-12-19,413.65,1988-12-20,413.2,5405,413.2,1988-12-20,413.2,5406.0,1.0,True,1.0,1.0
1988-12-20,413.2,1988-12-21,413.85,5406,413.85,1988-12-21,413.85,5407.0,1.0,True,1.0,1.0
1988-12-21,413.85,1988-12-22,415.6,5407,415.6,1988-12-22,415.6,5408.0,1.0,True,1.0,1.0
1988-12-22,415.6,1988-12-23,417.55,5408,417.55,1989-01-10,405.5,5421.0,13.0,True,0.0,0.0
1989-01-10,405.5,1989-01-11,403.5,5421,403.5,1989-01-11,403.5,5422.0,1.0,True,1.0,1.0
1989-01-11,403.5,1989-01-12,404.85,5422,404.85,1989-01-12,404.85,5423.0,1.0,True,1.0,1.0
1989-01-12,404.85,1989-01-13,403.5,5423,403.5,1989-01-13,403.5,5424.0,1.0,True,1.0,1.0
1989-01-13,403.5,1989-01-16,401.75,5424,401.75,1989-01-16,401.75,5425.0,1.0,True,1.0,1.0
1989-01-16,401.75,1989-01-17,402.1,5425,402.1,1989-01-17,402.1,5426.0,1.0,True,1.0,1.0
1989-01-17,402.1,1989-01-18,402.85,5426,402.85,1989-01-18,402.85,5427.0,1.0,True,1.0,1.0
1989-01-18,402.85,1989-01-19,402.3,5427,402.3,1989-01-19,402.3,5428.0,1.0,True,1.0,1.0
1989-01-19,402.3,1989-01-20,404.5,5428,404.5,1989-01-20,404.5,5429.0,1.0,True,1.0,1.0
1989-01-20,404.5,1989-01-23,407.75,5429,407.75,1989-01-25,404.75,5432.0,3.0,True,0.0,0.0
1989-01-25,404.75,1989-01-26,406.0,5432,406.0,1989-01-26,406.0,5433.0,1.0,True,1.0,1.0
1989-01-26,406.0,1989-01-27,402.05,5433,402.05,1989-01-27,402.05,5434.0,1.0,True,1.0,1.0
1989-01-27,402.05,1989-01-30,394.3,5434,394.3,1989-01-31,394.85,5436.0,2.0,True,0.0,0.0
1989-01-31,394.85,1989-02-01,392.0,5436,392.0,1989-02-01,392.0,5437.0,1.0,True,1.0,1.0
1989-02-01,392.0,1989-02-02,392.7,5437,392.7,1989-02-02,392.7,5438.0,1.0,True,1.0,1.0
1989-02-02,392.7,1989-02-03,390.85,5438,390.85,1989-02-03,390.85,5439.0,1.0,True,1.0,1.0
1989-02-03,390.85,1989-02-06,390.25,5439,390.25,1989-02-06,390.25,5440.0,1.0,True,1.0,1.0
1989-02-06,390.25,1989-02-07,391.45,5440,391.45,1989-02-07,391.45,5441.0,1.0,True,1.0,1.0
1989-02-07,391.45,1989-02-08,390.4,5441,390.4,1989-02-08,390.4,5442.0,1.0,True,1.0,1.0
1989-02-08,390.4,1989-02-09,394.1,5442,394.1,1989-02-09,394.1,5443.0,1.0,True,1.0,1.0
1989-02-09,394.1,1989-02-10,393.8,5443,393.8,1989-02-10,393.8,5444.0,1.0,True,1.0,1.0
1989-02-10,393.8,1989-02-13,386.7,5444,386.7,1989-02-13,386.7,5445.0,1.0,True,1.0,1.0
1989-02-13,386.7,1989-02-14,385.65,5445,385.65,1989-02-14,385.65,5446.0,1.0,True,1.0,1.0
1989-02-14,385.65,1989-02-15,381.7,5446,381.7,1989-02-15,381.7,5447.0,1.0,True,1.0,1.0
1989-02-15,381.7,1989-02-16,384.25,5447,384.25,1989-02-16,384.25,5448.0,1.0,True,1.0,1.0
1989-02-16,384.25,1989-02-17,378.95,5448,378.95,1989-02-17,378.95,5449.0,1.0,True,1.0,1.0
1989-02-17,378.95,1989-02-20,382.15,5449,382.15,1989-02-20,382.15,5450.0,1.0,True,1.0,1.0
1989-02-20,382.15,1989-02-21,382.75,5450,382.75,1989-02-21,382.75,5451.0,1.0,True,1.0,1.0
1989-02-21,382.75,1989-02-22,386.0,5451,386.0,1989-02-22,386.0,5452.0,1.0,True,1.0,1.0
1989-02-22,386.0,1989-02-23,389.0,5452,389.0,1989-02-23,389.0,5453.0,1.0,True,1.0,1.0
1989-02-23,389.0,1989-02-24,389.25,5453,389.25,1989-02-24,389.25,5454.0,1.0,True,1.0,1.0
1989-02-24,389.25,1989-02-27,390.75,5454,390.75,1989-02-27,390.75,5455.0,1.0,True,1.0,1.0
1989-02-27,390.75,1989-02-28,386.75,5455,386.75,1989-02-28,386.75,5456.0,1.0,True,1.0,1.0
1989-02-28,386.75,1989-03-01,386.1,5456,386.1,1989-03-01,386.1,5457.0,1.0,True,1.0,1.0
1989-03-01,386.1,1989-03-02,384.1,5457,384.1,1989-03-02,384.1,5458.0,1.0,True,1.0,1.0
1989-03-02,384.1,1989-03-03,386.5,5458,386.5,1989-03-03,386.5,5459.0,1.0,True,1.0,1.0
1989-03-03,386.5,1989-03-06,388.4,5459,388.4,1989-03-06,388.4,5460.0,1.0,True,1.0,1.0
1989-03-06,388.4,1989-03-07,386.3,5460,386.3,1989-03-07,386.3,5461.0,1.0,True,1.0,1.0
1989-03-07,386.3,1989-03-08,393.1,5461,393.1,1989-03-08,393.1,5462.0,1.0,True,1.0,1.0
1989-03-08,393.1,1989-03-09,392.5,5462,392.5,1989-03-09,392.5,5463.0,1.0,True,1.0,1.0
1989-03-09,392.5,1989-03-10,397.0,5463,397.0,1989-03-10,397.0,5464.0,1.0,True,1.0,1.0
1989-03-10,397.0,1989-03-13,393.1,5464,393.1,1989-03-13,393.1,5465.0,1.0,True,1.0,1.0
1989-03-13,393.1,1989-03-14,394.3,5465,394.3,1989-03-14,394.3,5466.0,1.0,True,1.0,1.0
1989-03-14,394.3,1989-03-15,394.45,5466,394.45,1989-03-15,394.45,5467.0,1.0,True,1.0,1.0
1989-03-15,394.45,1989-03-16,391.0,5467,391.0,1989-03-16,391.0,5468.0,1.0,True,1.0,1.0
1989-03-16,391.0,1989-03-17,389.25,5468,389.25,1989-03-17,389.25,5469.0,1.0,True,1.0,1.0
1989-03-17,389.25,1989-03-20,395.3,5469,395.3,1989-03-20,395.3,5470.0,1.0,True,1.0,1.0
1989-03-20,395.3,1989-03-21,394.1,5470,394.1,1989-03-21,394.1,5471.0,1.0,True,1.0,1.0
1989-03-21,394.1,1989-03-22,393.4,5471,393.4,1989-03-22,393.4,5472.0,1.0,True,1.0,1.0
1989-03-22,393.4,1989-03-23,396.0,5472,396.0,1989-04-04,386.6,5481.0,9.0,True,0.0,0.0
1989-04-04,386.6,1989-04-05,384.4,5481,384.4,1989-04-05,384.4,5482.0,1.0,True,1.0,1.0
1989-04-05,384.4,1989-04-06,384.2,5482,384.2,1989-04-06,384.2,5483.0,1.0,True,1.0,1.0
1989-04-06,384.2,1989-04-07,384.4,5483,384.4,1989-04-07,384.4,5484.0,1.0,True,1.0,1.0
1989-04-07,384.4,1989-04-10,381.6,5484,381.6,1989-04-10,381.6,5485.0,1.0,True,1.0,1.0
1989-04-10,381.6,1989-04-11,384.75,5485,384.75,1989-04-11,384.75,5486.0,1.0,True,1.0,1.0
1989-04-11,384.75,1989-04-12,384.15,5486,384.15,1989-04-12,384.15,5487.0,1.0,True,1.0,1.0
1989-04-12,384.15,1989-04-13,387.8,5487,387.8,1989-04-13,387.8,5488.0,1.0,True,1.0,1.0
1989-04-13,387.8,1989-04-14,388.55,5488,388.55,1989-04-14,388.55,5489.0,1.0,True,1.0,1.0
1989-04-14,388.55,1989-04-17,385.15,5489,385.15,1989-04-17,385.15,5490.0,1.0,True,1.0,1.0
1989-04-17,385.15,1989-04-18,385.25,5490,385.25,1989-04-18,385.25,5491.0,1.0,True,1.0,1.0
1989-04-18,385.25,1989-04-19,382.9,5491,382.9,1989-04-19,382.9,5492.0,1.0,True,1.0,1.0
1989-04-19,382.9,1989-04-20,383.9,5492,383.9,1989-04-20,383.9,5493.0,1.0,True,1.0,1.0
1989-04-20,383.9,1989-04-21,385.25,5493,385.25,1989-04-25,385.85,5496.0,3.0,True,0.0,0.0
1989-04-25,385.85,1989-04-26,384.4,5496,384.4,1989-04-26,384.4,5497.0,1.0,True,1.0,1.0
1989-04-26,384.4,1989-04-27,384.75,5497,384.75,1989-04-27,384.75,5498.0,1.0,True,1.0,1.0
1989-04-27,384.75,1989-04-28,381.3,5498,381.3,1989-05-09,376.0,5506.0,8.0,True,0.0,0.0
1989-05-09,376.0,1989-05-10,378.1,5506,378.1,1989-05-10,378.1,5507.0,1.0,True,1.0,1.0
1989-05-10,378.1,1989-05-11,377.7,5507,377.7,1989-05-11,377.7,5508.0,1.0,True,1.0,1.0
1989-05-11,377.7,1989-05-12,379.65,5508,379.65,1989-05-12,379.65,5509.0,1.0,True,1.0,1.0
1989-05-12,379.65,1989-05-15,374.25,5509,374.25,1989-05-15,374.25,5510.0,1.0,True,1.0,1.0
1989-05-15,374.25,1989-05-16,374.4,5510,374.4,1989-05-16,374.4,5511.0,1.0,True,1.0,1.0
1989-05-16,374.4,1989-05-17,373.7,5511,373.7,1989-05-17,373.7,5512.0,1.0,True,1.0,1.0
1989-05-17,373.7,1989-05-18,371.0,5512,371.0,1989-05-18,371.0,5513.0,1.0,True,1.0,1.0
1989-05-18,371.0,1989-05-19,366.25,5513,366.25,1989-05-19,366.25,5514.0,1.0,True,1.0,1.0
1989-05-19,366.25,1989-05-22,359.25,5514,359.25,1989-05-22,359.25,5515.0,1.0,True,1.0,1.0
1989-05-22,359.25,1989-05-23,363.4,5515,363.4,1989-05-23,363.4,5516.0,1.0,True,1.0,1.0
1989-05-23,363.4,1989-05-24,362.5,5516,362.5,1989-05-24,362.5,5517.0,1.0,True,1.0,1.0
1989-05-24,362.5,1989-05-25,363.3,5517,363.3,1989-05-25,363.3,5518.0,1.0,True,1.0,1.0
1989-05-25,363.3,1989-05-26,367.2,5518,367.2,1989-06-06,365.0,5526.0,8.0,True,0.0,0.0
1989-06-06,365.0,1989-06-07,375.5,5526,375.5,1989-06-07,375.5,5527.0,1.0,True,1.0,1.0
1989-06-07,375.5,1989-06-08,374.6,5527,374.6,1989-06-08,374.6,5528.0,1.0,True,1.0,1.0
1989-06-08,374.6,1989-06-09,371.25,5528,371.25,1989-06-09,371.25,5529.0,1.0,True,1.0,1.0
1989-06-09,371.25,1989-06-12,358.5,5529,358.5,1989-06-12,358.5,5530.0,1.0,True,1.0,1.0
1989-06-12,358.5,1989-06-13,360.5,5530,360.5,1989-06-13,360.5,5531.0,1.0,True,1.0,1.0
1989-06-13,360.5,1989-06-14,361.6,5531,361.6,1989-06-14,361.6,5532.0,1.0,True,1.0,1.0
1989-06-14,361.6,1989-06-15,360.35,5532,360.35,1989-06-15,360.35,5533.0,1.0,True,1.0,1.0
1989-06-15,360.35,1989-06-16,365.75,5533,365.75,1989-06-16,365.75,5534.0,1.0,True,1.0,1.0
1989-06-16,365.75,1989-06-19,363.6,5534,363.6,1989-06-19,363.6,5535.0,1.0,True,1.0,1.0
1989-06-19,363.6,1989-06-20,366.5,5535,366.5,1989-06-20,366.5,5536.0,1.0,True,1.0,1.0
1989-06-20,366.5,1989-06-21,365.7,5536,365.7,1989-06-21,365.7,5537.0,1.0,True,1.0,1.0
1989-06-21,365.7,1989-06-22,370.4,5537,370.4,1989-06-22,370.4,5538.0,1.0,True,1.0,1.0
1989-06-22,370.4,1989-06-23,369.5,5538,369.5,1989-06-23,369.5,5539.0,1.0,True,1.0,1.0
1989-06-23,369.5,1989-06-26,375.3,5539,375.3,1989-06-27,373.55,5541.0,2.0,True,0.0,0.0
1989-06-27,373.55,1989-06-28,373.75,5541,373.75,1989-06-28,373.75,5542.0,1.0,True,1.0,1.0
1989-06-28,373.75,1989-06-29,376.3,5542,376.3,1989-06-29,376.3,5543.0,1.0,True,1.0,1.0
1989-06-29,376.3,1989-06-30,371.15,5543,371.15,1989-06-30,371.15,5544.0,1.0,True,1.0,1.0
1989-06-30,371.15,1989-07-03,375.4,5544,375.4,1989-07-03,375.4,5545.0,1.0,True,1.0,1.0
1989-07-03,375.4,1989-07-04,377.5,5545,377.5,1989-07-04,377.5,5546.0,1.0,True,1.0,1.0
1989-07-04,377.5,1989-07-05,378.4,5546,378.4,1989-07-05,378.4,5547.0,1.0,True,1.0,1.0
1989-07-05,378.4,1989-07-06,384.3,5547,384.3,1989-07-06,384.3,5548.0,1.0,True,1.0,1.0
1989-07-06,384.3,1989-07-07,383.6,5548,383.6,1989-07-07,383.6,5549.0,1.0,True,1.0,1.0
1989-07-07,383.6,1989-07-10,382.45,5549,382.45,1989-07-10,382.45,5550.0,1.0,True,1.0,1.0
1989-07-10,382.45,1989-07-11,381.35,5550,381.35,1989-07-11,381.35,5551.0,1.0,True,1.0,1.0
1989-07-11,381.35,1989-07-12,379.5,5551,379.5,1989-07-12,379.5,5552.0,1.0,True,1.0,1.0
1989-07-12,379.5,1989-07-13,377.1,5552,377.1,1989-07-13,377.1,5553.0,1.0,True,1.0,1.0
1989-07-13,377.1,1989-07-14,375.0,5553,375.0,1989-07-14,375.0,5554.0,1.0,True,1.0,1.0
1989-07-14,375.0,1989-07-17,370.9,5554,370.9,1989-07-17,370.9,5555.0,1.0,True,1.0,1.0
1989-07-17,370.9,1989-07-18,369.7,5555,369.7,1989-07-18,369.7,5556.0,1.0,True,1.0,1.0
1989-07-18,369.7,1989-07-19,371.5,5556,371.5,1989-07-19,371.5,5557.0,1.0,True,1.0,1.0
1989-07-19,371.5,1989-07-20,368.8,5557,368.8,1989-07-20,368.8,5558.0,1.0,True,1.0,1.0
1989-07-20,368.8,1989-07-21,372.25,5558,372.25,1989-07-21,372.25,5559.0,1.0,True,1.0,1.0
1989-07-21,372.25,1989-07-24,372.0,5559,372.0,1989-07-24,372.0,5560.0,1.0,True,1.0,1.0
1989-07-24,372.0,1989-07-25,372.8,5560,372.8,1989-07-25,372.8,5561.0,1.0,True,1.0,1.0
1989-07-25,372.8,1989-07-26,371.5,5561,371.5,1989-07-26,371.5,5562.0,1.0,True,1.0,1.0
1989-07-26,371.5,1989-07-27,374.3,5562,374.3,1989-07-27,374.3,5563.0,1.0,True,1.0,1.0
1989-07-27,374.3,1989-07-28,371.95,5563,371.95,1989-07-28,371.95,5564.0,1.0,True,1.0,1.0
1989-07-28,371.95,1989-07-31,369.1,5564,369.1,1989-07-31,369.1,5565.0,1.0,True,1.0,1.0
1989-07-31,369.1,1989-08-01,369.95,5565,369.95,1989-08-01,369.95,5566.0,1.0,True,1.0,1.0
1989-08-01,369.95,1989-08-02,369.9,5566,369.9,1989-08-02,369.9,5567.0,1.0,True,1.0,1.0
1989-08-02,369.9,1989-08-03,369.8,5567,369.8,1989-08-03,369.8,5568.0,1.0,True,1.0,1.0
1989-08-03,369.8,1989-08-04,371.55,5568,371.55,1989-08-04,371.55,5569.0,1.0,True,1.0,1.0
1989-08-04,371.55,1989-08-07,367.25,5569,367.25,1989-08-07,367.25,5570.0,1.0,True,1.0,1.0
1989-08-07,367.25,1989-08-08,366.2,5570,366.2,1989-08-08,366.2,5571.0,1.0,True,1.0,1.0
1989-08-08,366.2,1989-08-09,365.15,5571,365.15,1989-08-09,365.15,5572.0,1.0,True,1.0,1.0
1989-08-09,365.15,1989-08-10,366.4,5572,366.4,1989-08-10,366.4,5573.0,1.0,True,1.0,1.0
1989-08-10,366.4,1989-08-11,364.4,5573,364.4,1989-08-11,364.4,5574.0,1.0,True,1.0,1.0
1989-08-11,364.4,1989-08-14,363.0,5574,363.0,1989-08-14,363.0,5575.0,1.0,True,1.0,1.0
1989-08-14,363.0,1989-08-15,364.7,5575,364.7,1989-08-15,364.7,5576.0,1.0,True,1.0,1.0
1989-08-15,364.7,1989-08-16,367.6,5576,367.6,1989-08-16,367.6,5577.0,1.0,True,1.0,1.0
1989-08-16,367.6,1989-08-17,366.0,5577,366.0,1989-08-17,366.0,5578.0,1.0,True,1.0,1.0
1989-08-17,366.0,1989-08-18,366.3,5578,366.3,1989-08-18,366.3,5579.0,1.0,True,1.0,1.0
1989-08-18,366.3,1989-08-21,365.5,5579,365.5,1989-08-21,365.5,5580.0,1.0,True,1.0,1.0
1989-08-21,365.5,1989-08-22,366.0,5580,366.0,1989-08-22,366.0,5581.0,1.0,True,1.0,1.0
1989-08-22,366.0,1989-08-23,366.8,5581,366.8,1989-08-23,366.8,5582.0,1.0,True,1.0,1.0
1989-08-23,366.8,1989-08-24,363.6,5582,363.6,1989-08-24,363.6,5583.0,1.0,True,1.0,1.0
1989-08-24,363.6,1989-08-25,361.15,5583,361.15,1989-09-05,358.1,5591.0,8.0,True,0.0,0.0
1989-09-05,358.1,1989-09-06,360.0,5591,360.0,1989-09-06,360.0,5592.0,1.0,True,1.0,1.0
1989-09-06,360.0,1989-09-07,359.2,5592,359.2,1989-09-07,359.2,5593.0,1.0,True,1.0,1.0
1989-09-07,359.2,1989-09-08,359.85,5593,359.85,1989-09-08,359.85,5594.0,1.0,True,1.0,1.0
1989-09-08,359.85,1989-09-11,358.1,5594,358.1,1989-09-11,358.1,5595.0,1.0,True,1.0,1.0
1989-09-11,358.1,1989-09-12,358.95,5595,358.95,1989-09-12,358.95,5596.0,1.0,True,1.0,1.0
1989-09-12,358.95,1989-09-13,358.8,5596,358.8,1989-09-13,358.8,5597.0,1.0,True,1.0,1.0
1989-09-13,358.8,1989-09-14,359.8,5597,359.8,1989-09-14,359.8,5598.0,1.0,True,1.0,1.0
1989-09-14,359.8,1989-09-15,359.65,5598,359.65,1989-09-15,359.65,5599.0,1.0,True,1.0,1.0
1989-09-15,359.65,1989-09-18,360.1,5599,360.1,1989-09-18,360.1,5600.0,1.0,True,1.0,1.0
1989-09-18,360.1,1989-09-19,360.65,5600,360.65,1989-09-19,360.65,5601.0,1.0,True,1.0,1.0
1989-09-19,360.65,1989-09-20,360.75,5601,360.75,1989-09-20,360.75,5602.0,1.0,True,1.0,1.0
1989-09-20,360.75,1989-09-21,362.95,5602,362.95,1989-09-21,362.95,5603.0,1.0,True,1.0,1.0
1989-09-21,362.95,1989-09-22,364.1,5603,364.1,1989-09-22,364.1,5604.0,1.0,True,1.0,1.0
1989-09-22,364.1,1989-09-25,368.75,5604,368.75,1989-09-26,366.6,5606.0,2.0,True,0.0,0.0
1989-09-26,366.6,1989-09-27,369.3,5606,369.3,1989-09-27,369.3,5607.0,1.0,True,1.0,1.0
1989-09-27,369.3,1989-09-28,366.1,5607,366.1,1989-09-28,366.1,5608.0,1.0,True,1.0,1.0
1989-09-28,366.1,1989-09-29,369.0,5608,369.0,1989-09-29,369.0,5609.0,1.0,True,1.0,1.0
1989-09-29,369.0,1989-10-02,366.45,5609,366.45,1989-10-02,366.45,5610.0,1.0,True,1.0,1.0
1989-10-02,366.45,1989-10-03,365.0,5610,365.0,1989-10-03,365.0,5611.0,1.0,True,1.0,1.0
1989-10-03,365.0,1989-10-04,366.05,5611,366.05,1989-10-04,366.05,5612.0,1.0,True,1.0,1.0
1989-10-04,366.05,1989-10-05,366.9,5612,366.9,1989-10-05,366.9,5613.0,1.0,True,1.0,1.0
1989-10-05,366.9,1989-10-06,363.6,5613,363.6,1989-10-06,363.6,5614.0,1.0,True,1.0,1.0
1989-10-06,363.6,1989-10-09,362.95,5614,362.95,1989-10-09,362.95,5615.0,1.0,True,1.0,1.0
1989-10-09,362.95,1989-10-10,362.3,5615,362.3,1989-10-10,362.3,5616.0,1.0,True,1.0,1.0
1989-10-10,362.3,1989-10-11,360.4,5616,360.4,1989-10-11,360.4,5617.0,1.0,True,1.0,1.0
1989-10-11,360.4,1989-10-12,362.55,5617,362.55,1989-10-12,362.55,5618.0,1.0,True,1.0,1.0
1989-10-12,362.55,1989-10-13,362.9,5618,362.9,1989-10-13,362.9,5619.0,1.0,True,1.0,1.0
1989-10-13,362.9,1989-10-16,366.45,5619,366.45,1989-10-16,366.45,5620.0,1.0,True,1.0,1.0
1989-10-16,366.45,1989-10-17,365.65,5620,365.65,1989-10-17,365.65,5621.0,1.0,True,1.0,1.0
1989-10-17,365.65,1989-10-18,368.1,5621,368.1,1989-10-18,368.1,5622.0,1.0,True,1.0,1.0
1989-10-18,368.1,1989-10-19,368.5,5622,368.5,1989-10-19,368.5,5623.0,1.0,True,1.0,1.0
1989-10-19,368.5,1989-10-20,366.7,5623,366.7,1989-10-20,366.7,5624.0,1.0,True,1.0,1.0
1989-10-20,366.7,1989-10-23,365.8,5624,365.8,1989-10-23,365.8,5625.0,1.0,True,1.0,1.0
1989-10-23,365.8,1989-10-24,366.4,5625,366.4,1989-10-24,366.4,5626.0,1.0,True,1.0,1.0
1989-10-24,366.4,1989-10-25,368.35,5626,368.35,1989-10-25,368.35,5627.0,1.0,True,1.0,1.0
1989-10-25,368.35,1989-10-26,368.45,5627,368.45,1989-10-26,368.45,5628.0,1.0,True,1.0,1.0
1989-10-26,368.45,1989-10-27,371.55,5628,371.55,1989-10-27,371.55,5629.0,1.0,True,1.0,1.0
1989-10-27,371.55,1989-10-30,378.5,5629,378.5,1989-10-30,378.5,5630.0,1.0,True,1.0,1.0
1989-10-30,378.5,1989-10-31,376.05,5630,376.05,1989-10-31,376.05,5631.0,1.0,True,1.0,1.0
1989-10-31,376.05,1989-11-01,373.6,5631,373.6,1989-11-01,373.6,5632.0,1.0,True,1.0,1.0
1989-11-01,373.6,1989-11-02,373.85,5632,373.85,1989-11-02,373.85,5633.0,1.0,True,1.0,1.0
1989-11-02,373.85,1989-11-03,378.85,5633,378.85,1989-11-03,378.85,5634.0,1.0,True,1.0,1.0
1989-11-03,378.85,1989-11-06,378.15,5634,378.15,1989-11-06,378.15,5635.0,1.0,True,1.0,1.0
1989-11-06,378.15,1989-11-07,385.5,5635,385.5,1989-11-07,385.5,5636.0,1.0,True,1.0,1.0
1989-11-07,385.5,1989-11-08,386.95,5636,386.95,1989-11-08,386.95,5637.0,1.0,True,1.0,1.0
1989-11-08,386.95,1989-11-09,387.4,5637,387.4,1989-11-09,387.4,5638.0,1.0,True,1.0,1.0
1989-11-09,387.4,1989-11-10,386.45,5638,386.45,1989-11-10,386.45,5639.0,1.0,True,1.0,1.0
1989-11-10,386.45,1989-11-13,389.05,5639,389.05,1989-11-13,389.05,5640.0,1.0,True,1.0,1.0
1989-11-13,389.05,1989-11-14,390.75,5640,390.75,1989-11-14,390.75,5641.0,1.0,True,1.0,1.0
1989-11-14,390.75,1989-11-15,390.5,5641,390.5,1989-11-15,390.5,5642.0,1.0,True,1.0,1.0
1989-11-15,390.5,1989-11-16,389.1,5642,389.1,1989-11-16,389.1,5643.0,1.0,True,1.0,1.0
1989-11-16,389.1,1989-11-17,393.85,5643,393.85,1989-11-17,393.85,5644.0,1.0,True,1.0,1.0
1989-11-17,393.85,1989-11-20,396.05,5644,396.05,1989-11-20,396.05,5645.0,1.0,True,1.0,1.0
1989-11-20,396.05,1989-11-21,400.3,5645,400.3,1989-11-21,400.3,5646.0,1.0,True,1.0,1.0
1989-11-21,400.3,1989-11-22,406.6,5646,406.6,1989-11-22,406.6,5647.0,1.0,True,1.0,1.0
1989-11-22,406.6,1989-11-23,408.1,5647,408.1,1989-11-23,408.1,5648.0,1.0,True,1.0,1.0
1989-11-23,408.1,1989-11-24,415.8,5648,415.8,1989-11-24,415.8,5649.0,1.0,True,1.0,1.0
1989-11-24,415.8,1989-11-27,417.15,5649,417.15,1989-11-27,417.15,5650.0,1.0,True,1.0,1.0
1989-11-27,417.15,1989-11-28,410.4,5650,410.4,1989-11-28,410.4,5651.0,1.0,True,1.0,1.0
1989-11-28,410.4,1989-11-29,410.75,5651,410.75,1989-11-29,410.75,5652.0,1.0,True,1.0,1.0
1989-11-29,410.75,1989-11-30,406.8,5652,406.8,1989-11-30,406.8,5653.0,1.0,True,1.0,1.0
1989-11-30,406.8,1989-12-01,414.15,5653,414.15,1989-12-01,414.15,5654.0,1.0,True,1.0,1.0
1989-12-01,414.15,1989-12-04,409.9,5654,409.9,1989-12-04,409.9,5655.0,1.0,True,1.0,1.0
1989-12-04,409.9,1989-12-05,402.6,5655,402.6,1989-12-05,402.6,5656.0,1.0,True,1.0,1.0
1989-12-05,402.6,1989-12-06,402.05,5656,402.05,1989-12-06,402.05,5657.0,1.0,True,1.0,1.0
1989-12-06,402.05,1989-12-07,405.75,5657,405.75,1989-12-07,405.75,5658.0,1.0,True,1.0,1.0
1989-12-07,405.75,1989-12-08,408.85,5658,408.85,1989-12-08,408.85,5659.0,1.0,True,1.0,1.0
1989-12-08,408.85,1989-12-11,414.0,5659,414.0,1989-12-11,414.0,5660.0,1.0,True,1.0,1.0
1989-12-11,414.0,1989-12-12,416.1,5660,416.1,1989-12-12,416.1,5661.0,1.0,True,1.0,1.0
1989-12-12,416.1,1989-12-13,417.1,5661,417.1,1989-12-13,417.1,5662.0,1.0,True,1.0,1.0
1989-12-13,417.1,1989-12-14,409.45,5662,409.45,1989-12-14,409.45,5663.0,1.0,True,1.0,1.0
1989-12-14,409.45,1989-12-15,410.35,5663,410.35,1989-12-15,410.35,5664.0,1.0,True,1.0,1.0
1989-12-15,410.35,1989-12-18,411.65,5664,411.65,1989-12-18,411.65,5665.0,1.0,True,1.0,1.0
1989-12-18,411.65,1989-12-19,411.3,5665,411.3,1989-12-19,411.3,5666.0,1.0,True,1.0,1.0
1989-12-19,411.3,1989-12-20,413.15,5666,413.15,1989-12-20,413.15,5667.0,1.0,True,1.0,1.0
1989-12-20,413.15,1989-12-21,413.0,5667,413.0,1989-12-21,413.0,5668.0,1.0,True,1.0,1.0
1989-12-21,413.0,1989-12-22,413.2,5668,413.2,1990-01-09,402.7,5681.0,13.0,True,0.0,0.0
1990-01-09,402.7,1990-01-10,405.85,5681,405.85,1990-01-10,405.85,5682.0,1.0,True,1.0,1.0
1990-01-10,405.85,1990-01-11,413.55,5682,413.55,1990-01-11,413.55,5683.0,1.0,True,1.0,1.0
1990-01-11,413.55,1990-01-12,413.9,5683,413.9,1990-01-12,413.9,5684.0,1.0,True,1.0,1.0
1990-01-12,413.9,1990-01-15,415.3,5684,415.3,1990-01-15,415.3,5685.0,1.0,True,1.0,1.0
1990-01-15,415.3,1990-01-16,415.25,5685,415.25,1990-01-16,415.25,5686.0,1.0,True,1.0,1.0
1990-01-16,415.25,1990-01-17,410.6,5686,410.6,1990-01-17,410.6,5687.0,1.0,True,1.0,1.0
1990-01-17,410.6,1990-01-18,413.6,5687,413.6,1990-01-18,413.6,5688.0,1.0,True,1.0,1.0
1990-01-18,413.6,1990-01-19,410.6,5688,410.6,1990-01-19,410.6,5689.0,1.0,True,1.0,1.0
1990-01-19,410.6,1990-01-22,408.7,5689,408.7,1990-01-24,413.75,5692.0,3.0,True,0.0,0.0
1990-01-24,413.75,1990-01-25,417.15,5692,417.15,1990-01-25,417.15,5693.0,1.0,True,1.0,1.0
1990-01-25,417.15,1990-01-26,419.1,5693,419.1,1990-01-26,419.1,5694.0,1.0,True,1.0,1.0
1990-01-26,419.1,1990-01-29,420.75,5694,420.75,1990-01-30,417.8,5696.0,2.0,True,0.0,0.0
1990-01-30,417.8,1990-01-31,417.55,5696,417.55,1990-01-31,417.55,5697.0,1.0,True,1.0,1.0
1990-01-31,417.55,1990-02-01,413.25,5697,413.25,1990-02-01,413.25,5698.0,1.0,True,1.0,1.0
1990-02-01,413.25,1990-02-02,417.35,5698,417.35,1990-02-02,417.35,5699.0,1.0,True,1.0,1.0
1990-02-02,417.35,1990-02-05,418.75,5699,418.75,1990-02-05,418.75,5700.0,1.0,True,1.0,1.0
1990-02-05,418.75,1990-02-06,421.4,5700,421.4,1990-02-06,421.4,5701.0,1.0,True,1.0,1.0
1990-02-06,421.4,1990-02-07,419.9,5701,419.9,1990-02-07,419.9,5702.0,1.0,True,1.0,1.0
1990-02-07,419.9,1990-02-08,418.5,5702,418.5,1990-02-08,418.5,5703.0,1.0,True,1.0,1.0
1990-02-08,418.5,1990-02-09,418.5,5703,418.5,1990-02-09,418.5,5704.0,1.0,True,1.0,1.0
1990-02-09,418.5,1990-02-12,415.25,5704,415.25,1990-02-12,415.25,5705.0,1.0,True,1.0,1.0
1990-02-12,415.25,1990-02-13,419.75,5705,419.75,1990-02-13,419.75,5706.0,1.0,True,1.0,1.0
1990-02-13,419.75,1990-02-14,416.0,5706,416.0,1990-02-14,416.0,5707.0,1.0,True,1.0,1.0
1990-02-14,416.0,1990-02-15,417.05,5707,417.05,1990-02-15,417.05,5708.0,1.0,True,1.0,1.0
1990-02-15,417.05,1990-02-16,414.9,5708,414.9,1990-02-16,414.9,5709.0,1.0,True,1.0,1.0
1990-02-16,414.9,1990-02-19,416.95,5709,416.95,1990-02-19,416.95,5710.0,1.0,True,1.0,1.0
1990-02-19,416.95,1990-02-20,419.05,5710,419.05,1990-02-20,419.05,5711.0,1.0,True,1.0,1.0
1990-02-20,419.05,1990-02-21,420.6,5711,420.6,1990-02-21,420.6,5712.0,1.0,True,1.0,1.0
1990-02-21,420.6,1990-02-22,418.0,5712,418.0,1990-02-22,418.0,5713.0,1.0,True,1.0,1.0
1990-02-22,418.0,1990-02-23,415.0,5713,415.0,1990-02-23,415.0,5714.0,1.0,True,1.0,1.0
1990-02-23,415.0,1990-02-26,412.75,5714,412.75,1990-02-26,412.75,5715.0,1.0,True,1.0,1.0
1990-02-26,412.75,1990-02-27,408.8,5715,408.8,1990-02-27,408.8,5716.0,1.0,True,1.0,1.0
1990-02-27,408.8,1990-02-28,409.1,5716,409.1,1990-02-28,409.1,5717.0,1.0,True,1.0,1.0
1990-02-28,409.1,1990-03-01,406.25,5717,406.25,1990-03-01,406.25,5718.0,1.0,True,1.0,1.0
1990-03-01,406.25,1990-03-02,406.4,5718,406.4,1990-03-02,406.4,5719.0,1.0,True,1.0,1.0
1990-03-02,406.4,1990-03-05,403.0,5719,403.0,1990-03-05,403.0,5720.0,1.0,True,1.0,1.0
1990-03-05,403.0,1990-03-06,404.8,5720,404.8,1990-03-06,404.8,5721.0,1.0,True,1.0,1.0
1990-03-06,404.8,1990-03-07,402.6,5721,402.6,1990-03-07,402.6,5722.0,1.0,True,1.0,1.0
1990-03-07,402.6,1990-03-08,401.4,5722,401.4,1990-03-08,401.4,5723.0,1.0,True,1.0,1.0
1990-03-08,401.4,1990-03-09,399.7,5723,399.7,1990-03-09,399.7,5724.0,1.0,True,1.0,1.0
1990-03-09,399.7,1990-03-12,400.4,5724,400.4,1990-03-12,400.4,5725.0,1.0,True,1.0,1.0
1990-03-12,400.4,1990-03-13,397.35,5725,397.35,1990-03-13,397.35,5726.0,1.0,True,1.0,1.0
1990-03-13,397.35,1990-03-14,398.8,5726,398.8,1990-03-14,398.8,5727.0,1.0,True,1.0,1.0
1990-03-14,398.8,1990-03-15,397.6,5727,397.6,1990-03-15,397.6,5728.0,1.0,True,1.0,1.0
1990-03-15,397.6,1990-03-16,399.2,5728,399.2,1990-03-16,399.2,5729.0,1.0,True,1.0,1.0
1990-03-16,399.2,1990-03-19,401.25,5729,401.25,1990-03-19,401.25,5730.0,1.0,True,1.0,1.0
1990-03-19,401.25,1990-03-20,400.8,5730,400.8,1990-03-20,400.8,5731.0,1.0,True,1.0,1.0
1990-03-20,400.8,1990-03-21,389.9,5731,389.9,1990-03-21,389.9,5732.0,1.0,True,1.0,1.0
1990-03-21,389.9,1990-03-22,392.25,5732,392.25,1990-03-22,392.25,5733.0,1.0,True,1.0,1.0
1990-03-22,392.25,1990-03-23,393.6,5733,393.6,1990-03-23,393.6,5734.0,1.0,True,1.0,1.0
1990-03-23,393.6,1990-03-26,379.25,5734,379.25,1990-03-26,379.25,5735.0,1.0,True,1.0,1.0
1990-03-26,379.25,1990-03-27,369.75,5735,369.75,1990-03-27,369.75,5736.0,1.0,True,1.0,1.0
1990-03-27,369.75,1990-03-28,373.3,5736,373.3,1990-03-28,373.3,5737.0,1.0,True,1.0,1.0
1990-03-28,373.3,1990-03-29,370.75,5737,370.75,1990-03-29,370.75,5738.0,1.0,True,1.0,1.0
1990-03-29,370.75,1990-03-30,372.2,5738,372.2,1990-03-30,372.2,5739.0,1.0,True,1.0,1.0
1990-03-30,372.2,1990-04-02,368.0,5739,368.0,1990-04-02,368.0,5740.0,1.0,True,1.0,1.0
1990-04-02,368.0,1990-04-03,374.8,5740,374.8,1990-04-03,374.8,5741.0,1.0,True,1.0,1.0
1990-04-03,374.8,1990-04-04,374.25,5741,374.25,1990-04-04,374.25,5742.0,1.0,True,1.0,1.0
1990-04-04,374.25,1990-04-05,378.1,5742,378.1,1990-04-05,378.1,5743.0,1.0,True,1.0,1.0
1990-04-05,378.1,1990-04-06,380.35,5743,380.35,1990-04-06,380.35,5744.0,1.0,True,1.0,1.0
1990-04-06,380.35,1990-04-09,378.85,5744,378.85,1990-04-09,378.85,5745.0,1.0,True,1.0,1.0
1990-04-09,378.85,1990-04-10,375.3,5745,375.3,1990-04-10,375.3,5746.0,1.0,True,1.0,1.0
1990-04-10,375.3,1990-04-11,374.1,5746,374.1,1990-04-11,374.1,5747.0,1.0,True,1.0,1.0
1990-04-11,374.1,1990-04-12,375.25,5747,375.25,1990-04-24,377.95,5756.0,9.0,True,0.0,0.0
1990-04-24,377.95,1990-04-25,374.8,5756,374.8,1990-04-25,374.8,5757.0,1.0,True,1.0,1.0
1990-04-25,374.8,1990-04-26,371.35,5757,371.35,1990-04-26,371.35,5758.0,1.0,True,1.0,1.0
1990-04-26,371.35,1990-04-27,371.4,5758,371.4,1990-04-27,371.4,5759.0,1.0,True,1.0,1.0
1990-04-27,371.4,1990-04-30,371.55,5759,371.55,1990-04-30,371.55,5760.0,1.0,True,1.0,1.0
1990-04-30,371.55,1990-05-01,368.95,5760,368.95,1990-05-01,368.95,5761.0,1.0,True,1.0,1.0
1990-05-01,368.95,1990-05-02,370.5,5761,370.5,1990-05-02,370.5,5762.0,1.0,True,1.0,1.0
1990-05-02,370.5,1990-05-03,369.15,5762,369.15,1990-05-03,369.15,5763.0,1.0,True,1.0,1.0
1990-05-03,369.15,1990-05-04,371.4,5763,371.4,1990-05-15,367.4,5771.0,8.0,True,0.0,0.0
1990-05-15,367.4,1990-05-16,369.6,5771,369.6,1990-05-16,369.6,5772.0,1.0,True,1.0,1.0
1990-05-16,369.6,1990-05-17,369.1,5772,369.1,1990-05-17,369.1,5773.0,1.0,True,1.0,1.0
1990-05-17,369.1,1990-05-18,369.7,5773,369.7,1990-05-18,369.7,5774.0,1.0,True,1.0,1.0
1990-05-18,369.7,1990-05-21,373.4,5774,373.4,1990-05-21,373.4,5775.0,1.0,True,1.0,1.0
1990-05-21,373.4,1990-05-22,372.4,5775,372.4,1990-05-22,372.4,5776.0,1.0,True,1.0,1.0
1990-05-22,372.4,1990-05-23,363.25,5776,363.25,1990-05-23,363.25,5777.0,1.0,True,1.0,1.0
1990-05-23,363.25,1990-05-24,367.65,5777,367.65,1990-05-24,367.65,5778.0,1.0,True,1.0,1.0
1990-05-24,367.65,1990-05-25,366.35,5778,366.35,1990-06-05,357.85,5786.0,8.0,True,0.0,0.0
1990-06-05,357.85,1990-06-06,359.8,5786,359.8,1990-06-06,359.8,5787.0,1.0,True,1.0,1.0
1990-06-06,359.8,1990-06-07,353.25,5787,353.25,1990-06-07,353.25,5788.0,1.0,True,1.0,1.0
1990-06-07,353.25,1990-06-08,353.6,5788,353.6,1990-06-08,353.6,5789.0,1.0,True,1.0,1.0
1990-06-08,353.6,1990-06-11,354.7,5789,354.7,1990-06-11,354.7,5790.0,1.0,True,1.0,1.0
1990-06-11,354.7,1990-06-12,356.0,5790,356.0,1990-06-12,356.0,5791.0,1.0,True,1.0,1.0
1990-06-12,356.0,1990-06-13,353.0,5791,353.0,1990-06-13,353.0,5792.0,1.0,True,1.0,1.0
1990-06-13,353.0,1990-06-14,346.75,5792,346.75,1990-06-14,346.75,5793.0,1.0,True,1.0,1.0
1990-06-14,346.75,1990-06-15,347.05,5793,347.05,1990-06-15,347.05,5794.0,1.0,True,1.0,1.0
1990-06-15,347.05,1990-06-18,349.0,5794,349.0,1990-06-18,349.0,5795.0,1.0,True,1.0,1.0
1990-06-18,349.0,1990-06-19,348.45,5795,348.45,1990-06-19,348.45,5796.0,1.0,True,1.0,1.0
1990-06-19,348.45,1990-06-20,347.05,5796,347.05,1990-06-20,347.05,5797.0,1.0,True,1.0,1.0
1990-06-20,347.05,1990-06-21,350.0,5797,350.0,1990-06-21,350.0,5798.0,1.0,True,1.0,1.0
1990-06-21,350.0,1990-06-22,349.35,5798,349.35,1990-06-22,349.35,5799.0,1.0,True,1.0,1.0
1990-06-22,349.35,1990-06-25,351.4,5799,351.4,1990-06-26,353.1,5801.0,2.0,True,0.0,0.0
1990-06-26,353.1,1990-06-27,350.3,5801,350.3,1990-06-27,350.3,5802.0,1.0,True,1.0,1.0
1990-06-27,350.3,1990-06-28,350.9,5802,350.9,1990-06-28,350.9,5803.0,1.0,True,1.0,1.0
1990-06-28,350.9,1990-06-29,352.4,5803,352.4,1990-06-29,352.4,5804.0,1.0,True,1.0,1.0
1990-06-29,352.4,1990-07-02,357.1,5804,357.1,1990-07-02,357.1,5805.0,1.0,True,1.0,1.0
1990-07-02,357.1,1990-07-03,357.4,5805,357.4,1990-07-03,357.4,5806.0,1.0,True,1.0,1.0
1990-07-03,357.4,1990-07-04,361.25,5806,361.25,1990-07-04,361.25,5807.0,1.0,True,1.0,1.0
1990-07-04,361.25,1990-07-05,358.85,5807,358.85,1990-07-05,358.85,5808.0,1.0,True,1.0,1.0
1990-07-05,358.85,1990-07-06,360.35,5808,360.35,1990-07-06,360.35,5809.0,1.0,True,1.0,1.0
1990-07-06,360.35,1990-07-09,359.9,5809,359.9,1990-07-09,359.9,5810.0,1.0,True,1.0,1.0
1990-07-09,359.9,1990-07-10,357.55,5810,357.55,1990-07-10,357.55,5811.0,1.0,True,1.0,1.0
1990-07-10,357.55,1990-07-11,353.7,5811,353.7,1990-07-11,353.7,5812.0,1.0,True,1.0,1.0
1990-07-11,353.7,1990-07-12,353.2,5812,353.2,1990-07-12,353.2,5813.0,1.0,True,1.0,1.0
1990-07-12,353.2,1990-07-13,359.1,5813,359.1,1990-07-13,359.1,5814.0,1.0,True,1.0,1.0
1990-07-13,359.1,1990-07-16,362.5,5814,362.5,1990-07-16,362.5,5815.0,1.0,True,1.0,1.0
1990-07-16,362.5,1990-07-17,361.3,5815,361.3,1990-07-17,361.3,5816.0,1.0,True,1.0,1.0
1990-07-17,361.3,1990-07-18,360.1,5816,360.1,1990-07-18,360.1,5817.0,1.0,True,1.0,1.0
1990-07-18,360.1,1990-07-19,361.55,5817,361.55,1990-07-19,361.55,5818.0,1.0,True,1.0,1.0
1990-07-19,361.55,1990-07-20,360.75,5818,360.75,1990-07-20,360.75,5819.0,1.0,True,1.0,1.0
1990-07-20,360.75,1990-07-23,361.8,5819,361.8,1990-07-23,361.8,5820.0,1.0,True,1.0,1.0
1990-07-23,361.8,1990-07-24,368.25,5820,368.25,1990-07-24,368.25,5821.0,1.0,True,1.0,1.0
1990-07-24,368.25,1990-07-25,367.4,5821,367.4,1990-07-25,367.4,5822.0,1.0,True,1.0,1.0
1990-07-25,367.4,1990-07-26,370.6,5822,370.6,1990-07-26,370.6,5823.0,1.0,True,1.0,1.0
1990-07-26,370.6,1990-07-27,368.5,5823,368.5,1990-07-27,368.5,5824.0,1.0,True,1.0,1.0
1990-07-27,368.5,1990-07-30,367.8,5824,367.8,1990-07-30,367.8,5825.0,1.0,True,1.0,1.0
1990-07-30,367.8,1990-07-31,371.1,5825,371.1,1990-07-31,371.1,5826.0,1.0,True,1.0,1.0
1990-07-31,371.1,1990-08-01,371.1,5826,371.1,1990-08-01,371.1,5827.0,1.0,True,1.0,1.0
1990-08-01,371.1,1990-08-02,382.6,5827,382.6,1990-08-02,382.6,5828.0,1.0,True,1.0,1.0
1990-08-02,382.6,1990-08-03,375.8,5828,375.8,1990-08-03,375.8,5829.0,1.0,True,1.0,1.0
1990-08-03,375.8,1990-08-06,380.0,5829,380.0,1990-08-06,380.0,5830.0,1.0,True,1.0,1.0
1990-08-06,380.0,1990-08-07,383.95,5830,383.95,1990-08-07,383.95,5831.0,1.0,True,1.0,1.0
1990-08-07,383.95,1990-08-08,384.75,5831,384.75,1990-08-08,384.75,5832.0,1.0,True,1.0,1.0
1990-08-08,384.75,1990-08-09,385.85,5832,385.85,1990-08-09,385.85,5833.0,1.0,True,1.0,1.0
1990-08-09,385.85,1990-08-10,388.75,5833,388.75,1990-08-10,388.75,5834.0,1.0,True,1.0,1.0
1990-08-10,388.75,1990-08-13,399.9,5834,399.9,1990-08-13,399.9,5835.0,1.0,True,1.0,1.0
1990-08-13,399.9,1990-08-14,411.0,5835,411.0,1990-08-14,411.0,5836.0,1.0,True,1.0,1.0
1990-08-14,411.0,1990-08-15,401.5,5836,401.5,1990-08-15,401.5,5837.0,1.0,True,1.0,1.0
1990-08-15,401.5,1990-08-16,399.25,5837,399.25,1990-08-16,399.25,5838.0,1.0,True,1.0,1.0
1990-08-16,399.25,1990-08-17,410.5,5838,410.5,1990-08-17,410.5,5839.0,1.0,True,1.0,1.0
1990-08-17,410.5,1990-08-20,410.9,5839,410.9,1990-08-20,410.9,5840.0,1.0,True,1.0,1.0
1990-08-20,410.9,1990-08-21,407.85,5840,407.85,1990-08-21,407.85,5841.0,1.0,True,1.0,1.0
1990-08-21,407.85,1990-08-22,410.0,5841,410.0,1990-08-22,410.0,5842.0,1.0,True,1.0,1.0
1990-08-22,410.0,1990-08-23,415.7,5842,415.7,1990-08-23,415.7,5843.0,1.0,True,1.0,1.0
1990-08-23,415.7,1990-08-24,412.0,5843,412.0,1990-09-04,386.75,5851.0,8.0,True,0.0,0.0
1990-09-04,386.75,1990-09-05,384.6,5851,384.6,1990-09-05,384.6,5852.0,1.0,True,1.0,1.0
1990-09-05,384.6,1990-09-06,388.25,5852,388.25,1990-09-06,388.25,5853.0,1.0,True,1.0,1.0
1990-09-06,388.25,1990-09-07,388.85,5853,388.85,1990-09-07,388.85,5854.0,1.0,True,1.0,1.0
1990-09-07,388.85,1990-09-10,382.5,5854,382.5,1990-09-10,382.5,5855.0,1.0,True,1.0,1.0
1990-09-10,382.5,1990-09-11,378.4,5855,378.4,1990-09-11,378.4,5856.0,1.0,True,1.0,1.0
1990-09-11,378.4,1990-09-12,380.65,5856,380.65,1990-09-12,380.65,5857.0,1.0,True,1.0,1.0
1990-09-12,380.65,1990-09-13,382.15,5857,382.15,1990-09-13,382.15,5858.0,1.0,True,1.0,1.0
1990-09-13,382.15,1990-09-14,384.3,5858,384.3,1990-09-14,384.3,5859.0,1.0,True,1.0,1.0
1990-09-14,384.3,1990-09-17,387.9,5859,387.9,1990-09-17,387.9,5860.0,1.0,True,1.0,1.0
1990-09-17,387.9,1990-09-18,390.55,5860,390.55,1990-09-18,390.55,5861.0,1.0,True,1.0,1.0
1990-09-18,390.55,1990-09-19,386.45,5861,386.45,1990-09-19,386.45,5862.0,1.0,True,1.0,1.0
1990-09-19,386.45,1990-09-20,386.0,5862,386.0,1990-09-20,386.0,5863.0,1.0,True,1.0,1.0
1990-09-20,386.0,1990-09-21,390.1,5863,390.1,1990-09-21,390.1,5864.0,1.0,True,1.0,1.0
1990-09-21,390.1,1990-09-24,390.15,5864,390.15,1990-09-25,406.35,5866.0,2.0,True,0.0,0.0
1990-09-25,406.35,1990-09-26,401.75,5866,401.75,1990-09-26,401.75,5867.0,1.0,True,1.0,1.0
1990-09-26,401.75,1990-09-27,401.9,5867,401.9,1990-09-27,401.9,5868.0,1.0,True,1.0,1.0
1990-09-27,401.9,1990-09-28,406.1,5868,406.1,1990-09-28,406.1,5869.0,1.0,True,1.0,1.0
1990-09-28,406.1,1990-10-01,400.0,5869,400.0,1990-10-01,400.0,5870.0,1.0,True,1.0,1.0
1990-10-01,400.0,1990-10-02,389.25,5870,389.25,1990-10-02,389.25,5871.0,1.0,True,1.0,1.0
1990-10-02,389.25,1990-10-03,389.85,5871,389.85,1990-10-03,389.85,5872.0,1.0,True,1.0,1.0
1990-10-03,389.85,1990-10-04,392.75,5872,392.75,1990-10-04,392.75,5873.0,1.0,True,1.0,1.0
1990-10-04,392.75,1990-10-05,393.0,5873,393.0,1990-10-05,393.0,5874.0,1.0,True,1.0,1.0
1990-10-05,393.0,1990-10-08,391.25,5874,391.25,1990-10-08,391.25,5875.0,1.0,True,1.0,1.0
1990-10-08,391.25,1990-10-09,394.8,5875,394.8,1990-10-09,394.8,5876.0,1.0,True,1.0,1.0
1990-10-09,394.8,1990-10-10,392.2,5876,392.2,1990-10-10,392.2,5877.0,1.0,True,1.0,1.0
1990-10-10,392.2,1990-10-11,389.6,5877,389.6,1990-10-11,389.6,5878.0,1.0,True,1.0,1.0
1990-10-11,389.6,1990-10-12,388.3,5878,388.3,1990-10-12,388.3,5879.0,1.0,True,1.0,1.0
1990-10-12,388.3,1990-10-15,381.85,5879,381.85,1990-10-15,381.85,5880.0,1.0,True,1.0,1.0
1990-10-15,381.85,1990-10-16,375.15,5880,375.15,1990-10-16,375.15,5881.0,1.0,True,1.0,1.0
1990-10-16,375.15,1990-10-17,365.75,5881,365.75,1990-10-17,365.75,5882.0,1.0,True,1.0,1.0
1990-10-17,365.75,1990-10-18,370.0,5882,370.0,1990-10-18,370.0,5883.0,1.0,True,1.0,1.0
1990-10-18,370.0,1990-10-19,371.75,5883,371.75,1990-10-19,371.75,5884.0,1.0,True,1.0,1.0
1990-10-19,371.75,1990-10-22,368.5,5884,368.5,1990-10-22,368.5,5885.0,1.0,True,1.0,1.0
1990-10-22,368.5,1990-10-23,370.75,5885,370.75,1990-10-23,370.75,5886.0,1.0,True,1.0,1.0
1990-10-23,370.75,1990-10-24,371.1,5886,371.1,1990-10-24,371.1,5887.0,1.0,True,1.0,1.0
1990-10-24,371.1,1990-10-25,373.9,5887,373.9,1990-10-25,373.9,5888.0,1.0,True,1.0,1.0
1990-10-25,373.9,1990-10-26,377.3,5888,377.3,1990-10-26,377.3,5889.0,1.0,True,1.0,1.0
1990-10-26,377.3,1990-10-29,371.0,5889,371.0,1990-10-29,371.0,5890.0,1.0,True,1.0,1.0
1990-10-29,371.0,1990-10-30,373.35,5890,373.35,1990-10-30,373.35,5891.0,1.0,True,1.0,1.0
1990-10-30,373.35,1990-10-31,379.25,5891,379.25,1990-10-31,379.25,5892.0,1.0,True,1.0,1.0
1990-10-31,379.25,1990-11-01,380.1,5892,380.1,1990-11-01,380.1,5893.0,1.0,True,1.0,1.0
1990-11-01,380.1,1990-11-02,379.75,5893,379.75,1990-11-02,379.75,5894.0,1.0,True,1.0,1.0
1990-11-02,379.75,1990-11-05,377.05,5894,377.05,1990-11-05,377.05,5895.0,1.0,True,1.0,1.0
1990-11-05,377.05,1990-11-06,381.4,5895,381.4,1990-11-06,381.4,5896.0,1.0,True,1.0,1.0
1990-11-06,381.4,1990-11-07,383.5,5896,383.5,1990-11-07,383.5,5897.0,1.0,True,1.0,1.0
1990-11-07,383.5,1990-11-08,386.3,5897,386.3,1990-11-08,386.3,5898.0,1.0,True,1.0,1.0
1990-11-08,386.3,1990-11-09,384.85,5898,384.85,1990-11-09,384.85,5899.0,1.0,True,1.0,1.0
1990-11-09,384.85,1990-11-12,381.9,5899,381.9,1990-11-12,381.9,5900.0,1.0,True,1.0,1.0
1990-11-12,381.9,1990-11-13,383.2,5900,383.2,1990-11-13,383.2,5901.0,1.0,True,1.0,1.0
1990-11-13,383.2,1990-11-14,383.45,5901,383.45,1990-11-14,383.45,5902.0,1.0,True,1.0,1.0
1990-11-14,383.45,1990-11-15,378.5,5902,378.5,1990-11-15,378.5,5903.0,1.0,True,1.0,1.0
1990-11-15,378.5,1990-11-16,380.3,5903,380.3,1990-11-16,380.3,5904.0,1.0,True,1.0,1.0
1990-11-16,380.3,1990-11-19,377.6,5904,377.6,1990-11-19,377.6,5905.0,1.0,True,1.0,1.0
1990-11-19,377.6,1990-11-20,379.5,5905,379.5,1990-11-20,379.5,5906.0,1.0,True,1.0,1.0
1990-11-20,379.5,1990-11-21,377.35,5906,377.35,1990-11-21,377.35,5907.0,1.0,True,1.0,1.0
1990-11-21,377.35,1990-11-22,380.2,5907,380.2,1990-11-22,380.2,5908.0,1.0,True,1.0,1.0
1990-11-22,380.2,1990-11-23,380.0,5908,380.0,1990-11-23,380.0,5909.0,1.0,True,1.0,1.0
1990-11-23,380.0,1990-11-26,387.05,5909,387.05,1990-11-26,387.05,5910.0,1.0,True,1.0,1.0
1990-11-26,387.05,1990-11-27,384.25,5910,384.25,1990-11-27,384.25,5911.0,1.0,True,1.0,1.0
1990-11-27,384.25,1990-11-28,384.75,5911,384.75,1990-11-28,384.75,5912.0,1.0,True,1.0,1.0
1990-11-28,384.75,1990-11-29,385.25,5912,385.25,1990-11-29,385.25,5913.0,1.0,True,1.0,1.0
1990-11-29,385.25,1990-11-30,384.8,5913,384.8,1990-11-30,384.8,5914.0,1.0,True,1.0,1.0
1990-11-30,384.8,1990-12-03,381.75,5914,381.75,1990-12-03,381.75,5915.0,1.0,True,1.0,1.0
1990-12-03,381.75,1990-12-04,377.0,5915,377.0,1990-12-04,377.0,5916.0,1.0,True,1.0,1.0
1990-12-04,377.0,1990-12-05,377.3,5916,377.3,1990-12-05,377.3,5917.0,1.0,True,1.0,1.0
1990-12-05,377.3,1990-12-06,373.8,5917,373.8,1990-12-06,373.8,5918.0,1.0,True,1.0,1.0
1990-12-06,373.8,1990-12-07,371.1,5918,371.1,1990-12-07,371.1,5919.0,1.0,True,1.0,1.0
1990-12-07,371.1,1990-12-10,372.25,5919,372.25,1990-12-10,372.25,5920.0,1.0,True,1.0,1.0
1990-12-10,372.25,1990-12-11,374.3,5920,374.3,1990-12-11,374.3,5921.0,1.0,True,1.0,1.0
1990-12-11,374.3,1990-12-12,371.9,5921,371.9,1990-12-12,371.9,5922.0,1.0,True,1.0,1.0
1990-12-12,371.9,1990-12-13,373.0,5922,373.0,1990-12-13,373.0,5923.0,1.0,True,1.0,1.0
1990-12-13,373.0,1990-12-14,373.15,5923,373.15,1990-12-14,373.15,5924.0,1.0,True,1.0,1.0
1990-12-14,373.15,1990-12-17,376.85,5924,376.85,1990-12-17,376.85,5925.0,1.0,True,1.0,1.0
1990-12-17,376.85,1990-12-18,376.0,5925,376.0,1990-12-18,376.0,5926.0,1.0,True,1.0,1.0
1990-12-18,376.0,1990-12-19,376.8,5926,376.8,1990-12-19,376.8,5927.0,1.0,True,1.0,1.0
1990-12-19,376.8,1990-12-20,384.45,5927,384.45,1990-12-20,384.45,5928.0,1.0,True,1.0,1.0
1990-12-20,384.45,1990-12-21,383.25,5928,383.25,1990-12-21,383.25,5929.0,1.0,True,1.0,1.0
1990-12-21,383.25,1990-12-24,382.0,5929,382.0,1991-01-09,390.7,5942.0,13.0,True,0.0,0.0
1991-01-09,390.7,1991-01-10,388.5,5942,388.5,1991-01-10,388.5,5943.0,1.0,True,1.0,1.0
1991-01-10,388.5,1991-01-11,390.4,5943,390.4,1991-01-11,390.4,5944.0,1.0,True,1.0,1.0
1991-01-11,390.4,1991-01-14,395.35,5944,395.35,1991-01-14,395.35,5945.0,1.0,True,1.0,1.0
1991-01-14,395.35,1991-01-15,398.0,5945,398.0,1991-01-15,398.0,5946.0,1.0,True,1.0,1.0
1991-01-15,398.0,1991-01-16,403.7,5946,403.7,1991-01-16,403.7,5947.0,1.0,True,1.0,1.0
1991-01-16,403.7,1991-01-17,383.5,5947,383.5,1991-01-17,383.5,5948.0,1.0,True,1.0,1.0
1991-01-17,383.5,1991-01-18,380.0,5948,380.0,1991-01-18,380.0,5949.0,1.0,True,1.0,1.0
1991-01-18,380.0,1991-01-21,378.25,5949,378.25,1991-01-21,378.25,5950.0,1.0,True,1.0,1.0
1991-01-21,378.25,1991-01-22,381.25,5950,381.25,1991-01-24,377.05,5953.0,3.0,True,0.0,0.0
1991-01-24,377.05,1991-01-25,373.8,5953,373.8,1991-01-25,373.8,5954.0,1.0,True,1.0,1.0
1991-01-25,373.8,1991-01-28,374.5,5954,374.5,1991-01-28,374.5,5955.0,1.0,True,1.0,1.0
1991-01-28,374.5,1991-01-29,377.6,5955,377.6,1991-01-30,369.75,5957.0,2.0,True,0.0,0.0
1991-01-30,369.75,1991-01-31,369.6,5957,369.6,1991-01-31,369.6,5958.0,1.0,True,1.0,1.0
1991-01-31,369.6,1991-02-01,367.95,5958,367.95,1991-02-01,367.95,5959.0,1.0,True,1.0,1.0
1991-02-01,367.95,1991-02-04,367.0,5959,367.0,1991-02-04,367.0,5960.0,1.0,True,1.0,1.0
1991-02-04,367.0,1991-02-05,367.15,5960,367.15,1991-02-05,367.15,5961.0,1.0,True,1.0,1.0
1991-02-05,367.15,1991-02-06,360.9,5961,360.9,1991-02-06,360.9,5962.0,1.0,True,1.0,1.0
1991-02-06,360.9,1991-02-07,363.5,5962,363.5,1991-02-07,363.5,5963.0,1.0,True,1.0,1.0
1991-02-07,363.5,1991-02-08,368.3,5963,368.3,1991-02-08,368.3,5964.0,1.0,True,1.0,1.0
1991-02-08,368.3,1991-02-11,368.0,5964,368.0,1991-02-11,368.0,5965.0,1.0,True,1.0,1.0
1991-02-11,368.0,1991-02-12,362.05,5965,362.05,1991-02-12,362.05,5966.0,1.0,True,1.0,1.0
1991-02-12,362.05,1991-02-13,367.05,5966,367.05,1991-02-13,367.05,5967.0,1.0,True,1.0,1.0
1991-02-13,367.05,1991-02-14,366.85,5967,366.85,1991-02-14,366.85,5968.0,1.0,True,1.0,1.0
1991-02-14,366.85,1991-02-15,366.25,5968,366.25,1991-02-15,366.25,5969.0,1.0,True,1.0,1.0
1991-02-15,366.25,1991-02-18,364.6,5969,364.6,1991-02-18,364.6,5970.0,1.0,True,1.0,1.0
1991-02-18,364.6,1991-02-19,361.6,5970,361.6,1991-02-19,361.6,5971.0,1.0,True,1.0,1.0
1991-02-19,361.6,1991-02-20,363.75,5971,363.75,1991-02-20,363.75,5972.0,1.0,True,1.0,1.0
1991-02-20,363.75,1991-02-21,361.5,5972,361.5,1991-02-21,361.5,5973.0,1.0,True,1.0,1.0
1991-02-21,361.5,1991-02-22,358.9,5973,358.9,1991-02-22,358.9,5974.0,1.0,True,1.0,1.0
1991-02-22,358.9,1991-02-25,357.5,5974,357.5,1991-02-25,357.5,5975.0,1.0,True,1.0,1.0
1991-02-25,357.5,1991-02-26,359.1,5975,359.1,1991-02-26,359.1,5976.0,1.0,True,1.0,1.0
1991-02-26,359.1,1991-02-27,360.0,5976,360.0,1991-02-27,360.0,5977.0,1.0,True,1.0,1.0
1991-02-27,360.0,1991-02-28,363.0,5977,363.0,1991-02-28,363.0,5978.0,1.0,True,1.0,1.0
1991-02-28,363.0,1991-03-01,367.45,5978,367.45,1991-03-01,367.45,5979.0,1.0,True,1.0,1.0
1991-03-01,367.45,1991-03-04,365.5,5979,365.5,1991-03-04,365.5,5980.0,1.0,True,1.0,1.0
1991-03-04,365.5,1991-03-05,364.3,5980,364.3,1991-03-05,364.3,5981.0,1.0,True,1.0,1.0
1991-03-05,364.3,1991-03-06,363.6,5981,363.6,1991-03-06,363.6,5982.0,1.0,True,1.0,1.0
1991-03-06,363.6,1991-03-07,366.25,5982,366.25,1991-03-07,366.25,5983.0,1.0,True,1.0,1.0
1991-03-07,366.25,1991-03-08,367.5,5983,367.5,1991-03-08,367.5,5984.0,1.0,True,1.0,1.0
1991-03-08,367.5,1991-03-11,369.25,5984,369.25,1991-03-11,369.25,5985.0,1.0,True,1.0,1.0
1991-03-11,369.25,1991-03-12,363.95,5985,363.95,1991-03-12,363.95,5986.0,1.0,True,1.0,1.0
1991-03-12,363.95,1991-03-13,365.2,5986,365.2,1991-03-13,365.2,5987.0,1.0,True,1.0,1.0
1991-03-13,365.2,1991-03-14,365.7,5987,365.7,1991-03-14,365.7,5988.0,1.0,True,1.0,1.0
1991-03-14,365.7,1991-03-15,363.6,5988,363.6,1991-03-15,363.6,5989.0,1.0,True,1.0,1.0
1991-03-15,363.6,1991-03-18,363.4,5989,363.4,1991-03-18,363.4,5990.0,1.0,True,1.0,1.0
1991-03-18,363.4,1991-03-19,362.0,5990,362.0,1991-03-19,362.0,5991.0,1.0,True,1.0,1.0
1991-03-19,362.0,1991-03-20,364.2,5991,364.2,1991-03-20,364.2,5992.0,1.0,True,1.0,1.0
1991-03-20,364.2,1991-03-21,362.1,5992,362.1,1991-03-21,362.1,5993.0,1.0,True,1.0,1.0
1991-03-21,362.1,1991-03-22,362.95,5993,362.95,1991-03-22,362.95,5994.0,1.0,True,1.0,1.0
1991-03-22,362.95,1991-03-25,361.75,5994,361.75,1991-03-25,361.75,5995.0,1.0,True,1.0,1.0
1991-03-25,361.75,1991-03-26,358.0,5995,358.0,1991-03-26,358.0,5996.0,1.0,True,1.0,1.0
1991-03-26,358.0,1991-03-27,357.1,5996,357.1,1991-03-27,357.1,5997.0,1.0,True,1.0,1.0
1991-03-27,357.1,1991-03-28,354.0,5997,354.0,1991-04-09,361.2,6006.0,9.0,True,0.0,0.0
1991-04-09,361.2,1991-04-10,363.65,6006,363.65,1991-04-10,363.65,6007.0,1.0,True,1.0,1.0
1991-04-10,363.65,1991-04-11,360.75,6007,360.75,1991-04-11,360.75,6008.0,1.0,True,1.0,1.0
1991-04-11,360.75,1991-04-12,361.45,6008,361.45,1991-04-12,361.45,6009.0,1.0,True,1.0,1.0
1991-04-12,361.45,1991-04-15,360.6,6009,360.6,1991-04-15,360.6,6010.0,1.0,True,1.0,1.0
1991-04-15,360.6,1991-04-16,360.3,6010,360.3,1991-04-16,360.3,6011.0,1.0,True,1.0,1.0
1991-04-16,360.3,1991-04-17,361.0,6011,361.0,1991-04-17,361.0,6012.0,1.0,True,1.0,1.0
1991-04-17,361.0,1991-04-18,361.2,6012,361.2,1991-04-18,361.2,6013.0,1.0,True,1.0,1.0
1991-04-18,361.2,1991-04-19,357.1,6013,357.1,1991-04-19,357.1,6014.0,1.0,True,1.0,1.0
1991-04-19,357.1,1991-04-22,356.25,6014,356.25,1991-04-22,356.25,6015.0,1.0,True,1.0,1.0
1991-04-22,356.25,1991-04-23,356.9,6015,356.9,1991-04-23,356.9,6016.0,1.0,True,1.0,1.0
1991-04-23,356.9,1991-04-24,355.9,6016,355.9,1991-04-24,355.9,6017.0,1.0,True,1.0,1.0
1991-04-24,355.9,1991-04-25,353.0,6017,353.0,1991-04-25,353.0,6018.0,1.0,True,1.0,1.0
1991-04-25,353.0,1991-04-26,354.15,6018,354.15,1991-04-30,353.45,6021.0,3.0,True,0.0,0.0
1991-04-30,353.45,1991-05-01,356.25,6021,356.25,1991-05-01,356.25,6022.0,1.0,True,1.0,1.0
1991-05-01,356.25,1991-05-02,355.35,6022,355.35,1991-05-02,355.35,6023.0,1.0,True,1.0,1.0
1991-05-02,355.35,1991-05-03,356.45,6023,356.45,1991-05-14,358.0,6031.0,8.0,True,0.0,0.0
1991-05-14,358.0,1991-05-15,360.25,6031,360.25,1991-05-15,360.25,6032.0,1.0,True,1.0,1.0
1991-05-15,360.25,1991-05-16,358.35,6032,358.35,1991-05-16,358.35,6033.0,1.0,True,1.0,1.0
1991-05-16,358.35,1991-05-17,354.95,6033,354.95,1991-05-17,354.95,6034.0,1.0,True,1.0,1.0
1991-05-17,354.95,1991-05-20,353.9,6034,353.9,1991-05-20,353.9,6035.0,1.0,True,1.0,1.0
1991-05-20,353.9,1991-05-21,356.75,6035,356.75,1991-05-21,356.75,6036.0,1.0,True,1.0,1.0
1991-05-21,356.75,1991-05-22,356.75,6036,356.75,1991-05-22,356.75,6037.0,1.0,True,1.0,1.0
1991-05-22,356.75,1991-05-23,355.0,6037,355.0,1991-05-23,355.0,6038.0,1.0,True,1.0,1.0
1991-05-23,355.0,1991-05-24,355.5,6038,355.5,1991-06-04,362.0,6046.0,8.0,True,0.0,0.0
1991-06-04,362.0,1991-06-05,361.6,6046,361.6,1991-06-05,361.6,6047.0,1.0,True,1.0,1.0
1991-06-05,361.6,1991-06-06,363.4,6047,363.4,1991-06-06,363.4,6048.0,1.0,True,1.0,1.0
1991-06-06,363.4,1991-06-07,365.8,6048,365.8,1991-06-07,365.8,6049.0,1.0,True,1.0,1.0
1991-06-07,365.8,1991-06-10,367.6,6049,367.6,1991-06-10,367.6,6050.0,1.0,True,1.0,1.0
1991-06-10,367.6,1991-06-11,372.75,6050,372.75,1991-06-11,372.75,6051.0,1.0,True,1.0,1.0
1991-06-11,372.75,1991-06-12,370.7,6051,370.7,1991-06-12,370.7,6052.0,1.0,True,1.0,1.0
1991-06-12,370.7,1991-06-13,368.4,6052,368.4,1991-06-13,368.4,6053.0,1.0,True,1.0,1.0
1991-06-13,368.4,1991-06-14,369.0,6053,369.0,1991-06-14,369.0,6054.0,1.0,True,1.0,1.0
1991-06-14,369.0,1991-06-17,367.3,6054,367.3,1991-06-17,367.3,6055.0,1.0,True,1.0,1.0
1991-06-17,367.3,1991-06-18,368.0,6055,368.0,1991-06-18,368.0,6056.0,1.0,True,1.0,1.0
1991-06-18,368.0,1991-06-19,367.3,6056,367.3,1991-06-19,367.3,6057.0,1.0,True,1.0,1.0
1991-06-19,367.3,1991-06-20,367.8,6057,367.8,1991-06-20,367.8,6058.0,1.0,True,1.0,1.0
1991-06-20,367.8,1991-06-21,367.4,6058,367.4,1991-06-21,367.4,6059.0,1.0,True,1.0,1.0
1991-06-21,367.4,1991-06-24,365.2,6059,365.2,1991-06-25,363.25,6061.0,2.0,True,0.0,0.0
1991-06-25,363.25,1991-06-26,366.0,6061,366.0,1991-06-26,366.0,6062.0,1.0,True,1.0,1.0
1991-06-26,366.0,1991-06-27,365.3,6062,365.3,1991-06-27,365.3,6063.0,1.0,True,1.0,1.0
1991-06-27,365.3,1991-06-28,366.9,6063,366.9,1991-06-28,366.9,6064.0,1.0,True,1.0,1.0
1991-06-28,366.9,1991-07-01,368.65,6064,368.65,1991-07-01,368.65,6065.0,1.0,True,1.0,1.0
1991-07-01,368.65,1991-07-02,366.65,6065,366.65,1991-07-02,366.65,6066.0,1.0,True,1.0,1.0
1991-07-02,366.65,1991-07-03,367.75,6066,367.75,1991-07-03,367.75,6067.0,1.0,True,1.0,1.0
1991-07-03,367.75,1991-07-04,369.4,6067,369.4,1991-07-04,369.4,6068.0,1.0,True,1.0,1.0
1991-07-04,369.4,1991-07-05,370.25,6068,370.25,1991-07-05,370.25,6069.0,1.0,True,1.0,1.0
1991-07-05,370.25,1991-07-08,371.35,6069,371.35,1991-07-08,371.35,6070.0,1.0,True,1.0,1.0
1991-07-08,371.35,1991-07-09,369.0,6070,369.0,1991-07-09,369.0,6071.0,1.0,True,1.0,1.0
1991-07-09,369.0,1991-07-10,370.2,6071,370.2,1991-07-10,370.2,6072.0,1.0,True,1.0,1.0
1991-07-10,370.2,1991-07-11,368.85,6072,368.85,1991-07-11,368.85,6073.0,1.0,True,1.0,1.0
1991-07-11,368.85,1991-07-12,367.9,6073,367.9,1991-07-12,367.9,6074.0,1.0,True,1.0,1.0
1991-07-12,367.9,1991-07-15,369.1,6074,369.1,1991-07-15,369.1,6075.0,1.0,True,1.0,1.0
1991-07-15,369.1,1991-07-16,368.5,6075,368.5,1991-07-16,368.5,6076.0,1.0,True,1.0,1.0
1991-07-16,368.5,1991-07-17,369.2,6076,369.2,1991-07-17,369.2,6077.0,1.0,True,1.0,1.0
1991-07-17,369.2,1991-07-18,370.35,6077,370.35,1991-07-18,370.35,6078.0,1.0,True,1.0,1.0
1991-07-18,370.35,1991-07-19,370.3,6078,370.3,1991-07-19,370.3,6079.0,1.0,True,1.0,1.0
1991-07-19,370.3,1991-07-22,370.1,6079,370.1,1991-07-22,370.1,6080.0,1.0,True,1.0,1.0
1991-07-22,370.1,1991-07-23,368.05,6080,368.05,1991-07-23,368.05,6081.0,1.0,True,1.0,1.0
1991-07-23,368.05,1991-07-24,367.0,6081,367.0,1991-07-24,367.0,6082.0,1.0,True,1.0,1.0
1991-07-24,367.0,1991-07-25,365.1,6082,365.1,1991-07-25,365.1,6083.0,1.0,True,1.0,1.0
1991-07-25,365.1,1991-07-26,364.7,6083,364.7,1991-07-26,364.7,6084.0,1.0,True,1.0,1.0
1991-07-26,364.7,1991-07-29,366.0,6084,366.0,1991-07-29,366.0,6085.0,1.0,True,1.0,1.0
1991-07-29,366.0,1991-07-30,362.3,6085,362.3,1991-07-30,362.3,6086.0,1.0,True,1.0,1.0
1991-07-30,362.3,1991-07-31,363.6,6086,363.6,1991-07-31,363.6,6087.0,1.0,True,1.0,1.0
1991-07-31,363.6,1991-08-01,364.3,6087,364.3,1991-08-01,364.3,6088.0,1.0,True,1.0,1.0
1991-08-01,364.3,1991-08-02,360.35,6088,360.35,1991-08-02,360.35,6089.0,1.0,True,1.0,1.0
1991-08-02,360.35,1991-08-05,355.6,6089,355.6,1991-08-05,355.6,6090.0,1.0,True,1.0,1.0
1991-08-05,355.6,1991-08-06,357.2,6090,357.2,1991-08-06,357.2,6091.0,1.0,True,1.0,1.0
1991-08-06,357.2,1991-08-07,355.85,6091,355.85,1991-08-07,355.85,6092.0,1.0,True,1.0,1.0
1991-08-07,355.85,1991-08-08,357.0,6092,357.0,1991-08-08,357.0,6093.0,1.0,True,1.0,1.0
1991-08-08,357.0,1991-08-09,357.85,6093,357.85,1991-08-09,357.85,6094.0,1.0,True,1.0,1.0
1991-08-09,357.85,1991-08-12,357.75,6094,357.75,1991-08-12,357.75,6095.0,1.0,True,1.0,1.0
1991-08-12,357.75,1991-08-13,357.25,6095,357.25,1991-08-13,357.25,6096.0,1.0,True,1.0,1.0
1991-08-13,357.25,1991-08-14,356.5,6096,356.5,1991-08-14,356.5,6097.0,1.0,True,1.0,1.0
1991-08-14,356.5,1991-08-15,358.0,6097,358.0,1991-08-15,358.0,6098.0,1.0,True,1.0,1.0
1991-08-15,358.0,1991-08-16,357.25,6098,357.25,1991-08-16,357.25,6099.0,1.0,True,1.0,1.0
1991-08-16,357.25,1991-08-19,360.75,6099,360.75,1991-08-19,360.75,6100.0,1.0,True,1.0,1.0
1991-08-19,360.75,1991-08-20,358.5,6100,358.5,1991-08-20,358.5,6101.0,1.0,True,1.0,1.0
1991-08-20,358.5,1991-08-21,356.2,6101,356.2,1991-08-21,356.2,6102.0,1.0,True,1.0,1.0
1991-08-21,356.2,1991-08-22,356.5,6102,356.5,1991-08-22,356.5,6103.0,1.0,True,1.0,1.0
1991-08-22,356.5,1991-08-23,354.4,6103,354.4,1991-09-03,349.15,6111.0,8.0,True,0.0,0.0
1991-09-03,349.15,1991-09-04,348.6,6111,348.6,1991-09-04,348.6,6112.0,1.0,True,1.0,1.0
1991-09-04,348.6,1991-09-05,347.3,6112,347.3,1991-09-05,347.3,6113.0,1.0,True,1.0,1.0
1991-09-05,347.3,1991-09-06,347.0,6113,347.0,1991-09-06,347.0,6114.0,1.0,True,1.0,1.0
1991-09-06,347.0,1991-09-09,350.1,6114,350.1,1991-09-09,350.1,6115.0,1.0,True,1.0,1.0
1991-09-09,350.1,1991-09-10,351.2,6115,351.2,1991-09-10,351.2,6116.0,1.0,True,1.0,1.0
1991-09-10,351.2,1991-09-11,347.5,6116,347.5,1991-09-11,347.5,6117.0,1.0,True,1.0,1.0
1991-09-11,347.5,1991-09-12,345.45,6117,345.45,1991-09-12,345.45,6118.0,1.0,True,1.0,1.0
1991-09-12,345.45,1991-09-13,343.5,6118,343.5,1991-09-13,343.5,6119.0,1.0,True,1.0,1.0
1991-09-13,343.5,1991-09-16,344.9,6119,344.9,1991-09-16,344.9,6120.0,1.0,True,1.0,1.0
1991-09-16,344.9,1991-09-17,346.35,6120,346.35,1991-09-17,346.35,6121.0,1.0,True,1.0,1.0
1991-09-17,346.35,1991-09-18,348.0,6121,348.0,1991-09-18,348.0,6122.0,1.0,True,1.0,1.0
1991-09-18,348.0,1991-09-19,349.55,6122,349.55,1991-09-19,349.55,6123.0,1.0,True,1.0,1.0
1991-09-19,349.55,1991-09-20,347.55,6123,347.55,1991-09-20,347.55,6124.0,1.0,True,1.0,1.0
1991-09-20,347.55,1991-09-23,349.05,6124,349.05,1991-09-24,351.25,6126.0,2.0,True,0.0,0.0
1991-09-24,351.25,1991-09-25,352.4,6126,352.4,1991-09-25,352.4,6127.0,1.0,True,1.0,1.0
1991-09-25,352.4,1991-09-26,352.3,6127,352.3,1991-09-26,352.3,6128.0,1.0,True,1.0,1.0
1991-09-26,352.3,1991-09-27,348.4,6128,348.4,1991-09-27,348.4,6129.0,1.0,True,1.0,1.0
1991-09-27,348.4,1991-09-30,350.5,6129,350.5,1991-09-30,350.5,6130.0,1.0,True,1.0,1.0
1991-09-30,350.5,1991-10-01,353.0,6130,353.0,1991-10-01,353.0,6131.0,1.0,True,1.0,1.0
1991-10-01,353.0,1991-10-02,354.4,6131,354.4,1991-10-02,354.4,6132.0,1.0,True,1.0,1.0
1991-10-02,354.4,1991-10-03,357.2,6132,357.2,1991-10-03,357.2,6133.0,1.0,True,1.0,1.0
1991-10-03,357.2,1991-10-04,357.0,6133,357.0,1991-10-04,357.0,6134.0,1.0,True,1.0,1.0
1991-10-04,357.0,1991-10-07,359.2,6134,359.2,1991-10-07,359.2,6135.0,1.0,True,1.0,1.0
1991-10-07,359.2,1991-10-08,358.5,6135,358.5,1991-10-08,358.5,6136.0,1.0,True,1.0,1.0
1991-10-08,358.5,1991-10-09,357.6,6136,357.6,1991-10-09,357.6,6137.0,1.0,True,1.0,1.0
1991-10-09,357.6,1991-10-10,359.55,6137,359.55,1991-10-10,359.55,6138.0,1.0,True,1.0,1.0
1991-10-10,359.55,1991-10-11,357.25,6138,357.25,1991-10-11,357.25,6139.0,1.0,True,1.0,1.0
1991-10-11,357.25,1991-10-14,360.3,6139,360.3,1991-10-14,360.3,6140.0,1.0,True,1.0,1.0
1991-10-14,360.3,1991-10-15,358.6,6140,358.6,1991-10-15,358.6,6141.0,1.0,True,1.0,1.0
1991-10-15,358.6,1991-10-16,356.4,6141,356.4,1991-10-16,356.4,6142.0,1.0,True,1.0,1.0
1991-10-16,356.4,1991-10-17,357.75,6142,357.75,1991-10-17,357.75,6143.0,1.0,True,1.0,1.0
1991-10-17,357.75,1991-10-18,360.25,6143,360.25,1991-10-18,360.25,6144.0,1.0,True,1.0,1.0
1991-10-18,360.25,1991-10-21,363.1,6144,363.1,1991-10-21,363.1,6145.0,1.0,True,1.0,1.0
1991-10-21,363.1,1991-10-22,362.9,6145,362.9,1991-10-22,362.9,6146.0,1.0,True,1.0,1.0
1991-10-22,362.9,1991-10-23,362.9,6146,362.9,1991-10-23,362.9,6147.0,1.0,True,1.0,1.0
1991-10-23,362.9,1991-10-24,359.8,6147,359.8,1991-10-24,359.8,6148.0,1.0,True,1.0,1.0
1991-10-24,359.8,1991-10-25,362.0,6148,362.0,1991-10-25,362.0,6149.0,1.0,True,1.0,1.0
1991-10-25,362.0,1991-10-28,359.5,6149,359.5,1991-10-28,359.5,6150.0,1.0,True,1.0,1.0
1991-10-28,359.5,1991-10-29,358.6,6150,358.6,1991-10-29,358.6,6151.0,1.0,True,1.0,1.0
1991-10-29,358.6,1991-10-30,359.8,6151,359.8,1991-10-30,359.8,6152.0,1.0,True,1.0,1.0
1991-10-30,359.8,1991-10-31,357.4,6152,357.4,1991-10-31,357.4,6153.0,1.0,True,1.0,1.0
1991-10-31,357.4,1991-11-01,357.5,6153,357.5,1991-11-01,357.5,6154.0,1.0,True,1.0,1.0
1991-11-01,357.5,1991-11-04,356.65,6154,356.65,1991-11-04,356.65,6155.0,1.0,True,1.0,1.0
1991-11-04,356.65,1991-11-05,356.45,6155,356.45,1991-11-05,356.45,6156.0,1.0,True,1.0,1.0
1991-11-05,356.45,1991-11-06,354.4,6156,354.4,1991-11-06,354.4,6157.0,1.0,True,1.0,1.0
1991-11-06,354.4,1991-11-07,355.3,6157,355.3,1991-11-07,355.3,6158.0,1.0,True,1.0,1.0
1991-11-07,355.3,1991-11-08,353.35,6158,353.35,1991-11-08,353.35,6159.0,1.0,True,1.0,1.0
1991-11-08,353.35,1991-11-11,354.9,6159,354.9,1991-11-11,354.9,6160.0,1.0,True,1.0,1.0
1991-11-11,354.9,1991-11-12,355.1,6160,355.1,1991-11-12,355.1,6161.0,1.0,True,1.0,1.0
1991-11-12,355.1,1991-11-13,356.45,6161,356.45,1991-11-13,356.45,6162.0,1.0,True,1.0,1.0
1991-11-13,356.45,1991-11-14,356.15,6162,356.15,1991-11-14,356.15,6163.0,1.0,True,1.0,1.0
1991-11-14,356.15,1991-11-15,355.3,6163,355.3,1991-11-15,355.3,6164.0,1.0,True,1.0,1.0
1991-11-15,355.3,1991-11-18,360.05,6164,360.05,1991-11-18,360.05,6165.0,1.0,True,1.0,1.0
1991-11-18,360.05,1991-11-19,359.85,6165,359.85,1991-11-19,359.85,6166.0,1.0,True,1.0,1.0
1991-11-19,359.85,1991-11-20,362.55,6166,362.55,1991-11-20,362.55,6167.0,1.0,True,1.0,1.0
1991-11-20,362.55,1991-11-21,363.75,6167,363.75,1991-11-21,363.75,6168.0,1.0,True,1.0,1.0
1991-11-21,363.75,1991-11-22,367.2,6168,367.2,1991-11-22,367.2,6169.0,1.0,True,1.0,1.0
1991-11-22,367.2,1991-11-25,368.4,6169,368.4,1991-11-25,368.4,6170.0,1.0,True,1.0,1.0
1991-11-25,368.4,1991-11-26,367.0,6170,367.0,1991-11-26,367.0,6171.0,1.0,True,1.0,1.0
1991-11-26,367.0,1991-11-27,366.5,6171,366.5,1991-11-27,366.5,6172.0,1.0,True,1.0,1.0
1991-11-27,366.5,1991-11-28,365.45,6172,365.45,1991-11-28,365.45,6173.0,1.0,True,1.0,1.0
1991-11-28,365.45,1991-11-29,366.85,6173,366.85,1991-11-29,366.85,6174.0,1.0,True,1.0,1.0
1991-11-29,366.85,1991-12-02,368.25,6174,368.25,1991-12-02,368.25,6175.0,1.0,True,1.0,1.0
1991-12-02,368.25,1991-12-03,366.0,6175,366.0,1991-12-03,366.0,6176.0,1.0,True,1.0,1.0
1991-12-03,366.0,1991-12-04,365.7,6176,365.7,1991-12-04,365.7,6177.0,1.0,True,1.0,1.0
1991-12-04,365.7,1991-12-05,365.75,6177,365.75,1991-12-05,365.75,6178.0,1.0,True,1.0,1.0
1991-12-05,365.75,1991-12-06,367.9,6178,367.9,1991-12-06,367.9,6179.0,1.0,True,1.0,1.0
1991-12-06,367.9,1991-12-09,370.2,6179,370.2,1991-12-09,370.2,6180.0,1.0,True,1.0,1.0
1991-12-09,370.2,1991-12-10,370.75,6180,370.75,1991-12-10,370.75,6181.0,1.0,True,1.0,1.0
1991-12-10,370.75,1991-12-11,367.7,6181,367.7,1991-12-11,367.7,6182.0,1.0,True,1.0,1.0
1991-12-11,367.7,1991-12-12,366.1,6182,366.1,1991-12-12,366.1,6183.0,1.0,True,1.0,1.0
1991-12-12,366.1,1991-12-13,358.9,6183,358.9,1991-12-13,358.9,6184.0,1.0,True,1.0,1.0
1991-12-13,358.9,1991-12-16,360.05,6184,360.05,1991-12-16,360.05,6185.0,1.0,True,1.0,1.0
1991-12-16,360.05,1991-12-17,357.1,6185,357.1,1991-12-17,357.1,6186.0,1.0,True,1.0,1.0
1991-12-17,357.1,1991-12-18,357.5,6186,357.5,1991-12-18,357.5,6187.0,1.0,True,1.0,1.0
1991-12-18,357.5,1991-12-19,357.95,6187,357.95,1991-12-19,357.95,6188.0,1.0,True,1.0,1.0
1991-12-19,357.95,1991-12-20,356.25,6188,356.25,1991-12-20,356.25,6189.0,1.0,True,1.0,1.0
1991-12-20,356.25,1991-12-23,359.2,6189,359.2,1991-12-23,359.2,6190.0,1.0,True,1.0,1.0
1991-12-23,359.2,1991-12-24,359.4,6190,359.4,1992-01-09,351.75,6203.0,13.0,True,0.0,0.0
1992-01-09,351.75,1992-01-10,356.65,6203,356.65,1992-01-10,356.65,6204.0,1.0,True,1.0,1.0
1992-01-10,356.65,1992-01-13,354.9,6204,354.9,1992-01-13,354.9,6205.0,1.0,True,1.0,1.0
1992-01-13,354.9,1992-01-14,353.4,6205,353.4,1992-01-14,353.4,6206.0,1.0,True,1.0,1.0
1992-01-14,353.4,1992-01-15,355.6,6206,355.6,1992-01-15,355.6,6207.0,1.0,True,1.0,1.0
1992-01-15,355.6,1992-01-16,354.6,6207,354.6,1992-01-16,354.6,6208.0,1.0,True,1.0,1.0
1992-01-16,354.6,1992-01-17,357.3,6208,357.3,1992-01-17,357.3,6209.0,1.0,True,1.0,1.0
1992-01-17,357.3,1992-01-20,356.6,6209,356.6,1992-01-20,356.6,6210.0,1.0,True,1.0,1.0
1992-01-20,356.6,1992-01-21,357.35,6210,357.35,1992-01-21,357.35,6211.0,1.0,True,1.0,1.0
1992-01-21,357.35,1992-01-22,356.85,6211,356.85,1992-01-24,354.5,6214.0,3.0,True,0.0,0.0
1992-01-24,354.5,1992-01-27,354.85,6214,354.85,1992-01-27,354.85,6215.0,1.0,True,1.0,1.0
1992-01-27,354.85,1992-01-28,356.3,6215,356.3,1992-01-28,356.3,6216.0,1.0,True,1.0,1.0
1992-01-28,356.3,1992-01-29,355.4,6216,355.4,1992-01-30,356.5,6218.0,2.0,True,0.0,0.0
1992-01-30,356.5,1992-01-31,354.15,6218,354.15,1992-01-31,354.15,6219.0,1.0,True,1.0,1.0
1992-01-31,354.15,1992-02-03,357.1,6219,357.1,1992-02-03,357.1,6220.0,1.0,True,1.0,1.0
1992-02-03,357.1,1992-02-04,356.35,6220,356.35,1992-02-04,356.35,6221.0,1.0,True,1.0,1.0
1992-02-04,356.35,1992-02-05,354.95,6221,354.95,1992-02-05,354.95,6222.0,1.0,True,1.0,1.0
1992-02-05,354.95,1992-02-06,356.25,6222,356.25,1992-02-06,356.25,6223.0,1.0,True,1.0,1.0
1992-02-06,356.25,1992-02-07,355.4,6223,355.4,1992-02-07,355.4,6224.0,1.0,True,1.0,1.0
1992-02-07,355.4,1992-02-10,354.7,6224,354.7,1992-02-10,354.7,6225.0,1.0,True,1.0,1.0
1992-02-10,354.7,1992-02-11,355.25,6225,355.25,1992-02-11,355.25,6226.0,1.0,True,1.0,1.0
1992-02-11,355.25,1992-02-12,356.35,6226,356.35,1992-02-12,356.35,6227.0,1.0,True,1.0,1.0
1992-02-12,356.35,1992-02-13,356.65,6227,356.65,1992-02-13,356.65,6228.0,1.0,True,1.0,1.0
1992-02-13,356.65,1992-02-14,355.35,6228,355.35,1992-02-14,355.35,6229.0,1.0,True,1.0,1.0
1992-02-14,355.35,1992-02-17,354.2,6229,354.2,1992-02-17,354.2,6230.0,1.0,True,1.0,1.0
1992-02-17,354.2,1992-02-18,353.5,6230,353.5,1992-02-18,353.5,6231.0,1.0,True,1.0,1.0
1992-02-18,353.5,1992-02-19,352.35,6231,352.35,1992-02-19,352.35,6232.0,1.0,True,1.0,1.0
1992-02-19,352.35,1992-02-20,353.05,6232,353.05,1992-02-20,353.05,6233.0,1.0,True,1.0,1.0
1992-02-20,353.05,1992-02-21,353.25,6233,353.25,1992-02-21,353.25,6234.0,1.0,True,1.0,1.0
1992-02-21,353.25,1992-02-24,349.0,6234,349.0,1992-02-24,349.0,6235.0,1.0,True,1.0,1.0
1992-02-24,349.0,1992-02-25,350.65,6235,350.65,1992-02-25,350.65,6236.0,1.0,True,1.0,1.0
1992-02-25,350.65,1992-02-26,348.8,6236,348.8,1992-02-26,348.8,6237.0,1.0,True,1.0,1.0
1992-02-26,348.8,1992-02-27,350.85,6237,350.85,1992-02-27,350.85,6238.0,1.0,True,1.0,1.0
1992-02-27,350.85,1992-02-28,353.05,6238,353.05,1992-02-28,353.05,6239.0,1.0,True,1.0,1.0
1992-02-28,353.05,1992-03-02,350.55,6239,350.55,1992-03-02,350.55,6240.0,1.0,True,1.0,1.0
1992-03-02,350.55,1992-03-03,351.0,6240,351.0,1992-03-03,351.0,6241.0,1.0,True,1.0,1.0
1992-03-03,351.0,1992-03-04,350.2,6241,350.2,1992-03-04,350.2,6242.0,1.0,True,1.0,1.0
1992-03-04,350.2,1992-03-05,349.6,6242,349.6,1992-03-05,349.6,6243.0,1.0,True,1.0,1.0
1992-03-05,349.6,1992-03-06,350.55,6243,350.55,1992-03-06,350.55,6244.0,1.0,True,1.0,1.0
1992-03-06,350.55,1992-03-09,349.0,6244,349.0,1992-03-09,349.0,6245.0,1.0,True,1.0,1.0
1992-03-09,349.0,1992-03-10,348.9,6245,348.9,1992-03-10,348.9,6246.0,1.0,True,1.0,1.0
1992-03-10,348.9,1992-03-11,349.0,6246,349.0,1992-03-11,349.0,6247.0,1.0,True,1.0,1.0
1992-03-11,349.0,1992-03-12,348.65,6247,348.65,1992-03-12,348.65,6248.0,1.0,True,1.0,1.0
1992-03-12,348.65,1992-03-13,347.25,6248,347.25,1992-03-13,347.25,6249.0,1.0,True,1.0,1.0
1992-03-13,347.25,1992-03-16,346.75,6249,346.75,1992-03-16,346.75,6250.0,1.0,True,1.0,1.0
1992-03-16,346.75,1992-03-17,343.35,6250,343.35,1992-03-17,343.35,6251.0,1.0,True,1.0,1.0
1992-03-17,343.35,1992-03-18,340.0,6251,340.0,1992-03-18,340.0,6252.0,1.0,True,1.0,1.0
1992-03-18,340.0,1992-03-19,338.5,6252,338.5,1992-03-19,338.5,6253.0,1.0,True,1.0,1.0
1992-03-19,338.5,1992-03-20,337.6,6253,337.6,1992-03-20,337.6,6254.0,1.0,True,1.0,1.0
1992-03-20,337.6,1992-03-23,338.0,6254,338.0,1992-03-23,338.0,6255.0,1.0,True,1.0,1.0
1992-03-23,338.0,1992-03-24,337.75,6255,337.75,1992-03-24,337.75,6256.0,1.0,True,1.0,1.0
1992-03-24,337.75,1992-03-25,340.1,6256,340.1,1992-03-25,340.1,6257.0,1.0,True,1.0,1.0
1992-03-25,340.1,1992-03-26,340.75,6257,340.75,1992-03-26,340.75,6258.0,1.0,True,1.0,1.0
1992-03-26,340.75,1992-03-27,340.35,6258,340.35,1992-03-27,340.35,6259.0,1.0,True,1.0,1.0
1992-03-27,340.35,1992-03-30,342.75,6259,342.75,1992-03-30,342.75,6260.0,1.0,True,1.0,1.0
1992-03-30,342.75,1992-03-31,341.5,6260,341.5,1992-03-31,341.5,6261.0,1.0,True,1.0,1.0
1992-03-31,341.5,1992-04-01,343.75,6261,343.75,1992-04-01,343.75,6262.0,1.0,True,1.0,1.0
1992-04-01,343.75,1992-04-02,341.25,6262,341.25,1992-04-02,341.25,6263.0,1.0,True,1.0,1.0
1992-04-02,341.25,1992-04-03,340.25,6263,340.25,1992-04-03,340.25,6264.0,1.0,True,1.0,1.0
1992-04-03,340.25,1992-04-06,340.5,6264,340.5,1992-04-06,340.5,6265.0,1.0,True,1.0,1.0
1992-04-06,340.5,1992-04-07,338.5,6265,338.5,1992-04-07,338.5,6266.0,1.0,True,1.0,1.0
1992-04-07,338.5,1992-04-08,337.7,6266,337.7,1992-04-08,337.7,6267.0,1.0,True,1.0,1.0
1992-04-08,337.7,1992-04-09,338.4,6267,338.4,1992-04-09,338.4,6268.0,1.0,True,1.0,1.0
1992-04-09,338.4,1992-04-10,341.0,6268,341.0,1992-04-10,341.0,6269.0,1.0,True,1.0,1.0
1992-04-10,341.0,1992-04-13,342.0,6269,342.0,1992-04-13,342.0,6270.0,1.0,True,1.0,1.0
1992-04-13,342.0,1992-04-14,338.8,6270,338.8,1992-04-14,338.8,6271.0,1.0,True,1.0,1.0
1992-04-14,338.8,1992-04-15,339.6,6271,339.6,1992-04-15,339.6,6272.0,1.0,True,1.0,1.0
1992-04-15,339.6,1992-04-16,336.8,6272,336.8,1992-04-28,336.85,6281.0,9.0,True,0.0,0.0
1992-04-28,336.85,1992-04-29,334.75,6281,334.75,1992-04-29,334.75,6282.0,1.0,True,1.0,1.0
1992-04-29,334.75,1992-04-30,336.25,6282,336.25,1992-04-30,336.25,6283.0,1.0,True,1.0,1.0
1992-04-30,336.25,1992-05-01,337.1,6283,337.1,1992-05-12,334.9,6291.0,8.0,True,0.0,0.0
1992-05-12,334.9,1992-05-13,334.75,6291,334.75,1992-05-13,334.75,6292.0,1.0,True,1.0,1.0
1992-05-13,334.75,1992-05-14,336.5,6292,336.5,1992-05-14,336.5,6293.0,1.0,True,1.0,1.0
1992-05-14,336.5,1992-05-15,338.15,6293,338.15,1992-05-19,340.0,6296.0,3.0,True,0.0,0.0
1992-05-19,340.0,1992-05-20,337.45,6296,337.45,1992-05-20,337.45,6297.0,1.0,True,1.0,1.0
1992-05-20,337.45,1992-05-21,337.45,6297,337.45,1992-05-21,337.45,6298.0,1.0,True,1.0,1.0
1992-05-21,337.45,1992-05-22,337.2,6298,337.2,1992-06-02,337.75,6306.0,8.0,True,0.0,0.0
1992-06-02,337.75,1992-06-03,339.85,6306,339.85,1992-06-03,339.85,6307.0,1.0,True,1.0,1.0
1992-06-03,339.85,1992-06-04,338.65,6307,338.65,1992-06-04,338.65,6308.0,1.0,True,1.0,1.0
1992-06-04,338.65,1992-06-05,338.85,6308,338.85,1992-06-05,338.85,6309.0,1.0,True,1.0,1.0
1992-06-05,338.85,1992-06-08,338.5,6309,338.5,1992-06-08,338.5,6310.0,1.0,True,1.0,1.0
1992-06-08,338.5,1992-06-09,337.7,6310,337.7,1992-06-09,337.7,6311.0,1.0,True,1.0,1.0
1992-06-09,337.7,1992-06-10,337.85,6311,337.85,1992-06-10,337.85,6312.0,1.0,True,1.0,1.0
1992-06-10,337.85,1992-06-11,338.0,6312,338.0,1992-06-11,338.0,6313.0,1.0,True,1.0,1.0
1992-06-11,338.0,1992-06-12,340.25,6313,340.25,1992-06-12,340.25,6314.0,1.0,True,1.0,1.0
1992-06-12,340.25,1992-06-15,342.25,6314,342.25,1992-06-15,342.25,6315.0,1.0,True,1.0,1.0
1992-06-15,342.25,1992-06-16,342.15,6315,342.15,1992-06-16,342.15,6316.0,1.0,True,1.0,1.0
1992-06-16,342.15,1992-06-17,342.1,6316,342.1,1992-06-17,342.1,6317.0,1.0,True,1.0,1.0
1992-06-17,342.1,1992-06-18,340.9,6317,340.9,1992-06-18,340.9,6318.0,1.0,True,1.0,1.0
1992-06-18,340.9,1992-06-19,343.5,6318,343.5,1992-06-19,343.5,6319.0,1.0,True,1.0,1.0
1992-06-19,343.5,1992-06-22,341.6,6319,341.6,1992-06-23,344.1,6321.0,2.0,True,0.0,0.0
1992-06-23,344.1,1992-06-24,344.0,6321,344.0,1992-06-24,344.0,6322.0,1.0,True,1.0,1.0
1992-06-24,344.0,1992-06-25,343.15,6322,343.15,1992-06-25,343.15,6323.0,1.0,True,1.0,1.0
1992-06-25,343.15,1992-06-26,343.35,6323,343.35,1992-06-26,343.35,6324.0,1.0,True,1.0,1.0
1992-06-26,343.35,1992-06-29,342.55,6324,342.55,1992-06-29,342.55,6325.0,1.0,True,1.0,1.0
1992-06-29,342.55,1992-06-30,343.4,6325,343.4,1992-06-30,343.4,6326.0,1.0,True,1.0,1.0
1992-06-30,343.4,1992-07-01,343.6,6326,343.6,1992-07-01,343.6,6327.0,1.0,True,1.0,1.0
1992-07-01,343.6,1992-07-02,344.65,6327,344.65,1992-07-02,344.65,6328.0,1.0,True,1.0,1.0
1992-07-02,344.65,1992-07-03,345.8,6328,345.8,1992-07-03,345.8,6329.0,1.0,True,1.0,1.0
1992-07-03,345.8,1992-07-06,346.2,6329,346.2,1992-07-06,346.2,6330.0,1.0,True,1.0,1.0
1992-07-06,346.2,1992-07-07,345.8,6330,345.8,1992-07-07,345.8,6331.0,1.0,True,1.0,1.0
1992-07-07,345.8,1992-07-08,347.7,6331,347.7,1992-07-08,347.7,6332.0,1.0,True,1.0,1.0
1992-07-08,347.7,1992-07-09,347.2,6332,347.2,1992-07-09,347.2,6333.0,1.0,True,1.0,1.0
1992-07-09,347.2,1992-07-10,348.75,6333,348.75,1992-07-10,348.75,6334.0,1.0,True,1.0,1.0
1992-07-10,348.75,1992-07-13,348.9,6334,348.9,1992-07-13,348.9,6335.0,1.0,True,1.0,1.0
1992-07-13,348.9,1992-07-14,350.4,6335,350.4,1992-07-14,350.4,6336.0,1.0,True,1.0,1.0
1992-07-14,350.4,1992-07-15,350.95,6336,350.95,1992-07-15,350.95,6337.0,1.0,True,1.0,1.0
1992-07-15,350.95,1992-07-16,353.15,6337,353.15,1992-07-16,353.15,6338.0,1.0,True,1.0,1.0
1992-07-16,353.15,1992-07-17,352.65,6338,352.65,1992-07-17,352.65,6339.0,1.0,True,1.0,1.0
1992-07-17,352.65,1992-07-20,358.8,6339,358.8,1992-07-20,358.8,6340.0,1.0,True,1.0,1.0
1992-07-20,358.8,1992-07-21,357.4,6340,357.4,1992-07-21,357.4,6341.0,1.0,True,1.0,1.0
1992-07-21,357.4,1992-07-22,357.1,6341,357.1,1992-07-22,357.1,6342.0,1.0,True,1.0,1.0
1992-07-22,357.1,1992-07-23,359.3,6342,359.3,1992-07-23,359.3,6343.0,1.0,True,1.0,1.0
1992-07-23,359.3,1992-07-24,357.9,6343,357.9,1992-07-24,357.9,6344.0,1.0,True,1.0,1.0
1992-07-24,357.9,1992-07-27,358.0,6344,358.0,1992-07-27,358.0,6345.0,1.0,True,1.0,1.0
1992-07-27,358.0,1992-07-28,359.25,6345,359.25,1992-07-28,359.25,6346.0,1.0,True,1.0,1.0
1992-07-28,359.25,1992-07-29,358.2,6346,358.2,1992-07-29,358.2,6347.0,1.0,True,1.0,1.0
1992-07-29,358.2,1992-07-30,356.75,6347,356.75,1992-07-30,356.75,6348.0,1.0,True,1.0,1.0
1992-07-30,356.75,1992-07-31,357.95,6348,357.95,1992-07-31,357.95,6349.0,1.0,True,1.0,1.0
1992-07-31,357.95,1992-08-03,357.3,6349,357.3,1992-08-03,357.3,6350.0,1.0,True,1.0,1.0
1992-08-03,357.3,1992-08-04,352.75,6350,352.75,1992-08-04,352.75,6351.0,1.0,True,1.0,1.0
1992-08-04,352.75,1992-08-05,352.9,6351,352.9,1992-08-05,352.9,6352.0,1.0,True,1.0,1.0
1992-08-05,352.9,1992-08-06,349.25,6352,349.25,1992-08-06,349.25,6353.0,1.0,True,1.0,1.0
1992-08-06,349.25,1992-08-07,349.85,6353,349.85,1992-08-07,349.85,6354.0,1.0,True,1.0,1.0
1992-08-07,349.85,1992-08-10,350.75,6354,350.75,1992-08-10,350.75,6355.0,1.0,True,1.0,1.0
1992-08-10,350.75,1992-08-11,348.5,6355,348.5,1992-08-11,348.5,6356.0,1.0,True,1.0,1.0
1992-08-11,348.5,1992-08-12,346.5,6356,346.5,1992-08-12,346.5,6357.0,1.0,True,1.0,1.0
1992-08-12,346.5,1992-08-13,339.25,6357,339.25,1992-08-13,339.25,6358.0,1.0,True,1.0,1.0
1992-08-13,339.25,1992-08-14,336.0,6358,336.0,1992-08-14,336.0,6359.0,1.0,True,1.0,1.0
1992-08-14,336.0,1992-08-17,337.5,6359,337.5,1992-08-17,337.5,6360.0,1.0,True,1.0,1.0
1992-08-17,337.5,1992-08-18,336.55,6360,336.55,1992-08-18,336.55,6361.0,1.0,True,1.0,1.0
1992-08-18,336.55,1992-08-19,338.6,6361,338.6,1992-08-19,338.6,6362.0,1.0,True,1.0,1.0
1992-08-19,338.6,1992-08-20,336.7,6362,336.7,1992-08-20,336.7,6363.0,1.0,True,1.0,1.0
1992-08-20,336.7,1992-08-21,337.35,6363,337.35,1992-08-21,337.35,6364.0,1.0,True,1.0,1.0
1992-08-21,337.35,1992-08-24,341.85,6364,341.85,1992-08-24,341.85,6365.0,1.0,True,1.0,1.0
1992-08-24,341.85,1992-08-25,340.85,6365,340.85,1992-08-25,340.85,6366.0,1.0,True,1.0,1.0
1992-08-25,340.85,1992-08-26,340.35,6366,340.35,1992-08-26,340.35,6367.0,1.0,True,1.0,1.0
1992-08-26,340.35,1992-08-27,338.75,6367,338.75,1992-08-27,338.75,6368.0,1.0,True,1.0,1.0
1992-08-27,338.75,1992-08-28,340.5,6368,340.5,1992-09-08,341.9,6376.0,8.0,True,0.0,0.0
1992-09-08,341.9,1992-09-09,343.1,6376,343.1,1992-09-09,343.1,6377.0,1.0,True,1.0,1.0
1992-09-09,343.1,1992-09-10,341.75,6377,341.75,1992-09-10,341.75,6378.0,1.0,True,1.0,1.0
1992-09-10,341.75,1992-09-11,341.05,6378,341.05,1992-09-11,341.05,6379.0,1.0,True,1.0,1.0
1992-09-11,341.05,1992-09-14,342.75,6379,342.75,1992-09-14,342.75,6380.0,1.0,True,1.0,1.0
1992-09-14,342.75,1992-09-15,346.2,6380,346.2,1992-09-15,346.2,6381.0,1.0,True,1.0,1.0
1992-09-15,346.2,1992-09-16,346.2,6381,346.2,1992-09-16,346.2,6382.0,1.0,True,1.0,1.0
1992-09-16,346.2,1992-09-17,350.75,6382,350.75,1992-09-17,350.75,6383.0,1.0,True,1.0,1.0
1992-09-17,350.75,1992-09-18,348.65,6383,348.65,1992-09-18,348.65,6384.0,1.0,True,1.0,1.0
1992-09-18,348.65,1992-09-21,348.25,6384,348.25,1992-09-21,348.25,6385.0,1.0,True,1.0,1.0
1992-09-21,348.25,1992-09-22,347.5,6385,347.5,1992-09-22,347.5,6386.0,1.0,True,1.0,1.0
1992-09-22,347.5,1992-09-23,348.9,6386,348.9,1992-09-23,348.9,6387.0,1.0,True,1.0,1.0
1992-09-23,348.9,1992-09-24,348.9,6387,348.9,1992-09-24,348.9,6388.0,1.0,True,1.0,1.0
1992-09-24,348.9,1992-09-25,348.35,6388,348.35,1992-09-25,348.35,6389.0,1.0,True,1.0,1.0
1992-09-25,348.35,1992-09-28,349.0,6389,349.0,1992-09-29,347.7,6391.0,2.0,True,0.0,0.0
1992-09-29,347.7,1992-09-30,349.0,6391,349.0,1992-09-30,349.0,6392.0,1.0,True,1.0,1.0
1992-09-30,349.0,1992-10-01,347.6,6392,347.6,1992-10-01,347.6,6393.0,1.0,True,1.0,1.0
1992-10-01,347.6,1992-10-02,348.0,6393,348.0,1992-10-02,348.0,6394.0,1.0,True,1.0,1.0
1992-10-02,348.0,1992-10-05,348.75,6394,348.75,1992-10-05,348.75,6395.0,1.0,True,1.0,1.0
1992-10-05,348.75,1992-10-06,350.5,6395,350.5,1992-10-06,350.5,6396.0,1.0,True,1.0,1.0
1992-10-06,350.5,1992-10-07,349.5,6396,349.5,1992-10-07,349.5,6397.0,1.0,True,1.0,1.0
1992-10-07,349.5,1992-10-08,350.0,6397,350.0,1992-10-08,350.0,6398.0,1.0,True,1.0,1.0
1992-10-08,350.0,1992-10-09,349.8,6398,349.8,1992-10-09,349.8,6399.0,1.0,True,1.0,1.0
1992-10-09,349.8,1992-10-12,348.1,6399,348.1,1992-10-12,348.1,6400.0,1.0,True,1.0,1.0
1992-10-12,348.1,1992-10-13,343.45,6400,343.45,1992-10-13,343.45,6401.0,1.0,True,1.0,1.0
1992-10-13,343.45,1992-10-14,343.3,6401,343.3,1992-10-14,343.3,6402.0,1.0,True,1.0,1.0
1992-10-14,343.3,1992-10-15,341.75,6402,341.75,1992-10-15,341.75,6403.0,1.0,True,1.0,1.0
1992-10-15,341.75,1992-10-16,341.75,6403,341.75,1992-10-16,341.75,6404.0,1.0,True,1.0,1.0
1992-10-16,341.75,1992-10-19,342.25,6404,342.25,1992-10-19,342.25,6405.0,1.0,True,1.0,1.0
1992-10-19,342.25,1992-10-20,342.55,6405,342.55,1992-10-20,342.55,6406.0,1.0,True,1.0,1.0
1992-10-20,342.55,1992-10-21,343.5,6406,343.5,1992-10-21,343.5,6407.0,1.0,True,1.0,1.0
1992-10-21,343.5,1992-10-22,342.8,6407,342.8,1992-10-22,342.8,6408.0,1.0,True,1.0,1.0
1992-10-22,342.8,1992-10-23,343.6,6408,343.6,1992-10-23,343.6,6409.0,1.0,True,1.0,1.0
1992-10-23,343.6,1992-10-26,341.3,6409,341.3,1992-10-26,341.3,6410.0,1.0,True,1.0,1.0
1992-10-26,341.3,1992-10-27,339.1,6410,339.1,1992-10-27,339.1,6411.0,1.0,True,1.0,1.0
1992-10-27,339.1,1992-10-28,338.2,6411,338.2,1992-10-28,338.2,6412.0,1.0,True,1.0,1.0
1992-10-28,338.2,1992-10-29,339.5,6412,339.5,1992-10-29,339.5,6413.0,1.0,True,1.0,1.0
1992-10-29,339.5,1992-10-30,338.8,6413,338.8,1992-10-30,338.8,6414.0,1.0,True,1.0,1.0
1992-10-30,338.8,1992-11-02,339.3,6414,339.3,1992-11-02,339.3,6415.0,1.0,True,1.0,1.0
1992-11-02,339.3,1992-11-03,338.75,6415,338.75,1992-11-03,338.75,6416.0,1.0,True,1.0,1.0
1992-11-03,338.75,1992-11-04,336.9,6416,336.9,1992-11-04,336.9,6417.0,1.0,True,1.0,1.0
1992-11-04,336.9,1992-11-05,337.45,6417,337.45,1992-11-05,337.45,6418.0,1.0,True,1.0,1.0
1992-11-05,337.45,1992-11-06,336.7,6418,336.7,1992-11-06,336.7,6419.0,1.0,True,1.0,1.0
1992-11-06,336.7,1992-11-09,335.0,6419,335.0,1992-11-09,335.0,6420.0,1.0,True,1.0,1.0
1992-11-09,335.0,1992-11-10,330.2,6420,330.2,1992-11-10,330.2,6421.0,1.0,True,1.0,1.0
1992-11-10,330.2,1992-11-11,331.95,6421,331.95,1992-11-11,331.95,6422.0,1.0,True,1.0,1.0
1992-11-11,331.95,1992-11-12,333.2,6422,333.2,1992-11-12,333.2,6423.0,1.0,True,1.0,1.0
1992-11-12,333.2,1992-11-13,334.25,6423,334.25,1992-11-13,334.25,6424.0,1.0,True,1.0,1.0
1992-11-13,334.25,1992-11-16,336.0,6424,336.0,1992-11-16,336.0,6425.0,1.0,True,1.0,1.0
1992-11-16,336.0,1992-11-17,333.85,6425,333.85,1992-11-17,333.85,6426.0,1.0,True,1.0,1.0
1992-11-17,333.85,1992-11-18,335.4,6426,335.4,1992-11-18,335.4,6427.0,1.0,True,1.0,1.0
1992-11-18,335.4,1992-11-19,333.6,6427,333.6,1992-11-19,333.6,6428.0,1.0,True,1.0,1.0
1992-11-19,333.6,1992-11-20,335.55,6428,335.55,1992-11-20,335.55,6429.0,1.0,True,1.0,1.0
1992-11-20,335.55,1992-11-23,334.25,6429,334.25,1992-11-23,334.25,6430.0,1.0,True,1.0,1.0
1992-11-23,334.25,1992-11-24,333.95,6430,333.95,1992-11-24,333.95,6431.0,1.0,True,1.0,1.0
1992-11-24,333.95,1992-11-25,334.75,6431,334.75,1992-11-25,334.75,6432.0,1.0,True,1.0,1.0
1992-11-25,334.75,1992-11-26,334.65,6432,334.65,1992-11-26,334.65,6433.0,1.0,True,1.0,1.0
1992-11-26,334.65,1992-11-27,334.0,6433,334.0,1992-11-27,334.0,6434.0,1.0,True,1.0,1.0
1992-11-27,334.0,1992-11-30,333.7,6434,333.7,1992-11-30,333.7,6435.0,1.0,True,1.0,1.0
1992-11-30,333.7,1992-12-01,334.6,6435,334.6,1992-12-01,334.6,6436.0,1.0,True,1.0,1.0
1992-12-01,334.6,1992-12-02,335.1,6436,335.1,1992-12-02,335.1,6437.0,1.0,True,1.0,1.0
1992-12-02,335.1,1992-12-03,335.9,6437,335.9,1992-12-03,335.9,6438.0,1.0,True,1.0,1.0
1992-12-03,335.9,1992-12-04,335.9,6438,335.9,1992-12-04,335.9,6439.0,1.0,True,1.0,1.0
1992-12-04,335.9,1992-12-07,335.5,6439,335.5,1992-12-07,335.5,6440.0,1.0,True,1.0,1.0
1992-12-07,335.5,1992-12-08,335.25,6440,335.25,1992-12-08,335.25,6441.0,1.0,True,1.0,1.0
1992-12-08,335.25,1992-12-09,333.4,6441,333.4,1992-12-09,333.4,6442.0,1.0,True,1.0,1.0
1992-12-09,333.4,1992-12-10,333.9,6442,333.9,1992-12-10,333.9,6443.0,1.0,True,1.0,1.0
1992-12-10,333.9,1992-12-11,334.2,6443,334.2,1992-12-11,334.2,6444.0,1.0,True,1.0,1.0
1992-12-11,334.2,1992-12-14,335.3,6444,335.3,1992-12-14,335.3,6445.0,1.0,True,1.0,1.0
1992-12-14,335.3,1992-12-15,334.7,6445,334.7,1992-12-15,334.7,6446.0,1.0,True,1.0,1.0
1992-12-15,334.7,1992-12-16,334.9,6446,334.9,1992-12-16,334.9,6447.0,1.0,True,1.0,1.0
1992-12-16,334.9,1992-12-17,337.75,6447,337.75,1992-12-17,337.75,6448.0,1.0,True,1.0,1.0
1992-12-17,337.75,1992-12-18,337.15,6448,337.15,1992-12-18,337.15,6449.0,1.0,True,1.0,1.0
1992-12-18,337.15,1992-12-21,336.35,6449,336.35,1992-12-21,336.35,6450.0,1.0,True,1.0,1.0
1992-12-21,336.35,1992-12-22,334.35,6450,334.35,1992-12-22,334.35,6451.0,1.0,True,1.0,1.0
1992-12-22,334.35,1992-12-23,332.55,6451,332.55,1992-12-23,332.55,6452.0,1.0,True,1.0,1.0
1992-12-23,332.55,1992-12-24,332.9,6452,332.9,1993-01-11,328.4,6465.0,13.0,True,0.0,0.0
1993-01-11,328.4,1993-01-12,328.5,6465,328.5,1993-01-12,328.5,6466.0,1.0,True,1.0,1.0
1993-01-12,328.5,1993-01-13,327.85,6466,327.85,1993-01-13,327.85,6467.0,1.0,True,1.0,1.0
1993-01-13,327.85,1993-01-14,328.2,6467,328.2,1993-01-14,328.2,6468.0,1.0,True,1.0,1.0
1993-01-14,328.2,1993-01-15,327.45,6468,327.45,1993-01-15,327.45,6469.0,1.0,True,1.0,1.0
1993-01-15,327.45,1993-01-18,327.9,6469,327.9,1993-01-18,327.9,6470.0,1.0,True,1.0,1.0
1993-01-18,327.9,1993-01-19,329.05,6470,329.05,1993-01-19,329.05,6471.0,1.0,True,1.0,1.0
1993-01-19,329.05,1993-01-20,328.65,6471,328.65,1993-01-20,328.65,6472.0,1.0,True,1.0,1.0
1993-01-20,328.65,1993-01-21,329.85,6472,329.85,1993-01-21,329.85,6473.0,1.0,True,1.0,1.0
1993-01-21,329.85,1993-01-22,329.4,6473,329.4,1993-01-26,329.1,6476.0,3.0,True,0.0,0.0
1993-01-26,329.1,1993-01-27,330.6,6476,330.6,1993-01-27,330.6,6477.0,1.0,True,1.0,1.0
1993-01-27,330.6,1993-01-28,329.7,6477,329.7,1993-01-28,329.7,6478.0,1.0,True,1.0,1.0
1993-01-28,329.7,1993-01-29,330.75,6478,330.75,1993-02-01,329.5,6480.0,2.0,True,0.0,0.0
1993-02-01,329.5,1993-02-02,329.35,6480,329.35,1993-02-02,329.35,6481.0,1.0,True,1.0,1.0
1993-02-02,329.35,1993-02-03,329.6,6481,329.6,1993-02-03,329.6,6482.0,1.0,True,1.0,1.0
1993-02-03,329.6,1993-02-04,328.15,6482,328.15,1993-02-04,328.15,6483.0,1.0,True,1.0,1.0
1993-02-04,328.15,1993-02-05,327.8,6483,327.8,1993-02-05,327.8,6484.0,1.0,True,1.0,1.0
1993-02-05,327.8,1993-02-08,327.6,6484,327.6,1993-02-08,327.6,6485.0,1.0,True,1.0,1.0
1993-02-08,327.6,1993-02-09,327.75,6485,327.75,1993-02-09,327.75,6486.0,1.0,True,1.0,1.0
1993-02-09,327.75,1993-02-10,328.7,6486,328.7,1993-02-10,328.7,6487.0,1.0,True,1.0,1.0
1993-02-10,328.7,1993-02-11,331.65,6487,331.65,1993-02-11,331.65,6488.0,1.0,True,1.0,1.0
1993-02-11,331.65,1993-02-12,330.0,6488,330.0,1993-02-12,330.0,6489.0,1.0,True,1.0,1.0
1993-02-12,330.0,1993-02-15,328.35,6489,328.35,1993-02-15,328.35,6490.0,1.0,True,1.0,1.0
1993-02-15,328.35,1993-02-16,329.2,6490,329.2,1993-02-16,329.2,6491.0,1.0,True,1.0,1.0
1993-02-16,329.2,1993-02-17,331.5,6491,331.5,1993-02-17,331.5,6492.0,1.0,True,1.0,1.0
1993-02-17,331.5,1993-02-18,329.0,6492,329.0,1993-02-18,329.0,6493.0,1.0,True,1.0,1.0
1993-02-18,329.0,1993-02-19,331.1,6493,331.1,1993-02-19,331.1,6494.0,1.0,True,1.0,1.0
1993-02-19,331.1,1993-02-22,328.9,6494,328.9,1993-02-22,328.9,6495.0,1.0,True,1.0,1.0
1993-02-22,328.9,1993-02-23,329.2,6495,329.2,1993-02-23,329.2,6496.0,1.0,True,1.0,1.0
1993-02-23,329.2,1993-02-24,330.35,6496,330.35,1993-02-24,330.35,6497.0,1.0,True,1.0,1.0
1993-02-24,330.35,1993-02-25,329.75,6497,329.75,1993-02-25,329.75,6498.0,1.0,True,1.0,1.0
1993-02-25,329.75,1993-02-26,328.75,6498,328.75,1993-02-26,328.75,6499.0,1.0,True,1.0,1.0
1993-02-26,328.75,1993-03-01,328.4,6499,328.4,1993-03-01,328.4,6500.0,1.0,True,1.0,1.0
1993-03-01,328.4,1993-03-02,328.9,6500,328.9,1993-03-02,328.9,6501.0,1.0,True,1.0,1.0
1993-03-02,328.9,1993-03-03,329.55,6501,329.55,1993-03-03,329.55,6502.0,1.0,True,1.0,1.0
1993-03-03,329.55,1993-03-04,328.5,6502,328.5,1993-03-04,328.5,6503.0,1.0,True,1.0,1.0
1993-03-04,328.5,1993-03-05,329.7,6503,329.7,1993-03-05,329.7,6504.0,1.0,True,1.0,1.0
1993-03-05,329.7,1993-03-08,328.7,6504,328.7,1993-03-08,328.7,6505.0,1.0,True,1.0,1.0
1993-03-08,328.7,1993-03-09,327.2,6505,327.2,1993-03-09,327.2,6506.0,1.0,True,1.0,1.0
1993-03-09,327.2,1993-03-10,326.5,6506,326.5,1993-03-10,326.5,6507.0,1.0,True,1.0,1.0
1993-03-10,326.5,1993-03-11,326.65,6507,326.65,1993-03-11,326.65,6508.0,1.0,True,1.0,1.0
1993-03-11,326.65,1993-03-12,326.5,6508,326.5,1993-03-12,326.5,6509.0,1.0,True,1.0,1.0
1993-03-12,326.5,1993-03-15,327.9,6509,327.9,1993-03-15,327.9,6510.0,1.0,True,1.0,1.0
1993-03-15,327.9,1993-03-16,329.0,6510,329.0,1993-03-16,329.0,6511.0,1.0,True,1.0,1.0
1993-03-16,329.0,1993-03-17,328.65,6511,328.65,1993-03-17,328.65,6512.0,1.0,True,1.0,1.0
1993-03-17,328.65,1993-03-18,329.5,6512,329.5,1993-03-18,329.5,6513.0,1.0,True,1.0,1.0
1993-03-18,329.5,1993-03-19,331.3,6513,331.3,1993-03-19,331.3,6514.0,1.0,True,1.0,1.0
1993-03-19,331.3,1993-03-22,332.2,6514,332.2,1993-03-22,332.2,6515.0,1.0,True,1.0,1.0
1993-03-22,332.2,1993-03-23,331.9,6515,331.9,1993-03-23,331.9,6516.0,1.0,True,1.0,1.0
1993-03-23,331.9,1993-03-24,331.3,6516,331.3,1993-03-24,331.3,6517.0,1.0,True,1.0,1.0
1993-03-24,331.3,1993-03-25,332.65,6517,332.65,1993-03-25,332.65,6518.0,1.0,True,1.0,1.0
1993-03-25,332.65,1993-03-26,332.7,6518,332.7,1993-03-26,332.7,6519.0,1.0,True,1.0,1.0
1993-03-26,332.7,1993-03-29,331.6,6519,331.6,1993-03-29,331.6,6520.0,1.0,True,1.0,1.0
1993-03-29,331.6,1993-03-30,333.2,6520,333.2,1993-03-30,333.2,6521.0,1.0,True,1.0,1.0
1993-03-30,333.2,1993-03-31,336.9,6521,336.9,1993-03-31,336.9,6522.0,1.0,True,1.0,1.0
1993-03-31,336.9,1993-04-01,337.0,6522,337.0,1993-04-01,337.0,6523.0,1.0,True,1.0,1.0
1993-04-01,337.0,1993-04-02,339.4,6523,339.4,1993-04-02,339.4,6524.0,1.0,True,1.0,1.0
1993-04-02,339.4,1993-04-05,339.35,6524,339.35,1993-04-05,339.35,6525.0,1.0,True,1.0,1.0
1993-04-05,339.35,1993-04-06,338.45,6525,338.45,1993-04-06,338.45,6526.0,1.0,True,1.0,1.0
1993-04-06,338.45,1993-04-07,337.15,6526,337.15,1993-04-07,337.15,6527.0,1.0,True,1.0,1.0
1993-04-07,337.15,1993-04-08,337.85,6527,337.85,1993-04-20,341.55,6536.0,9.0,True,0.0,0.0
1993-04-20,341.55,1993-04-21,339.15,6536,339.15,1993-04-21,339.15,6537.0,1.0,True,1.0,1.0
1993-04-21,339.15,1993-04-22,337.7,6537,337.7,1993-04-22,337.7,6538.0,1.0,True,1.0,1.0
1993-04-22,337.7,1993-04-23,340.95,6538,340.95,1993-04-23,340.95,6539.0,1.0,True,1.0,1.0
1993-04-23,340.95,1993-04-26,348.55,6539,348.55,1993-04-26,348.55,6540.0,1.0,True,1.0,1.0
1993-04-26,348.55,1993-04-27,352.8,6540,352.8,1993-04-27,352.8,6541.0,1.0,True,1.0,1.0
1993-04-27,352.8,1993-04-28,349.7,6541,349.7,1993-04-28,349.7,6542.0,1.0,True,1.0,1.0
1993-04-28,349.7,1993-04-29,354.8,6542,354.8,1993-04-29,354.8,6543.0,1.0,True,1.0,1.0
1993-04-29,354.8,1993-04-30,353.45,6543,353.45,1993-05-11,355.35,6551.0,8.0,True,0.0,0.0
1993-05-11,355.35,1993-05-12,356.0,6551,356.0,1993-05-12,356.0,6552.0,1.0,True,1.0,1.0
1993-05-12,356.0,1993-05-13,367.0,6552,367.0,1993-05-13,367.0,6553.0,1.0,True,1.0,1.0
1993-05-13,367.0,1993-05-14,366.6,6553,366.6,1993-05-14,366.6,6554.0,1.0,True,1.0,1.0
1993-05-14,366.6,1993-05-17,367.85,6554,367.85,1993-05-17,367.85,6555.0,1.0,True,1.0,1.0
1993-05-17,367.85,1993-05-18,366.6,6555,366.6,1993-05-18,366.6,6556.0,1.0,True,1.0,1.0
1993-05-18,366.6,1993-05-19,378.75,6556,378.75,1993-05-19,378.75,6557.0,1.0,True,1.0,1.0
1993-05-19,378.75,1993-05-20,376.05,6557,376.05,1993-05-20,376.05,6558.0,1.0,True,1.0,1.0
1993-05-20,376.05,1993-05-21,374.05,6558,374.05,1993-05-21,374.05,6559.0,1.0,True,1.0,1.0
1993-05-21,374.05,1993-05-24,380.0,6559,380.0,1993-05-24,380.0,6560.0,1.0,True,1.0,1.0
1993-05-24,380.0,1993-05-25,374.35,6560,374.35,1993-05-25,374.35,6561.0,1.0,True,1.0,1.0
1993-05-25,374.35,1993-05-26,377.25,6561,377.25,1993-05-26,377.25,6562.0,1.0,True,1.0,1.0
1993-05-26,377.25,1993-05-27,377.0,6562,377.0,1993-05-27,377.0,6563.0,1.0,True,1.0,1.0
1993-05-27,377.0,1993-05-28,381.0,6563,381.0,1993-06-08,373.75,6571.0,8.0,True,0.0,0.0
1993-06-08,373.75,1993-06-09,370.65,6571,370.65,1993-06-09,370.65,6572.0,1.0,True,1.0,1.0
1993-06-09,370.65,1993-06-10,369.6,6572,369.6,1993-06-10,369.6,6573.0,1.0,True,1.0,1.0
1993-06-10,369.6,1993-06-11,370.2,6573,370.2,1993-06-11,370.2,6574.0,1.0,True,1.0,1.0
1993-06-11,370.2,1993-06-14,366.3,6574,366.3,1993-06-14,366.3,6575.0,1.0,True,1.0,1.0
1993-06-14,366.3,1993-06-15,365.0,6575,365.0,1993-06-15,365.0,6576.0,1.0,True,1.0,1.0
1993-06-15,365.0,1993-06-16,370.0,6576,370.0,1993-06-16,370.0,6577.0,1.0,True,1.0,1.0
1993-06-16,370.0,1993-06-17,369.4,6577,369.4,1993-06-17,369.4,6578.0,1.0,True,1.0,1.0
1993-06-17,369.4,1993-06-18,370.65,6578,370.65,1993-06-18,370.65,6579.0,1.0,True,1.0,1.0
1993-06-18,370.65,1993-06-21,369.55,6579,369.55,1993-06-21,369.55,6580.0,1.0,True,1.0,1.0
1993-06-21,369.55,1993-06-22,369.1,6580,369.1,1993-06-22,369.1,6581.0,1.0,True,1.0,1.0
1993-06-22,369.1,1993-06-23,367.0,6581,367.0,1993-06-23,367.0,6582.0,1.0,True,1.0,1.0
1993-06-23,367.0,1993-06-24,374.1,6582,374.1,1993-06-24,374.1,6583.0,1.0,True,1.0,1.0
1993-06-24,374.1,1993-06-25,374.6,6583,374.6,1993-06-25,374.6,6584.0,1.0,True,1.0,1.0
1993-06-25,374.6,1993-06-28,378.1,6584,378.1,1993-06-29,375.25,6586.0,2.0,True,0.0,0.0
1993-06-29,375.25,1993-06-30,379.0,6586,379.0,1993-06-30,379.0,6587.0,1.0,True,1.0,1.0
1993-06-30,379.0,1993-07-01,377.85,6587,377.85,1993-07-01,377.85,6588.0,1.0,True,1.0,1.0
1993-07-01,377.85,1993-07-02,390.0,6588,390.0,1993-07-02,390.0,6589.0,1.0,True,1.0,1.0
1993-07-02,390.0,1993-07-05,387.25,6589,387.25,1993-07-05,387.25,6590.0,1.0,True,1.0,1.0
1993-07-05,387.25,1993-07-06,388.0,6590,388.0,1993-07-06,388.0,6591.0,1.0,True,1.0,1.0
1993-07-06,388.0,1993-07-07,397.25,6591,397.25,1993-07-07,397.25,6592.0,1.0,True,1.0,1.0
1993-07-07,397.25,1993-07-08,398.4,6592,398.4,1993-07-08,398.4,6593.0,1.0,True,1.0,1.0
1993-07-08,398.4,1993-07-09,389.4,6593,389.4,1993-07-09,389.4,6594.0,1.0,True,1.0,1.0
1993-07-09,389.4,1993-07-12,394.4,6594,394.4,1993-07-12,394.4,6595.0,1.0,True,1.0,1.0
1993-07-12,394.4,1993-07-13,390.4,6595,390.4,1993-07-13,390.4,6596.0,1.0,True,1.0,1.0
1993-07-13,390.4,1993-07-14,395.7,6596,395.7,1993-07-14,395.7,6597.0,1.0,True,1.0,1.0
1993-07-14,395.7,1993-07-15,391.8,6597,391.8,1993-07-15,391.8,6598.0,1.0,True,1.0,1.0
1993-07-15,391.8,1993-07-16,393.65,6598,393.65,1993-07-16,393.65,6599.0,1.0,True,1.0,1.0
1993-07-16,393.65,1993-07-19,392.8,6599,392.8,1993-07-19,392.8,6600.0,1.0,True,1.0,1.0
1993-07-19,392.8,1993-07-20,391.5,6600,391.5,1993-07-20,391.5,6601.0,1.0,True,1.0,1.0
1993-07-20,391.5,1993-07-21,391.6,6601,391.6,1993-07-21,391.6,6602.0,1.0,True,1.0,1.0
1993-07-21,391.6,1993-07-22,389.0,6602,389.0,1993-07-22,389.0,6603.0,1.0,True,1.0,1.0
1993-07-22,389.0,1993-07-23,392.6,6603,392.6,1993-07-23,392.6,6604.0,1.0,True,1.0,1.0
1993-07-23,392.6,1993-07-26,389.75,6604,389.75,1993-07-26,389.75,6605.0,1.0,True,1.0,1.0
1993-07-26,389.75,1993-07-27,393.6,6605,393.6,1993-07-27,393.6,6606.0,1.0,True,1.0,1.0
1993-07-27,393.6,1993-07-28,391.8,6606,391.8,1993-07-28,391.8,6607.0,1.0,True,1.0,1.0
1993-07-28,391.8,1993-07-29,394.3,6607,394.3,1993-07-29,394.3,6608.0,1.0,True,1.0,1.0
1993-07-29,394.3,1993-07-30,403.7,6608,403.7,1993-07-30,403.7,6609.0,1.0,True,1.0,1.0
1993-07-30,403.7,1993-08-02,406.7,6609,406.7,1993-08-02,406.7,6610.0,1.0,True,1.0,1.0
1993-08-02,406.7,1993-08-03,404.95,6610,404.95,1993-08-03,404.95,6611.0,1.0,True,1.0,1.0
1993-08-03,404.95,1993-08-04,400.65,6611,400.65,1993-08-04,400.65,6612.0,1.0,True,1.0,1.0
1993-08-04,400.65,1993-08-05,396.45,6612,396.45,1993-08-05,396.45,6613.0,1.0,True,1.0,1.0
1993-08-05,396.45,1993-08-06,381.9,6613,381.9,1993-08-06,381.9,6614.0,1.0,True,1.0,1.0
1993-08-06,381.9,1993-08-09,382.5,6614,382.5,1993-08-09,382.5,6615.0,1.0,True,1.0,1.0
1993-08-09,382.5,1993-08-10,382.2,6615,382.2,1993-08-10,382.2,6616.0,1.0,True,1.0,1.0
1993-08-10,382.2,1993-08-11,381.35,6616,381.35,1993-08-11,381.35,6617.0,1.0,True,1.0,1.0
1993-08-11,381.35,1993-08-12,375.35,6617,375.35,1993-08-12,375.35,6618.0,1.0,True,1.0,1.0
1993-08-12,375.35,1993-08-13,370.45,6618,370.45,1993-08-13,370.45,6619.0,1.0,True,1.0,1.0
1993-08-13,370.45,1993-08-16,373.5,6619,373.5,1993-08-16,373.5,6620.0,1.0,True,1.0,1.0
1993-08-16,373.5,1993-08-17,372.5,6620,372.5,1993-08-17,372.5,6621.0,1.0,True,1.0,1.0
1993-08-17,372.5,1993-08-18,372.85,6621,372.85,1993-08-18,372.85,6622.0,1.0,True,1.0,1.0
1993-08-18,372.85,1993-08-19,373.65,6622,373.65,1993-08-19,373.65,6623.0,1.0,True,1.0,1.0
1993-08-19,373.65,1993-08-20,370.35,6623,370.35,1993-08-20,370.35,6624.0,1.0,True,1.0,1.0
1993-08-20,370.35,1993-08-23,373.6,6624,373.6,1993-08-23,373.6,6625.0,1.0,True,1.0,1.0
1993-08-23,373.6,1993-08-24,372.75,6625,372.75,1993-08-24,372.75,6626.0,1.0,True,1.0,1.0
1993-08-24,372.75,1993-08-25,371.75,6626,371.75,1993-08-25,371.75,6627.0,1.0,True,1.0,1.0
1993-08-25,371.75,1993-08-26,371.6,6627,371.6,1993-08-26,371.6,6628.0,1.0,True,1.0,1.0
1993-08-26,371.6,1993-08-27,370.05,6628,370.05,1993-09-07,362.95,6636.0,8.0,True,0.0,0.0
1993-09-07,362.95,1993-09-08,352.25,6636,352.25,1993-09-08,352.25,6637.0,1.0,True,1.0,1.0
1993-09-08,352.25,1993-09-09,351.35,6637,351.35,1993-09-09,351.35,6638.0,1.0,True,1.0,1.0
1993-09-09,351.35,1993-09-10,356.0,6638,356.0,1993-09-10,356.0,6639.0,1.0,True,1.0,1.0
1993-09-10,356.0,1993-09-13,348.25,6639,348.25,1993-09-13,348.25,6640.0,1.0,True,1.0,1.0
1993-09-13,348.25,1993-09-14,342.05,6640,342.05,1993-09-14,342.05,6641.0,1.0,True,1.0,1.0
1993-09-14,342.05,1993-09-15,345.25,6641,345.25,1993-09-15,345.25,6642.0,1.0,True,1.0,1.0
1993-09-15,345.25,1993-09-16,350.4,6642,350.4,1993-09-16,350.4,6643.0,1.0,True,1.0,1.0
1993-09-16,350.4,1993-09-17,352.3,6643,352.3,1993-09-17,352.3,6644.0,1.0,True,1.0,1.0
1993-09-17,352.3,1993-09-20,353.5,6644,353.5,1993-09-20,353.5,6645.0,1.0,True,1.0,1.0
1993-09-20,353.5,1993-09-21,354.3,6645,354.3,1993-09-21,354.3,6646.0,1.0,True,1.0,1.0
1993-09-21,354.3,1993-09-22,355.0,6646,355.0,1993-09-22,355.0,6647.0,1.0,True,1.0,1.0
1993-09-22,355.0,1993-09-23,353.75,6647,353.75,1993-09-23,353.75,6648.0,1.0,True,1.0,1.0
1993-09-23,353.75,1993-09-24,357.4,6648,357.4,1993-09-24,357.4,6649.0,1.0,True,1.0,1.0
1993-09-24,357.4,1993-09-27,357.25,6649,357.25,1993-09-28,354.25,6651.0,2.0,True,0.0,0.0
1993-09-28,354.25,1993-09-29,354.55,6651,354.55,1993-09-29,354.55,6652.0,1.0,True,1.0,1.0
1993-09-29,354.55,1993-09-30,352.65,6652,352.65,1993-09-30,352.65,6653.0,1.0,True,1.0,1.0
1993-09-30,352.65,1993-10-01,353.9,6653,353.9,1993-10-01,353.9,6654.0,1.0,True,1.0,1.0
1993-10-01,353.9,1993-10-04,355.5,6654,355.5,1993-10-04,355.5,6655.0,1.0,True,1.0,1.0
1993-10-04,355.5,1993-10-05,353.95,6655,353.95,1993-10-05,353.95,6656.0,1.0,True,1.0,1.0
1993-10-05,353.95,1993-10-06,353.5,6656,353.5,1993-10-06,353.5,6657.0,1.0,True,1.0,1.0
1993-10-06,353.5,1993-10-07,356.9,6657,356.9,1993-10-07,356.9,6658.0,1.0,True,1.0,1.0
1993-10-07,356.9,1993-10-08,357.85,6658,357.85,1993-10-08,357.85,6659.0,1.0,True,1.0,1.0
1993-10-08,357.85,1993-10-11,360.55,6659,360.55,1993-10-11,360.55,6660.0,1.0,True,1.0,1.0
1993-10-11,360.55,1993-10-12,359.6,6660,359.6,1993-10-12,359.6,6661.0,1.0,True,1.0,1.0
1993-10-12,359.6,1993-10-13,366.6,6661,366.6,1993-10-13,366.6,6662.0,1.0,True,1.0,1.0
1993-10-13,366.6,1993-10-14,365.9,6662,365.9,1993-10-14,365.9,6663.0,1.0,True,1.0,1.0
1993-10-14,365.9,1993-10-15,365.35,6663,365.35,1993-10-15,365.35,6664.0,1.0,True,1.0,1.0
1993-10-15,365.35,1993-10-18,365.0,6664,365.0,1993-10-18,365.0,6665.0,1.0,True,1.0,1.0
1993-10-18,365.0,1993-10-19,368.85,6665,368.85,1993-10-19,368.85,6666.0,1.0,True,1.0,1.0
1993-10-19,368.85,1993-10-20,371.6,6666,371.6,1993-10-20,371.6,6667.0,1.0,True,1.0,1.0
1993-10-20,371.6,1993-10-21,371.55,6667,371.55,1993-10-21,371.55,6668.0,1.0,True,1.0,1.0
1993-10-21,371.55,1993-10-22,370.65,6668,370.65,1993-10-22,370.65,6669.0,1.0,True,1.0,1.0
1993-10-22,370.65,1993-10-25,371.5,6669,371.5,1993-10-25,371.5,6670.0,1.0,True,1.0,1.0
1993-10-25,371.5,1993-10-26,368.5,6670,368.5,1993-10-26,368.5,6671.0,1.0,True,1.0,1.0
1993-10-26,368.5,1993-10-27,368.65,6671,368.65,1993-10-27,368.65,6672.0,1.0,True,1.0,1.0
1993-10-27,368.65,1993-10-28,369.1,6672,369.1,1993-10-28,369.1,6673.0,1.0,True,1.0,1.0
1993-10-28,369.1,1993-10-29,369.1,6673,369.1,1993-10-29,369.1,6674.0,1.0,True,1.0,1.0
1993-10-29,369.1,1993-11-01,367.95,6674,367.95,1993-11-01,367.95,6675.0,1.0,True,1.0,1.0
1993-11-01,367.95,1993-11-02,362.5,6675,362.5,1993-11-02,362.5,6676.0,1.0,True,1.0,1.0
1993-11-02,362.5,1993-11-03,363.0,6676,363.0,1993-11-03,363.0,6677.0,1.0,True,1.0,1.0
1993-11-03,363.0,1993-11-04,369.1,6677,369.1,1993-11-04,369.1,6678.0,1.0,True,1.0,1.0
1993-11-04,369.1,1993-11-05,374.4,6678,374.4,1993-11-05,374.4,6679.0,1.0,True,1.0,1.0
1993-11-05,374.4,1993-11-08,377.9,6679,377.9,1993-11-08,377.9,6680.0,1.0,True,1.0,1.0
1993-11-08,377.9,1993-11-09,376.35,6680,376.35,1993-11-09,376.35,6681.0,1.0,True,1.0,1.0
1993-11-09,376.35,1993-11-10,375.5,6681,375.5,1993-11-10,375.5,6682.0,1.0,True,1.0,1.0
1993-11-10,375.5,1993-11-11,377.15,6682,377.15,1993-11-11,377.15,6683.0,1.0,True,1.0,1.0
1993-11-11,377.15,1993-11-12,376.75,6683,376.75,1993-11-12,376.75,6684.0,1.0,True,1.0,1.0
1993-11-12,376.75,1993-11-15,373.9,6684,373.9,1993-11-15,373.9,6685.0,1.0,True,1.0,1.0
1993-11-15,373.9,1993-11-16,375.25,6685,375.25,1993-11-16,375.25,6686.0,1.0,True,1.0,1.0
1993-11-16,375.25,1993-11-17,373.7,6686,373.7,1993-11-17,373.7,6687.0,1.0,True,1.0,1.0
1993-11-17,373.7,1993-11-18,374.25,6687,374.25,1993-11-18,374.25,6688.0,1.0,True,1.0,1.0
1993-11-18,374.25,1993-11-19,375.75,6688,375.75,1993-11-19,375.75,6689.0,1.0,True,1.0,1.0
1993-11-19,375.75,1993-11-22,378.15,6689,378.15,1993-11-22,378.15,6690.0,1.0,True,1.0,1.0
1993-11-22,378.15,1993-11-23,378.05,6690,378.05,1993-11-23,378.05,6691.0,1.0,True,1.0,1.0
1993-11-23,378.05,1993-11-24,376.1,6691,376.1,1993-11-24,376.1,6692.0,1.0,True,1.0,1.0
1993-11-24,376.1,1993-11-25,377.1,6692,377.1,1993-11-25,377.1,6693.0,1.0,True,1.0,1.0
1993-11-25,377.1,1993-11-26,376.3,6693,376.3,1993-11-26,376.3,6694.0,1.0,True,1.0,1.0
1993-11-26,376.3,1993-11-29,376.7,6694,376.7,1993-11-29,376.7,6695.0,1.0,True,1.0,1.0
1993-11-29,376.7,1993-11-30,370.8,6695,370.8,1993-11-30,370.8,6696.0,1.0,True,1.0,1.0
1993-11-30,370.8,1993-12-01,370.1,6696,370.1,1993-12-01,370.1,6697.0,1.0,True,1.0,1.0
1993-12-01,370.1,1993-12-02,374.5,6697,374.5,1993-12-02,374.5,6698.0,1.0,True,1.0,1.0
1993-12-02,374.5,1993-12-03,372.75,6698,372.75,1993-12-03,372.75,6699.0,1.0,True,1.0,1.0
1993-12-03,372.75,1993-12-06,376.15,6699,376.15,1993-12-06,376.15,6700.0,1.0,True,1.0,1.0
1993-12-06,376.15,1993-12-07,374.35,6700,374.35,1993-12-07,374.35,6701.0,1.0,True,1.0,1.0
1993-12-07,374.35,1993-12-08,377.15,6701,377.15,1993-12-08,377.15,6702.0,1.0,True,1.0,1.0
1993-12-08,377.15,1993-12-09,382.5,6702,382.5,1993-12-09,382.5,6703.0,1.0,True,1.0,1.0
1993-12-09,382.5,1993-12-10,382.3,6703,382.3,1993-12-10,382.3,6704.0,1.0,True,1.0,1.0
1993-12-10,382.3,1993-12-13,387.55,6704,387.55,1993-12-13,387.55,6705.0,1.0,True,1.0,1.0
1993-12-13,387.55,1993-12-14,387.6,6705,387.6,1993-12-14,387.6,6706.0,1.0,True,1.0,1.0
1993-12-14,387.6,1993-12-15,385.9,6706,385.9,1993-12-15,385.9,6707.0,1.0,True,1.0,1.0
1993-12-15,385.9,1993-12-16,386.5,6707,386.5,1993-12-16,386.5,6708.0,1.0,True,1.0,1.0
1993-12-16,386.5,1993-12-17,385.8,6708,385.8,1993-12-17,385.8,6709.0,1.0,True,1.0,1.0
1993-12-17,385.8,1993-12-20,389.75,6709,389.75,1993-12-20,389.75,6710.0,1.0,True,1.0,1.0
1993-12-20,389.75,1993-12-21,388.65,6710,388.65,1993-12-21,388.65,6711.0,1.0,True,1.0,1.0
1993-12-21,388.65,1993-12-22,386.4,6711,386.4,1993-12-22,386.4,6712.0,1.0,True,1.0,1.0
1993-12-22,386.4,1993-12-23,385.75,6712,385.75,1993-12-23,385.75,6713.0,1.0,True,1.0,1.0
1993-12-23,385.75,1993-12-24,386.6,6713,386.6,1994-01-11,384.35,6726.0,13.0,True,0.0,0.0
1994-01-11,384.35,1994-01-12,386.8,6726,386.8,1994-01-12,386.8,6727.0,1.0,True,1.0,1.0
1994-01-12,386.8,1994-01-13,384.75,6727,384.75,1994-01-13,384.75,6728.0,1.0,True,1.0,1.0
1994-01-13,384.75,1994-01-14,389.5,6728,389.5,1994-01-14,389.5,6729.0,1.0,True,1.0,1.0
1994-01-14,389.5,1994-01-17,392.6,6729,392.6,1994-01-17,392.6,6730.0,1.0,True,1.0,1.0
1994-01-17,392.6,1994-01-18,392.5,6730,392.5,1994-01-18,392.5,6731.0,1.0,True,1.0,1.0
1994-01-18,392.5,1994-01-19,392.7,6731,392.7,1994-01-19,392.7,6732.0,1.0,True,1.0,1.0
1994-01-19,392.7,1994-01-20,392.4,6732,392.4,1994-01-20,392.4,6733.0,1.0,True,1.0,1.0
1994-01-20,392.4,1994-01-21,387.85,6733,387.85,1994-01-21,387.85,6734.0,1.0,True,1.0,1.0
1994-01-21,387.85,1994-01-24,381.5,6734,381.5,1994-01-26,381.0,6737.0,3.0,True,0.0,0.0
1994-01-26,381.0,1994-01-27,384.5,6737,384.5,1994-01-27,384.5,6738.0,1.0,True,1.0,1.0
1994-01-27,384.5,1994-01-28,378.15,6738,378.15,1994-01-28,378.15,6739.0,1.0,True,1.0,1.0
1994-01-28,378.15,1994-01-31,378.2,6739,378.2,1994-02-01,382.1,6741.0,2.0,True,0.0,0.0
1994-02-01,382.1,1994-02-02,384.95,6741,384.95,1994-02-02,384.95,6742.0,1.0,True,1.0,1.0
1994-02-02,384.95,1994-02-03,384.0,6742,384.0,1994-02-03,384.0,6743.0,1.0,True,1.0,1.0
1994-02-03,384.0,1994-02-04,387.65,6743,387.65,1994-02-04,387.65,6744.0,1.0,True,1.0,1.0
1994-02-04,387.65,1994-02-07,383.95,6744,383.95,1994-02-07,383.95,6745.0,1.0,True,1.0,1.0
1994-02-07,383.95,1994-02-08,380.45,6745,380.45,1994-02-08,380.45,6746.0,1.0,True,1.0,1.0
1994-02-08,380.45,1994-02-09,380.25,6746,380.25,1994-02-09,380.25,6747.0,1.0,True,1.0,1.0
1994-02-09,380.25,1994-02-10,382.2,6747,382.2,1994-02-10,382.2,6748.0,1.0,True,1.0,1.0
1994-02-10,382.2,1994-02-11,381.1,6748,381.1,1994-02-11,381.1,6749.0,1.0,True,1.0,1.0
1994-02-11,381.1,1994-02-14,381.9,6749,381.9,1994-02-14,381.9,6750.0,1.0,True,1.0,1.0
1994-02-14,381.9,1994-02-15,384.5,6750,384.5,1994-02-15,384.5,6751.0,1.0,True,1.0,1.0
1994-02-15,384.5,1994-02-16,383.6,6751,383.6,1994-02-16,383.6,6752.0,1.0,True,1.0,1.0
1994-02-16,383.6,1994-02-17,384.75,6752,384.75,1994-02-17,384.75,6753.0,1.0,True,1.0,1.0
1994-02-17,384.75,1994-02-18,382.05,6753,382.05,1994-02-18,382.05,6754.0,1.0,True,1.0,1.0
1994-02-18,382.05,1994-02-21,379.75,6754,379.75,1994-02-21,379.75,6755.0,1.0,True,1.0,1.0
1994-02-21,379.75,1994-02-22,378.1,6755,378.1,1994-02-22,378.1,6756.0,1.0,True,1.0,1.0
1994-02-22,378.1,1994-02-23,377.5,6756,377.5,1994-02-23,377.5,6757.0,1.0,True,1.0,1.0
1994-02-23,377.5,1994-02-24,376.0,6757,376.0,1994-02-24,376.0,6758.0,1.0,True,1.0,1.0
1994-02-24,376.0,1994-02-25,377.6,6758,377.6,1994-02-25,377.6,6759.0,1.0,True,1.0,1.0
1994-02-25,377.6,1994-02-28,380.75,6759,380.75,1994-02-28,380.75,6760.0,1.0,True,1.0,1.0
1994-02-28,380.75,1994-03-01,381.1,6760,381.1,1994-03-01,381.1,6761.0,1.0,True,1.0,1.0
1994-03-01,381.1,1994-03-02,376.45,6761,376.45,1994-03-02,376.45,6762.0,1.0,True,1.0,1.0
1994-03-02,376.45,1994-03-03,377.7,6762,377.7,1994-03-03,377.7,6763.0,1.0,True,1.0,1.0
1994-03-03,377.7,1994-03-04,375.65,6763,375.65,1994-03-04,375.65,6764.0,1.0,True,1.0,1.0
1994-03-04,375.65,1994-03-07,377.0,6764,377.0,1994-03-07,377.0,6765.0,1.0,True,1.0,1.0
1994-03-07,377.0,1994-03-08,375.45,6765,375.45,1994-03-08,375.45,6766.0,1.0,True,1.0,1.0
1994-03-08,375.45,1994-03-09,376.25,6766,376.25,1994-03-09,376.25,6767.0,1.0,True,1.0,1.0
1994-03-09,376.25,1994-03-10,379.05,6767,379.05,1994-03-10,379.05,6768.0,1.0,True,1.0,1.0
1994-03-10,379.05,1994-03-11,387.1,6768,387.1,1994-03-11,387.1,6769.0,1.0,True,1.0,1.0
1994-03-11,387.1,1994-03-14,386.3,6769,386.3,1994-03-14,386.3,6770.0,1.0,True,1.0,1.0
1994-03-14,386.3,1994-03-15,386.25,6770,386.25,1994-03-15,386.25,6771.0,1.0,True,1.0,1.0
1994-03-15,386.25,1994-03-16,385.3,6771,385.3,1994-03-16,385.3,6772.0,1.0,True,1.0,1.0
1994-03-16,385.3,1994-03-17,383.0,6772,383.0,1994-03-17,383.0,6773.0,1.0,True,1.0,1.0
1994-03-17,383.0,1994-03-18,385.9,6773,385.9,1994-03-18,385.9,6774.0,1.0,True,1.0,1.0
1994-03-18,385.9,1994-03-21,386.8,6774,386.8,1994-03-21,386.8,6775.0,1.0,True,1.0,1.0
1994-03-21,386.8,1994-03-22,386.95,6775,386.95,1994-03-22,386.95,6776.0,1.0,True,1.0,1.0
1994-03-22,386.95,1994-03-23,388.4,6776,388.4,1994-03-23,388.4,6777.0,1.0,True,1.0,1.0
1994-03-23,388.4,1994-03-24,390.3,6777,390.3,1994-03-24,390.3,6778.0,1.0,True,1.0,1.0
1994-03-24,390.3,1994-03-25,391.8,6778,391.8,1994-03-25,391.8,6779.0,1.0,True,1.0,1.0
1994-03-25,391.8,1994-03-28,390.9,6779,390.9,1994-03-28,390.9,6780.0,1.0,True,1.0,1.0
1994-03-28,390.9,1994-03-29,387.9,6780,387.9,1994-03-29,387.9,6781.0,1.0,True,1.0,1.0
1994-03-29,387.9,1994-03-30,386.75,6781,386.75,1994-03-30,386.75,6782.0,1.0,True,1.0,1.0
1994-03-30,386.75,1994-03-31,389.7,6782,389.7,1994-04-12,378.4,6791.0,9.0,True,0.0,0.0
1994-04-12,378.4,1994-04-13,379.2,6791,379.2,1994-04-13,379.2,6792.0,1.0,True,1.0,1.0
1994-04-13,379.2,1994-04-14,378.55,6792,378.55,1994-04-14,378.55,6793.0,1.0,True,1.0,1.0
1994-04-14,378.55,1994-04-15,376.2,6793,376.2,1994-04-15,376.2,6794.0,1.0,True,1.0,1.0
1994-04-15,376.2,1994-04-18,377.35,6794,377.35,1994-04-18,377.35,6795.0,1.0,True,1.0,1.0
1994-04-18,377.35,1994-04-19,375.95,6795,375.95,1994-04-19,375.95,6796.0,1.0,True,1.0,1.0
1994-04-19,375.95,1994-04-20,372.4,6796,372.4,1994-04-20,372.4,6797.0,1.0,True,1.0,1.0
1994-04-20,372.4,1994-04-21,373.75,6797,373.75,1994-04-21,373.75,6798.0,1.0,True,1.0,1.0
1994-04-21,373.75,1994-04-22,372.85,6798,372.85,1994-04-22,372.85,6799.0,1.0,True,1.0,1.0
1994-04-22,372.85,1994-04-25,370.25,6799,370.25,1994-04-25,370.25,6800.0,1.0,True,1.0,1.0
1994-04-25,370.25,1994-04-26,374.15,6800,374.15,1994-04-26,374.15,6801.0,1.0,True,1.0,1.0
1994-04-26,374.15,1994-04-27,374.35,6801,374.35,1994-04-27,374.35,6802.0,1.0,True,1.0,1.0
1994-04-27,374.35,1994-04-28,373.2,6802,373.2,1994-04-28,373.2,6803.0,1.0,True,1.0,1.0
1994-04-28,373.2,1994-04-29,376.45,6803,376.45,1994-05-10,381.65,6811.0,8.0,True,0.0,0.0
1994-05-10,381.65,1994-05-11,378.5,6811,378.5,1994-05-11,378.5,6812.0,1.0,True,1.0,1.0
1994-05-11,378.5,1994-05-12,382.15,6812,382.15,1994-05-12,382.15,6813.0,1.0,True,1.0,1.0
1994-05-12,382.15,1994-05-13,381.45,6813,381.45,1994-05-13,381.45,6814.0,1.0,True,1.0,1.0
1994-05-13,381.45,1994-05-16,380.65,6814,380.65,1994-05-16,380.65,6815.0,1.0,True,1.0,1.0
1994-05-16,380.65,1994-05-17,382.55,6815,382.55,1994-05-17,382.55,6816.0,1.0,True,1.0,1.0
1994-05-17,382.55,1994-05-18,379.65,6816,379.65,1994-05-18,379.65,6817.0,1.0,True,1.0,1.0
1994-05-18,379.65,1994-05-19,383.0,6817,383.0,1994-05-19,383.0,6818.0,1.0,True,1.0,1.0
1994-05-19,383.0,1994-05-20,381.55,6818,381.55,1994-05-20,381.55,6819.0,1.0,True,1.0,1.0
1994-05-20,381.55,1994-05-23,386.75,6819,386.75,1994-05-23,386.75,6820.0,1.0,True,1.0,1.0
1994-05-23,386.75,1994-05-24,388.1,6820,388.1,1994-05-24,388.1,6821.0,1.0,True,1.0,1.0
1994-05-24,388.1,1994-05-25,386.4,6821,386.4,1994-05-25,386.4,6822.0,1.0,True,1.0,1.0
1994-05-25,386.4,1994-05-26,385.9,6822,385.9,1994-05-26,385.9,6823.0,1.0,True,1.0,1.0
1994-05-26,385.9,1994-05-27,383.4,6823,383.4,1994-06-07,380.5,6831.0,8.0,True,0.0,0.0
1994-06-07,380.5,1994-06-08,381.9,6831,381.9,1994-06-08,381.9,6832.0,1.0,True,1.0,1.0
1994-06-08,381.9,1994-06-09,382.2,6832,382.2,1994-06-09,382.2,6833.0,1.0,True,1.0,1.0
1994-06-09,382.2,1994-06-10,383.3,6833,383.3,1994-06-10,383.3,6834.0,1.0,True,1.0,1.0
1994-06-10,383.3,1994-06-13,382.5,6834,382.5,1994-06-13,382.5,6835.0,1.0,True,1.0,1.0
1994-06-13,382.5,1994-06-14,383.5,6835,383.5,1994-06-14,383.5,6836.0,1.0,True,1.0,1.0
1994-06-14,383.5,1994-06-15,383.5,6836,383.5,1994-06-15,383.5,6837.0,1.0,True,1.0,1.0
1994-06-15,383.5,1994-06-16,387.1,6837,387.1,1994-06-16,387.1,6838.0,1.0,True,1.0,1.0
1994-06-16,387.1,1994-06-17,385.75,6838,385.75,1994-06-17,385.75,6839.0,1.0,True,1.0,1.0
1994-06-17,385.75,1994-06-20,391.0,6839,391.0,1994-06-20,391.0,6840.0,1.0,True,1.0,1.0
1994-06-20,391.0,1994-06-21,389.95,6840,389.95,1994-06-21,389.95,6841.0,1.0,True,1.0,1.0
1994-06-21,389.95,1994-06-22,393.1,6841,393.1,1994-06-22,393.1,6842.0,1.0,True,1.0,1.0
1994-06-22,393.1,1994-06-23,389.5,6842,389.5,1994-06-23,389.5,6843.0,1.0,True,1.0,1.0
1994-06-23,389.5,1994-06-24,390.7,6843,390.7,1994-06-24,390.7,6844.0,1.0,True,1.0,1.0
1994-06-24,390.7,1994-06-27,390.25,6844,390.25,1994-06-28,385.9,6846.0,2.0,True,0.0,0.0
1994-06-28,385.9,1994-06-29,385.8,6846,385.8,1994-06-29,385.8,6847.0,1.0,True,1.0,1.0
1994-06-29,385.8,1994-06-30,385.4,6847,385.4,1994-06-30,385.4,6848.0,1.0,True,1.0,1.0
1994-06-30,385.4,1994-07-01,386.8,6848,386.8,1994-07-01,386.8,6849.0,1.0,True,1.0,1.0
1994-07-01,386.8,1994-07-04,387.3,6849,387.3,1994-07-04,387.3,6850.0,1.0,True,1.0,1.0
1994-07-04,387.3,1994-07-05,387.8,6850,387.8,1994-07-05,387.8,6851.0,1.0,True,1.0,1.0
1994-07-05,387.8,1994-07-06,385.75,6851,385.75,1994-07-06,385.75,6852.0,1.0,True,1.0,1.0
1994-07-06,385.75,1994-07-07,383.9,6852,383.9,1994-07-07,383.9,6853.0,1.0,True,1.0,1.0
1994-07-07,383.9,1994-07-08,383.4,6853,383.4,1994-07-08,383.4,6854.0,1.0,True,1.0,1.0
1994-07-08,383.4,1994-07-11,384.4,6854,384.4,1994-07-11,384.4,6855.0,1.0,True,1.0,1.0
1994-07-11,384.4,1994-07-12,385.75,6855,385.75,1994-07-12,385.75,6856.0,1.0,True,1.0,1.0
1994-07-12,385.75,1994-07-13,384.85,6856,384.85,1994-07-13,384.85,6857.0,1.0,True,1.0,1.0
1994-07-13,384.85,1994-07-14,384.0,6857,384.0,1994-07-14,384.0,6858.0,1.0,True,1.0,1.0
1994-07-14,384.0,1994-07-15,384.85,6858,384.85,1994-07-15,384.85,6859.0,1.0,True,1.0,1.0
1994-07-15,384.85,1994-07-18,386.4,6859,386.4,1994-07-18,386.4,6860.0,1.0,True,1.0,1.0
1994-07-18,386.4,1994-07-19,384.25,6860,384.25,1994-07-19,384.25,6861.0,1.0,True,1.0,1.0
1994-07-19,384.25,1994-07-20,386.4,6861,386.4,1994-07-20,386.4,6862.0,1.0,True,1.0,1.0
1994-07-20,386.4,1994-07-21,385.4,6862,385.4,1994-07-21,385.4,6863.0,1.0,True,1.0,1.0
1994-07-21,385.4,1994-07-22,384.1,6863,384.1,1994-07-22,384.1,6864.0,1.0,True,1.0,1.0
1994-07-22,384.1,1994-07-25,384.85,6864,384.85,1994-07-25,384.85,6865.0,1.0,True,1.0,1.0
1994-07-25,384.85,1994-07-26,385.85,6865,385.85,1994-07-26,385.85,6866.0,1.0,True,1.0,1.0
1994-07-26,385.85,1994-07-27,387.0,6866,387.0,1994-07-27,387.0,6867.0,1.0,True,1.0,1.0
1994-07-27,387.0,1994-07-28,387.35,6867,387.35,1994-07-28,387.35,6868.0,1.0,True,1.0,1.0
1994-07-28,387.35,1994-07-29,384.05,6868,384.05,1994-07-29,384.05,6869.0,1.0,True,1.0,1.0
1994-07-29,384.05,1994-08-01,384.0,6869,384.0,1994-08-01,384.0,6870.0,1.0,True,1.0,1.0
1994-08-01,384.0,1994-08-02,383.75,6870,383.75,1994-08-02,383.75,6871.0,1.0,True,1.0,1.0
1994-08-02,383.75,1994-08-03,378.6,6871,378.6,1994-08-03,378.6,6872.0,1.0,True,1.0,1.0
1994-08-03,378.6,1994-08-04,377.5,6872,377.5,1994-08-04,377.5,6873.0,1.0,True,1.0,1.0
1994-08-04,377.5,1994-08-05,378.6,6873,378.6,1994-08-05,378.6,6874.0,1.0,True,1.0,1.0
1994-08-05,378.6,1994-08-08,377.7,6874,377.7,1994-08-08,377.7,6875.0,1.0,True,1.0,1.0
1994-08-08,377.7,1994-08-09,377.4,6875,377.4,1994-08-09,377.4,6876.0,1.0,True,1.0,1.0
1994-08-09,377.4,1994-08-10,378.3,6876,378.3,1994-08-10,378.3,6877.0,1.0,True,1.0,1.0
1994-08-10,378.3,1994-08-11,376.7,6877,376.7,1994-08-11,376.7,6878.0,1.0,True,1.0,1.0
1994-08-11,376.7,1994-08-12,377.7,6878,377.7,1994-08-12,377.7,6879.0,1.0,True,1.0,1.0
1994-08-12,377.7,1994-08-15,376.45,6879,376.45,1994-08-15,376.45,6880.0,1.0,True,1.0,1.0
1994-08-15,376.45,1994-08-16,376.6,6880,376.6,1994-08-16,376.6,6881.0,1.0,True,1.0,1.0
1994-08-16,376.6,1994-08-17,377.8,6881,377.8,1994-08-17,377.8,6882.0,1.0,True,1.0,1.0
1994-08-17,377.8,1994-08-18,377.85,6882,377.85,1994-08-18,377.85,6883.0,1.0,True,1.0,1.0
1994-08-18,377.85,1994-08-19,381.05,6883,381.05,1994-08-19,381.05,6884.0,1.0,True,1.0,1.0
1994-08-19,381.05,1994-08-22,381.6,6884,381.6,1994-08-22,381.6,6885.0,1.0,True,1.0,1.0
1994-08-22,381.6,1994-08-23,381.25,6885,381.25,1994-08-23,381.25,6886.0,1.0,True,1.0,1.0
1994-08-23,381.25,1994-08-24,382.6,6886,382.6,1994-08-24,382.6,6887.0,1.0,True,1.0,1.0
1994-08-24,382.6,1994-08-25,383.4,6887,383.4,1994-08-25,383.4,6888.0,1.0,True,1.0,1.0
1994-08-25,383.4,1994-08-26,383.3,6888,383.3,1994-09-06,387.8,6896.0,8.0,True,0.0,0.0
1994-09-06,387.8,1994-09-07,388.4,6896,388.4,1994-09-07,388.4,6897.0,1.0,True,1.0,1.0
1994-09-07,388.4,1994-09-08,391.0,6897,391.0,1994-09-08,391.0,6898.0,1.0,True,1.0,1.0
1994-09-08,391.0,1994-09-09,389.5,6898,389.5,1994-09-09,389.5,6899.0,1.0,True,1.0,1.0
1994-09-09,389.5,1994-09-12,391.5,6899,391.5,1994-09-12,391.5,6900.0,1.0,True,1.0,1.0
1994-09-12,391.5,1994-09-13,390.45,6900,390.45,1994-09-13,390.45,6901.0,1.0,True,1.0,1.0
1994-09-13,390.45,1994-09-14,390.4,6901,390.4,1994-09-14,390.4,6902.0,1.0,True,1.0,1.0
1994-09-14,390.4,1994-09-15,387.8,6902,387.8,1994-09-15,387.8,6903.0,1.0,True,1.0,1.0
1994-09-15,387.8,1994-09-16,388.25,6903,388.25,1994-09-16,388.25,6904.0,1.0,True,1.0,1.0
1994-09-16,388.25,1994-09-19,390.15,6904,390.15,1994-09-19,390.15,6905.0,1.0,True,1.0,1.0
1994-09-19,390.15,1994-09-20,392.25,6905,392.25,1994-09-20,392.25,6906.0,1.0,True,1.0,1.0
1994-09-20,392.25,1994-09-21,394.8,6906,394.8,1994-09-21,394.8,6907.0,1.0,True,1.0,1.0
1994-09-21,394.8,1994-09-22,393.95,6907,393.95,1994-09-22,393.95,6908.0,1.0,True,1.0,1.0
1994-09-22,393.95,1994-09-23,396.5,6908,396.5,1994-09-23,396.5,6909.0,1.0,True,1.0,1.0
1994-09-23,396.5,1994-09-26,395.4,6909,395.4,1994-09-27,394.15,6911.0,2.0,True,0.0,0.0
1994-09-27,394.15,1994-09-28,397.5,6911,397.5,1994-09-28,397.5,6912.0,1.0,True,1.0,1.0
1994-09-28,397.5,1994-09-29,394.5,6912,394.5,1994-09-29,394.5,6913.0,1.0,True,1.0,1.0
1994-09-29,394.5,1994-09-30,395.35,6913,395.35,1994-09-30,395.35,6914.0,1.0,True,1.0,1.0
1994-09-30,395.35,1994-10-03,393.45,6914,393.45,1994-10-03,393.45,6915.0,1.0,True,1.0,1.0
1994-10-03,393.45,1994-10-04,394.1,6915,394.1,1994-10-04,394.1,6916.0,1.0,True,1.0,1.0
1994-10-04,394.1,1994-10-05,392.15,6916,392.15,1994-10-05,392.15,6917.0,1.0,True,1.0,1.0
1994-10-05,392.15,1994-10-06,391.9,6917,391.9,1994-10-06,391.9,6918.0,1.0,True,1.0,1.0
1994-10-06,391.9,1994-10-07,392.85,6918,392.85,1994-10-07,392.85,6919.0,1.0,True,1.0,1.0
1994-10-07,392.85,1994-10-10,391.95,6919,391.95,1994-10-10,391.95,6920.0,1.0,True,1.0,1.0
1994-10-10,391.95,1994-10-11,389.45,6920,389.45,1994-10-11,389.45,6921.0,1.0,True,1.0,1.0
1994-10-11,389.45,1994-10-12,388.2,6921,388.2,1994-10-12,388.2,6922.0,1.0,True,1.0,1.0
1994-10-12,388.2,1994-10-13,388.85,6922,388.85,1994-10-13,388.85,6923.0,1.0,True,1.0,1.0
1994-10-13,388.85,1994-10-14,387.1,6923,387.1,1994-10-14,387.1,6924.0,1.0,True,1.0,1.0
1994-10-14,387.1,1994-10-17,388.95,6924,388.95,1994-10-17,388.95,6925.0,1.0,True,1.0,1.0
1994-10-17,388.95,1994-10-18,390.0,6925,390.0,1994-10-18,390.0,6926.0,1.0,True,1.0,1.0
1994-10-18,390.0,1994-10-19,389.0,6926,389.0,1994-10-19,389.0,6927.0,1.0,True,1.0,1.0
1994-10-19,389.0,1994-10-20,390.55,6927,390.55,1994-10-20,390.55,6928.0,1.0,True,1.0,1.0
1994-10-20,390.55,1994-10-21,391.65,6928,391.65,1994-10-21,391.65,6929.0,1.0,True,1.0,1.0
1994-10-21,391.65,1994-10-24,389.2,6929,389.2,1994-10-24,389.2,6930.0,1.0,True,1.0,1.0
1994-10-24,389.2,1994-10-25,389.6,6930,389.6,1994-10-25,389.6,6931.0,1.0,True,1.0,1.0
1994-10-25,389.6,1994-10-26,388.8,6931,388.8,1994-10-26,388.8,6932.0,1.0,True,1.0,1.0
1994-10-26,388.8,1994-10-27,389.9,6932,389.9,1994-10-27,389.9,6933.0,1.0,True,1.0,1.0
1994-10-27,389.9,1994-10-28,388.4,6933,388.4,1994-10-28,388.4,6934.0,1.0,True,1.0,1.0
1994-10-28,388.4,1994-10-31,387.4,6934,387.4,1994-10-31,387.4,6935.0,1.0,True,1.0,1.0
1994-10-31,387.4,1994-11-01,383.45,6935,383.45,1994-11-01,383.45,6936.0,1.0,True,1.0,1.0
1994-11-01,383.45,1994-11-02,383.85,6936,383.85,1994-11-02,383.85,6937.0,1.0,True,1.0,1.0
1994-11-02,383.85,1994-11-03,383.9,6937,383.9,1994-11-03,383.9,6938.0,1.0,True,1.0,1.0
1994-11-03,383.9,1994-11-04,383.9,6938,383.9,1994-11-04,383.9,6939.0,1.0,True,1.0,1.0
1994-11-04,383.9,1994-11-07,383.2,6939,383.2,1994-11-07,383.2,6940.0,1.0,True,1.0,1.0
1994-11-07,383.2,1994-11-08,383.1,6940,383.1,1994-11-08,383.1,6941.0,1.0,True,1.0,1.0
1994-11-08,383.1,1994-11-09,384.35,6941,384.35,1994-11-09,384.35,6942.0,1.0,True,1.0,1.0
1994-11-09,384.35,1994-11-10,384.3,6942,384.3,1994-11-10,384.3,6943.0,1.0,True,1.0,1.0
1994-11-10,384.3,1994-11-11,385.25,6943,385.25,1994-11-11,385.25,6944.0,1.0,True,1.0,1.0
1994-11-11,385.25,1994-11-14,384.9,6944,384.9,1994-11-14,384.9,6945.0,1.0,True,1.0,1.0
1994-11-14,384.9,1994-11-15,386.45,6945,386.45,1994-11-15,386.45,6946.0,1.0,True,1.0,1.0
1994-11-15,386.45,1994-11-16,385.5,6946,385.5,1994-11-16,385.5,6947.0,1.0,True,1.0,1.0
1994-11-16,385.5,1994-11-17,386.4,6947,386.4,1994-11-17,386.4,6948.0,1.0,True,1.0,1.0
1994-11-17,386.4,1994-11-18,385.25,6948,385.25,1994-11-18,385.25,6949.0,1.0,True,1.0,1.0
1994-11-18,385.25,1994-11-21,383.6,6949,383.6,1994-11-21,383.6,6950.0,1.0,True,1.0,1.0
1994-11-21,383.6,1994-11-22,383.7,6950,383.7,1994-11-22,383.7,6951.0,1.0,True,1.0,1.0
1994-11-22,383.7,1994-11-23,384.5,6951,384.5,1994-11-23,384.5,6952.0,1.0,True,1.0,1.0
1994-11-23,384.5,1994-11-24,384.4,6952,384.4,1994-11-24,384.4,6953.0,1.0,True,1.0,1.0
1994-11-24,384.4,1994-11-25,384.55,6953,384.55,1994-11-25,384.55,6954.0,1.0,True,1.0,1.0
1994-11-25,384.55,1994-11-28,384.7,6954,384.7,1994-11-28,384.7,6955.0,1.0,True,1.0,1.0
1994-11-28,384.7,1994-11-29,383.7,6955,383.7,1994-11-29,383.7,6956.0,1.0,True,1.0,1.0
1994-11-29,383.7,1994-11-30,383.35,6956,383.35,1994-11-30,383.35,6957.0,1.0,True,1.0,1.0
1994-11-30,383.35,1994-12-01,381.2,6957,381.2,1994-12-01,381.2,6958.0,1.0,True,1.0,1.0
1994-12-01,381.2,1994-12-02,378.95,6958,378.95,1994-12-02,378.95,6959.0,1.0,True,1.0,1.0
1994-12-02,378.95,1994-12-05,377.3,6959,377.3,1994-12-05,377.3,6960.0,1.0,True,1.0,1.0
1994-12-05,377.3,1994-12-06,376.55,6960,376.55,1994-12-06,376.55,6961.0,1.0,True,1.0,1.0
1994-12-06,376.55,1994-12-07,377.0,6961,377.0,1994-12-07,377.0,6962.0,1.0,True,1.0,1.0
1994-12-07,377.0,1994-12-08,376.45,6962,376.45,1994-12-08,376.45,6963.0,1.0,True,1.0,1.0
1994-12-08,376.45,1994-12-09,376.1,6963,376.1,1994-12-09,376.1,6964.0,1.0,True,1.0,1.0
1994-12-09,376.1,1994-12-12,376.85,6964,376.85,1994-12-12,376.85,6965.0,1.0,True,1.0,1.0
1994-12-12,376.85,1994-12-13,378.7,6965,378.7,1994-12-13,378.7,6966.0,1.0,True,1.0,1.0
1994-12-13,378.7,1994-12-14,378.35,6966,378.35,1994-12-14,378.35,6967.0,1.0,True,1.0,1.0
1994-12-14,378.35,1994-12-15,380.1,6967,380.1,1994-12-15,380.1,6968.0,1.0,True,1.0,1.0
1994-12-15,380.1,1994-12-16,379.7,6968,379.7,1994-12-16,379.7,6969.0,1.0,True,1.0,1.0
1994-12-16,379.7,1994-12-19,379.0,6969,379.0,1994-12-19,379.0,6970.0,1.0,True,1.0,1.0
1994-12-19,379.0,1994-12-20,380.6,6970,380.6,1994-12-20,380.6,6971.0,1.0,True,1.0,1.0
1994-12-20,380.6,1994-12-21,382.5,6971,382.5,1994-12-21,382.5,6972.0,1.0,True,1.0,1.0
1994-12-21,382.5,1994-12-22,381.5,6972,381.5,1994-12-22,381.5,6973.0,1.0,True,1.0,1.0
1994-12-22,381.5,1994-12-23,381.3,6973,381.3,1995-01-10,374.1,6986.0,13.0,True,0.0,0.0
1995-01-10,374.1,1995-01-11,375.0,6986,375.0,1995-01-11,375.0,6987.0,1.0,True,1.0,1.0
1995-01-11,375.0,1995-01-12,377.6,6987,377.6,1995-01-12,377.6,6988.0,1.0,True,1.0,1.0
1995-01-12,377.6,1995-01-13,379.8,6988,379.8,1995-01-13,379.8,6989.0,1.0,True,1.0,1.0
1995-01-13,379.8,1995-01-16,377.45,6989,377.45,1995-01-16,377.45,6990.0,1.0,True,1.0,1.0
1995-01-16,377.45,1995-01-17,377.9,6990,377.9,1995-01-17,377.9,6991.0,1.0,True,1.0,1.0
1995-01-17,377.9,1995-01-18,382.0,6991,382.0,1995-01-18,382.0,6992.0,1.0,True,1.0,1.0
1995-01-18,382.0,1995-01-19,383.1,6992,383.1,1995-01-19,383.1,6993.0,1.0,True,1.0,1.0
1995-01-19,383.1,1995-01-20,383.0,6993,383.0,1995-01-20,383.0,6994.0,1.0,True,1.0,1.0
1995-01-20,383.0,1995-01-23,385.1,6994,385.1,1995-01-25,381.7,6997.0,3.0,True,0.0,0.0
1995-01-25,381.7,1995-01-26,380.5,6997,380.5,1995-01-26,380.5,6998.0,1.0,True,1.0,1.0
1995-01-26,380.5,1995-01-27,380.0,6998,380.0,1995-01-27,380.0,6999.0,1.0,True,1.0,1.0
1995-01-27,380.0,1995-01-30,375.9,6999,375.9,1995-01-31,375.85,7001.0,2.0,True,0.0,0.0
1995-01-31,375.85,1995-02-01,376.25,7001,376.25,1995-02-01,376.25,7002.0,1.0,True,1.0,1.0
1995-02-01,376.25,1995-02-02,375.25,7002,375.25,1995-02-02,375.25,7003.0,1.0,True,1.0,1.0
1995-02-02,375.25,1995-02-03,376.35,7003,376.35,1995-02-03,376.35,7004.0,1.0,True,1.0,1.0
1995-02-03,376.35,1995-02-06,375.25,7004,375.25,1995-02-06,375.25,7005.0,1.0,True,1.0,1.0
1995-02-06,375.25,1995-02-07,375.2,7005,375.2,1995-02-07,375.2,7006.0,1.0,True,1.0,1.0
1995-02-07,375.2,1995-02-08,374.8,7006,374.8,1995-02-08,374.8,7007.0,1.0,True,1.0,1.0
1995-02-08,374.8,1995-02-09,375.85,7007,375.85,1995-02-09,375.85,7008.0,1.0,True,1.0,1.0
1995-02-09,375.85,1995-02-10,376.4,7008,376.4,1995-02-10,376.4,7009.0,1.0,True,1.0,1.0
1995-02-10,376.4,1995-02-13,375.6,7009,375.6,1995-02-13,375.6,7010.0,1.0,True,1.0,1.0
1995-02-13,375.6,1995-02-14,376.0,7010,376.0,1995-02-14,376.0,7011.0,1.0,True,1.0,1.0
1995-02-14,376.0,1995-02-15,376.9,7011,376.9,1995-02-15,376.9,7012.0,1.0,True,1.0,1.0
1995-02-15,376.9,1995-02-16,376.1,7012,376.1,1995-02-16,376.1,7013.0,1.0,True,1.0,1.0
1995-02-16,376.1,1995-02-17,376.55,7013,376.55,1995-02-17,376.55,7014.0,1.0,True,1.0,1.0
1995-02-17,376.55,1995-02-20,379.3,7014,379.3,1995-02-20,379.3,7015.0,1.0,True,1.0,1.0
1995-02-20,379.3,1995-02-21,379.0,7015,379.0,1995-02-21,379.0,7016.0,1.0,True,1.0,1.0
1995-02-21,379.0,1995-02-22,379.0,7016,379.0,1995-02-22,379.0,7017.0,1.0,True,1.0,1.0
1995-02-22,379.0,1995-02-23,379.0,7017,379.0,1995-02-23,379.0,7018.0,1.0,True,1.0,1.0
1995-02-23,379.0,1995-02-24,379.6,7018,379.6,1995-02-24,379.6,7019.0,1.0,True,1.0,1.0
1995-02-24,379.6,1995-02-27,376.8,7019,376.8,1995-02-27,376.8,7020.0,1.0,True,1.0,1.0
1995-02-27,376.8,1995-02-28,375.7,7020,375.7,1995-02-28,375.7,7021.0,1.0,True,1.0,1.0
1995-02-28,375.7,1995-03-01,376.3,7021,376.3,1995-03-01,376.3,7022.0,1.0,True,1.0,1.0
1995-03-01,376.3,1995-03-02,374.45,7022,374.45,1995-03-02,374.45,7023.0,1.0,True,1.0,1.0
1995-03-02,374.45,1995-03-03,376.35,7023,376.35,1995-03-03,376.35,7024.0,1.0,True,1.0,1.0
1995-03-03,376.35,1995-03-06,376.6,7024,376.6,1995-03-06,376.6,7025.0,1.0,True,1.0,1.0
1995-03-06,376.6,1995-03-07,379.0,7025,379.0,1995-03-07,379.0,7026.0,1.0,True,1.0,1.0
1995-03-07,379.0,1995-03-08,383.1,7026,383.1,1995-03-08,383.1,7027.0,1.0,True,1.0,1.0
1995-03-08,383.1,1995-03-09,381.0,7027,381.0,1995-03-09,381.0,7028.0,1.0,True,1.0,1.0
1995-03-09,381.0,1995-03-10,383.5,7028,383.5,1995-03-10,383.5,7029.0,1.0,True,1.0,1.0
1995-03-10,383.5,1995-03-13,382.75,7029,382.75,1995-03-13,382.75,7030.0,1.0,True,1.0,1.0
1995-03-13,382.75,1995-03-14,385.2,7030,385.2,1995-03-14,385.2,7031.0,1.0,True,1.0,1.0
1995-03-14,385.2,1995-03-15,386.6,7031,386.6,1995-03-15,386.6,7032.0,1.0,True,1.0,1.0
1995-03-15,386.6,1995-03-16,385.15,7032,385.15,1995-03-16,385.15,7033.0,1.0,True,1.0,1.0
1995-03-16,385.15,1995-03-17,382.75,7033,382.75,1995-03-17,382.75,7034.0,1.0,True,1.0,1.0
1995-03-17,382.75,1995-03-20,382.45,7034,382.45,1995-03-20,382.45,7035.0,1.0,True,1.0,1.0
1995-03-20,382.45,1995-03-21,382.6,7035,382.6,1995-03-21,382.6,7036.0,1.0,True,1.0,1.0
1995-03-21,382.6,1995-03-22,381.4,7036,381.4,1995-03-22,381.4,7037.0,1.0,True,1.0,1.0
1995-03-22,381.4,1995-03-23,383.1,7037,383.1,1995-03-23,383.1,7038.0,1.0,True,1.0,1.0
1995-03-23,383.1,1995-03-24,383.25,7038,383.25,1995-03-24,383.25,7039.0,1.0,True,1.0,1.0
1995-03-24,383.25,1995-03-27,382.3,7039,382.3,1995-03-27,382.3,7040.0,1.0,True,1.0,1.0
1995-03-27,382.3,1995-03-28,382.35,7040,382.35,1995-03-28,382.35,7041.0,1.0,True,1.0,1.0
1995-03-28,382.35,1995-03-29,383.0,7041,383.0,1995-03-29,383.0,7042.0,1.0,True,1.0,1.0
1995-03-29,383.0,1995-03-30,382.1,7042,382.1,1995-03-30,382.1,7043.0,1.0,True,1.0,1.0
1995-03-30,382.1,1995-03-31,386.55,7043,386.55,1995-03-31,386.55,7044.0,1.0,True,1.0,1.0
1995-03-31,386.55,1995-04-03,392.25,7044,392.25,1995-04-03,392.25,7045.0,1.0,True,1.0,1.0
1995-04-03,392.25,1995-04-04,391.95,7045,391.95,1995-04-04,391.95,7046.0,1.0,True,1.0,1.0
1995-04-04,391.95,1995-04-05,392.5,7046,392.5,1995-04-05,392.5,7047.0,1.0,True,1.0,1.0
1995-04-05,392.5,1995-04-06,393.75,7047,393.75,1995-04-06,393.75,7048.0,1.0,True,1.0,1.0
1995-04-06,393.75,1995-04-07,392.0,7048,392.0,1995-04-07,392.0,7049.0,1.0,True,1.0,1.0
1995-04-07,392.0,1995-04-10,390.9,7049,390.9,1995-04-10,390.9,7050.0,1.0,True,1.0,1.0
1995-04-10,390.9,1995-04-11,389.1,7050,389.1,1995-04-11,389.1,7051.0,1.0,True,1.0,1.0
1995-04-11,389.1,1995-04-12,389.8,7051,389.8,1995-04-12,389.8,7052.0,1.0,True,1.0,1.0
1995-04-12,389.8,1995-04-13,389.9,7052,389.9,1995-04-25,390.2,7061.0,9.0,True,0.0,0.0
1995-04-25,390.2,1995-04-26,389.85,7061,389.85,1995-04-26,389.85,7062.0,1.0,True,1.0,1.0
1995-04-26,389.85,1995-04-27,386.6,7062,386.6,1995-04-27,386.6,7063.0,1.0,True,1.0,1.0
1995-04-27,386.6,1995-04-28,389.5,7063,389.5,1995-04-28,389.5,7064.0,1.0,True,1.0,1.0
1995-04-28,389.5,1995-05-01,386.5,7064,386.5,1995-05-01,386.5,7065.0,1.0,True,1.0,1.0
1995-05-01,386.5,1995-05-02,388.35,7065,388.35,1995-05-02,388.35,7066.0,1.0,True,1.0,1.0
1995-05-02,388.35,1995-05-03,388.8,7066,388.8,1995-05-03,388.8,7067.0,1.0,True,1.0,1.0
1995-05-03,388.8,1995-05-04,390.3,7067,390.3,1995-05-04,390.3,7068.0,1.0,True,1.0,1.0
1995-05-04,390.3,1995-05-05,391.35,7068,391.35,1995-05-16,384.1,7076.0,8.0,True,0.0,0.0
1995-05-16,384.1,1995-05-17,383.4,7076,383.4,1995-05-17,383.4,7077.0,1.0,True,1.0,1.0
1995-05-17,383.4,1995-05-18,383.05,7077,383.05,1995-05-18,383.05,7078.0,1.0,True,1.0,1.0
1995-05-18,383.05,1995-05-19,382.6,7078,382.6,1995-05-19,382.6,7079.0,1.0,True,1.0,1.0
1995-05-19,382.6,1995-05-22,382.35,7079,382.35,1995-05-22,382.35,7080.0,1.0,True,1.0,1.0
1995-05-22,382.35,1995-05-23,381.85,7080,381.85,1995-05-23,381.85,7081.0,1.0,True,1.0,1.0
1995-05-23,381.85,1995-05-24,382.9,7081,382.9,1995-05-24,382.9,7082.0,1.0,True,1.0,1.0
1995-05-24,382.9,1995-05-25,383.75,7082,383.75,1995-05-25,383.75,7083.0,1.0,True,1.0,1.0
1995-05-25,383.75,1995-05-26,385.8,7083,385.8,1995-06-06,384.2,7091.0,8.0,True,0.0,0.0
1995-06-06,384.2,1995-06-07,384.65,7091,384.65,1995-06-07,384.65,7092.0,1.0,True,1.0,1.0
1995-06-07,384.65,1995-06-08,385.95,7092,385.95,1995-06-08,385.95,7093.0,1.0,True,1.0,1.0
1995-06-08,385.95,1995-06-09,386.4,7093,386.4,1995-06-09,386.4,7094.0,1.0,True,1.0,1.0
1995-06-09,386.4,1995-06-12,387.6,7094,387.6,1995-06-12,387.6,7095.0,1.0,True,1.0,1.0
1995-06-12,387.6,1995-06-13,387.5,7095,387.5,1995-06-13,387.5,7096.0,1.0,True,1.0,1.0
1995-06-13,387.5,1995-06-14,386.8,7096,386.8,1995-06-14,386.8,7097.0,1.0,True,1.0,1.0
1995-06-14,386.8,1995-06-15,388.0,7097,388.0,1995-06-15,388.0,7098.0,1.0,True,1.0,1.0
1995-06-15,388.0,1995-06-16,391.3,7098,391.3,1995-06-16,391.3,7099.0,1.0,True,1.0,1.0
1995-06-16,391.3,1995-06-19,390.5,7099,390.5,1995-06-19,390.5,7100.0,1.0,True,1.0,1.0
1995-06-19,390.5,1995-06-20,390.6,7100,390.6,1995-06-20,390.6,7101.0,1.0,True,1.0,1.0
1995-06-20,390.6,1995-06-21,390.7,7101,390.7,1995-06-21,390.7,7102.0,1.0,True,1.0,1.0
1995-06-21,390.7,1995-06-22,389.8,7102,389.8,1995-06-22,389.8,7103.0,1.0,True,1.0,1.0
1995-06-22,389.8,1995-06-23,389.4,7103,389.4,1995-06-23,389.4,7104.0,1.0,True,1.0,1.0
1995-06-23,389.4,1995-06-26,389.3,7104,389.3,1995-06-27,389.35,7106.0,2.0,True,0.0,0.0
1995-06-27,389.35,1995-06-28,389.3,7106,389.3,1995-06-28,389.3,7107.0,1.0,True,1.0,1.0
1995-06-28,389.3,1995-06-29,387.45,7107,387.45,1995-06-29,387.45,7108.0,1.0,True,1.0,1.0
1995-06-29,387.45,1995-06-30,387.6,7108,387.6,1995-06-30,387.6,7109.0,1.0,True,1.0,1.0
1995-06-30,387.6,1995-07-03,384.35,7109,384.35,1995-07-03,384.35,7110.0,1.0,True,1.0,1.0
1995-07-03,384.35,1995-07-04,384.65,7110,384.65,1995-07-04,384.65,7111.0,1.0,True,1.0,1.0
1995-07-04,384.65,1995-07-05,384.6,7111,384.6,1995-07-05,384.6,7112.0,1.0,True,1.0,1.0
1995-07-05,384.6,1995-07-06,384.45,7112,384.45,1995-07-06,384.45,7113.0,1.0,True,1.0,1.0
1995-07-06,384.45,1995-07-07,384.8,7113,384.8,1995-07-07,384.8,7114.0,1.0,True,1.0,1.0
1995-07-07,384.8,1995-07-10,385.75,7114,385.75,1995-07-10,385.75,7115.0,1.0,True,1.0,1.0
1995-07-10,385.75,1995-07-11,384.95,7115,384.95,1995-07-11,384.95,7116.0,1.0,True,1.0,1.0
1995-07-11,384.95,1995-07-12,385.85,7116,385.85,1995-07-12,385.85,7117.0,1.0,True,1.0,1.0
1995-07-12,385.85,1995-07-13,389.3,7117,389.3,1995-07-13,389.3,7118.0,1.0,True,1.0,1.0
1995-07-13,389.3,1995-07-14,388.2,7118,388.2,1995-07-14,388.2,7119.0,1.0,True,1.0,1.0
1995-07-14,388.2,1995-07-17,388.2,7119,388.2,1995-07-17,388.2,7120.0,1.0,True,1.0,1.0
1995-07-17,388.2,1995-07-18,389.3,7120,389.3,1995-07-18,389.3,7121.0,1.0,True,1.0,1.0
1995-07-18,389.3,1995-07-19,389.25,7121,389.25,1995-07-19,389.25,7122.0,1.0,True,1.0,1.0
1995-07-19,389.25,1995-07-20,387.85,7122,387.85,1995-07-20,387.85,7123.0,1.0,True,1.0,1.0
1995-07-20,387.85,1995-07-21,385.85,7123,385.85,1995-07-21,385.85,7124.0,1.0,True,1.0,1.0
1995-07-21,385.85,1995-07-24,386.45,7124,386.45,1995-07-24,386.45,7125.0,1.0,True,1.0,1.0
1995-07-24,386.45,1995-07-25,386.65,7125,386.65,1995-07-25,386.65,7126.0,1.0,True,1.0,1.0
1995-07-25,386.65,1995-07-26,385.8,7126,385.8,1995-07-26,385.8,7127.0,1.0,True,1.0,1.0
1995-07-26,385.8,1995-07-27,386.1,7127,386.1,1995-07-27,386.1,7128.0,1.0,True,1.0,1.0
1995-07-27,386.1,1995-07-28,383.2,7128,383.2,1995-07-28,383.2,7129.0,1.0,True,1.0,1.0
1995-07-28,383.2,1995-07-31,383.35,7129,383.35,1995-07-31,383.35,7130.0,1.0,True,1.0,1.0
1995-07-31,383.35,1995-08-01,381.75,7130,381.75,1995-08-01,381.75,7131.0,1.0,True,1.0,1.0
1995-08-01,381.75,1995-08-02,382.65,7131,382.65,1995-08-02,382.65,7132.0,1.0,True,1.0,1.0
1995-08-02,382.65,1995-08-03,382.75,7132,382.75,1995-08-03,382.75,7133.0,1.0,True,1.0,1.0
1995-08-03,382.75,1995-08-04,384.35,7133,384.35,1995-08-04,384.35,7134.0,1.0,True,1.0,1.0
1995-08-04,384.35,1995-08-07,383.75,7134,383.75,1995-08-07,383.75,7135.0,1.0,True,1.0,1.0
1995-08-07,383.75,1995-08-08,384.35,7135,384.35,1995-08-08,384.35,7136.0,1.0,True,1.0,1.0
1995-08-08,384.35,1995-08-09,384.5,7136,384.5,1995-08-09,384.5,7137.0,1.0,True,1.0,1.0
1995-08-09,384.5,1995-08-10,384.05,7137,384.05,1995-08-10,384.05,7138.0,1.0,True,1.0,1.0
1995-08-10,384.05,1995-08-11,383.9,7138,383.9,1995-08-11,383.9,7139.0,1.0,True,1.0,1.0
1995-08-11,383.9,1995-08-14,383.5,7139,383.5,1995-08-14,383.5,7140.0,1.0,True,1.0,1.0
1995-08-14,383.5,1995-08-15,384.5,7140,384.5,1995-08-15,384.5,7141.0,1.0,True,1.0,1.0
1995-08-15,384.5,1995-08-16,384.1,7141,384.1,1995-08-16,384.1,7142.0,1.0,True,1.0,1.0
1995-08-16,384.1,1995-08-17,383.0,7142,383.0,1995-08-17,383.0,7143.0,1.0,True,1.0,1.0
1995-08-17,383.0,1995-08-18,384.85,7143,384.85,1995-08-18,384.85,7144.0,1.0,True,1.0,1.0
1995-08-18,384.85,1995-08-21,385.55,7144,385.55,1995-08-21,385.55,7145.0,1.0,True,1.0,1.0
1995-08-21,385.55,1995-08-22,383.55,7145,383.55,1995-08-22,383.55,7146.0,1.0,True,1.0,1.0
1995-08-22,383.55,1995-08-23,383.45,7146,383.45,1995-08-23,383.45,7147.0,1.0,True,1.0,1.0
1995-08-23,383.45,1995-08-24,383.1,7147,383.1,1995-08-24,383.1,7148.0,1.0,True,1.0,1.0
1995-08-24,383.1,1995-08-25,382.6,7148,382.6,1995-09-05,379.4,7156.0,8.0,True,0.0,0.0
1995-09-05,379.4,1995-09-06,379.0,7156,379.0,1995-09-06,379.0,7157.0,1.0,True,1.0,1.0
1995-09-06,379.0,1995-09-07,380.55,7157,380.55,1995-09-07,380.55,7158.0,1.0,True,1.0,1.0
1995-09-07,380.55,1995-09-08,383.05,7158,383.05,1995-09-08,383.05,7159.0,1.0,True,1.0,1.0
1995-09-08,383.05,1995-09-11,381.9,7159,381.9,1995-09-11,381.9,7160.0,1.0,True,1.0,1.0
1995-09-11,381.9,1995-09-12,382.9,7160,382.9,1995-09-12,382.9,7161.0,1.0,True,1.0,1.0
1995-09-12,382.9,1995-09-13,385.4,7161,385.4,1995-09-13,385.4,7162.0,1.0,True,1.0,1.0
1995-09-13,385.4,1995-09-14,384.7,7162,384.7,1995-09-14,384.7,7163.0,1.0,True,1.0,1.0
1995-09-14,384.7,1995-09-15,385.25,7163,385.25,1995-09-15,385.25,7164.0,1.0,True,1.0,1.0
1995-09-15,385.25,1995-09-18,384.95,7164,384.95,1995-09-18,384.95,7165.0,1.0,True,1.0,1.0
1995-09-18,384.95,1995-09-19,385.65,7165,385.65,1995-09-19,385.65,7166.0,1.0,True,1.0,1.0
1995-09-19,385.65,1995-09-20,385.0,7166,385.0,1995-09-20,385.0,7167.0,1.0,True,1.0,1.0
1995-09-20,385.0,1995-09-21,382.95,7167,382.95,1995-09-21,382.95,7168.0,1.0,True,1.0,1.0
1995-09-21,382.95,1995-09-22,383.25,7168,383.25,1995-09-22,383.25,7169.0,1.0,True,1.0,1.0
1995-09-22,383.25,1995-09-25,382.2,7169,382.2,1995-09-26,383.25,7171.0,2.0,True,0.0,0.0
1995-09-26,383.25,1995-09-27,383.2,7171,383.2,1995-09-27,383.2,7172.0,1.0,True,1.0,1.0
1995-09-27,383.2,1995-09-28,383.55,7172,383.55,1995-09-28,383.55,7173.0,1.0,True,1.0,1.0
1995-09-28,383.55,1995-09-29,383.75,7173,383.75,1995-09-29,383.75,7174.0,1.0,True,1.0,1.0
1995-09-29,383.75,1995-10-02,383.1,7174,383.1,1995-10-02,383.1,7175.0,1.0,True,1.0,1.0
1995-10-02,383.1,1995-10-03,382.25,7175,382.25,1995-10-03,382.25,7176.0,1.0,True,1.0,1.0
1995-10-03,382.25,1995-10-04,382.6,7176,382.6,1995-10-04,382.6,7177.0,1.0,True,1.0,1.0
1995-10-04,382.6,1995-10-05,383.35,7177,383.35,1995-10-05,383.35,7178.0,1.0,True,1.0,1.0
1995-10-05,383.35,1995-10-06,382.5,7178,382.5,1995-10-06,382.5,7179.0,1.0,True,1.0,1.0
1995-10-06,382.5,1995-10-09,384.65,7179,384.65,1995-10-09,384.65,7180.0,1.0,True,1.0,1.0
1995-10-09,384.65,1995-10-10,384.7,7180,384.7,1995-10-10,384.7,7181.0,1.0,True,1.0,1.0
1995-10-10,384.7,1995-10-11,384.7,7181,384.7,1995-10-11,384.7,7182.0,1.0,True,1.0,1.0
1995-10-11,384.7,1995-10-12,384.6,7182,384.6,1995-10-12,384.6,7183.0,1.0,True,1.0,1.0
1995-10-12,384.6,1995-10-13,384.0,7183,384.0,1995-10-13,384.0,7184.0,1.0,True,1.0,1.0
1995-10-13,384.0,1995-10-16,384.0,7184,384.0,1995-10-16,384.0,7185.0,1.0,True,1.0,1.0
1995-10-16,384.0,1995-10-17,383.8,7185,383.8,1995-10-17,383.8,7186.0,1.0,True,1.0,1.0
1995-10-17,383.8,1995-10-18,383.75,7186,383.75,1995-10-18,383.75,7187.0,1.0,True,1.0,1.0
1995-10-18,383.75,1995-10-19,383.4,7187,383.4,1995-10-19,383.4,7188.0,1.0,True,1.0,1.0
1995-10-19,383.4,1995-10-20,381.85,7188,381.85,1995-10-20,381.85,7189.0,1.0,True,1.0,1.0
1995-10-20,381.85,1995-10-23,382.55,7189,382.55,1995-10-23,382.55,7190.0,1.0,True,1.0,1.0
1995-10-23,382.55,1995-10-24,382.55,7190,382.55,1995-10-24,382.55,7191.0,1.0,True,1.0,1.0
1995-10-24,382.55,1995-10-25,382.4,7191,382.4,1995-10-25,382.4,7192.0,1.0,True,1.0,1.0
1995-10-25,382.4,1995-10-26,382.7,7192,382.7,1995-10-26,382.7,7193.0,1.0,True,1.0,1.0
1995-10-26,382.7,1995-10-27,382.55,7193,382.55,1995-10-27,382.55,7194.0,1.0,True,1.0,1.0
1995-10-27,382.55,1995-10-30,382.05,7194,382.05,1995-10-30,382.05,7195.0,1.0,True,1.0,1.0
1995-10-30,382.05,1995-10-31,382.4,7195,382.4,1995-10-31,382.4,7196.0,1.0,True,1.0,1.0
1995-10-31,382.4,1995-11-01,382.5,7196,382.5,1995-11-01,382.5,7197.0,1.0,True,1.0,1.0
1995-11-01,382.5,1995-11-02,382.2,7197,382.2,1995-11-02,382.2,7198.0,1.0,True,1.0,1.0
1995-11-02,382.2,1995-11-03,382.8,7198,382.8,1995-11-03,382.8,7199.0,1.0,True,1.0,1.0
1995-11-03,382.8,1995-11-06,382.5,7199,382.5,1995-11-06,382.5,7200.0,1.0,True,1.0,1.0
1995-11-06,382.5,1995-11-07,382.3,7200,382.3,1995-11-07,382.3,7201.0,1.0,True,1.0,1.0
1995-11-07,382.3,1995-11-08,384.7,7201,384.7,1995-11-08,384.7,7202.0,1.0,True,1.0,1.0
1995-11-08,384.7,1995-11-09,384.4,7202,384.4,1995-11-09,384.4,7203.0,1.0,True,1.0,1.0
1995-11-09,384.4,1995-11-10,386.65,7203,386.65,1995-11-10,386.65,7204.0,1.0,True,1.0,1.0
1995-11-10,386.65,1995-11-13,389.6,7204,389.6,1995-11-13,389.6,7205.0,1.0,True,1.0,1.0
1995-11-13,389.6,1995-11-14,386.1,7205,386.1,1995-11-14,386.1,7206.0,1.0,True,1.0,1.0
1995-11-14,386.1,1995-11-15,385.6,7206,385.6,1995-11-15,385.6,7207.0,1.0,True,1.0,1.0
1995-11-15,385.6,1995-11-16,384.65,7207,384.65,1995-11-16,384.65,7208.0,1.0,True,1.0,1.0
1995-11-16,384.65,1995-11-17,386.6,7208,386.6,1995-11-17,386.6,7209.0,1.0,True,1.0,1.0
1995-11-17,386.6,1995-11-20,386.55,7209,386.55,1995-11-20,386.55,7210.0,1.0,True,1.0,1.0
1995-11-20,386.55,1995-11-21,386.8,7210,386.8,1995-11-21,386.8,7211.0,1.0,True,1.0,1.0
1995-11-21,386.8,1995-11-22,385.3,7211,385.3,1995-11-22,385.3,7212.0,1.0,True,1.0,1.0
1995-11-22,385.3,1995-11-23,382.55,7212,382.55,1995-11-23,382.55,7213.0,1.0,True,1.0,1.0
1995-11-23,382.55,1995-11-24,383.5,7213,383.5,1995-11-24,383.5,7214.0,1.0,True,1.0,1.0
1995-11-24,383.5,1995-11-27,385.2,7214,385.2,1995-11-27,385.2,7215.0,1.0,True,1.0,1.0
1995-11-27,385.2,1995-11-28,387.3,7215,387.3,1995-11-28,387.3,7216.0,1.0,True,1.0,1.0
1995-11-28,387.3,1995-11-29,388.95,7216,388.95,1995-11-29,388.95,7217.0,1.0,True,1.0,1.0
1995-11-29,388.95,1995-11-30,387.85,7217,387.85,1995-11-30,387.85,7218.0,1.0,True,1.0,1.0
1995-11-30,387.85,1995-12-01,387.15,7218,387.15,1995-12-01,387.15,7219.0,1.0,True,1.0,1.0
1995-12-01,387.15,1995-12-04,386.25,7219,386.25,1995-12-04,386.25,7220.0,1.0,True,1.0,1.0
1995-12-04,386.25,1995-12-05,386.3,7220,386.3,1995-12-05,386.3,7221.0,1.0,True,1.0,1.0
1995-12-05,386.3,1995-12-06,387.6,7221,387.6,1995-12-06,387.6,7222.0,1.0,True,1.0,1.0
1995-12-06,387.6,1995-12-07,388.4,7222,388.4,1995-12-07,388.4,7223.0,1.0,True,1.0,1.0
1995-12-07,388.4,1995-12-08,389.35,7223,389.35,1995-12-08,389.35,7224.0,1.0,True,1.0,1.0
1995-12-08,389.35,1995-12-11,389.7,7224,389.7,1995-12-11,389.7,7225.0,1.0,True,1.0,1.0
1995-12-11,389.7,1995-12-12,388.45,7225,388.45,1995-12-12,388.45,7226.0,1.0,True,1.0,1.0
1995-12-12,388.45,1995-12-13,388.1,7226,388.1,1995-12-13,388.1,7227.0,1.0,True,1.0,1.0
1995-12-13,388.1,1995-12-14,385.7,7227,385.7,1995-12-14,385.7,7228.0,1.0,True,1.0,1.0
1995-12-14,385.7,1995-12-15,385.85,7228,385.85,1995-12-15,385.85,7229.0,1.0,True,1.0,1.0
1995-12-15,385.85,1995-12-18,387.0,7229,387.0,1995-12-18,387.0,7230.0,1.0,True,1.0,1.0
1995-12-18,387.0,1995-12-19,388.0,7230,388.0,1995-12-19,388.0,7231.0,1.0,True,1.0,1.0
1995-12-19,388.0,1995-12-20,387.1,7231,387.1,1995-12-20,387.1,7232.0,1.0,True,1.0,1.0
1995-12-20,387.1,1995-12-21,388.4,7232,388.4,1995-12-21,388.4,7233.0,1.0,True,1.0,1.0
1995-12-21,388.4,1995-12-22,387.2,7233,387.2,1996-01-09,395.65,7246.0,13.0,True,0.0,0.0
1996-01-09,395.65,1996-01-10,396.75,7246,396.75,1996-01-10,396.75,7247.0,1.0,True,1.0,1.0
1996-01-10,396.75,1996-01-11,399.4,7247,399.4,1996-01-11,399.4,7248.0,1.0,True,1.0,1.0
1996-01-11,399.4,1996-01-12,396.35,7248,396.35,1996-01-12,396.35,7249.0,1.0,True,1.0,1.0
1996-01-12,396.35,1996-01-15,395.0,7249,395.0,1996-01-15,395.0,7250.0,1.0,True,1.0,1.0
1996-01-15,395.0,1996-01-16,397.8,7250,397.8,1996-01-16,397.8,7251.0,1.0,True,1.0,1.0
1996-01-16,397.8,1996-01-17,398.9,7251,398.9,1996-01-17,398.9,7252.0,1.0,True,1.0,1.0
1996-01-17,398.9,1996-01-18,397.5,7252,397.5,1996-01-18,397.5,7253.0,1.0,True,1.0,1.0
1996-01-18,397.5,1996-01-19,396.8,7253,396.8,1996-01-19,396.8,7254.0,1.0,True,1.0,1.0
1996-01-19,396.8,1996-01-22,401.8,7254,401.8,1996-01-24,403.0,7257.0,3.0,True,0.0,0.0
1996-01-24,403.0,1996-01-25,403.35,7257,403.35,1996-01-25,403.35,7258.0,1.0,True,1.0,1.0
1996-01-25,403.35,1996-01-26,407.4,7258,407.4,1996-01-26,407.4,7259.0,1.0,True,1.0,1.0
1996-01-26,407.4,1996-01-29,405.45,7259,405.45,1996-01-30,406.7,7261.0,2.0,True,0.0,0.0
1996-01-30,406.7,1996-01-31,403.2,7261,403.2,1996-01-31,403.2,7262.0,1.0,True,1.0,1.0
1996-01-31,403.2,1996-02-01,406.6,7262,406.6,1996-02-01,406.6,7263.0,1.0,True,1.0,1.0
1996-02-01,406.6,1996-02-02,416.25,7263,416.25,1996-02-02,416.25,7264.0,1.0,True,1.0,1.0
1996-02-02,416.25,1996-02-05,415.25,7264,415.25,1996-02-05,415.25,7265.0,1.0,True,1.0,1.0
1996-02-05,415.25,1996-02-06,412.2,7265,412.2,1996-02-06,412.2,7266.0,1.0,True,1.0,1.0
1996-02-06,412.2,1996-02-07,414.75,7266,414.75,1996-02-07,414.75,7267.0,1.0,True,1.0,1.0
1996-02-07,414.75,1996-02-08,406.95,7267,406.95,1996-02-08,406.95,7268.0,1.0,True,1.0,1.0
1996-02-08,406.95,1996-02-09,408.3,7268,408.3,1996-02-09,408.3,7269.0,1.0,True,1.0,1.0
1996-02-09,408.3,1996-02-12,405.25,7269,405.25,1996-02-12,405.25,7270.0,1.0,True,1.0,1.0
1996-02-12,405.25,1996-02-13,403.0,7270,403.0,1996-02-13,403.0,7271.0,1.0,True,1.0,1.0
1996-02-13,403.0,1996-02-14,403.9,7271,403.9,1996-02-14,403.9,7272.0,1.0,True,1.0,1.0
1996-02-14,403.9,1996-02-15,404.55,7272,404.55,1996-02-15,404.55,7273.0,1.0,True,1.0,1.0
1996-02-15,404.55,1996-02-16,403.05,7273,403.05,1996-02-16,403.05,7274.0,1.0,True,1.0,1.0
1996-02-16,403.05,1996-02-19,405.9,7274,405.9,1996-02-19,405.9,7275.0,1.0,True,1.0,1.0
1996-02-19,405.9,1996-02-20,405.4,7275,405.4,1996-02-20,405.4,7276.0,1.0,True,1.0,1.0
1996-02-20,405.4,1996-02-21,398.5,7276,398.5,1996-02-21,398.5,7277.0,1.0,True,1.0,1.0
1996-02-21,398.5,1996-02-22,399.35,7277,399.35,1996-02-22,399.35,7278.0,1.0,True,1.0,1.0
1996-02-22,399.35,1996-02-23,397.75,7278,397.75,1996-02-23,397.75,7279.0,1.0,True,1.0,1.0
1996-02-23,397.75,1996-02-26,399.55,7279,399.55,1996-02-26,399.55,7280.0,1.0,True,1.0,1.0
1996-02-26,399.55,1996-02-27,398.75,7280,398.75,1996-02-27,398.75,7281.0,1.0,True,1.0,1.0
1996-02-27,398.75,1996-02-28,397.7,7281,397.7,1996-02-28,397.7,7282.0,1.0,True,1.0,1.0
1996-02-28,397.7,1996-02-29,400.35,7282,400.35,1996-02-29,400.35,7283.0,1.0,True,1.0,1.0
1996-02-29,400.35,1996-03-01,400.3,7283,400.3,1996-03-01,400.3,7284.0,1.0,True,1.0,1.0
1996-03-01,400.3,1996-03-04,398.65,7284,398.65,1996-03-04,398.65,7285.0,1.0,True,1.0,1.0
1996-03-04,398.65,1996-03-05,392.9,7285,392.9,1996-03-05,392.9,7286.0,1.0,True,1.0,1.0
1996-03-05,392.9,1996-03-06,393.6,7286,393.6,1996-03-06,393.6,7287.0,1.0,True,1.0,1.0
1996-03-06,393.6,1996-03-07,394.2,7287,394.2,1996-03-07,394.2,7288.0,1.0,True,1.0,1.0
1996-03-07,394.2,1996-03-08,394.85,7288,394.85,1996-03-08,394.85,7289.0,1.0,True,1.0,1.0
1996-03-08,394.85,1996-03-11,396.6,7289,396.6,1996-03-11,396.6,7290.0,1.0,True,1.0,1.0
1996-03-11,396.6,1996-03-12,396.0,7290,396.0,1996-03-12,396.0,7291.0,1.0,True,1.0,1.0
1996-03-12,396.0,1996-03-13,397.4,7291,397.4,1996-03-13,397.4,7292.0,1.0,True,1.0,1.0
1996-03-13,397.4,1996-03-14,396.1,7292,396.1,1996-03-14,396.1,7293.0,1.0,True,1.0,1.0
1996-03-14,396.1,1996-03-15,395.6,7293,395.6,1996-03-15,395.6,7294.0,1.0,True,1.0,1.0
1996-03-15,395.6,1996-03-18,395.45,7294,395.45,1996-03-18,395.45,7295.0,1.0,True,1.0,1.0
1996-03-18,395.45,1996-03-19,395.05,7295,395.05,1996-03-19,395.05,7296.0,1.0,True,1.0,1.0
1996-03-19,395.05,1996-03-20,394.7,7296,394.7,1996-03-20,394.7,7297.0,1.0,True,1.0,1.0
1996-03-20,394.7,1996-03-21,395.3,7297,395.3,1996-03-21,395.3,7298.0,1.0,True,1.0,1.0
1996-03-21,395.3,1996-03-22,397.3,7298,397.3,1996-03-22,397.3,7299.0,1.0,True,1.0,1.0
1996-03-22,397.3,1996-03-25,398.0,7299,398.0,1996-03-25,398.0,7300.0,1.0,True,1.0,1.0
1996-03-25,398.0,1996-03-26,399.45,7300,399.45,1996-03-26,399.45,7301.0,1.0,True,1.0,1.0
1996-03-26,399.45,1996-03-27,400.0,7301,400.0,1996-03-27,400.0,7302.0,1.0,True,1.0,1.0
1996-03-27,400.0,1996-03-28,398.6,7302,398.6,1996-03-28,398.6,7303.0,1.0,True,1.0,1.0
1996-03-28,398.6,1996-03-29,396.7,7303,396.7,1996-03-29,396.7,7304.0,1.0,True,1.0,1.0
1996-03-29,396.7,1996-04-01,395.0,7304,395.0,1996-04-01,395.0,7305.0,1.0,True,1.0,1.0
1996-04-01,395.0,1996-04-02,394.35,7305,394.35,1996-04-02,394.35,7306.0,1.0,True,1.0,1.0
1996-04-02,394.35,1996-04-03,393.8,7306,393.8,1996-04-03,393.8,7307.0,1.0,True,1.0,1.0
1996-04-03,393.8,1996-04-04,394.3,7307,394.3,1996-04-16,393.5,7316.0,9.0,True,0.0,0.0
1996-04-16,393.5,1996-04-17,391.4,7316,391.4,1996-04-17,391.4,7317.0,1.0,True,1.0,1.0
1996-04-17,391.4,1996-04-18,391.3,7317,391.3,1996-04-18,391.3,7318.0,1.0,True,1.0,1.0
1996-04-18,391.3,1996-04-19,389.9,7318,389.9,1996-04-19,389.9,7319.0,1.0,True,1.0,1.0
1996-04-19,389.9,1996-04-22,390.7,7319,390.7,1996-04-22,390.7,7320.0,1.0,True,1.0,1.0
1996-04-22,390.7,1996-04-23,391.45,7320,391.45,1996-04-23,391.45,7321.0,1.0,True,1.0,1.0
1996-04-23,391.45,1996-04-24,391.1,7321,391.1,1996-04-24,391.1,7322.0,1.0,True,1.0,1.0
1996-04-24,391.1,1996-04-25,390.35,7322,390.35,1996-04-25,390.35,7323.0,1.0,True,1.0,1.0
1996-04-25,390.35,1996-04-26,393.1,7323,393.1,1996-04-26,393.1,7324.0,1.0,True,1.0,1.0
1996-04-26,393.1,1996-04-29,390.75,7324,390.75,1996-04-29,390.75,7325.0,1.0,True,1.0,1.0
1996-04-29,390.75,1996-04-30,390.15,7325,390.15,1996-04-30,390.15,7326.0,1.0,True,1.0,1.0
1996-04-30,390.15,1996-05-01,391.0,7326,391.0,1996-05-01,391.0,7327.0,1.0,True,1.0,1.0
1996-05-01,391.0,1996-05-02,392.8,7327,392.8,1996-05-02,392.8,7328.0,1.0,True,1.0,1.0
1996-05-02,392.8,1996-05-03,394.0,7328,394.0,1996-05-14,391.25,7336.0,8.0,True,0.0,0.0
1996-05-14,391.25,1996-05-15,391.85,7336,391.85,1996-05-15,391.85,7337.0,1.0,True,1.0,1.0
1996-05-15,391.85,1996-05-16,392.0,7337,392.0,1996-05-16,392.0,7338.0,1.0,True,1.0,1.0
1996-05-16,392.0,1996-05-17,392.5,7338,392.5,1996-05-17,392.5,7339.0,1.0,True,1.0,1.0
1996-05-17,392.5,1996-05-20,391.65,7339,391.65,1996-05-20,391.65,7340.0,1.0,True,1.0,1.0
1996-05-20,391.65,1996-05-21,391.2,7340,391.2,1996-05-21,391.2,7341.0,1.0,True,1.0,1.0
1996-05-21,391.2,1996-05-22,391.0,7341,391.0,1996-05-22,391.0,7342.0,1.0,True,1.0,1.0
1996-05-22,391.0,1996-05-23,391.35,7342,391.35,1996-05-23,391.35,7343.0,1.0,True,1.0,1.0
1996-05-23,391.35,1996-05-24,390.65,7343,390.65,1996-06-04,390.35,7351.0,8.0,True,0.0,0.0
1996-06-04,390.35,1996-06-05,387.95,7351,387.95,1996-06-05,387.95,7352.0,1.0,True,1.0,1.0
1996-06-05,387.95,1996-06-06,385.7,7352,385.7,1996-06-06,385.7,7353.0,1.0,True,1.0,1.0
1996-06-06,385.7,1996-06-07,385.85,7353,385.85,1996-06-07,385.85,7354.0,1.0,True,1.0,1.0
1996-06-07,385.85,1996-06-10,385.55,7354,385.55,1996-06-10,385.55,7355.0,1.0,True,1.0,1.0
1996-06-10,385.55,1996-06-11,385.4,7355,385.4,1996-06-11,385.4,7356.0,1.0,True,1.0,1.0
1996-06-11,385.4,1996-06-12,384.5,7356,384.5,1996-06-12,384.5,7357.0,1.0,True,1.0,1.0
1996-06-12,384.5,1996-06-13,384.8,7357,384.8,1996-06-13,384.8,7358.0,1.0,True,1.0,1.0
1996-06-13,384.8,1996-06-14,383.2,7358,383.2,1996-06-14,383.2,7359.0,1.0,True,1.0,1.0
1996-06-14,383.2,1996-06-17,384.55,7359,384.55,1996-06-17,384.55,7360.0,1.0,True,1.0,1.0
1996-06-17,384.55,1996-06-18,384.9,7360,384.9,1996-06-18,384.9,7361.0,1.0,True,1.0,1.0
1996-06-18,384.9,1996-06-19,386.0,7361,386.0,1996-06-19,386.0,7362.0,1.0,True,1.0,1.0
1996-06-19,386.0,1996-06-20,384.3,7362,384.3,1996-06-20,384.3,7363.0,1.0,True,1.0,1.0
1996-06-20,384.3,1996-06-21,384.2,7363,384.2,1996-06-21,384.2,7364.0,1.0,True,1.0,1.0
1996-06-21,384.2,1996-06-24,383.7,7364,383.7,1996-06-25,384.85,7366.0,2.0,True,0.0,0.0
1996-06-25,384.85,1996-06-26,384.0,7366,384.0,1996-06-26,384.0,7367.0,1.0,True,1.0,1.0
1996-06-26,384.0,1996-06-27,383.0,7367,383.0,1996-06-27,383.0,7368.0,1.0,True,1.0,1.0
1996-06-27,383.0,1996-06-28,381.3,7368,381.3,1996-06-28,381.3,7369.0,1.0,True,1.0,1.0
1996-06-28,381.3,1996-07-01,380.6,7369,380.6,1996-07-01,380.6,7370.0,1.0,True,1.0,1.0
1996-07-01,380.6,1996-07-02,381.75,7370,381.75,1996-07-02,381.75,7371.0,1.0,True,1.0,1.0
1996-07-02,381.75,1996-07-03,382.5,7371,382.5,1996-07-03,382.5,7372.0,1.0,True,1.0,1.0
1996-07-03,382.5,1996-07-04,380.9,7372,380.9,1996-07-04,380.9,7373.0,1.0,True,1.0,1.0
1996-07-04,380.9,1996-07-05,381.0,7373,381.0,1996-07-05,381.0,7374.0,1.0,True,1.0,1.0
1996-07-05,381.0,1996-07-08,382.3,7374,382.3,1996-07-08,382.3,7375.0,1.0,True,1.0,1.0
1996-07-08,382.3,1996-07-09,381.0,7375,381.0,1996-07-09,381.0,7376.0,1.0,True,1.0,1.0
1996-07-09,381.0,1996-07-10,383.4,7376,383.4,1996-07-10,383.4,7377.0,1.0,True,1.0,1.0
1996-07-10,383.4,1996-07-11,382.5,7377,382.5,1996-07-11,382.5,7378.0,1.0,True,1.0,1.0
1996-07-11,382.5,1996-07-12,384.0,7378,384.0,1996-07-12,384.0,7379.0,1.0,True,1.0,1.0
1996-07-12,384.0,1996-07-15,383.55,7379,383.55,1996-07-15,383.55,7380.0,1.0,True,1.0,1.0
1996-07-15,383.55,1996-07-16,384.65,7380,384.65,1996-07-16,384.65,7381.0,1.0,True,1.0,1.0
1996-07-16,384.65,1996-07-17,383.65,7381,383.65,1996-07-17,383.65,7382.0,1.0,True,1.0,1.0
1996-07-17,383.65,1996-07-18,383.85,7382,383.85,1996-07-18,383.85,7383.0,1.0,True,1.0,1.0
1996-07-18,383.85,1996-07-19,384.35,7383,384.35,1996-07-19,384.35,7384.0,1.0,True,1.0,1.0
1996-07-19,384.35,1996-07-22,384.5,7384,384.5,1996-07-22,384.5,7385.0,1.0,True,1.0,1.0
1996-07-22,384.5,1996-07-23,385.2,7385,385.2,1996-07-23,385.2,7386.0,1.0,True,1.0,1.0
1996-07-23,385.2,1996-07-24,384.4,7386,384.4,1996-07-24,384.4,7387.0,1.0,True,1.0,1.0
1996-07-24,384.4,1996-07-25,385.05,7387,385.05,1996-07-25,385.05,7388.0,1.0,True,1.0,1.0
1996-07-25,385.05,1996-07-26,384.9,7388,384.9,1996-07-26,384.9,7389.0,1.0,True,1.0,1.0
1996-07-26,384.9,1996-07-29,385.05,7389,385.05,1996-07-29,385.05,7390.0,1.0,True,1.0,1.0
1996-07-29,385.05,1996-07-30,384.9,7390,384.9,1996-07-30,384.9,7391.0,1.0,True,1.0,1.0
1996-07-30,384.9,1996-07-31,385.5,7391,385.5,1996-07-31,385.5,7392.0,1.0,True,1.0,1.0
1996-07-31,385.5,1996-08-01,386.65,7392,386.65,1996-08-01,386.65,7393.0,1.0,True,1.0,1.0
1996-08-01,386.65,1996-08-02,387.15,7393,387.15,1996-08-02,387.15,7394.0,1.0,True,1.0,1.0
1996-08-02,387.15,1996-08-05,387.95,7394,387.95,1996-08-05,387.95,7395.0,1.0,True,1.0,1.0
1996-08-05,387.95,1996-08-06,388.85,7395,388.85,1996-08-06,388.85,7396.0,1.0,True,1.0,1.0
1996-08-06,388.85,1996-08-07,388.25,7396,388.25,1996-08-07,388.25,7397.0,1.0,True,1.0,1.0
1996-08-07,388.25,1996-08-08,387.75,7397,387.75,1996-08-08,387.75,7398.0,1.0,True,1.0,1.0
1996-08-08,387.75,1996-08-09,388.4,7398,388.4,1996-08-09,388.4,7399.0,1.0,True,1.0,1.0
1996-08-09,388.4,1996-08-12,387.2,7399,387.2,1996-08-12,387.2,7400.0,1.0,True,1.0,1.0
1996-08-12,387.2,1996-08-13,387.7,7400,387.7,1996-08-13,387.7,7401.0,1.0,True,1.0,1.0
1996-08-13,387.7,1996-08-14,387.15,7401,387.15,1996-08-14,387.15,7402.0,1.0,True,1.0,1.0
1996-08-14,387.15,1996-08-15,386.3,7402,386.3,1996-08-15,386.3,7403.0,1.0,True,1.0,1.0
1996-08-15,386.3,1996-08-16,386.2,7403,386.2,1996-08-16,386.2,7404.0,1.0,True,1.0,1.0
1996-08-16,386.2,1996-08-19,386.25,7404,386.25,1996-08-19,386.25,7405.0,1.0,True,1.0,1.0
1996-08-19,386.25,1996-08-20,387.1,7405,387.1,1996-08-20,387.1,7406.0,1.0,True,1.0,1.0
1996-08-20,387.1,1996-08-21,387.45,7406,387.45,1996-08-21,387.45,7407.0,1.0,True,1.0,1.0
1996-08-21,387.45,1996-08-22,386.9,7407,386.9,1996-08-22,386.9,7408.0,1.0,True,1.0,1.0
1996-08-22,386.9,1996-08-23,387.5,7408,387.5,1996-09-03,387.2,7416.0,8.0,True,0.0,0.0
1996-09-03,387.2,1996-09-04,385.95,7416,385.95,1996-09-04,385.95,7417.0,1.0,True,1.0,1.0
1996-09-04,385.95,1996-09-05,386.0,7417,386.0,1996-09-05,386.0,7418.0,1.0,True,1.0,1.0
1996-09-05,386.0,1996-09-06,385.6,7418,385.6,1996-09-06,385.6,7419.0,1.0,True,1.0,1.0
1996-09-06,385.6,1996-09-09,385.0,7419,385.0,1996-09-09,385.0,7420.0,1.0,True,1.0,1.0
1996-09-09,385.0,1996-09-10,382.45,7420,382.45,1996-09-10,382.45,7421.0,1.0,True,1.0,1.0
1996-09-10,382.45,1996-09-11,383.15,7421,383.15,1996-09-11,383.15,7422.0,1.0,True,1.0,1.0
1996-09-11,383.15,1996-09-12,382.2,7422,382.2,1996-09-12,382.2,7423.0,1.0,True,1.0,1.0
1996-09-12,382.2,1996-09-13,382.5,7423,382.5,1996-09-13,382.5,7424.0,1.0,True,1.0,1.0
1996-09-13,382.5,1996-09-16,382.65,7424,382.65,1996-09-16,382.65,7425.0,1.0,True,1.0,1.0
1996-09-16,382.65,1996-09-17,383.3,7425,383.3,1996-09-17,383.3,7426.0,1.0,True,1.0,1.0
1996-09-17,383.3,1996-09-18,382.9,7426,382.9,1996-09-18,382.9,7427.0,1.0,True,1.0,1.0
1996-09-18,382.9,1996-09-19,383.1,7427,383.1,1996-09-19,383.1,7428.0,1.0,True,1.0,1.0
1996-09-19,383.1,1996-09-20,382.5,7428,382.5,1996-09-20,382.5,7429.0,1.0,True,1.0,1.0
1996-09-20,382.5,1996-09-23,381.2,7429,381.2,1996-09-24,381.6,7431.0,2.0,True,0.0,0.0
1996-09-24,381.6,1996-09-25,383.25,7431,383.25,1996-09-25,383.25,7432.0,1.0,True,1.0,1.0
1996-09-25,383.25,1996-09-26,382.05,7432,382.05,1996-09-26,382.05,7433.0,1.0,True,1.0,1.0
1996-09-26,382.05,1996-09-27,380.3,7433,380.3,1996-09-27,380.3,7434.0,1.0,True,1.0,1.0
1996-09-27,380.3,1996-09-30,379.3,7434,379.3,1996-09-30,379.3,7435.0,1.0,True,1.0,1.0
1996-09-30,379.3,1996-10-01,377.05,7435,377.05,1996-10-01,377.05,7436.0,1.0,True,1.0,1.0
1996-10-01,377.05,1996-10-02,379.2,7436,379.2,1996-10-02,379.2,7437.0,1.0,True,1.0,1.0
1996-10-02,379.2,1996-10-03,379.5,7437,379.5,1996-10-03,379.5,7438.0,1.0,True,1.0,1.0
1996-10-03,379.5,1996-10-04,380.2,7438,380.2,1996-10-04,380.2,7439.0,1.0,True,1.0,1.0
1996-10-04,380.2,1996-10-07,379.6,7439,379.6,1996-10-07,379.6,7440.0,1.0,True,1.0,1.0
1996-10-07,379.6,1996-10-08,381.0,7440,381.0,1996-10-08,381.0,7441.0,1.0,True,1.0,1.0
1996-10-08,381.0,1996-10-09,380.9,7441,380.9,1996-10-09,380.9,7442.0,1.0,True,1.0,1.0
1996-10-09,380.9,1996-10-10,381.6,7442,381.6,1996-10-10,381.6,7443.0,1.0,True,1.0,1.0
1996-10-10,381.6,1996-10-11,381.85,7443,381.85,1996-10-11,381.85,7444.0,1.0,True,1.0,1.0
1996-10-11,381.85,1996-10-14,381.05,7444,381.05,1996-10-14,381.05,7445.0,1.0,True,1.0,1.0
1996-10-14,381.05,1996-10-15,381.0,7445,381.0,1996-10-15,381.0,7446.0,1.0,True,1.0,1.0
1996-10-15,381.0,1996-10-16,380.8,7446,380.8,1996-10-16,380.8,7447.0,1.0,True,1.0,1.0
1996-10-16,380.8,1996-10-17,380.55,7447,380.55,1996-10-17,380.55,7448.0,1.0,True,1.0,1.0
1996-10-17,380.55,1996-10-18,379.6,7448,379.6,1996-10-18,379.6,7449.0,1.0,True,1.0,1.0
1996-10-18,379.6,1996-10-21,380.0,7449,380.0,1996-10-21,380.0,7450.0,1.0,True,1.0,1.0
1996-10-21,380.0,1996-10-22,382.4,7450,382.4,1996-10-22,382.4,7451.0,1.0,True,1.0,1.0
1996-10-22,382.4,1996-10-23,383.95,7451,383.95,1996-10-23,383.95,7452.0,1.0,True,1.0,1.0
1996-10-23,383.95,1996-10-24,383.7,7452,383.7,1996-10-24,383.7,7453.0,1.0,True,1.0,1.0
1996-10-24,383.7,1996-10-25,382.2,7453,382.2,1996-10-25,382.2,7454.0,1.0,True,1.0,1.0
1996-10-25,382.2,1996-10-28,382.8,7454,382.8,1996-10-28,382.8,7455.0,1.0,True,1.0,1.0
1996-10-28,382.8,1996-10-29,382.35,7455,382.35,1996-10-29,382.35,7456.0,1.0,True,1.0,1.0
1996-10-29,382.35,1996-10-30,380.3,7456,380.3,1996-10-30,380.3,7457.0,1.0,True,1.0,1.0
1996-10-30,380.3,1996-10-31,379.3,7457,379.3,1996-10-31,379.3,7458.0,1.0,True,1.0,1.0
1996-10-31,379.3,1996-11-01,377.2,7458,377.2,1996-11-01,377.2,7459.0,1.0,True,1.0,1.0
1996-11-01,377.2,1996-11-04,378.65,7459,378.65,1996-11-04,378.65,7460.0,1.0,True,1.0,1.0
1996-11-04,378.65,1996-11-05,379.25,7460,379.25,1996-11-05,379.25,7461.0,1.0,True,1.0,1.0
1996-11-05,379.25,1996-11-06,377.9,7461,377.9,1996-11-06,377.9,7462.0,1.0,True,1.0,1.0
1996-11-06,377.9,1996-11-07,377.9,7462,377.9,1996-11-07,377.9,7463.0,1.0,True,1.0,1.0
1996-11-07,377.9,1996-11-08,378.35,7463,378.35,1996-11-08,378.35,7464.0,1.0,True,1.0,1.0
1996-11-08,378.35,1996-11-11,379.75,7464,379.75,1996-11-11,379.75,7465.0,1.0,True,1.0,1.0
1996-11-11,379.75,1996-11-12,381.6,7465,381.6,1996-11-12,381.6,7466.0,1.0,True,1.0,1.0
1996-11-12,381.6,1996-11-13,382.5,7466,382.5,1996-11-13,382.5,7467.0,1.0,True,1.0,1.0
1996-11-13,382.5,1996-11-14,382.65,7467,382.65,1996-11-14,382.65,7468.0,1.0,True,1.0,1.0
1996-11-14,382.65,1996-11-15,379.85,7468,379.85,1996-11-15,379.85,7469.0,1.0,True,1.0,1.0
1996-11-15,379.85,1996-11-18,379.7,7469,379.7,1996-11-18,379.7,7470.0,1.0,True,1.0,1.0
1996-11-18,379.7,1996-11-19,378.3,7470,378.3,1996-11-19,378.3,7471.0,1.0,True,1.0,1.0
1996-11-19,378.3,1996-11-20,378.6,7471,378.6,1996-11-20,378.6,7472.0,1.0,True,1.0,1.0
1996-11-20,378.6,1996-11-21,378.5,7472,378.5,1996-11-21,378.5,7473.0,1.0,True,1.0,1.0
1996-11-21,378.5,1996-11-22,376.9,7473,376.9,1996-11-22,376.9,7474.0,1.0,True,1.0,1.0
1996-11-22,376.9,1996-11-25,375.1,7474,375.1,1996-11-25,375.1,7475.0,1.0,True,1.0,1.0
1996-11-25,375.1,1996-11-26,374.5,7475,374.5,1996-11-26,374.5,7476.0,1.0,True,1.0,1.0
1996-11-26,374.5,1996-11-27,373.95,7476,373.95,1996-11-27,373.95,7477.0,1.0,True,1.0,1.0
1996-11-27,373.95,1996-11-28,372.2,7477,372.2,1996-11-28,372.2,7478.0,1.0,True,1.0,1.0
1996-11-28,372.2,1996-11-29,371.9,7478,371.9,1996-11-29,371.9,7479.0,1.0,True,1.0,1.0
1996-11-29,371.9,1996-12-02,370.5,7479,370.5,1996-12-02,370.5,7480.0,1.0,True,1.0,1.0
1996-12-02,370.5,1996-12-03,369.0,7480,369.0,1996-12-03,369.0,7481.0,1.0,True,1.0,1.0
1996-12-03,369.0,1996-12-04,370.4,7481,370.4,1996-12-04,370.4,7482.0,1.0,True,1.0,1.0
1996-12-04,370.4,1996-12-05,368.3,7482,368.3,1996-12-05,368.3,7483.0,1.0,True,1.0,1.0
1996-12-05,368.3,1996-12-06,373.0,7483,373.0,1996-12-06,373.0,7484.0,1.0,True,1.0,1.0
1996-12-06,373.0,1996-12-09,368.5,7484,368.5,1996-12-09,368.5,7485.0,1.0,True,1.0,1.0
1996-12-09,368.5,1996-12-10,368.8,7485,368.8,1996-12-10,368.8,7486.0,1.0,True,1.0,1.0
1996-12-10,368.8,1996-12-11,369.6,7486,369.6,1996-12-11,369.6,7487.0,1.0,True,1.0,1.0
1996-12-11,369.6,1996-12-12,368.6,7487,368.6,1996-12-12,368.6,7488.0,1.0,True,1.0,1.0
1996-12-12,368.6,1996-12-13,369.05,7488,369.05,1996-12-13,369.05,7489.0,1.0,True,1.0,1.0
1996-12-13,369.05,1996-12-16,368.6,7489,368.6,1996-12-16,368.6,7490.0,1.0,True,1.0,1.0
1996-12-16,368.6,1996-12-17,368.3,7490,368.3,1996-12-17,368.3,7491.0,1.0,True,1.0,1.0
1996-12-17,368.3,1996-12-18,369.0,7491,369.0,1996-12-18,369.0,7492.0,1.0,True,1.0,1.0
1996-12-18,369.0,1996-12-19,369.6,7492,369.6,1996-12-19,369.6,7493.0,1.0,True,1.0,1.0
1996-12-19,369.6,1996-12-20,369.2,7493,369.2,1996-12-20,369.2,7494.0,1.0,True,1.0,1.0
1996-12-20,369.2,1996-12-23,368.7,7494,368.7,1996-12-23,368.7,7495.0,1.0,True,1.0,1.0
1996-12-23,368.7,1996-12-24,368.9,7495,368.9,1997-01-09,354.5,7508.0,13.0,True,0.0,0.0
1997-01-09,354.5,1997-01-10,358.55,7508,358.55,1997-01-10,358.55,7509.0,1.0,True,1.0,1.0
1997-01-10,358.55,1997-01-13,359.6,7509,359.6,1997-01-13,359.6,7510.0,1.0,True,1.0,1.0
1997-01-13,359.6,1997-01-14,357.3,7510,357.3,1997-01-14,357.3,7511.0,1.0,True,1.0,1.0
1997-01-14,357.3,1997-01-15,352.45,7511,352.45,1997-01-15,352.45,7512.0,1.0,True,1.0,1.0
1997-01-15,352.45,1997-01-16,354.0,7512,354.0,1997-01-16,354.0,7513.0,1.0,True,1.0,1.0
1997-01-16,354.0,1997-01-17,354.1,7513,354.1,1997-01-17,354.1,7514.0,1.0,True,1.0,1.0
1997-01-17,354.1,1997-01-20,354.2,7514,354.2,1997-01-20,354.2,7515.0,1.0,True,1.0,1.0
1997-01-20,354.2,1997-01-21,353.4,7515,353.4,1997-01-21,353.4,7516.0,1.0,True,1.0,1.0
1997-01-21,353.4,1997-01-22,350.1,7516,350.1,1997-01-24,352.95,7519.0,3.0,True,0.0,0.0
1997-01-24,352.95,1997-01-27,353.1,7519,353.1,1997-01-27,353.1,7520.0,1.0,True,1.0,1.0
1997-01-27,353.1,1997-01-28,357.25,7520,357.25,1997-01-28,357.25,7521.0,1.0,True,1.0,1.0
1997-01-28,357.25,1997-01-29,350.15,7521,350.15,1997-01-30,349.3,7523.0,2.0,True,0.0,0.0
1997-01-30,349.3,1997-01-31,345.0,7523,345.0,1997-01-31,345.0,7524.0,1.0,True,1.0,1.0
1997-01-31,345.0,1997-02-03,343.75,7524,343.75,1997-02-03,343.75,7525.0,1.0,True,1.0,1.0
1997-02-03,343.75,1997-02-04,346.3,7525,346.3,1997-02-04,346.3,7526.0,1.0,True,1.0,1.0
1997-02-04,346.3,1997-02-05,343.15,7526,343.15,1997-02-05,343.15,7527.0,1.0,True,1.0,1.0
1997-02-05,343.15,1997-02-06,343.4,7527,343.4,1997-02-06,343.4,7528.0,1.0,True,1.0,1.0
1997-02-06,343.4,1997-02-07,340.9,7528,340.9,1997-02-07,340.9,7529.0,1.0,True,1.0,1.0
1997-02-07,340.9,1997-02-10,341.0,7529,341.0,1997-02-10,341.0,7530.0,1.0,True,1.0,1.0
1997-02-10,341.0,1997-02-11,338.85,7530,338.85,1997-02-11,338.85,7531.0,1.0,True,1.0,1.0
1997-02-11,338.85,1997-02-12,336.9,7531,336.9,1997-02-12,336.9,7532.0,1.0,True,1.0,1.0
1997-02-12,336.9,1997-02-13,343.0,7532,343.0,1997-02-13,343.0,7533.0,1.0,True,1.0,1.0
1997-02-13,343.0,1997-02-14,342.5,7533,342.5,1997-02-14,342.5,7534.0,1.0,True,1.0,1.0
1997-02-14,342.5,1997-02-17,343.6,7534,343.6,1997-02-17,343.6,7535.0,1.0,True,1.0,1.0
1997-02-17,343.6,1997-02-18,346.0,7535,346.0,1997-02-18,346.0,7536.0,1.0,True,1.0,1.0
1997-02-18,346.0,1997-02-19,346.1,7536,346.1,1997-02-19,346.1,7537.0,1.0,True,1.0,1.0
1997-02-19,346.1,1997-02-20,344.85,7537,344.85,1997-02-20,344.85,7538.0,1.0,True,1.0,1.0
1997-02-20,344.85,1997-02-21,350.75,7538,350.75,1997-02-21,350.75,7539.0,1.0,True,1.0,1.0
1997-02-21,350.75,1997-02-24,352.45,7539,352.45,1997-02-24,352.45,7540.0,1.0,True,1.0,1.0
1997-02-24,352.45,1997-02-25,353.45,7540,353.45,1997-02-25,353.45,7541.0,1.0,True,1.0,1.0
1997-02-25,353.45,1997-02-26,353.85,7541,353.85,1997-02-26,353.85,7542.0,1.0,True,1.0,1.0
1997-02-26,353.85,1997-02-27,356.6,7542,356.6,1997-02-27,356.6,7543.0,1.0,True,1.0,1.0
1997-02-27,356.6,1997-02-28,360.6,7543,360.6,1997-02-28,360.6,7544.0,1.0,True,1.0,1.0
1997-02-28,360.6,1997-03-03,361.8,7544,361.8,1997-03-03,361.8,7545.0,1.0,True,1.0,1.0
1997-03-03,361.8,1997-03-04,361.75,7545,361.75,1997-03-04,361.75,7546.0,1.0,True,1.0,1.0
1997-03-04,361.75,1997-03-05,355.75,7546,355.75,1997-03-05,355.75,7547.0,1.0,True,1.0,1.0
1997-03-05,355.75,1997-03-06,352.15,7547,352.15,1997-03-06,352.15,7548.0,1.0,True,1.0,1.0
1997-03-06,352.15,1997-03-07,351.7,7548,351.7,1997-03-07,351.7,7549.0,1.0,True,1.0,1.0
1997-03-07,351.7,1997-03-10,349.9,7549,349.9,1997-03-10,349.9,7550.0,1.0,True,1.0,1.0
1997-03-10,349.9,1997-03-11,352.6,7550,352.6,1997-03-11,352.6,7551.0,1.0,True,1.0,1.0
1997-03-11,352.6,1997-03-12,353.15,7551,353.15,1997-03-12,353.15,7552.0,1.0,True,1.0,1.0
1997-03-12,353.15,1997-03-13,351.45,7552,351.45,1997-03-13,351.45,7553.0,1.0,True,1.0,1.0
1997-03-13,351.45,1997-03-14,353.0,7553,353.0,1997-03-14,353.0,7554.0,1.0,True,1.0,1.0
1997-03-14,353.0,1997-03-17,352.05,7554,352.05,1997-03-17,352.05,7555.0,1.0,True,1.0,1.0
1997-03-17,352.05,1997-03-18,347.4,7555,347.4,1997-03-18,347.4,7556.0,1.0,True,1.0,1.0
1997-03-18,347.4,1997-03-19,348.95,7556,348.95,1997-03-19,348.95,7557.0,1.0,True,1.0,1.0
1997-03-19,348.95,1997-03-20,352.7,7557,352.7,1997-03-20,352.7,7558.0,1.0,True,1.0,1.0
1997-03-20,352.7,1997-03-21,351.7,7558,351.7,1997-03-21,351.7,7559.0,1.0,True,1.0,1.0
1997-03-21,351.7,1997-03-24,350.65,7559,350.65,1997-03-24,350.65,7560.0,1.0,True,1.0,1.0
1997-03-24,350.65,1997-03-25,350.9,7560,350.9,1997-03-25,350.9,7561.0,1.0,True,1.0,1.0
1997-03-25,350.9,1997-03-26,346.8,7561,346.8,1997-03-26,346.8,7562.0,1.0,True,1.0,1.0
1997-03-26,346.8,1997-03-27,349.5,7562,349.5,1997-04-08,349.1,7571.0,9.0,True,0.0,0.0
1997-04-08,349.1,1997-04-09,348.0,7571,348.0,1997-04-09,348.0,7572.0,1.0,True,1.0,1.0
1997-04-09,348.0,1997-04-10,348.05,7572,348.05,1997-04-10,348.05,7573.0,1.0,True,1.0,1.0
1997-04-10,348.05,1997-04-11,348.65,7573,348.65,1997-04-11,348.65,7574.0,1.0,True,1.0,1.0
1997-04-11,348.65,1997-04-14,346.65,7574,346.65,1997-04-14,346.65,7575.0,1.0,True,1.0,1.0
1997-04-14,346.65,1997-04-15,345.6,7575,345.6,1997-04-15,345.6,7576.0,1.0,True,1.0,1.0
1997-04-15,345.6,1997-04-16,341.45,7576,341.45,1997-04-16,341.45,7577.0,1.0,True,1.0,1.0
1997-04-16,341.45,1997-04-17,341.2,7577,341.2,1997-04-17,341.2,7578.0,1.0,True,1.0,1.0
1997-04-17,341.2,1997-04-18,342.0,7578,342.0,1997-04-18,342.0,7579.0,1.0,True,1.0,1.0
1997-04-18,342.0,1997-04-21,342.15,7579,342.15,1997-04-21,342.15,7580.0,1.0,True,1.0,1.0
1997-04-21,342.15,1997-04-22,342.0,7580,342.0,1997-04-22,342.0,7581.0,1.0,True,1.0,1.0
1997-04-22,342.0,1997-04-23,340.7,7581,340.7,1997-04-23,340.7,7582.0,1.0,True,1.0,1.0
1997-04-23,340.7,1997-04-24,341.15,7582,341.15,1997-04-24,341.15,7583.0,1.0,True,1.0,1.0
1997-04-24,341.15,1997-04-25,341.35,7583,341.35,1997-04-29,338.95,7586.0,3.0,True,0.0,0.0
1997-04-29,338.95,1997-04-30,340.45,7586,340.45,1997-04-30,340.45,7587.0,1.0,True,1.0,1.0
1997-04-30,340.45,1997-05-01,339.55,7587,339.55,1997-05-01,339.55,7588.0,1.0,True,1.0,1.0
1997-05-01,339.55,1997-05-02,339.8,7588,339.8,1997-05-13,347.3,7596.0,8.0,True,0.0,0.0
1997-05-13,347.3,1997-05-14,349.0,7596,349.0,1997-05-14,349.0,7597.0,1.0,True,1.0,1.0
1997-05-14,349.0,1997-05-15,348.1,7597,348.1,1997-05-15,348.1,7598.0,1.0,True,1.0,1.0
1997-05-15,348.1,1997-05-16,347.0,7598,347.0,1997-05-16,347.0,7599.0,1.0,True,1.0,1.0
1997-05-16,347.0,1997-05-19,343.35,7599,343.35,1997-05-19,343.35,7600.0,1.0,True,1.0,1.0
1997-05-19,343.35,1997-05-20,342.5,7600,342.5,1997-05-20,342.5,7601.0,1.0,True,1.0,1.0
1997-05-20,342.5,1997-05-21,342.25,7601,342.25,1997-05-21,342.25,7602.0,1.0,True,1.0,1.0
1997-05-21,342.25,1997-05-22,342.95,7602,342.95,1997-05-22,342.95,7603.0,1.0,True,1.0,1.0
1997-05-22,342.95,1997-05-23,341.65,7603,341.65,1997-06-03,343.8,7611.0,8.0,True,0.0,0.0
1997-06-03,343.8,1997-06-04,342.4,7611,342.4,1997-06-04,342.4,7612.0,1.0,True,1.0,1.0
1997-06-04,342.4,1997-06-05,340.7,7612,340.7,1997-06-05,340.7,7613.0,1.0,True,1.0,1.0
1997-06-05,340.7,1997-06-06,343.8,7613,343.8,1997-06-06,343.8,7614.0,1.0,True,1.0,1.0
1997-06-06,343.8,1997-06-09,343.85,7614,343.85,1997-06-09,343.85,7615.0,1.0,True,1.0,1.0
1997-06-09,343.85,1997-06-10,344.0,7615,344.0,1997-06-10,344.0,7616.0,1.0,True,1.0,1.0
1997-06-10,344.0,1997-06-11,343.7,7616,343.7,1997-06-11,343.7,7617.0,1.0,True,1.0,1.0
1997-06-11,343.7,1997-06-12,341.8,7617,341.8,1997-06-12,341.8,7618.0,1.0,True,1.0,1.0
1997-06-12,341.8,1997-06-13,341.2,7618,341.2,1997-06-13,341.2,7619.0,1.0,True,1.0,1.0
1997-06-13,341.2,1997-06-16,340.95,7619,340.95,1997-06-16,340.95,7620.0,1.0,True,1.0,1.0
1997-06-16,340.95,1997-06-17,341.4,7620,341.4,1997-06-17,341.4,7621.0,1.0,True,1.0,1.0
1997-06-17,341.4,1997-06-18,342.05,7621,342.05,1997-06-18,342.05,7622.0,1.0,True,1.0,1.0
1997-06-18,342.05,1997-06-19,340.15,7622,340.15,1997-06-19,340.15,7623.0,1.0,True,1.0,1.0
1997-06-19,340.15,1997-06-20,339.55,7623,339.55,1997-06-20,339.55,7624.0,1.0,True,1.0,1.0
1997-06-20,339.55,1997-06-23,336.95,7624,336.95,1997-06-24,338.65,7626.0,2.0,True,0.0,0.0
1997-06-24,338.65,1997-06-25,338.7,7626,338.7,1997-06-25,338.7,7627.0,1.0,True,1.0,1.0
1997-06-25,338.7,1997-06-26,337.9,7627,337.9,1997-06-26,337.9,7628.0,1.0,True,1.0,1.0
1997-06-26,337.9,1997-06-27,337.3,7628,337.3,1997-06-27,337.3,7629.0,1.0,True,1.0,1.0
1997-06-27,337.3,1997-06-30,334.05,7629,334.05,1997-06-30,334.05,7630.0,1.0,True,1.0,1.0
1997-06-30,334.05,1997-07-01,333.6,7630,333.6,1997-07-01,333.6,7631.0,1.0,True,1.0,1.0
1997-07-01,333.6,1997-07-02,331.45,7631,331.45,1997-07-02,331.45,7632.0,1.0,True,1.0,1.0
1997-07-02,331.45,1997-07-03,332.3,7632,332.3,1997-07-03,332.3,7633.0,1.0,True,1.0,1.0
1997-07-03,332.3,1997-07-04,325.2,7633,325.2,1997-07-04,325.2,7634.0,1.0,True,1.0,1.0
1997-07-04,325.2,1997-07-07,318.75,7634,318.75,1997-07-07,318.75,7635.0,1.0,True,1.0,1.0
1997-07-07,318.75,1997-07-08,317.6,7635,317.6,1997-07-08,317.6,7636.0,1.0,True,1.0,1.0
1997-07-08,317.6,1997-07-09,315.75,7636,315.75,1997-07-09,315.75,7637.0,1.0,True,1.0,1.0
1997-07-09,315.75,1997-07-10,319.65,7637,319.65,1997-07-10,319.65,7638.0,1.0,True,1.0,1.0
1997-07-10,319.65,1997-07-11,320.6,7638,320.6,1997-07-11,320.6,7639.0,1.0,True,1.0,1.0
1997-07-11,320.6,1997-07-14,321.35,7639,321.35,1997-07-14,321.35,7640.0,1.0,True,1.0,1.0
1997-07-14,321.35,1997-07-15,319.0,7640,319.0,1997-07-15,319.0,7641.0,1.0,True,1.0,1.0
1997-07-15,319.0,1997-07-16,319.5,7641,319.5,1997-07-16,319.5,7642.0,1.0,True,1.0,1.0
1997-07-16,319.5,1997-07-17,318.75,7642,318.75,1997-07-17,318.75,7643.0,1.0,True,1.0,1.0
1997-07-17,318.75,1997-07-18,323.45,7643,323.45,1997-07-18,323.45,7644.0,1.0,True,1.0,1.0
1997-07-18,323.45,1997-07-21,328.05,7644,328.05,1997-07-21,328.05,7645.0,1.0,True,1.0,1.0
1997-07-21,328.05,1997-07-22,326.0,7645,326.0,1997-07-22,326.0,7646.0,1.0,True,1.0,1.0
1997-07-22,326.0,1997-07-23,324.35,7646,324.35,1997-07-23,324.35,7647.0,1.0,True,1.0,1.0
1997-07-23,324.35,1997-07-24,321.8,7647,321.8,1997-07-24,321.8,7648.0,1.0,True,1.0,1.0
1997-07-24,321.8,1997-07-25,324.5,7648,324.5,1997-07-25,324.5,7649.0,1.0,True,1.0,1.0
1997-07-25,324.5,1997-07-28,325.4,7649,325.4,1997-07-28,325.4,7650.0,1.0,True,1.0,1.0
1997-07-28,325.4,1997-07-29,327.5,7650,327.5,1997-07-29,327.5,7651.0,1.0,True,1.0,1.0
1997-07-29,327.5,1997-07-30,326.4,7651,326.4,1997-07-30,326.4,7652.0,1.0,True,1.0,1.0
1997-07-30,326.4,1997-07-31,326.0,7652,326.0,1997-07-31,326.0,7653.0,1.0,True,1.0,1.0
1997-07-31,326.0,1997-08-01,325.3,7653,325.3,1997-08-01,325.3,7654.0,1.0,True,1.0,1.0
1997-08-01,325.3,1997-08-04,324.05,7654,324.05,1997-08-04,324.05,7655.0,1.0,True,1.0,1.0
1997-08-04,324.05,1997-08-05,323.35,7655,323.35,1997-08-05,323.35,7656.0,1.0,True,1.0,1.0
1997-08-05,323.35,1997-08-06,318.85,7656,318.85,1997-08-06,318.85,7657.0,1.0,True,1.0,1.0
1997-08-06,318.85,1997-08-07,318.95,7657,318.95,1997-08-07,318.95,7658.0,1.0,True,1.0,1.0
1997-08-07,318.95,1997-08-08,321.6,7658,321.6,1997-08-08,321.6,7659.0,1.0,True,1.0,1.0
1997-08-08,321.6,1997-08-11,326.2,7659,326.2,1997-08-11,326.2,7660.0,1.0,True,1.0,1.0
1997-08-11,326.2,1997-08-12,327.6,7660,327.6,1997-08-12,327.6,7661.0,1.0,True,1.0,1.0
1997-08-12,327.6,1997-08-13,328.6,7661,328.6,1997-08-13,328.6,7662.0,1.0,True,1.0,1.0
1997-08-13,328.6,1997-08-14,327.3,7662,327.3,1997-08-14,327.3,7663.0,1.0,True,1.0,1.0
1997-08-14,327.3,1997-08-15,323.5,7663,323.5,1997-08-15,323.5,7664.0,1.0,True,1.0,1.0
1997-08-15,323.5,1997-08-18,326.05,7664,326.05,1997-08-18,326.05,7665.0,1.0,True,1.0,1.0
1997-08-18,326.05,1997-08-19,322.1,7665,322.1,1997-08-19,322.1,7666.0,1.0,True,1.0,1.0
1997-08-19,322.1,1997-08-20,322.0,7666,322.0,1997-08-20,322.0,7667.0,1.0,True,1.0,1.0
1997-08-20,322.0,1997-08-21,321.9,7667,321.9,1997-08-21,321.9,7668.0,1.0,True,1.0,1.0
1997-08-21,321.9,1997-08-22,321.8,7668,321.8,1997-09-02,324.5,7676.0,8.0,True,0.0,0.0
1997-09-02,324.5,1997-09-03,322.0,7676,322.0,1997-09-03,322.0,7677.0,1.0,True,1.0,1.0
1997-09-03,322.0,1997-09-04,321.8,7677,321.8,1997-09-04,321.8,7678.0,1.0,True,1.0,1.0
1997-09-04,321.8,1997-09-05,321.6,7678,321.6,1997-09-05,321.6,7679.0,1.0,True,1.0,1.0
1997-09-05,321.6,1997-09-08,322.05,7679,322.05,1997-09-08,322.05,7680.0,1.0,True,1.0,1.0
1997-09-08,322.05,1997-09-09,321.0,7680,321.0,1997-09-09,321.0,7681.0,1.0,True,1.0,1.0
1997-09-09,321.0,1997-09-10,321.0,7681,321.0,1997-09-10,321.0,7682.0,1.0,True,1.0,1.0
1997-09-10,321.0,1997-09-11,321.05,7682,321.05,1997-09-11,321.05,7683.0,1.0,True,1.0,1.0
1997-09-11,321.05,1997-09-12,323.25,7683,323.25,1997-09-12,323.25,7684.0,1.0,True,1.0,1.0
1997-09-12,323.25,1997-09-15,323.15,7684,323.15,1997-09-15,323.15,7685.0,1.0,True,1.0,1.0
1997-09-15,323.15,1997-09-16,321.8,7685,321.8,1997-09-16,321.8,7686.0,1.0,True,1.0,1.0
1997-09-16,321.8,1997-09-17,319.95,7686,319.95,1997-09-17,319.95,7687.0,1.0,True,1.0,1.0
1997-09-17,319.95,1997-09-18,320.65,7687,320.65,1997-09-18,320.65,7688.0,1.0,True,1.0,1.0
1997-09-18,320.65,1997-09-19,321.15,7688,321.15,1997-09-19,321.15,7689.0,1.0,True,1.0,1.0
1997-09-19,321.15,1997-09-22,321.1,7689,321.1,1997-09-23,320.7,7691.0,2.0,True,0.0,0.0
1997-09-23,320.7,1997-09-24,322.0,7691,322.0,1997-09-24,322.0,7692.0,1.0,True,1.0,1.0
1997-09-24,322.0,1997-09-25,323.15,7692,323.15,1997-09-25,323.15,7693.0,1.0,True,1.0,1.0
1997-09-25,323.15,1997-09-26,325.45,7693,325.45,1997-09-26,325.45,7694.0,1.0,True,1.0,1.0
1997-09-26,325.45,1997-09-29,327.05,7694,327.05,1997-09-29,327.05,7695.0,1.0,True,1.0,1.0
1997-09-29,327.05,1997-09-30,328.75,7695,328.75,1997-09-30,328.75,7696.0,1.0,True,1.0,1.0
1997-09-30,328.75,1997-10-01,336.8,7696,336.8,1997-10-01,336.8,7697.0,1.0,True,1.0,1.0
1997-10-01,336.8,1997-10-02,331.75,7697,331.75,1997-10-02,331.75,7698.0,1.0,True,1.0,1.0
1997-10-02,331.75,1997-10-03,331.1,7698,331.1,1997-10-03,331.1,7699.0,1.0,True,1.0,1.0
1997-10-03,331.1,1997-10-06,334.15,7699,334.15,1997-10-06,334.15,7700.0,1.0,True,1.0,1.0
1997-10-06,334.15,1997-10-07,331.5,7700,331.5,1997-10-07,331.5,7701.0,1.0,True,1.0,1.0
1997-10-07,331.5,1997-10-08,331.9,7701,331.9,1997-10-08,331.9,7702.0,1.0,True,1.0,1.0
1997-10-08,331.9,1997-10-09,333.75,7702,333.75,1997-10-09,333.75,7703.0,1.0,True,1.0,1.0
1997-10-09,333.75,1997-10-10,327.9,7703,327.9,1997-10-10,327.9,7704.0,1.0,True,1.0,1.0
1997-10-10,327.9,1997-10-13,328.8,7704,328.8,1997-10-13,328.8,7705.0,1.0,True,1.0,1.0
1997-10-13,328.8,1997-10-14,328.1,7705,328.1,1997-10-14,328.1,7706.0,1.0,True,1.0,1.0
1997-10-14,328.1,1997-10-15,325.6,7706,325.6,1997-10-15,325.6,7707.0,1.0,True,1.0,1.0
1997-10-15,325.6,1997-10-16,327.3,7707,327.3,1997-10-16,327.3,7708.0,1.0,True,1.0,1.0
1997-10-16,327.3,1997-10-17,324.2,7708,324.2,1997-10-17,324.2,7709.0,1.0,True,1.0,1.0
1997-10-17,324.2,1997-10-20,324.25,7709,324.25,1997-10-20,324.25,7710.0,1.0,True,1.0,1.0
1997-10-20,324.25,1997-10-21,323.0,7710,323.0,1997-10-21,323.0,7711.0,1.0,True,1.0,1.0
1997-10-21,323.0,1997-10-22,322.7,7711,322.7,1997-10-22,322.7,7712.0,1.0,True,1.0,1.0
1997-10-22,322.7,1997-10-23,323.3,7712,323.3,1997-10-23,323.3,7713.0,1.0,True,1.0,1.0
1997-10-23,323.3,1997-10-24,321.9,7713,321.9,1997-10-24,321.9,7714.0,1.0,True,1.0,1.0
1997-10-24,321.9,1997-10-27,311.8,7714,311.8,1997-10-27,311.8,7715.0,1.0,True,1.0,1.0
1997-10-27,311.8,1997-10-28,313.75,7715,313.75,1997-10-28,313.75,7716.0,1.0,True,1.0,1.0
1997-10-28,313.75,1997-10-29,313.7,7716,313.7,1997-10-29,313.7,7717.0,1.0,True,1.0,1.0
1997-10-29,313.7,1997-10-30,314.0,7717,314.0,1997-10-30,314.0,7718.0,1.0,True,1.0,1.0
1997-10-30,314.0,1997-10-31,310.4,7718,310.4,1997-10-31,310.4,7719.0,1.0,True,1.0,1.0
1997-10-31,310.4,1997-11-03,313.5,7719,313.5,1997-11-03,313.5,7720.0,1.0,True,1.0,1.0
1997-11-03,313.5,1997-11-04,313.3,7720,313.3,1997-11-04,313.3,7721.0,1.0,True,1.0,1.0
1997-11-04,313.3,1997-11-05,314.6,7721,314.6,1997-11-05,314.6,7722.0,1.0,True,1.0,1.0
1997-11-05,314.6,1997-11-06,312.25,7722,312.25,1997-11-06,312.25,7723.0,1.0,True,1.0,1.0
1997-11-06,312.25,1997-11-07,313.25,7723,313.25,1997-11-07,313.25,7724.0,1.0,True,1.0,1.0
1997-11-07,313.25,1997-11-10,309.7,7724,309.7,1997-11-10,309.7,7725.0,1.0,True,1.0,1.0
1997-11-10,309.7,1997-11-11,310.6,7725,310.6,1997-11-11,310.6,7726.0,1.0,True,1.0,1.0
1997-11-11,310.6,1997-11-12,310.1,7726,310.1,1997-11-12,310.1,7727.0,1.0,True,1.0,1.0
1997-11-12,310.1,1997-11-13,308.35,7727,308.35,1997-11-13,308.35,7728.0,1.0,True,1.0,1.0
1997-11-13,308.35,1997-11-14,304.5,7728,304.5,1997-11-14,304.5,7729.0,1.0,True,1.0,1.0
1997-11-14,304.5,1997-11-17,303.0,7729,303.0,1997-11-17,303.0,7730.0,1.0,True,1.0,1.0
1997-11-17,303.0,1997-11-18,303.65,7730,303.65,1997-11-18,303.65,7731.0,1.0,True,1.0,1.0
1997-11-18,303.65,1997-11-19,306.4,7731,306.4,1997-11-19,306.4,7732.0,1.0,True,1.0,1.0
1997-11-19,306.4,1997-11-20,303.05,7732,303.05,1997-11-20,303.05,7733.0,1.0,True,1.0,1.0
1997-11-20,303.05,1997-11-21,303.4,7733,303.4,1997-11-21,303.4,7734.0,1.0,True,1.0,1.0
1997-11-21,303.4,1997-11-24,305.5,7734,305.5,1997-11-24,305.5,7735.0,1.0,True,1.0,1.0
1997-11-24,305.5,1997-11-25,301.7,7735,301.7,1997-11-25,301.7,7736.0,1.0,True,1.0,1.0
1997-11-25,301.7,1997-11-26,297.0,7736,297.0,1997-11-26,297.0,7737.0,1.0,True,1.0,1.0
1997-11-26,297.0,1997-11-27,296.15,7737,296.15,1997-11-27,296.15,7738.0,1.0,True,1.0,1.0
1997-11-27,296.15,1997-11-28,296.9,7738,296.9,1997-11-28,296.9,7739.0,1.0,True,1.0,1.0
1997-11-28,296.9,1997-12-01,293.35,7739,293.35,1997-12-01,293.35,7740.0,1.0,True,1.0,1.0
1997-12-01,293.35,1997-12-02,293.5,7740,293.5,1997-12-02,293.5,7741.0,1.0,True,1.0,1.0
1997-12-02,293.5,1997-12-03,291.1,7741,291.1,1997-12-03,291.1,7742.0,1.0,True,1.0,1.0
1997-12-03,291.1,1997-12-04,289.85,7742,289.85,1997-12-04,289.85,7743.0,1.0,True,1.0,1.0
1997-12-04,289.85,1997-12-05,287.05,7743,287.05,1997-12-05,287.05,7744.0,1.0,True,1.0,1.0
1997-12-05,287.05,1997-12-08,288.1,7744,288.1,1997-12-08,288.1,7745.0,1.0,True,1.0,1.0
1997-12-08,288.1,1997-12-09,285.5,7745,285.5,1997-12-09,285.5,7746.0,1.0,True,1.0,1.0
1997-12-09,285.5,1997-12-10,285.05,7746,285.05,1997-12-10,285.05,7747.0,1.0,True,1.0,1.0
1997-12-10,285.05,1997-12-11,286.15,7747,286.15,1997-12-11,286.15,7748.0,1.0,True,1.0,1.0
1997-12-11,286.15,1997-12-12,283.05,7748,283.05,1997-12-12,283.05,7749.0,1.0,True,1.0,1.0
1997-12-12,283.05,1997-12-15,283.2,7749,283.2,1997-12-15,283.2,7750.0,1.0,True,1.0,1.0
1997-12-15,283.2,1997-12-16,283.25,7750,283.25,1997-12-16,283.25,7751.0,1.0,True,1.0,1.0
1997-12-16,283.25,1997-12-17,286.1,7751,286.1,1997-12-17,286.1,7752.0,1.0,True,1.0,1.0
1997-12-17,286.1,1997-12-18,287.05,7752,287.05,1997-12-18,287.05,7753.0,1.0,True,1.0,1.0
1997-12-18,287.05,1997-12-19,289.25,7753,289.25,1997-12-19,289.25,7754.0,1.0,True,1.0,1.0
1997-12-19,289.25,1997-12-22,290.45,7754,290.45,1997-12-22,290.45,7755.0,1.0,True,1.0,1.0
1997-12-22,290.45,1997-12-23,292.2,7755,292.2,1997-12-23,292.2,7756.0,1.0,True,1.0,1.0
1997-12-23,292.2,1997-12-24,296.1,7756,296.1,1998-01-09,281.9,7769.0,13.0,True,0.0,0.0
1998-01-09,281.9,1998-01-12,278.5,7769,278.5,1998-01-12,278.5,7770.0,1.0,True,1.0,1.0
1998-01-12,278.5,1998-01-13,279.05,7770,279.05,1998-01-13,279.05,7771.0,1.0,True,1.0,1.0
1998-01-13,279.05,1998-01-14,285.9,7771,285.9,1998-01-14,285.9,7772.0,1.0,True,1.0,1.0
1998-01-14,285.9,1998-01-15,281.1,7772,281.1,1998-01-15,281.1,7773.0,1.0,True,1.0,1.0
1998-01-15,281.1,1998-01-16,287.35,7773,287.35,1998-01-16,287.35,7774.0,1.0,True,1.0,1.0
1998-01-16,287.35,1998-01-19,285.75,7774,285.75,1998-01-19,285.75,7775.0,1.0,True,1.0,1.0
1998-01-19,285.75,1998-01-20,287.2,7775,287.2,1998-01-20,287.2,7776.0,1.0,True,1.0,1.0
1998-01-20,287.2,1998-01-21,291.9,7776,291.9,1998-01-21,291.9,7777.0,1.0,True,1.0,1.0
1998-01-21,291.9,1998-01-22,293.8,7777,293.8,1998-01-26,304.5,7780.0,3.0,True,0.0,0.0
1998-01-26,304.5,1998-01-27,300.0,7780,300.0,1998-01-27,300.0,7781.0,1.0,True,1.0,1.0
1998-01-27,300.0,1998-01-28,298.25,7781,298.25,1998-01-28,298.25,7782.0,1.0,True,1.0,1.0
1998-01-28,298.25,1998-01-29,304.25,7782,304.25,1998-01-30,301.8,7784.0,2.0,True,0.0,0.0
1998-01-30,301.8,1998-02-02,302.0,7784,302.0,1998-02-02,302.0,7785.0,1.0,True,1.0,1.0
1998-02-02,302.0,1998-02-03,299.7,7785,299.7,1998-02-03,299.7,7786.0,1.0,True,1.0,1.0
1998-02-03,299.7,1998-02-04,295.2,7786,295.2,1998-02-04,295.2,7787.0,1.0,True,1.0,1.0
1998-02-04,295.2,1998-02-05,298.9,7787,298.9,1998-02-05,298.9,7788.0,1.0,True,1.0,1.0
1998-02-05,298.9,1998-02-06,301.6,7788,301.6,1998-02-06,301.6,7789.0,1.0,True,1.0,1.0
1998-02-06,301.6,1998-02-09,300.0,7789,300.0,1998-02-09,300.0,7790.0,1.0,True,1.0,1.0
1998-02-09,300.0,1998-02-10,300.75,7790,300.75,1998-02-10,300.75,7791.0,1.0,True,1.0,1.0
1998-02-10,300.75,1998-02-11,298.95,7791,298.95,1998-02-11,298.95,7792.0,1.0,True,1.0,1.0
1998-02-11,298.95,1998-02-12,299.0,7792,299.0,1998-02-12,299.0,7793.0,1.0,True,1.0,1.0
1998-02-12,299.0,1998-02-13,298.0,7793,298.0,1998-02-13,298.0,7794.0,1.0,True,1.0,1.0
1998-02-13,298.0,1998-02-16,297.7,7794,297.7,1998-02-16,297.7,7795.0,1.0,True,1.0,1.0
1998-02-16,297.7,1998-02-17,299.2,7795,299.2,1998-02-17,299.2,7796.0,1.0,True,1.0,1.0
1998-02-17,299.2,1998-02-18,297.8,7796,297.8,1998-02-18,297.8,7797.0,1.0,True,1.0,1.0
1998-02-18,297.8,1998-02-19,298.3,7797,298.3,1998-02-19,298.3,7798.0,1.0,True,1.0,1.0
1998-02-19,298.3,1998-02-20,298.35,7798,298.35,1998-02-20,298.35,7799.0,1.0,True,1.0,1.0
1998-02-20,298.35,1998-02-23,295.2,7799,295.2,1998-02-23,295.2,7800.0,1.0,True,1.0,1.0
1998-02-23,295.2,1998-02-24,292.35,7800,292.35,1998-02-24,292.35,7801.0,1.0,True,1.0,1.0
1998-02-24,292.35,1998-02-25,292.3,7801,292.3,1998-02-25,292.3,7802.0,1.0,True,1.0,1.0
1998-02-25,292.3,1998-02-26,293.0,7802,293.0,1998-02-26,293.0,7803.0,1.0,True,1.0,1.0
1998-02-26,293.0,1998-02-27,296.55,7803,296.55,1998-02-27,296.55,7804.0,1.0,True,1.0,1.0
1998-02-27,296.55,1998-03-02,299.75,7804,299.75,1998-03-02,299.75,7805.0,1.0,True,1.0,1.0
1998-03-02,299.75,1998-03-03,297.65,7805,297.65,1998-03-03,297.65,7806.0,1.0,True,1.0,1.0
1998-03-03,297.65,1998-03-04,296.0,7806,296.0,1998-03-04,296.0,7807.0,1.0,True,1.0,1.0
1998-03-04,296.0,1998-03-05,294.7,7807,294.7,1998-03-05,294.7,7808.0,1.0,True,1.0,1.0
1998-03-05,294.7,1998-03-06,294.25,7808,294.25,1998-03-06,294.25,7809.0,1.0,True,1.0,1.0
1998-03-06,294.25,1998-03-09,294.45,7809,294.45,1998-03-09,294.45,7810.0,1.0,True,1.0,1.0
1998-03-09,294.45,1998-03-10,294.3,7810,294.3,1998-03-10,294.3,7811.0,1.0,True,1.0,1.0
1998-03-10,294.3,1998-03-11,295.25,7811,295.25,1998-03-11,295.25,7812.0,1.0,True,1.0,1.0
1998-03-11,295.25,1998-03-12,294.0,7812,294.0,1998-03-12,294.0,7813.0,1.0,True,1.0,1.0
1998-03-12,294.0,1998-03-13,295.15,7813,295.15,1998-03-13,295.15,7814.0,1.0,True,1.0,1.0
1998-03-13,295.15,1998-03-16,294.15,7814,294.15,1998-03-16,294.15,7815.0,1.0,True,1.0,1.0
1998-03-16,294.15,1998-03-17,293.8,7815,293.8,1998-03-17,293.8,7816.0,1.0,True,1.0,1.0
1998-03-17,293.8,1998-03-18,289.1,7816,289.1,1998-03-18,289.1,7817.0,1.0,True,1.0,1.0
1998-03-18,289.1,1998-03-19,291.3,7817,291.3,1998-03-19,291.3,7818.0,1.0,True,1.0,1.0
1998-03-19,291.3,1998-03-20,291.1,7818,291.1,1998-03-20,291.1,7819.0,1.0,True,1.0,1.0
1998-03-20,291.1,1998-03-23,292.8,7819,292.8,1998-03-23,292.8,7820.0,1.0,True,1.0,1.0
1998-03-23,292.8,1998-03-24,298.85,7820,298.85,1998-03-24,298.85,7821.0,1.0,True,1.0,1.0
1998-03-24,298.85,1998-03-25,298.5,7821,298.5,1998-03-25,298.5,7822.0,1.0,True,1.0,1.0
1998-03-25,298.5,1998-03-26,299.2,7822,299.2,1998-03-26,299.2,7823.0,1.0,True,1.0,1.0
1998-03-26,299.2,1998-03-27,302.75,7823,302.75,1998-03-27,302.75,7824.0,1.0,True,1.0,1.0
1998-03-27,302.75,1998-03-30,302.2,7824,302.2,1998-03-30,302.2,7825.0,1.0,True,1.0,1.0
1998-03-30,302.2,1998-03-31,299.9,7825,299.9,1998-03-31,299.9,7826.0,1.0,True,1.0,1.0
1998-03-31,299.9,1998-04-01,301.6,7826,301.6,1998-04-01,301.6,7827.0,1.0,True,1.0,1.0
1998-04-01,301.6,1998-04-02,299.3,7827,299.3,1998-04-02,299.3,7828.0,1.0,True,1.0,1.0
1998-04-02,299.3,1998-04-03,305.95,7828,305.95,1998-04-03,305.95,7829.0,1.0,True,1.0,1.0
1998-04-03,305.95,1998-04-06,313.5,7829,313.5,1998-04-06,313.5,7830.0,1.0,True,1.0,1.0
1998-04-06,313.5,1998-04-07,309.15,7830,309.15,1998-04-07,309.15,7831.0,1.0,True,1.0,1.0
1998-04-07,309.15,1998-04-08,309.75,7831,309.75,1998-04-08,309.75,7832.0,1.0,True,1.0,1.0
1998-04-08,309.75,1998-04-09,308.35,7832,308.35,1998-04-21,307.2,7841.0,9.0,True,0.0,0.0
1998-04-21,307.2,1998-04-22,311.2,7841,311.2,1998-04-22,311.2,7842.0,1.0,True,1.0,1.0
1998-04-22,311.2,1998-04-23,314.6,7842,314.6,1998-04-23,314.6,7843.0,1.0,True,1.0,1.0
1998-04-23,314.6,1998-04-24,312.65,7843,312.65,1998-04-24,312.65,7844.0,1.0,True,1.0,1.0
1998-04-24,312.65,1998-04-27,311.4,7844,311.4,1998-04-27,311.4,7845.0,1.0,True,1.0,1.0
1998-04-27,311.4,1998-04-28,308.6,7845,308.6,1998-04-28,308.6,7846.0,1.0,True,1.0,1.0
1998-04-28,308.6,1998-04-29,307.55,7846,307.55,1998-04-29,307.55,7847.0,1.0,True,1.0,1.0
1998-04-29,307.55,1998-04-30,310.7,7847,310.7,1998-04-30,310.7,7848.0,1.0,True,1.0,1.0
1998-04-30,310.7,1998-05-01,306.1,7848,306.1,1998-05-12,299.9,7856.0,8.0,True,0.0,0.0
1998-05-12,299.9,1998-05-13,295.6,7856,295.6,1998-05-13,295.6,7857.0,1.0,True,1.0,1.0
1998-05-13,295.6,1998-05-14,296.9,7857,296.9,1998-05-14,296.9,7858.0,1.0,True,1.0,1.0
1998-05-14,296.9,1998-05-15,302.3,7858,302.3,1998-05-15,302.3,7859.0,1.0,True,1.0,1.0
1998-05-15,302.3,1998-05-18,299.7,7859,299.7,1998-05-18,299.7,7860.0,1.0,True,1.0,1.0
1998-05-18,299.7,1998-05-19,299.0,7860,299.0,1998-05-19,299.0,7861.0,1.0,True,1.0,1.0
1998-05-19,299.0,1998-05-20,298.1,7861,298.1,1998-05-20,298.1,7862.0,1.0,True,1.0,1.0
1998-05-20,298.1,1998-05-21,300.05,7862,300.05,1998-05-21,300.05,7863.0,1.0,True,1.0,1.0
1998-05-21,300.05,1998-05-22,300.7,7863,300.7,1998-06-02,289.2,7871.0,8.0,True,0.0,0.0
1998-06-02,289.2,1998-06-03,293.35,7871,293.35,1998-06-03,293.35,7872.0,1.0,True,1.0,1.0
1998-06-03,293.35,1998-06-04,292.05,7872,292.05,1998-06-04,292.05,7873.0,1.0,True,1.0,1.0
1998-06-04,292.05,1998-06-05,292.2,7873,292.2,1998-06-05,292.2,7874.0,1.0,True,1.0,1.0
1998-06-05,292.2,1998-06-08,290.3,7874,290.3,1998-06-08,290.3,7875.0,1.0,True,1.0,1.0
1998-06-08,290.3,1998-06-09,296.25,7875,296.25,1998-06-09,296.25,7876.0,1.0,True,1.0,1.0
1998-06-09,296.25,1998-06-10,294.15,7876,294.15,1998-06-10,294.15,7877.0,1.0,True,1.0,1.0
1998-06-10,294.15,1998-06-11,292.9,7877,292.9,1998-06-11,292.9,7878.0,1.0,True,1.0,1.0
1998-06-11,292.9,1998-06-12,288.1,7878,288.1,1998-06-12,288.1,7879.0,1.0,True,1.0,1.0
1998-06-12,288.1,1998-06-15,286.1,7879,286.1,1998-06-15,286.1,7880.0,1.0,True,1.0,1.0
1998-06-15,286.1,1998-06-16,286.4,7880,286.4,1998-06-16,286.4,7881.0,1.0,True,1.0,1.0
1998-06-16,286.4,1998-06-17,288.4,7881,288.4,1998-06-17,288.4,7882.0,1.0,True,1.0,1.0
1998-06-17,288.4,1998-06-18,293.05,7882,293.05,1998-06-18,293.05,7883.0,1.0,True,1.0,1.0
1998-06-18,293.05,1998-06-19,293.4,7883,293.4,1998-06-19,293.4,7884.0,1.0,True,1.0,1.0
1998-06-19,293.4,1998-06-22,294.75,7884,294.75,1998-06-23,295.55,7886.0,2.0,True,0.0,0.0
1998-06-23,295.55,1998-06-24,293.9,7886,293.9,1998-06-24,293.9,7887.0,1.0,True,1.0,1.0
1998-06-24,293.9,1998-06-25,293.25,7887,293.25,1998-06-25,293.25,7888.0,1.0,True,1.0,1.0
1998-06-25,293.25,1998-06-26,294.5,7888,294.5,1998-06-26,294.5,7889.0,1.0,True,1.0,1.0
1998-06-26,294.5,1998-06-29,293.0,7889,293.0,1998-06-29,293.0,7890.0,1.0,True,1.0,1.0
1998-06-29,293.0,1998-06-30,295.75,7890,295.75,1998-06-30,295.75,7891.0,1.0,True,1.0,1.0
1998-06-30,295.75,1998-07-01,297.1,7891,297.1,1998-07-01,297.1,7892.0,1.0,True,1.0,1.0
1998-07-01,297.1,1998-07-02,295.75,7892,295.75,1998-07-02,295.75,7893.0,1.0,True,1.0,1.0
1998-07-02,295.75,1998-07-03,293.9,7893,293.9,1998-07-03,293.9,7894.0,1.0,True,1.0,1.0
1998-07-03,293.9,1998-07-06,293.15,7894,293.15,1998-07-06,293.15,7895.0,1.0,True,1.0,1.0
1998-07-06,293.15,1998-07-07,293.1,7895,293.1,1998-07-07,293.1,7896.0,1.0,True,1.0,1.0
1998-07-07,293.1,1998-07-08,294.35,7896,294.35,1998-07-08,294.35,7897.0,1.0,True,1.0,1.0
1998-07-08,294.35,1998-07-09,292.2,7897,292.2,1998-07-09,292.2,7898.0,1.0,True,1.0,1.0
1998-07-09,292.2,1998-07-10,291.35,7898,291.35,1998-07-10,291.35,7899.0,1.0,True,1.0,1.0
1998-07-10,291.35,1998-07-13,290.7,7899,290.7,1998-07-13,290.7,7900.0,1.0,True,1.0,1.0
1998-07-13,290.7,1998-07-14,292.2,7900,292.2,1998-07-14,292.2,7901.0,1.0,True,1.0,1.0
1998-07-14,292.2,1998-07-15,292.8,7901,292.8,1998-07-15,292.8,7902.0,1.0,True,1.0,1.0
1998-07-15,292.8,1998-07-16,294.35,7902,294.35,1998-07-16,294.35,7903.0,1.0,True,1.0,1.0
1998-07-16,294.35,1998-07-17,293.6,7903,293.6,1998-07-17,293.6,7904.0,1.0,True,1.0,1.0
1998-07-17,293.6,1998-07-20,294.65,7904,294.65,1998-07-20,294.65,7905.0,1.0,True,1.0,1.0
1998-07-20,294.65,1998-07-21,295.2,7905,295.2,1998-07-21,295.2,7906.0,1.0,True,1.0,1.0
1998-07-21,295.2,1998-07-22,294.4,7906,294.4,1998-07-22,294.4,7907.0,1.0,True,1.0,1.0
1998-07-22,294.4,1998-07-23,292.9,7907,292.9,1998-07-23,292.9,7908.0,1.0,True,1.0,1.0
1998-07-23,292.9,1998-07-24,293.75,7908,293.75,1998-07-24,293.75,7909.0,1.0,True,1.0,1.0
1998-07-24,293.75,1998-07-27,290.75,7909,290.75,1998-07-27,290.75,7910.0,1.0,True,1.0,1.0
1998-07-27,290.75,1998-07-28,290.35,7910,290.35,1998-07-28,290.35,7911.0,1.0,True,1.0,1.0
1998-07-28,290.35,1998-07-29,291.0,7911,291.0,1998-07-29,291.0,7912.0,1.0,True,1.0,1.0
1998-07-29,291.0,1998-07-30,289.15,7912,289.15,1998-07-30,289.15,7913.0,1.0,True,1.0,1.0
1998-07-30,289.15,1998-07-31,289.4,7913,289.4,1998-07-31,289.4,7914.0,1.0,True,1.0,1.0
1998-07-31,289.4,1998-08-03,286.65,7914,286.65,1998-08-03,286.65,7915.0,1.0,True,1.0,1.0
1998-08-03,286.65,1998-08-04,285.7,7915,285.7,1998-08-04,285.7,7916.0,1.0,True,1.0,1.0
1998-08-04,285.7,1998-08-05,288.85,7916,288.85,1998-08-05,288.85,7917.0,1.0,True,1.0,1.0
1998-08-05,288.85,1998-08-06,286.85,7917,286.85,1998-08-06,286.85,7918.0,1.0,True,1.0,1.0
1998-08-06,286.85,1998-08-07,286.2,7918,286.2,1998-08-07,286.2,7919.0,1.0,True,1.0,1.0
1998-08-07,286.2,1998-08-10,286.2,7919,286.2,1998-08-10,286.2,7920.0,1.0,True,1.0,1.0
1998-08-10,286.2,1998-08-11,284.5,7920,284.5,1998-08-11,284.5,7921.0,1.0,True,1.0,1.0
1998-08-11,284.5,1998-08-12,285.5,7921,285.5,1998-08-12,285.5,7922.0,1.0,True,1.0,1.0
1998-08-12,285.5,1998-08-13,282.7,7922,282.7,1998-08-13,282.7,7923.0,1.0,True,1.0,1.0
1998-08-13,282.7,1998-08-14,284.8,7923,284.8,1998-08-14,284.8,7924.0,1.0,True,1.0,1.0
1998-08-14,284.8,1998-08-17,283.3,7924,283.3,1998-08-17,283.3,7925.0,1.0,True,1.0,1.0
1998-08-17,283.3,1998-08-18,284.4,7925,284.4,1998-08-18,284.4,7926.0,1.0,True,1.0,1.0
1998-08-18,284.4,1998-08-19,285.75,7926,285.75,1998-08-19,285.75,7927.0,1.0,True,1.0,1.0
1998-08-19,285.75,1998-08-20,283.7,7927,283.7,1998-08-20,283.7,7928.0,1.0,True,1.0,1.0
1998-08-20,283.7,1998-08-21,284.45,7928,284.45,1998-08-21,284.45,7929.0,1.0,True,1.0,1.0
1998-08-21,284.45,1998-08-24,284.3,7929,284.3,1998-08-24,284.3,7930.0,1.0,True,1.0,1.0
1998-08-24,284.3,1998-08-25,283.9,7930,283.9,1998-08-25,283.9,7931.0,1.0,True,1.0,1.0
1998-08-25,283.9,1998-08-26,282.5,7931,282.5,1998-08-26,282.5,7932.0,1.0,True,1.0,1.0
1998-08-26,282.5,1998-08-27,280.9,7932,280.9,1998-08-27,280.9,7933.0,1.0,True,1.0,1.0
1998-08-27,280.9,1998-08-28,273.4,7933,273.4,1998-09-08,287.3,7941.0,8.0,True,0.0,0.0
1998-09-08,287.3,1998-09-09,284.15,7941,284.15,1998-09-09,284.15,7942.0,1.0,True,1.0,1.0
1998-09-09,284.15,1998-09-10,285.65,7942,285.65,1998-09-10,285.65,7943.0,1.0,True,1.0,1.0
1998-09-10,285.65,1998-09-11,293.75,7943,293.75,1998-09-11,293.75,7944.0,1.0,True,1.0,1.0
1998-09-11,293.75,1998-09-14,290.3,7944,290.3,1998-09-14,290.3,7945.0,1.0,True,1.0,1.0
1998-09-14,290.3,1998-09-15,290.35,7945,290.35,1998-09-15,290.35,7946.0,1.0,True,1.0,1.0
1998-09-15,290.35,1998-09-16,289.15,7946,289.15,1998-09-16,289.15,7947.0,1.0,True,1.0,1.0
1998-09-16,289.15,1998-09-17,287.65,7947,287.65,1998-09-17,287.65,7948.0,1.0,True,1.0,1.0
1998-09-17,287.65,1998-09-18,290.85,7948,290.85,1998-09-18,290.85,7949.0,1.0,True,1.0,1.0
1998-09-18,290.85,1998-09-21,292.1,7949,292.1,1998-09-21,292.1,7950.0,1.0,True,1.0,1.0
1998-09-21,292.1,1998-09-22,288.5,7950,288.5,1998-09-22,288.5,7951.0,1.0,True,1.0,1.0
1998-09-22,288.5,1998-09-23,288.0,7951,288.0,1998-09-23,288.0,7952.0,1.0,True,1.0,1.0
1998-09-23,288.0,1998-09-24,290.6,7952,290.6,1998-09-24,290.6,7953.0,1.0,True,1.0,1.0
1998-09-24,290.6,1998-09-25,296.35,7953,296.35,1998-09-25,296.35,7954.0,1.0,True,1.0,1.0
1998-09-25,296.35,1998-09-28,293.8,7954,293.8,1998-09-29,296.85,7956.0,2.0,True,0.0,0.0
1998-09-29,296.85,1998-09-30,294.1,7956,294.1,1998-09-30,294.1,7957.0,1.0,True,1.0,1.0
1998-09-30,294.1,1998-10-01,299.0,7957,299.0,1998-10-01,299.0,7958.0,1.0,True,1.0,1.0
1998-10-01,299.0,1998-10-02,301.4,7958,301.4,1998-10-02,301.4,7959.0,1.0,True,1.0,1.0
1998-10-02,301.4,1998-10-05,298.75,7959,298.75,1998-10-05,298.75,7960.0,1.0,True,1.0,1.0
1998-10-05,298.75,1998-10-06,296.35,7960,296.35,1998-10-06,296.35,7961.0,1.0,True,1.0,1.0
1998-10-06,296.35,1998-10-07,298.85,7961,298.85,1998-10-07,298.85,7962.0,1.0,True,1.0,1.0
1998-10-07,298.85,1998-10-08,302.35,7962,302.35,1998-10-08,302.35,7963.0,1.0,True,1.0,1.0
1998-10-08,302.35,1998-10-09,299.65,7963,299.65,1998-10-09,299.65,7964.0,1.0,True,1.0,1.0
1998-10-09,299.65,1998-10-12,296.65,7964,296.65,1998-10-12,296.65,7965.0,1.0,True,1.0,1.0
1998-10-12,296.65,1998-10-13,296.8,7965,296.8,1998-10-13,296.8,7966.0,1.0,True,1.0,1.0
1998-10-13,296.8,1998-10-14,296.6,7966,296.6,1998-10-14,296.6,7967.0,1.0,True,1.0,1.0
1998-10-14,296.6,1998-10-15,296.0,7967,296.0,1998-10-15,296.0,7968.0,1.0,True,1.0,1.0
1998-10-15,296.0,1998-10-16,300.45,7968,300.45,1998-10-16,300.45,7969.0,1.0,True,1.0,1.0
1998-10-16,300.45,1998-10-19,298.35,7969,298.35,1998-10-19,298.35,7970.0,1.0,True,1.0,1.0
1998-10-19,298.35,1998-10-20,295.85,7970,295.85,1998-10-20,295.85,7971.0,1.0,True,1.0,1.0
1998-10-20,295.85,1998-10-21,296.9,7971,296.9,1998-10-21,296.9,7972.0,1.0,True,1.0,1.0
1998-10-21,296.9,1998-10-22,293.75,7972,293.75,1998-10-22,293.75,7973.0,1.0,True,1.0,1.0
1998-10-22,293.75,1998-10-23,292.85,7973,292.85,1998-10-23,292.85,7974.0,1.0,True,1.0,1.0
1998-10-23,292.85,1998-10-26,291.2,7974,291.2,1998-10-26,291.2,7975.0,1.0,True,1.0,1.0
1998-10-26,291.2,1998-10-27,293.0,7975,293.0,1998-10-27,293.0,7976.0,1.0,True,1.0,1.0
1998-10-27,293.0,1998-10-28,293.75,7976,293.75,1998-10-28,293.75,7977.0,1.0,True,1.0,1.0
1998-10-28,293.75,1998-10-29,293.5,7977,293.5,1998-10-29,293.5,7978.0,1.0,True,1.0,1.0
1998-10-29,293.5,1998-10-30,293.1,7978,293.1,1998-10-30,293.1,7979.0,1.0,True,1.0,1.0
1998-10-30,293.1,1998-11-02,292.75,7979,292.75,1998-11-02,292.75,7980.0,1.0,True,1.0,1.0
1998-11-02,292.75,1998-11-03,290.1,7980,290.1,1998-11-03,290.1,7981.0,1.0,True,1.0,1.0
1998-11-03,290.1,1998-11-04,290.1,7981,290.1,1998-11-04,290.1,7982.0,1.0,True,1.0,1.0
1998-11-04,290.1,1998-11-05,290.9,7982,290.9,1998-11-05,290.9,7983.0,1.0,True,1.0,1.0
1998-11-05,290.9,1998-11-06,293.6,7983,293.6,1998-11-06,293.6,7984.0,1.0,True,1.0,1.0
1998-11-06,293.6,1998-11-09,292.4,7984,292.4,1998-11-09,292.4,7985.0,1.0,True,1.0,1.0
1998-11-09,292.4,1998-11-10,291.75,7985,291.75,1998-11-10,291.75,7986.0,1.0,True,1.0,1.0
1998-11-10,291.75,1998-11-11,293.6,7986,293.6,1998-11-11,293.6,7987.0,1.0,True,1.0,1.0
1998-11-11,293.6,1998-11-12,293.0,7987,293.0,1998-11-12,293.0,7988.0,1.0,True,1.0,1.0
1998-11-12,293.0,1998-11-13,297.2,7988,297.2,1998-11-13,297.2,7989.0,1.0,True,1.0,1.0
1998-11-13,297.2,1998-11-16,295.35,7989,295.35,1998-11-16,295.35,7990.0,1.0,True,1.0,1.0
1998-11-16,295.35,1998-11-17,294.6,7990,294.6,1998-11-17,294.6,7991.0,1.0,True,1.0,1.0
1998-11-17,294.6,1998-11-18,294.4,7991,294.4,1998-11-18,294.4,7992.0,1.0,True,1.0,1.0
1998-11-18,294.4,1998-11-19,297.85,7992,297.85,1998-11-19,297.85,7993.0,1.0,True,1.0,1.0
1998-11-19,297.85,1998-11-20,296.05,7993,296.05,1998-11-20,296.05,7994.0,1.0,True,1.0,1.0
1998-11-20,296.05,1998-11-23,295.6,7994,295.6,1998-11-23,295.6,7995.0,1.0,True,1.0,1.0
1998-11-23,295.6,1998-11-24,295.95,7995,295.95,1998-11-24,295.95,7996.0,1.0,True,1.0,1.0
1998-11-24,295.95,1998-11-25,296.2,7996,296.2,1998-11-25,296.2,7997.0,1.0,True,1.0,1.0
1998-11-25,296.2,1998-11-26,296.25,7997,296.25,1998-11-26,296.25,7998.0,1.0,True,1.0,1.0
1998-11-26,296.25,1998-11-27,295.7,7998,295.7,1998-11-27,295.7,7999.0,1.0,True,1.0,1.0
1998-11-27,295.7,1998-11-30,295.75,7999,295.75,1998-11-30,295.75,8000.0,1.0,True,1.0,1.0
1998-11-30,295.75,1998-12-01,293.35,8000,293.35,1998-12-01,293.35,8001.0,1.0,True,1.0,1.0
1998-12-01,293.35,1998-12-02,293.9,8001,293.9,1998-12-02,293.9,8002.0,1.0,True,1.0,1.0
1998-12-02,293.9,1998-12-03,292.95,8002,292.95,1998-12-03,292.95,8003.0,1.0,True,1.0,1.0
1998-12-03,292.95,1998-12-04,292.4,8003,292.4,1998-12-04,292.4,8004.0,1.0,True,1.0,1.0
1998-12-04,292.4,1998-12-07,292.35,8004,292.35,1998-12-07,292.35,8005.0,1.0,True,1.0,1.0
1998-12-07,292.35,1998-12-08,294.5,8005,294.5,1998-12-08,294.5,8006.0,1.0,True,1.0,1.0
1998-12-08,294.5,1998-12-09,293.5,8006,293.5,1998-12-09,293.5,8007.0,1.0,True,1.0,1.0
1998-12-09,293.5,1998-12-10,294.9,8007,294.9,1998-12-10,294.9,8008.0,1.0,True,1.0,1.0
1998-12-10,294.9,1998-12-11,294.3,8008,294.3,1998-12-11,294.3,8009.0,1.0,True,1.0,1.0
1998-12-11,294.3,1998-12-14,291.25,8009,291.25,1998-12-14,291.25,8010.0,1.0,True,1.0,1.0
1998-12-14,291.25,1998-12-15,292.5,8010,292.5,1998-12-15,292.5,8011.0,1.0,True,1.0,1.0
1998-12-15,292.5,1998-12-16,292.55,8011,292.55,1998-12-16,292.55,8012.0,1.0,True,1.0,1.0
1998-12-16,292.55,1998-12-17,293.75,8012,293.75,1998-12-17,293.75,8013.0,1.0,True,1.0,1.0
1998-12-17,293.75,1998-12-18,292.35,8013,292.35,1998-12-18,292.35,8014.0,1.0,True,1.0,1.0
1998-12-18,292.35,1998-12-21,289.95,8014,289.95,1998-12-21,289.95,8015.0,1.0,True,1.0,1.0
1998-12-21,289.95,1998-12-22,288.7,8015,288.7,1998-12-22,288.7,8016.0,1.0,True,1.0,1.0
1998-12-22,288.7,1998-12-23,287.7,8016,287.7,1998-12-23,287.7,8017.0,1.0,True,1.0,1.0
1998-12-23,287.7,1998-12-24,286.65,8017,286.65,1999-01-11,291.25,8030.0,13.0,True,0.0,0.0
1999-01-11,291.25,1999-01-12,291.4,8030,291.4,1999-01-12,291.4,8031.0,1.0,True,1.0,1.0
1999-01-12,291.4,1999-01-13,288.2,8031,288.2,1999-01-13,288.2,8032.0,1.0,True,1.0,1.0
1999-01-13,288.2,1999-01-14,285.7,8032,285.7,1999-01-14,285.7,8033.0,1.0,True,1.0,1.0
1999-01-14,285.7,1999-01-15,285.85,8033,285.85,1999-01-15,285.85,8034.0,1.0,True,1.0,1.0
1999-01-15,285.85,1999-01-18,286.95,8034,286.95,1999-01-18,286.95,8035.0,1.0,True,1.0,1.0
1999-01-18,286.95,1999-01-19,287.3,8035,287.3,1999-01-19,287.3,8036.0,1.0,True,1.0,1.0
1999-01-19,287.3,1999-01-20,285.9,8036,285.9,1999-01-20,285.9,8037.0,1.0,True,1.0,1.0
1999-01-20,285.9,1999-01-21,287.1,8037,287.1,1999-01-21,287.1,8038.0,1.0,True,1.0,1.0
1999-01-21,287.1,1999-01-22,287.75,8038,287.75,1999-01-26,287.3,8041.0,3.0,True,0.0,0.0
1999-01-26,287.3,1999-01-27,285.8,8041,285.8,1999-01-27,285.8,8042.0,1.0,True,1.0,1.0
1999-01-27,285.8,1999-01-28,282.3,8042,282.3,1999-01-28,282.3,8043.0,1.0,True,1.0,1.0
1999-01-28,282.3,1999-01-29,285.65,8043,285.65,1999-02-01,287.1,8045.0,2.0,True,0.0,0.0
1999-02-01,287.1,1999-02-02,289.75,8045,289.75,1999-02-02,289.75,8046.0,1.0,True,1.0,1.0
1999-02-02,289.75,1999-02-03,287.55,8046,287.55,1999-02-03,287.55,8047.0,1.0,True,1.0,1.0
1999-02-03,287.55,1999-02-04,287.25,8047,287.25,1999-02-04,287.25,8048.0,1.0,True,1.0,1.0
1999-02-04,287.25,1999-02-05,289.75,8048,289.75,1999-02-05,289.75,8049.0,1.0,True,1.0,1.0
1999-02-05,289.75,1999-02-08,288.85,8049,288.85,1999-02-08,288.85,8050.0,1.0,True,1.0,1.0
1999-02-08,288.85,1999-02-09,287.65,8050,287.65,1999-02-09,287.65,8051.0,1.0,True,1.0,1.0
1999-02-09,287.65,1999-02-10,287.1,8051,287.1,1999-02-10,287.1,8052.0,1.0,True,1.0,1.0
1999-02-10,287.1,1999-02-11,287.5,8052,287.5,1999-02-11,287.5,8053.0,1.0,True,1.0,1.0
1999-02-11,287.5,1999-02-12,287.4,8053,287.4,1999-02-12,287.4,8054.0,1.0,True,1.0,1.0
1999-02-12,287.4,1999-02-15,290.05,8054,290.05,1999-02-15,290.05,8055.0,1.0,True,1.0,1.0
1999-02-15,290.05,1999-02-16,288.05,8055,288.05,1999-02-16,288.05,8056.0,1.0,True,1.0,1.0
1999-02-16,288.05,1999-02-17,285.35,8056,285.35,1999-02-17,285.35,8057.0,1.0,True,1.0,1.0
1999-02-17,285.35,1999-02-18,285.65,8057,285.65,1999-02-18,285.65,8058.0,1.0,True,1.0,1.0
1999-02-18,285.65,1999-02-19,287.05,8058,287.05,1999-02-19,287.05,8059.0,1.0,True,1.0,1.0
1999-02-19,287.05,1999-02-22,287.2,8059,287.2,1999-02-22,287.2,8060.0,1.0,True,1.0,1.0
1999-02-22,287.2,1999-02-23,286.65,8060,286.65,1999-02-23,286.65,8061.0,1.0,True,1.0,1.0
1999-02-23,286.65,1999-02-24,286.1,8061,286.1,1999-02-24,286.1,8062.0,1.0,True,1.0,1.0
1999-02-24,286.1,1999-02-25,287.1,8062,287.1,1999-02-25,287.1,8063.0,1.0,True,1.0,1.0
1999-02-25,287.1,1999-02-26,286.8,8063,286.8,1999-02-26,286.8,8064.0,1.0,True,1.0,1.0
1999-02-26,286.8,1999-03-01,287.05,8064,287.05,1999-03-01,287.05,8065.0,1.0,True,1.0,1.0
1999-03-01,287.05,1999-03-02,286.4,8065,286.4,1999-03-02,286.4,8066.0,1.0,True,1.0,1.0
1999-03-02,286.4,1999-03-03,286.65,8066,286.65,1999-03-03,286.65,8067.0,1.0,True,1.0,1.0
1999-03-03,286.65,1999-03-04,286.7,8067,286.7,1999-03-04,286.7,8068.0,1.0,True,1.0,1.0
1999-03-04,286.7,1999-03-05,287.9,8068,287.9,1999-03-05,287.9,8069.0,1.0,True,1.0,1.0
1999-03-05,287.9,1999-03-08,288.5,8069,288.5,1999-03-08,288.5,8070.0,1.0,True,1.0,1.0
1999-03-08,288.5,1999-03-09,291.9,8070,291.9,1999-03-09,291.9,8071.0,1.0,True,1.0,1.0
1999-03-09,291.9,1999-03-10,291.5,8071,291.5,1999-03-10,291.5,8072.0,1.0,True,1.0,1.0
1999-03-10,291.5,1999-03-11,293.8,8072,293.8,1999-03-11,293.8,8073.0,1.0,True,1.0,1.0
1999-03-11,293.8,1999-03-12,293.65,8073,293.65,1999-03-12,293.65,8074.0,1.0,True,1.0,1.0
1999-03-12,293.65,1999-03-15,291.25,8074,291.25,1999-03-15,291.25,8075.0,1.0,True,1.0,1.0
1999-03-15,291.25,1999-03-16,286.8,8075,286.8,1999-03-16,286.8,8076.0,1.0,True,1.0,1.0
1999-03-16,286.8,1999-03-17,283.9,8076,283.9,1999-03-17,283.9,8077.0,1.0,True,1.0,1.0
1999-03-17,283.9,1999-03-18,284.35,8077,284.35,1999-03-18,284.35,8078.0,1.0,True,1.0,1.0
1999-03-18,284.35,1999-03-19,283.45,8078,283.45,1999-03-19,283.45,8079.0,1.0,True,1.0,1.0
1999-03-19,283.45,1999-03-22,284.5,8079,284.5,1999-03-22,284.5,8080.0,1.0,True,1.0,1.0
1999-03-22,284.5,1999-03-23,285.1,8080,285.1,1999-03-23,285.1,8081.0,1.0,True,1.0,1.0
1999-03-23,285.1,1999-03-24,284.25,8081,284.25,1999-03-24,284.25,8082.0,1.0,True,1.0,1.0
1999-03-24,284.25,1999-03-25,283.75,8082,283.75,1999-03-25,283.75,8083.0,1.0,True,1.0,1.0
1999-03-25,283.75,1999-03-26,282.0,8083,282.0,1999-03-26,282.0,8084.0,1.0,True,1.0,1.0
1999-03-26,282.0,1999-03-29,280.35,8084,280.35,1999-03-29,280.35,8085.0,1.0,True,1.0,1.0
1999-03-29,280.35,1999-03-30,280.05,8085,280.05,1999-03-30,280.05,8086.0,1.0,True,1.0,1.0
1999-03-30,280.05,1999-03-31,279.8,8086,279.8,1999-03-31,279.8,8087.0,1.0,True,1.0,1.0
1999-03-31,279.8,1999-04-01,280.5,8087,280.5,1999-04-13,282.5,8096.0,9.0,True,0.0,0.0
1999-04-13,282.5,1999-04-14,283.85,8096,283.85,1999-04-14,283.85,8097.0,1.0,True,1.0,1.0
1999-04-14,283.85,1999-04-15,281.25,8097,281.25,1999-04-15,281.25,8098.0,1.0,True,1.0,1.0
1999-04-15,281.25,1999-04-16,283.9,8098,283.9,1999-04-16,283.9,8099.0,1.0,True,1.0,1.0
1999-04-16,283.9,1999-04-19,284.65,8099,284.65,1999-04-19,284.65,8100.0,1.0,True,1.0,1.0
1999-04-19,284.65,1999-04-20,284.55,8100,284.55,1999-04-20,284.55,8101.0,1.0,True,1.0,1.0
1999-04-20,284.55,1999-04-21,283.9,8101,283.9,1999-04-21,283.9,8102.0,1.0,True,1.0,1.0
1999-04-21,283.9,1999-04-22,283.35,8102,283.35,1999-04-22,283.35,8103.0,1.0,True,1.0,1.0
1999-04-22,283.35,1999-04-23,283.7,8103,283.7,1999-04-23,283.7,8104.0,1.0,True,1.0,1.0
1999-04-23,283.7,1999-04-26,283.1,8104,283.1,1999-04-26,283.1,8105.0,1.0,True,1.0,1.0
1999-04-26,283.1,1999-04-27,281.5,8105,281.5,1999-04-27,281.5,8106.0,1.0,True,1.0,1.0
1999-04-27,281.5,1999-04-28,282.8,8106,282.8,1999-04-28,282.8,8107.0,1.0,True,1.0,1.0
1999-04-28,282.8,1999-04-29,283.7,8107,283.7,1999-04-29,283.7,8108.0,1.0,True,1.0,1.0
1999-04-29,283.7,1999-04-30,285.85,8108,285.85,1999-05-11,278.3,8116.0,8.0,True,0.0,0.0
1999-05-11,278.3,1999-05-12,278.0,8116,278.0,1999-05-12,278.0,8117.0,1.0,True,1.0,1.0
1999-05-12,278.0,1999-05-13,278.4,8117,278.4,1999-05-13,278.4,8118.0,1.0,True,1.0,1.0
1999-05-13,278.4,1999-05-14,277.2,8118,277.2,1999-05-14,277.2,8119.0,1.0,True,1.0,1.0
1999-05-14,277.2,1999-05-17,276.1,8119,276.1,1999-05-17,276.1,8120.0,1.0,True,1.0,1.0
1999-05-17,276.1,1999-05-18,274.7,8120,274.7,1999-05-18,274.7,8121.0,1.0,True,1.0,1.0
1999-05-18,274.7,1999-05-19,272.85,8121,272.85,1999-05-19,272.85,8122.0,1.0,True,1.0,1.0
1999-05-19,272.85,1999-05-20,274.4,8122,274.4,1999-05-20,274.4,8123.0,1.0,True,1.0,1.0
1999-05-20,274.4,1999-05-21,274.85,8123,274.85,1999-05-21,274.85,8124.0,1.0,True,1.0,1.0
1999-05-21,274.85,1999-05-24,272.2,8124,272.2,1999-05-24,272.2,8125.0,1.0,True,1.0,1.0
1999-05-24,272.2,1999-05-25,272.65,8125,272.65,1999-05-25,272.65,8126.0,1.0,True,1.0,1.0
1999-05-25,272.65,1999-05-26,269.5,8126,269.5,1999-05-26,269.5,8127.0,1.0,True,1.0,1.0
1999-05-26,269.5,1999-05-27,268.25,8127,268.25,1999-05-27,268.25,8128.0,1.0,True,1.0,1.0
1999-05-27,268.25,1999-05-28,271.05,8128,271.05,1999-06-08,263.85,8136.0,8.0,True,0.0,0.0
1999-06-08,263.85,1999-06-09,262.0,8136,262.0,1999-06-09,262.0,8137.0,1.0,True,1.0,1.0
1999-06-09,262.0,1999-06-10,258.35,8137,258.35,1999-06-10,258.35,8138.0,1.0,True,1.0,1.0
1999-06-10,258.35,1999-06-11,259.2,8138,259.2,1999-06-11,259.2,8139.0,1.0,True,1.0,1.0
1999-06-11,259.2,1999-06-14,259.3,8139,259.3,1999-06-14,259.3,8140.0,1.0,True,1.0,1.0
1999-06-14,259.3,1999-06-15,259.65,8140,259.65,1999-06-15,259.65,8141.0,1.0,True,1.0,1.0
1999-06-15,259.65,1999-06-16,258.9,8141,258.9,1999-06-16,258.9,8142.0,1.0,True,1.0,1.0
1999-06-16,258.9,1999-06-17,259.0,8142,259.0,1999-06-17,259.0,8143.0,1.0,True,1.0,1.0
1999-06-17,259.0,1999-06-18,260.5,8143,260.5,1999-06-18,260.5,8144.0,1.0,True,1.0,1.0
1999-06-18,260.5,1999-06-21,259.15,8144,259.15,1999-06-21,259.15,8145.0,1.0,True,1.0,1.0
1999-06-21,259.15,1999-06-22,259.15,8145,259.15,1999-06-22,259.15,8146.0,1.0,True,1.0,1.0
1999-06-22,259.15,1999-06-23,258.7,8146,258.7,1999-06-23,258.7,8147.0,1.0,True,1.0,1.0
1999-06-23,258.7,1999-06-24,260.7,8147,260.7,1999-06-24,260.7,8148.0,1.0,True,1.0,1.0
1999-06-24,260.7,1999-06-25,261.15,8148,261.15,1999-06-25,261.15,8149.0,1.0,True,1.0,1.0
1999-06-25,261.15,1999-06-28,260.0,8149,260.0,1999-06-29,260.8,8151.0,2.0,True,0.0,0.0
1999-06-29,260.8,1999-06-30,261.2,8151,261.2,1999-06-30,261.2,8152.0,1.0,True,1.0,1.0
1999-06-30,261.2,1999-07-01,263.0,8152,263.0,1999-07-01,263.0,8153.0,1.0,True,1.0,1.0
1999-07-01,263.0,1999-07-02,262.9,8153,262.9,1999-07-02,262.9,8154.0,1.0,True,1.0,1.0
1999-07-02,262.9,1999-07-05,262.85,8154,262.85,1999-07-05,262.85,8155.0,1.0,True,1.0,1.0
1999-07-05,262.85,1999-07-06,261.3,8155,261.3,1999-07-06,261.3,8156.0,1.0,True,1.0,1.0
1999-07-06,261.3,1999-07-07,256.2,8156,256.2,1999-07-07,256.2,8157.0,1.0,True,1.0,1.0
1999-07-07,256.2,1999-07-08,256.4,8157,256.4,1999-07-08,256.4,8158.0,1.0,True,1.0,1.0
1999-07-08,256.4,1999-07-09,257.0,8158,257.0,1999-07-09,257.0,8159.0,1.0,True,1.0,1.0
1999-07-09,257.0,1999-07-12,256.05,8159,256.05,1999-07-12,256.05,8160.0,1.0,True,1.0,1.0
1999-07-12,256.05,1999-07-13,254.25,8160,254.25,1999-07-13,254.25,8161.0,1.0,True,1.0,1.0
1999-07-13,254.25,1999-07-14,255.6,8161,255.6,1999-07-14,255.6,8162.0,1.0,True,1.0,1.0
1999-07-14,255.6,1999-07-15,253.75,8162,253.75,1999-07-15,253.75,8163.0,1.0,True,1.0,1.0
1999-07-15,253.75,1999-07-16,254.8,8163,254.8,1999-07-16,254.8,8164.0,1.0,True,1.0,1.0
1999-07-16,254.8,1999-07-19,253.15,8164,253.15,1999-07-19,253.15,8165.0,1.0,True,1.0,1.0
1999-07-19,253.15,1999-07-20,253.0,8165,253.0,1999-07-20,253.0,8166.0,1.0,True,1.0,1.0
1999-07-20,253.0,1999-07-21,252.9,8166,252.9,1999-07-21,252.9,8167.0,1.0,True,1.0,1.0
1999-07-21,252.9,1999-07-22,255.35,8167,255.35,1999-07-22,255.35,8168.0,1.0,True,1.0,1.0
1999-07-22,255.35,1999-07-23,254.9,8168,254.9,1999-07-23,254.9,8169.0,1.0,True,1.0,1.0
1999-07-23,254.9,1999-07-26,253.5,8169,253.5,1999-07-26,253.5,8170.0,1.0,True,1.0,1.0
1999-07-26,253.5,1999-07-27,254.2,8170,254.2,1999-07-27,254.2,8171.0,1.0,True,1.0,1.0
1999-07-27,254.2,1999-07-28,254.0,8171,254.0,1999-07-28,254.0,8172.0,1.0,True,1.0,1.0
1999-07-28,254.0,1999-07-29,254.5,8172,254.5,1999-07-29,254.5,8173.0,1.0,True,1.0,1.0
1999-07-29,254.5,1999-07-30,256.75,8173,256.75,1999-07-30,256.75,8174.0,1.0,True,1.0,1.0
1999-07-30,256.75,1999-08-02,255.35,8174,255.35,1999-08-02,255.35,8175.0,1.0,True,1.0,1.0
1999-08-02,255.35,1999-08-03,255.7,8175,255.7,1999-08-03,255.7,8176.0,1.0,True,1.0,1.0
1999-08-03,255.7,1999-08-04,257.5,8176,257.5,1999-08-04,257.5,8177.0,1.0,True,1.0,1.0
1999-08-04,257.5,1999-08-05,256.25,8177,256.25,1999-08-05,256.25,8178.0,1.0,True,1.0,1.0
1999-08-05,256.25,1999-08-06,255.3,8178,255.3,1999-08-06,255.3,8179.0,1.0,True,1.0,1.0
1999-08-06,255.3,1999-08-09,256.45,8179,256.45,1999-08-09,256.45,8180.0,1.0,True,1.0,1.0
1999-08-09,256.45,1999-08-10,257.0,8180,257.0,1999-08-10,257.0,8181.0,1.0,True,1.0,1.0
1999-08-10,257.0,1999-08-11,256.9,8181,256.9,1999-08-11,256.9,8182.0,1.0,True,1.0,1.0
1999-08-11,256.9,1999-08-12,260.2,8182,260.2,1999-08-12,260.2,8183.0,1.0,True,1.0,1.0
1999-08-12,260.2,1999-08-13,260.7,8183,260.7,1999-08-13,260.7,8184.0,1.0,True,1.0,1.0
1999-08-13,260.7,1999-08-16,259.25,8184,259.25,1999-08-16,259.25,8185.0,1.0,True,1.0,1.0
1999-08-16,259.25,1999-08-17,259.0,8185,259.0,1999-08-17,259.0,8186.0,1.0,True,1.0,1.0
1999-08-17,259.0,1999-08-18,261.5,8186,261.5,1999-08-18,261.5,8187.0,1.0,True,1.0,1.0
1999-08-18,261.5,1999-08-19,258.6,8187,258.6,1999-08-19,258.6,8188.0,1.0,True,1.0,1.0
1999-08-19,258.6,1999-08-20,258.6,8188,258.6,1999-08-20,258.6,8189.0,1.0,True,1.0,1.0
1999-08-20,258.6,1999-08-23,257.5,8189,257.5,1999-08-23,257.5,8190.0,1.0,True,1.0,1.0
1999-08-23,257.5,1999-08-24,254.2,8190,254.2,1999-08-24,254.2,8191.0,1.0,True,1.0,1.0
1999-08-24,254.2,1999-08-25,253.2,8191,253.2,1999-08-25,253.2,8192.0,1.0,True,1.0,1.0
1999-08-25,253.2,1999-08-26,253.15,8192,253.15,1999-08-26,253.15,8193.0,1.0,True,1.0,1.0
1999-08-26,253.15,1999-08-27,254.7,8193,254.7,1999-09-07,254.9,8201.0,8.0,True,0.0,0.0
1999-09-07,254.9,1999-09-08,256.0,8201,256.0,1999-09-08,256.0,8202.0,1.0,True,1.0,1.0
1999-09-08,256.0,1999-09-09,256.8,8202,256.8,1999-09-09,256.8,8203.0,1.0,True,1.0,1.0
1999-09-09,256.8,1999-09-10,256.2,8203,256.2,1999-09-10,256.2,8204.0,1.0,True,1.0,1.0
1999-09-10,256.2,1999-09-13,256.6,8204,256.6,1999-09-13,256.6,8205.0,1.0,True,1.0,1.0
1999-09-13,256.6,1999-09-14,256.7,8205,256.7,1999-09-14,256.7,8206.0,1.0,True,1.0,1.0
1999-09-14,256.7,1999-09-15,257.4,8206,257.4,1999-09-15,257.4,8207.0,1.0,True,1.0,1.0
1999-09-15,257.4,1999-09-16,255.7,8207,255.7,1999-09-16,255.7,8208.0,1.0,True,1.0,1.0
1999-09-16,255.7,1999-09-17,255.2,8208,255.2,1999-09-17,255.2,8209.0,1.0,True,1.0,1.0
1999-09-17,255.2,1999-09-20,255.3,8209,255.3,1999-09-20,255.3,8210.0,1.0,True,1.0,1.0
1999-09-20,255.3,1999-09-21,255.2,8210,255.2,1999-09-21,255.2,8211.0,1.0,True,1.0,1.0
1999-09-21,255.2,1999-09-22,262.6,8211,262.6,1999-09-22,262.6,8212.0,1.0,True,1.0,1.0
1999-09-22,262.6,1999-09-23,263.4,8212,263.4,1999-09-23,263.4,8213.0,1.0,True,1.0,1.0
1999-09-23,263.4,1999-09-24,265.6,8213,265.6,1999-09-24,265.6,8214.0,1.0,True,1.0,1.0
1999-09-24,265.6,1999-09-27,281.7,8214,281.7,1999-09-28,288.25,8216.0,2.0,True,0.0,0.0
1999-09-28,288.25,1999-09-29,317.25,8216,317.25,1999-09-29,317.25,8217.0,1.0,True,1.0,1.0
1999-09-29,317.25,1999-09-30,303.75,8217,303.75,1999-09-30,303.75,8218.0,1.0,True,1.0,1.0
1999-09-30,303.75,1999-10-01,303.0,8218,303.0,1999-10-01,303.0,8219.0,1.0,True,1.0,1.0
1999-10-01,303.0,1999-10-04,311.75,8219,311.75,1999-10-04,311.75,8220.0,1.0,True,1.0,1.0
1999-10-04,311.75,1999-10-05,326.25,8220,326.25,1999-10-05,326.25,8221.0,1.0,True,1.0,1.0
1999-10-05,326.25,1999-10-06,325.0,8221,325.0,1999-10-06,325.0,8222.0,1.0,True,1.0,1.0
1999-10-06,325.0,1999-10-07,318.0,8222,318.0,1999-10-07,318.0,8223.0,1.0,True,1.0,1.0
1999-10-07,318.0,1999-10-08,322.75,8223,322.75,1999-10-08,322.75,8224.0,1.0,True,1.0,1.0
1999-10-08,322.75,1999-10-11,317.75,8224,317.75,1999-10-11,317.75,8225.0,1.0,True,1.0,1.0
1999-10-11,317.75,1999-10-12,323.5,8225,323.5,1999-10-12,323.5,8226.0,1.0,True,1.0,1.0
1999-10-12,323.5,1999-10-13,320.5,8226,320.5,1999-10-13,320.5,8227.0,1.0,True,1.0,1.0
1999-10-13,320.5,1999-10-14,322.65,8227,322.65,1999-10-14,322.65,8228.0,1.0,True,1.0,1.0
1999-10-14,322.65,1999-10-15,316.0,8228,316.0,1999-10-15,316.0,8229.0,1.0,True,1.0,1.0
1999-10-15,316.0,1999-10-18,317.65,8229,317.65,1999-10-18,317.65,8230.0,1.0,True,1.0,1.0
1999-10-18,317.65,1999-10-19,309.0,8230,309.0,1999-10-19,309.0,8231.0,1.0,True,1.0,1.0
1999-10-19,309.0,1999-10-20,309.75,8231,309.75,1999-10-20,309.75,8232.0,1.0,True,1.0,1.0
1999-10-20,309.75,1999-10-21,305.5,8232,305.5,1999-10-21,305.5,8233.0,1.0,True,1.0,1.0
1999-10-21,305.5,1999-10-22,303.25,8233,303.25,1999-10-22,303.25,8234.0,1.0,True,1.0,1.0
1999-10-22,303.25,1999-10-25,302.4,8234,302.4,1999-10-25,302.4,8235.0,1.0,True,1.0,1.0
1999-10-25,302.4,1999-10-26,297.95,8235,297.95,1999-10-26,297.95,8236.0,1.0,True,1.0,1.0
1999-10-26,297.95,1999-10-27,290.4,8236,290.4,1999-10-27,290.4,8237.0,1.0,True,1.0,1.0
1999-10-27,290.4,1999-10-28,300.9,8237,300.9,1999-10-28,300.9,8238.0,1.0,True,1.0,1.0
1999-10-28,300.9,1999-10-29,298.85,8238,298.85,1999-10-29,298.85,8239.0,1.0,True,1.0,1.0
1999-10-29,298.85,1999-11-01,293.85,8239,293.85,1999-11-01,293.85,8240.0,1.0,True,1.0,1.0
1999-11-01,293.85,1999-11-02,292.05,8240,292.05,1999-11-02,292.05,8241.0,1.0,True,1.0,1.0
1999-11-02,292.05,1999-11-03,291.75,8241,291.75,1999-11-03,291.75,8242.0,1.0,True,1.0,1.0
1999-11-03,291.75,1999-11-04,292.25,8242,292.25,1999-11-04,292.25,8243.0,1.0,True,1.0,1.0
1999-11-04,292.25,1999-11-05,292.0,8243,292.0,1999-11-05,292.0,8244.0,1.0,True,1.0,1.0
1999-11-05,292.0,1999-11-08,289.0,8244,289.0,1999-11-08,289.0,8245.0,1.0,True,1.0,1.0
1999-11-08,289.0,1999-11-09,291.25,8245,291.25,1999-11-09,291.25,8246.0,1.0,True,1.0,1.0
1999-11-09,291.25,1999-11-10,291.85,8246,291.85,1999-11-10,291.85,8247.0,1.0,True,1.0,1.0
1999-11-10,291.85,1999-11-11,296.25,8247,296.25,1999-11-11,296.25,8248.0,1.0,True,1.0,1.0
1999-11-11,296.25,1999-11-12,292.8,8248,292.8,1999-11-12,292.8,8249.0,1.0,True,1.0,1.0
1999-11-12,292.8,1999-11-15,292.7,8249,292.7,1999-11-15,292.7,8250.0,1.0,True,1.0,1.0
1999-11-15,292.7,1999-11-16,292.0,8250,292.0,1999-11-16,292.0,8251.0,1.0,True,1.0,1.0
1999-11-16,292.0,1999-11-17,295.45,8251,295.45,1999-11-17,295.45,8252.0,1.0,True,1.0,1.0
1999-11-17,295.45,1999-11-18,293.65,8252,293.65,1999-11-18,293.65,8253.0,1.0,True,1.0,1.0
1999-11-18,293.65,1999-11-19,293.7,8253,293.7,1999-11-19,293.7,8254.0,1.0,True,1.0,1.0
1999-11-19,293.7,1999-11-22,294.4,8254,294.4,1999-11-22,294.4,8255.0,1.0,True,1.0,1.0
1999-11-22,294.4,1999-11-23,296.7,8255,296.7,1999-11-23,296.7,8256.0,1.0,True,1.0,1.0
1999-11-23,296.7,1999-11-24,297.85,8256,297.85,1999-11-24,297.85,8257.0,1.0,True,1.0,1.0
1999-11-24,297.85,1999-11-25,298.5,8257,298.5,1999-11-25,298.5,8258.0,1.0,True,1.0,1.0
1999-11-25,298.5,1999-11-26,297.2,8258,297.2,1999-11-26,297.2,8259.0,1.0,True,1.0,1.0
1999-11-26,297.2,1999-11-29,293.1,8259,293.1,1999-11-29,293.1,8260.0,1.0,True,1.0,1.0
1999-11-29,293.1,1999-11-30,292.0,8260,292.0,1999-11-30,292.0,8261.0,1.0,True,1.0,1.0
1999-11-30,292.0,1999-12-01,291.4,8261,291.4,1999-12-01,291.4,8262.0,1.0,True,1.0,1.0
1999-12-01,291.4,1999-12-02,289.25,8262,289.25,1999-12-02,289.25,8263.0,1.0,True,1.0,1.0
1999-12-02,289.25,1999-12-03,280.85,8263,280.85,1999-12-03,280.85,8264.0,1.0,True,1.0,1.0
1999-12-03,280.85,1999-12-06,277.25,8264,277.25,1999-12-06,277.25,8265.0,1.0,True,1.0,1.0
1999-12-06,277.25,1999-12-07,280.0,8265,280.0,1999-12-07,280.0,8266.0,1.0,True,1.0,1.0
1999-12-07,280.0,1999-12-08,283.3,8266,283.3,1999-12-08,283.3,8267.0,1.0,True,1.0,1.0
1999-12-08,283.3,1999-12-09,279.6,8267,279.6,1999-12-09,279.6,8268.0,1.0,True,1.0,1.0
1999-12-09,279.6,1999-12-10,278.45,8268,278.45,1999-12-10,278.45,8269.0,1.0,True,1.0,1.0
1999-12-10,278.45,1999-12-13,279.75,8269,279.75,1999-12-13,279.75,8270.0,1.0,True,1.0,1.0
1999-12-13,279.75,1999-12-14,280.3,8270,280.3,1999-12-14,280.3,8271.0,1.0,True,1.0,1.0
1999-12-14,280.3,1999-12-15,279.85,8271,279.85,1999-12-15,279.85,8272.0,1.0,True,1.0,1.0
1999-12-15,279.85,1999-12-16,280.25,8272,280.25,1999-12-16,280.25,8273.0,1.0,True,1.0,1.0
1999-12-16,280.25,1999-12-17,283.05,8273,283.05,1999-12-17,283.05,8274.0,1.0,True,1.0,1.0
1999-12-17,283.05,1999-12-20,284.25,8274,284.25,1999-12-20,284.25,8275.0,1.0,True,1.0,1.0
1999-12-20,284.25,1999-12-21,284.6,8275,284.6,1999-12-21,284.6,8276.0,1.0,True,1.0,1.0
1999-12-21,284.6,1999-12-22,287.0,8276,287.0,1999-12-22,287.0,8277.0,1.0,True,1.0,1.0
1999-12-22,287.0,1999-12-23,286.4,8277,286.4,1999-12-23,286.4,8278.0,1.0,True,1.0,1.0
1999-12-23,286.4,1999-12-24,287.8,8278,287.8,2000-01-11,281.7,8291.0,13.0,True,0.0,0.0
2000-01-11,281.7,2000-01-12,282.25,8291,282.25,2000-01-12,282.25,8292.0,1.0,True,1.0,1.0
2000-01-12,282.25,2000-01-13,282.2,8292,282.2,2000-01-13,282.2,8293.0,1.0,True,1.0,1.0
2000-01-13,282.2,2000-01-14,284.15,8293,284.15,2000-01-14,284.15,8294.0,1.0,True,1.0,1.0
2000-01-14,284.15,2000-01-17,284.9,8294,284.9,2000-01-17,284.9,8295.0,1.0,True,1.0,1.0
2000-01-17,284.9,2000-01-18,286.85,8295,286.85,2000-01-18,286.85,8296.0,1.0,True,1.0,1.0
2000-01-18,286.85,2000-01-19,288.75,8296,288.75,2000-01-19,288.75,8297.0,1.0,True,1.0,1.0
2000-01-19,288.75,2000-01-20,288.35,8297,288.35,2000-01-20,288.35,8298.0,1.0,True,1.0,1.0
2000-01-20,288.35,2000-01-21,287.7,8298,287.7,2000-01-21,287.7,8299.0,1.0,True,1.0,1.0
2000-01-21,287.7,2000-01-24,287.45,8299,287.45,2000-01-26,284.9,8302.0,3.0,True,0.0,0.0
2000-01-26,284.9,2000-01-27,286.5,8302,286.5,2000-01-27,286.5,8303.0,1.0,True,1.0,1.0
2000-01-27,286.5,2000-01-28,286.15,8303,286.15,2000-02-01,283.65,8306.0,3.0,True,0.0,0.0
2000-02-01,283.65,2000-02-02,283.1,8306,283.1,2000-02-02,283.1,8307.0,1.0,True,1.0,1.0
2000-02-02,283.1,2000-02-03,285.25,8307,285.25,2000-02-03,285.25,8308.0,1.0,True,1.0,1.0
2000-02-03,285.25,2000-02-04,287.5,8308,287.5,2000-02-04,287.5,8309.0,1.0,True,1.0,1.0
2000-02-04,287.5,2000-02-07,316.6,8309,316.6,2000-02-07,316.6,8310.0,1.0,True,1.0,1.0
2000-02-07,316.6,2000-02-08,303.15,8310,303.15,2000-02-08,303.15,8311.0,1.0,True,1.0,1.0
2000-02-08,303.15,2000-02-09,306.0,8311,306.0,2000-02-09,306.0,8312.0,1.0,True,1.0,1.0
2000-02-09,306.0,2000-02-10,311.25,8312,311.25,2000-02-10,311.25,8313.0,1.0,True,1.0,1.0
2000-02-10,311.25,2000-02-11,316.5,8313,316.5,2000-02-11,316.5,8314.0,1.0,True,1.0,1.0
2000-02-11,316.5,2000-02-14,308.75,8314,308.75,2000-02-14,308.75,8315.0,1.0,True,1.0,1.0
2000-02-14,308.75,2000-02-15,307.0,8315,307.0,2000-02-15,307.0,8316.0,1.0,True,1.0,1.0
2000-02-15,307.0,2000-02-16,300.5,8316,300.5,2000-02-16,300.5,8317.0,1.0,True,1.0,1.0
2000-02-16,300.5,2000-02-17,306.25,8317,306.25,2000-02-17,306.25,8318.0,1.0,True,1.0,1.0
2000-02-17,306.25,2000-02-18,302.25,8318,302.25,2000-02-18,302.25,8319.0,1.0,True,1.0,1.0
2000-02-18,302.25,2000-02-21,305.75,8319,305.75,2000-02-21,305.75,8320.0,1.0,True,1.0,1.0
2000-02-21,305.75,2000-02-22,305.4,8320,305.4,2000-02-22,305.4,8321.0,1.0,True,1.0,1.0
2000-02-22,305.4,2000-02-23,305.25,8321,305.25,2000-02-23,305.25,8322.0,1.0,True,1.0,1.0
2000-02-23,305.25,2000-02-24,299.9,8322,299.9,2000-02-24,299.9,8323.0,1.0,True,1.0,1.0
2000-02-24,299.9,2000-02-25,297.15,8323,297.15,2000-02-25,297.15,8324.0,1.0,True,1.0,1.0
2000-02-25,297.15,2000-02-28,292.75,8324,292.75,2000-02-28,292.75,8325.0,1.0,True,1.0,1.0
2000-02-28,292.75,2000-02-29,294.0,8325,294.0,2000-02-29,294.0,8326.0,1.0,True,1.0,1.0
2000-02-29,294.0,2000-03-01,293.75,8326,293.75,2000-03-01,293.75,8327.0,1.0,True,1.0,1.0
2000-03-01,293.75,2000-03-02,289.0,8327,289.0,2000-03-02,289.0,8328.0,1.0,True,1.0,1.0
2000-03-02,289.0,2000-03-03,289.3,8328,289.3,2000-03-03,289.3,8329.0,1.0,True,1.0,1.0
2000-03-03,289.3,2000-03-06,289.25,8329,289.25,2000-03-06,289.25,8330.0,1.0,True,1.0,1.0
2000-03-06,289.25,2000-03-07,288.35,8330,288.35,2000-03-07,288.35,8331.0,1.0,True,1.0,1.0
2000-03-07,288.35,2000-03-08,292.75,8331,292.75,2000-03-08,292.75,8332.0,1.0,True,1.0,1.0
2000-03-08,292.75,2000-03-09,289.0,8332,289.0,2000-03-09,289.0,8333.0,1.0,True,1.0,1.0
2000-03-09,289.0,2000-03-10,292.1,8333,292.1,2000-03-10,292.1,8334.0,1.0,True,1.0,1.0
2000-03-10,292.1,2000-03-13,289.65,8334,289.65,2000-03-13,289.65,8335.0,1.0,True,1.0,1.0
2000-03-13,289.65,2000-03-14,290.3,8335,290.3,2000-03-14,290.3,8336.0,1.0,True,1.0,1.0
2000-03-14,290.3,2000-03-15,288.7,8336,288.7,2000-03-15,288.7,8337.0,1.0,True,1.0,1.0
2000-03-15,288.7,2000-03-16,288.4,8337,288.4,2000-03-16,288.4,8338.0,1.0,True,1.0,1.0
2000-03-16,288.4,2000-03-17,285.5,8338,285.5,2000-03-17,285.5,8339.0,1.0,True,1.0,1.0
2000-03-17,285.5,2000-03-20,284.85,8339,284.85,2000-03-20,284.85,8340.0,1.0,True,1.0,1.0
2000-03-20,284.85,2000-03-21,286.15,8340,286.15,2000-03-21,286.15,8341.0,1.0,True,1.0,1.0
2000-03-21,286.15,2000-03-22,289.4,8341,289.4,2000-03-22,289.4,8342.0,1.0,True,1.0,1.0
2000-03-22,289.4,2000-03-23,286.5,8342,286.5,2000-03-23,286.5,8343.0,1.0,True,1.0,1.0
2000-03-23,286.5,2000-03-24,284.9,8343,284.9,2000-03-24,284.9,8344.0,1.0,True,1.0,1.0
2000-03-24,284.9,2000-03-27,284.35,8344,284.35,2000-03-27,284.35,8345.0,1.0,True,1.0,1.0
2000-03-27,284.35,2000-03-28,280.3,8345,280.3,2000-03-28,280.3,8346.0,1.0,True,1.0,1.0
2000-03-28,280.3,2000-03-29,279.1,8346,279.1,2000-03-29,279.1,8347.0,1.0,True,1.0,1.0
2000-03-29,279.1,2000-03-30,276.7,8347,276.7,2000-03-30,276.7,8348.0,1.0,True,1.0,1.0
2000-03-30,276.7,2000-03-31,275.9,8348,275.9,2000-03-31,275.9,8349.0,1.0,True,1.0,1.0
2000-03-31,275.9,2000-04-03,278.8,8349,278.8,2000-04-03,278.8,8350.0,1.0,True,1.0,1.0
2000-04-03,278.8,2000-04-04,276.75,8350,276.75,2000-04-04,276.75,8351.0,1.0,True,1.0,1.0
2000-04-04,276.75,2000-04-05,283.1,8351,283.1,2000-04-05,283.1,8352.0,1.0,True,1.0,1.0
2000-04-05,283.1,2000-04-06,278.85,8352,278.85,2000-04-06,278.85,8353.0,1.0,True,1.0,1.0
2000-04-06,278.85,2000-04-07,279.95,8353,279.95,2000-04-07,279.95,8354.0,1.0,True,1.0,1.0
2000-04-07,279.95,2000-04-10,281.5,8354,281.5,2000-04-10,281.5,8355.0,1.0,True,1.0,1.0
2000-04-10,281.5,2000-04-11,281.2,8355,281.2,2000-04-11,281.2,8356.0,1.0,True,1.0,1.0
2000-04-11,281.2,2000-04-12,280.25,8356,280.25,2000-04-12,280.25,8357.0,1.0,True,1.0,1.0
2000-04-12,280.25,2000-04-13,281.4,8357,281.4,2000-04-13,281.4,8358.0,1.0,True,1.0,1.0
2000-04-13,281.4,2000-04-14,280.65,8358,280.65,2000-04-14,280.65,8359.0,1.0,True,1.0,1.0
2000-04-14,280.65,2000-04-17,283.5,8359,283.5,2000-04-17,283.5,8360.0,1.0,True,1.0,1.0
2000-04-17,283.5,2000-04-18,281.8,8360,281.8,2000-04-18,281.8,8361.0,1.0,True,1.0,1.0
2000-04-18,281.8,2000-04-19,281.4,8361,281.4,2000-04-19,281.4,8362.0,1.0,True,1.0,1.0
2000-04-19,281.4,2000-04-20,280.5,8362,280.5,2000-05-09,276.9,8376.0,14.0,True,0.0,0.0
2000-05-09,276.9,2000-05-10,277.8,8376,277.8,2000-05-10,277.8,8377.0,1.0,True,1.0,1.0
2000-05-10,277.8,2000-05-11,277.0,8377,277.0,2000-05-11,277.0,8378.0,1.0,True,1.0,1.0
2000-05-11,277.0,2000-05-12,276.2,8378,276.2,2000-05-12,276.2,8379.0,1.0,True,1.0,1.0
2000-05-12,276.2,2000-05-15,275.65,8379,275.65,2000-05-15,275.65,8380.0,1.0,True,1.0,1.0
2000-05-15,275.65,2000-05-16,275.7,8380,275.7,2000-05-16,275.7,8381.0,1.0,True,1.0,1.0
2000-05-16,275.7,2000-05-17,274.85,8381,274.85,2000-05-17,274.85,8382.0,1.0,True,1.0,1.0
2000-05-17,274.85,2000-05-18,272.5,8382,272.5,2000-05-18,272.5,8383.0,1.0,True,1.0,1.0
2000-05-18,272.5,2000-05-19,273.75,8383,273.75,2000-05-23,275.15,8386.0,3.0,True,0.0,0.0
2000-05-23,275.15,2000-05-24,273.9,8386,273.9,2000-05-24,273.9,8387.0,1.0,True,1.0,1.0
2000-05-24,273.9,2000-05-25,273.0,8387,273.0,2000-05-25,273.0,8388.0,1.0,True,1.0,1.0
2000-05-25,273.0,2000-05-26,270.45,8388,270.45,2000-06-06,284.8,8396.0,8.0,True,0.0,0.0
2000-06-06,284.8,2000-06-07,286.95,8396,286.95,2000-06-07,286.95,8397.0,1.0,True,1.0,1.0
2000-06-07,286.95,2000-06-08,285.1,8397,285.1,2000-06-08,285.1,8398.0,1.0,True,1.0,1.0
2000-06-08,285.1,2000-06-09,285.15,8398,285.15,2000-06-09,285.15,8399.0,1.0,True,1.0,1.0
2000-06-09,285.15,2000-06-12,284.1,8399,284.1,2000-06-12,284.1,8400.0,1.0,True,1.0,1.0
2000-06-12,284.1,2000-06-13,293.0,8400,293.0,2000-06-13,293.0,8401.0,1.0,True,1.0,1.0
2000-06-13,293.0,2000-06-14,286.05,8401,286.05,2000-06-14,286.05,8402.0,1.0,True,1.0,1.0
2000-06-14,286.05,2000-06-15,289.15,8402,289.15,2000-06-15,289.15,8403.0,1.0,True,1.0,1.0
2000-06-15,289.15,2000-06-16,290.3,8403,290.3,2000-06-16,290.3,8404.0,1.0,True,1.0,1.0
2000-06-16,290.3,2000-06-19,288.1,8404,288.1,2000-06-19,288.1,8405.0,1.0,True,1.0,1.0
2000-06-19,288.1,2000-06-20,286.4,8405,286.4,2000-06-20,286.4,8406.0,1.0,True,1.0,1.0
2000-06-20,286.4,2000-06-21,286.6,8406,286.6,2000-06-21,286.6,8407.0,1.0,True,1.0,1.0
2000-06-21,286.6,2000-06-22,286.1,8407,286.1,2000-06-22,286.1,8408.0,1.0,True,1.0,1.0
2000-06-22,286.1,2000-06-23,285.3,8408,285.3,2000-06-23,285.3,8409.0,1.0,True,1.0,1.0
2000-06-23,285.3,2000-06-26,283.0,8409,283.0,2000-06-27,284.2,8411.0,2.0,True,0.0,0.0
2000-06-27,284.2,2000-06-28,286.35,8411,286.35,2000-06-28,286.35,8412.0,1.0,True,1.0,1.0
2000-06-28,286.35,2000-06-29,290.85,8412,290.85,2000-06-29,290.85,8413.0,1.0,True,1.0,1.0
2000-06-29,290.85,2000-06-30,289.15,8413,289.15,2000-06-30,289.15,8414.0,1.0,True,1.0,1.0
2000-06-30,289.15,2000-07-03,288.05,8414,288.05,2000-07-03,288.05,8415.0,1.0,True,1.0,1.0
2000-07-03,288.05,2000-07-04,287.8,8415,287.8,2000-07-04,287.8,8416.0,1.0,True,1.0,1.0
2000-07-04,287.8,2000-07-05,287.7,8416,287.7,2000-07-05,287.7,8417.0,1.0,True,1.0,1.0
2000-07-05,287.7,2000-07-06,285.4,8417,285.4,2000-07-06,285.4,8418.0,1.0,True,1.0,1.0
2000-07-06,285.4,2000-07-07,284.15,8418,284.15,2000-07-07,284.15,8419.0,1.0,True,1.0,1.0
2000-07-07,284.15,2000-07-10,284.25,8419,284.25,2000-07-10,284.25,8420.0,1.0,True,1.0,1.0
2000-07-10,284.25,2000-07-11,283.6,8420,283.6,2000-07-11,283.6,8421.0,1.0,True,1.0,1.0
2000-07-11,283.6,2000-07-12,282.85,8421,282.85,2000-07-12,282.85,8422.0,1.0,True,1.0,1.0
2000-07-12,282.85,2000-07-13,280.65,8422,280.65,2000-07-13,280.65,8423.0,1.0,True,1.0,1.0
2000-07-13,280.65,2000-07-14,280.65,8423,280.65,2000-07-14,280.65,8424.0,1.0,True,1.0,1.0
2000-07-14,280.65,2000-07-17,282.4,8424,282.4,2000-07-17,282.4,8425.0,1.0,True,1.0,1.0
2000-07-17,282.4,2000-07-18,282.65,8425,282.65,2000-07-18,282.65,8426.0,1.0,True,1.0,1.0
2000-07-18,282.65,2000-07-19,281.8,8426,281.8,2000-07-19,281.8,8427.0,1.0,True,1.0,1.0
2000-07-19,281.8,2000-07-20,277.9,8427,277.9,2000-07-20,277.9,8428.0,1.0,True,1.0,1.0
2000-07-20,277.9,2000-07-21,280.35,8428,280.35,2000-07-21,280.35,8429.0,1.0,True,1.0,1.0
2000-07-21,280.35,2000-07-24,280.05,8429,280.05,2000-07-24,280.05,8430.0,1.0,True,1.0,1.0
2000-07-24,280.05,2000-07-25,278.75,8430,278.75,2000-07-25,278.75,8431.0,1.0,True,1.0,1.0
2000-07-25,278.75,2000-07-26,280.15,8431,280.15,2000-07-26,280.15,8432.0,1.0,True,1.0,1.0
2000-07-26,280.15,2000-07-27,280.2,8432,280.2,2000-07-27,280.2,8433.0,1.0,True,1.0,1.0
2000-07-27,280.2,2000-07-28,278.45,8433,278.45,2000-07-28,278.45,8434.0,1.0,True,1.0,1.0
2000-07-28,278.45,2000-07-31,277.4,8434,277.4,2000-07-31,277.4,8435.0,1.0,True,1.0,1.0
2000-07-31,277.4,2000-08-01,277.3,8435,277.3,2000-08-01,277.3,8436.0,1.0,True,1.0,1.0
2000-08-01,277.3,2000-08-02,277.15,8436,277.15,2000-08-02,277.15,8437.0,1.0,True,1.0,1.0
2000-08-02,277.15,2000-08-03,276.65,8437,276.65,2000-08-03,276.65,8438.0,1.0,True,1.0,1.0
2000-08-03,276.65,2000-08-04,273.3,8438,273.3,2000-08-04,273.3,8439.0,1.0,True,1.0,1.0
2000-08-04,273.3,2000-08-07,273.5,8439,273.5,2000-08-07,273.5,8440.0,1.0,True,1.0,1.0
2000-08-07,273.5,2000-08-08,274.0,8440,274.0,2000-08-08,274.0,8441.0,1.0,True,1.0,1.0
2000-08-08,274.0,2000-08-09,272.3,8441,272.3,2000-08-09,272.3,8442.0,1.0,True,1.0,1.0
2000-08-09,272.3,2000-08-10,272.45,8442,272.45,2000-08-10,272.45,8443.0,1.0,True,1.0,1.0
2000-08-10,272.45,2000-08-11,273.15,8443,273.15,2000-08-11,273.15,8444.0,1.0,True,1.0,1.0
2000-08-11,273.15,2000-08-14,275.45,8444,275.45,2000-08-14,275.45,8445.0,1.0,True,1.0,1.0
2000-08-14,275.45,2000-08-15,274.7,8445,274.7,2000-08-15,274.7,8446.0,1.0,True,1.0,1.0
2000-08-15,274.7,2000-08-16,275.5,8446,275.5,2000-08-16,275.5,8447.0,1.0,True,1.0,1.0
2000-08-16,275.5,2000-08-17,277.15,8447,277.15,2000-08-17,277.15,8448.0,1.0,True,1.0,1.0
2000-08-17,277.15,2000-08-18,277.15,8448,277.15,2000-08-18,277.15,8449.0,1.0,True,1.0,1.0
2000-08-18,277.15,2000-08-21,276.4,8449,276.4,2000-08-21,276.4,8450.0,1.0,True,1.0,1.0
2000-08-21,276.4,2000-08-22,274.0,8450,274.0,2000-08-22,274.0,8451.0,1.0,True,1.0,1.0
2000-08-22,274.0,2000-08-23,272.45,8451,272.45,2000-08-23,272.45,8452.0,1.0,True,1.0,1.0
2000-08-23,272.45,2000-08-24,272.0,8452,272.0,2000-08-24,272.0,8453.0,1.0,True,1.0,1.0
2000-08-24,272.0,2000-08-25,273.35,8453,273.35,2000-09-05,276.2,8461.0,8.0,True,0.0,0.0
2000-09-05,276.2,2000-09-06,275.3,8461,275.3,2000-09-06,275.3,8462.0,1.0,True,1.0,1.0
2000-09-06,275.3,2000-09-07,272.95,8462,272.95,2000-09-07,272.95,8463.0,1.0,True,1.0,1.0
2000-09-07,272.95,2000-09-08,274.1,8463,274.1,2000-09-08,274.1,8464.0,1.0,True,1.0,1.0
2000-09-08,274.1,2000-09-11,272.6,8464,272.6,2000-09-11,272.6,8465.0,1.0,True,1.0,1.0
2000-09-11,272.6,2000-09-12,272.8,8465,272.8,2000-09-12,272.8,8466.0,1.0,True,1.0,1.0
2000-09-12,272.8,2000-09-13,272.8,8466,272.8,2000-09-13,272.8,8467.0,1.0,True,1.0,1.0
2000-09-13,272.8,2000-09-14,272.8,8467,272.8,2000-09-14,272.8,8468.0,1.0,True,1.0,1.0
2000-09-14,272.8,2000-09-15,272.85,8468,272.85,2000-09-15,272.85,8469.0,1.0,True,1.0,1.0
2000-09-15,272.85,2000-09-18,272.45,8469,272.45,2000-09-18,272.45,8470.0,1.0,True,1.0,1.0
2000-09-18,272.45,2000-09-19,272.0,8470,272.0,2000-09-19,272.0,8471.0,1.0,True,1.0,1.0
2000-09-19,272.0,2000-09-20,271.1,8471,271.1,2000-09-20,271.1,8472.0,1.0,True,1.0,1.0
2000-09-20,271.1,2000-09-21,269.65,8472,269.65,2000-09-21,269.65,8473.0,1.0,True,1.0,1.0
2000-09-21,269.65,2000-09-22,272.35,8473,272.35,2000-09-22,272.35,8474.0,1.0,True,1.0,1.0
2000-09-22,272.35,2000-09-25,273.55,8474,273.55,2000-09-26,274.05,8476.0,2.0,True,0.0,0.0
2000-09-26,274.05,2000-09-27,274.75,8476,274.75,2000-09-27,274.75,8477.0,1.0,True,1.0,1.0
2000-09-27,274.75,2000-09-28,277.2,8477,277.2,2000-09-28,277.2,8478.0,1.0,True,1.0,1.0
2000-09-28,277.2,2000-09-29,274.1,8478,274.1,2000-09-29,274.1,8479.0,1.0,True,1.0,1.0
2000-09-29,274.1,2000-10-02,274.3,8479,274.3,2000-10-02,274.3,8480.0,1.0,True,1.0,1.0
2000-10-02,274.3,2000-10-03,272.4,8480,272.4,2000-10-03,272.4,8481.0,1.0,True,1.0,1.0
2000-10-03,272.4,2000-10-04,271.3,8481,271.3,2000-10-04,271.3,8482.0,1.0,True,1.0,1.0
2000-10-04,271.3,2000-10-05,271.35,8482,271.35,2000-10-05,271.35,8483.0,1.0,True,1.0,1.0
2000-10-05,271.35,2000-10-06,270.8,8483,270.8,2000-10-06,270.8,8484.0,1.0,True,1.0,1.0
2000-10-06,270.8,2000-10-09,270.25,8484,270.25,2000-10-09,270.25,8485.0,1.0,True,1.0,1.0
2000-10-09,270.25,2000-10-10,269.75,8485,269.75,2000-10-10,269.75,8486.0,1.0,True,1.0,1.0
2000-10-10,269.75,2000-10-11,273.0,8486,273.0,2000-10-11,273.0,8487.0,1.0,True,1.0,1.0
2000-10-11,273.0,2000-10-12,270.8,8487,270.8,2000-10-12,270.8,8488.0,1.0,True,1.0,1.0
2000-10-12,270.8,2000-10-13,275.85,8488,275.85,2000-10-13,275.85,8489.0,1.0,True,1.0,1.0
2000-10-13,275.85,2000-10-16,272.05,8489,272.05,2000-10-16,272.05,8490.0,1.0,True,1.0,1.0
2000-10-16,272.05,2000-10-17,270.55,8490,270.55,2000-10-17,270.55,8491.0,1.0,True,1.0,1.0
2000-10-17,270.55,2000-10-18,271.3,8491,271.3,2000-10-18,271.3,8492.0,1.0,True,1.0,1.0
2000-10-18,271.3,2000-10-19,270.5,8492,270.5,2000-10-19,270.5,8493.0,1.0,True,1.0,1.0
2000-10-19,270.5,2000-10-20,271.5,8493,271.5,2000-10-20,271.5,8494.0,1.0,True,1.0,1.0
2000-10-20,271.5,2000-10-23,271.25,8494,271.25,2000-10-23,271.25,8495.0,1.0,True,1.0,1.0
2000-10-23,271.25,2000-10-24,270.4,8495,270.4,2000-10-24,270.4,8496.0,1.0,True,1.0,1.0
2000-10-24,270.4,2000-10-25,269.3,8496,269.3,2000-10-25,269.3,8497.0,1.0,True,1.0,1.0
2000-10-25,269.3,2000-10-26,266.75,8497,266.75,2000-10-26,266.75,8498.0,1.0,True,1.0,1.0
2000-10-26,266.75,2000-10-27,266.05,8498,266.05,2000-10-27,266.05,8499.0,1.0,True,1.0,1.0
2000-10-27,266.05,2000-10-30,265.65,8499,265.65,2000-10-30,265.65,8500.0,1.0,True,1.0,1.0
2000-10-30,265.65,2000-10-31,263.8,8500,263.8,2000-10-31,263.8,8501.0,1.0,True,1.0,1.0
2000-10-31,263.8,2000-11-01,266.0,8501,266.0,2000-11-01,266.0,8502.0,1.0,True,1.0,1.0
2000-11-01,266.0,2000-11-02,265.75,8502,265.75,2000-11-02,265.75,8503.0,1.0,True,1.0,1.0
2000-11-02,265.75,2000-11-03,266.45,8503,266.45,2000-11-03,266.45,8504.0,1.0,True,1.0,1.0
2000-11-03,266.45,2000-11-06,265.75,8504,265.75,2000-11-06,265.75,8505.0,1.0,True,1.0,1.0
2000-11-06,265.75,2000-11-07,264.1,8505,264.1,2000-11-07,264.1,8506.0,1.0,True,1.0,1.0
2000-11-07,264.1,2000-11-08,265.0,8506,265.0,2000-11-08,265.0,8507.0,1.0,True,1.0,1.0
2000-11-08,265.0,2000-11-09,264.3,8507,264.3,2000-11-09,264.3,8508.0,1.0,True,1.0,1.0
2000-11-09,264.3,2000-11-10,265.15,8508,265.15,2000-11-10,265.15,8509.0,1.0,True,1.0,1.0
2000-11-10,265.15,2000-11-13,264.3,8509,264.3,2000-11-13,264.3,8510.0,1.0,True,1.0,1.0
2000-11-13,264.3,2000-11-14,264.5,8510,264.5,2000-11-14,264.5,8511.0,1.0,True,1.0,1.0
2000-11-14,264.5,2000-11-15,265.25,8511,265.25,2000-11-15,265.25,8512.0,1.0,True,1.0,1.0
2000-11-15,265.25,2000-11-16,265.4,8512,265.4,2000-11-16,265.4,8513.0,1.0,True,1.0,1.0
2000-11-16,265.4,2000-11-17,266.5,8513,266.5,2000-11-17,266.5,8514.0,1.0,True,1.0,1.0
2000-11-17,266.5,2000-11-20,265.75,8514,265.75,2000-11-20,265.75,8515.0,1.0,True,1.0,1.0
2000-11-20,265.75,2000-11-21,267.25,8515,267.25,2000-11-21,267.25,8516.0,1.0,True,1.0,1.0
2000-11-21,267.25,2000-11-22,266.45,8516,266.45,2000-11-22,266.45,8517.0,1.0,True,1.0,1.0
2000-11-22,266.45,2000-11-23,265.9,8517,265.9,2000-11-23,265.9,8518.0,1.0,True,1.0,1.0
2000-11-23,265.9,2000-11-24,266.0,8518,266.0,2000-11-24,266.0,8519.0,1.0,True,1.0,1.0
2000-11-24,266.0,2000-11-27,266.2,8519,266.2,2000-11-27,266.2,8520.0,1.0,True,1.0,1.0
2000-11-27,266.2,2000-11-28,269.75,8520,269.75,2000-11-28,269.75,8521.0,1.0,True,1.0,1.0
2000-11-28,269.75,2000-11-29,269.0,8521,269.0,2000-11-29,269.0,8522.0,1.0,True,1.0,1.0
2000-11-29,269.0,2000-11-30,267.0,8522,267.0,2000-11-30,267.0,8523.0,1.0,True,1.0,1.0
2000-11-30,267.0,2000-12-01,271.2,8523,271.2,2000-12-01,271.2,8524.0,1.0,True,1.0,1.0
2000-12-01,271.2,2000-12-04,271.15,8524,271.15,2000-12-04,271.15,8525.0,1.0,True,1.0,1.0
2000-12-04,271.15,2000-12-05,271.85,8525,271.85,2000-12-05,271.85,8526.0,1.0,True,1.0,1.0
2000-12-05,271.85,2000-12-06,270.85,8526,270.85,2000-12-06,270.85,8527.0,1.0,True,1.0,1.0
2000-12-06,270.85,2000-12-07,275.1,8527,275.1,2000-12-07,275.1,8528.0,1.0,True,1.0,1.0
2000-12-07,275.1,2000-12-08,273.3,8528,273.3,2000-12-08,273.3,8529.0,1.0,True,1.0,1.0
2000-12-08,273.3,2000-12-11,272.5,8529,272.5,2000-12-11,272.5,8530.0,1.0,True,1.0,1.0
2000-12-11,272.5,2000-12-12,271.0,8530,271.0,2000-12-12,271.0,8531.0,1.0,True,1.0,1.0
2000-12-12,271.0,2000-12-13,269.95,8531,269.95,2000-12-13,269.95,8532.0,1.0,True,1.0,1.0
2000-12-13,269.95,2000-12-14,269.7,8532,269.7,2000-12-14,269.7,8533.0,1.0,True,1.0,1.0
2000-12-14,269.7,2000-12-15,270.3,8533,270.3,2000-12-15,270.3,8534.0,1.0,True,1.0,1.0
2000-12-15,270.3,2000-12-18,270.5,8534,270.5,2000-12-18,270.5,8535.0,1.0,True,1.0,1.0
2000-12-18,270.5,2000-12-19,269.45,8535,269.45,2000-12-19,269.45,8536.0,1.0,True,1.0,1.0
2000-12-19,269.45,2000-12-20,270.2,8536,270.2,2000-12-20,270.2,8537.0,1.0,True,1.0,1.0
2000-12-20,270.2,2000-12-21,273.0,8537,273.0,2000-12-21,273.0,8538.0,1.0,True,1.0,1.0
2000-12-21,273.0,2000-12-22,273.95,8538,273.95,2001-01-09,267.75,8551.0,13.0,True,0.0,0.0
2001-01-09,267.75,2001-01-10,266.7,8551,266.7,2001-01-10,266.7,8552.0,1.0,True,1.0,1.0
2001-01-10,266.7,2001-01-11,264.8,8552,264.8,2001-01-11,264.8,8553.0,1.0,True,1.0,1.0
2001-01-11,264.8,2001-01-12,263.65,8553,263.65,2001-01-12,263.65,8554.0,1.0,True,1.0,1.0
2001-01-12,263.65,2001-01-15,263.35,8554,263.35,2001-01-15,263.35,8555.0,1.0,True,1.0,1.0
2001-01-15,263.35,2001-01-16,264.5,8555,264.5,2001-01-16,264.5,8556.0,1.0,True,1.0,1.0
2001-01-16,264.5,2001-01-17,263.1,8556,263.1,2001-01-17,263.1,8557.0,1.0,True,1.0,1.0
2001-01-17,263.1,2001-01-18,264.1,8557,264.1,2001-01-18,264.1,8558.0,1.0,True,1.0,1.0
2001-01-18,264.1,2001-01-19,265.75,8558,265.75,2001-01-19,265.75,8559.0,1.0,True,1.0,1.0
2001-01-19,265.75,2001-01-22,266.1,8559,266.1,2001-01-24,265.7,8562.0,3.0,True,0.0,0.0
2001-01-24,265.7,2001-01-25,263.6,8562,263.6,2001-01-25,263.6,8563.0,1.0,True,1.0,1.0
2001-01-25,263.6,2001-01-26,264.5,8563,264.5,2001-01-26,264.5,8564.0,1.0,True,1.0,1.0
2001-01-26,264.5,2001-01-29,263.1,8564,263.1,2001-01-30,263.4,8566.0,2.0,True,0.0,0.0
2001-01-30,263.4,2001-01-31,266.2,8566,266.2,2001-01-31,266.2,8567.0,1.0,True,1.0,1.0
2001-01-31,266.2,2001-02-01,266.85,8567,266.85,2001-02-01,266.85,8568.0,1.0,True,1.0,1.0
2001-02-01,266.85,2001-02-02,268.0,8568,268.0,2001-02-02,268.0,8569.0,1.0,True,1.0,1.0
2001-02-02,268.0,2001-02-05,266.25,8569,266.25,2001-02-05,266.25,8570.0,1.0,True,1.0,1.0
2001-02-05,266.25,2001-02-06,264.55,8570,264.55,2001-02-06,264.55,8571.0,1.0,True,1.0,1.0
2001-02-06,264.55,2001-02-07,262.9,8571,262.9,2001-02-07,262.9,8572.0,1.0,True,1.0,1.0
2001-02-07,262.9,2001-02-08,263.4,8572,263.4,2001-02-08,263.4,8573.0,1.0,True,1.0,1.0
2001-02-08,263.4,2001-02-09,260.5,8573,260.5,2001-02-09,260.5,8574.0,1.0,True,1.0,1.0
2001-02-09,260.5,2001-02-12,260.9,8574,260.9,2001-02-12,260.9,8575.0,1.0,True,1.0,1.0
2001-02-12,260.9,2001-02-13,261.5,8575,261.5,2001-02-13,261.5,8576.0,1.0,True,1.0,1.0
2001-02-13,261.5,2001-02-14,260.9,8576,260.9,2001-02-14,260.9,8577.0,1.0,True,1.0,1.0
2001-02-14,260.9,2001-02-15,259.5,8577,259.5,2001-02-15,259.5,8578.0,1.0,True,1.0,1.0
2001-02-15,259.5,2001-02-16,256.7,8578,256.7,2001-02-16,256.7,8579.0,1.0,True,1.0,1.0
2001-02-16,256.7,2001-02-19,258.95,8579,258.95,2001-02-19,258.95,8580.0,1.0,True,1.0,1.0
2001-02-19,258.95,2001-02-20,258.3,8580,258.3,2001-02-20,258.3,8581.0,1.0,True,1.0,1.0
2001-02-20,258.3,2001-02-21,257.3,8581,257.3,2001-02-21,257.3,8582.0,1.0,True,1.0,1.0
2001-02-21,257.3,2001-02-22,258.0,8582,258.0,2001-02-22,258.0,8583.0,1.0,True,1.0,1.0
2001-02-22,258.0,2001-02-23,259.95,8583,259.95,2001-02-23,259.95,8584.0,1.0,True,1.0,1.0
2001-02-23,259.95,2001-02-26,262.8,8584,262.8,2001-02-26,262.8,8585.0,1.0,True,1.0,1.0
2001-02-26,262.8,2001-02-27,268.1,8585,268.1,2001-02-27,268.1,8586.0,1.0,True,1.0,1.0
2001-02-27,268.1,2001-02-28,265.0,8586,265.0,2001-02-28,265.0,8587.0,1.0,True,1.0,1.0
2001-02-28,265.0,2001-03-01,266.7,8587,266.7,2001-03-01,266.7,8588.0,1.0,True,1.0,1.0
2001-03-01,266.7,2001-03-02,263.35,8588,263.35,2001-03-02,263.35,8589.0,1.0,True,1.0,1.0
2001-03-02,263.35,2001-03-05,261.85,8589,261.85,2001-03-05,261.85,8590.0,1.0,True,1.0,1.0
2001-03-05,261.85,2001-03-06,262.6,8590,262.6,2001-03-06,262.6,8591.0,1.0,True,1.0,1.0
2001-03-06,262.6,2001-03-07,261.55,8591,261.55,2001-03-07,261.55,8592.0,1.0,True,1.0,1.0
2001-03-07,261.55,2001-03-08,263.6,8592,263.6,2001-03-08,263.6,8593.0,1.0,True,1.0,1.0
2001-03-08,263.6,2001-03-09,268.75,8593,268.75,2001-03-09,268.75,8594.0,1.0,True,1.0,1.0
2001-03-09,268.75,2001-03-12,270.5,8594,270.5,2001-03-12,270.5,8595.0,1.0,True,1.0,1.0
2001-03-12,270.5,2001-03-13,269.4,8595,269.4,2001-03-13,269.4,8596.0,1.0,True,1.0,1.0
2001-03-13,269.4,2001-03-14,267.45,8596,267.45,2001-03-14,267.45,8597.0,1.0,True,1.0,1.0
2001-03-14,267.45,2001-03-15,262.7,8597,262.7,2001-03-15,262.7,8598.0,1.0,True,1.0,1.0
2001-03-15,262.7,2001-03-16,260.2,8598,260.2,2001-03-16,260.2,8599.0,1.0,True,1.0,1.0
2001-03-16,260.2,2001-03-19,260.5,8599,260.5,2001-03-19,260.5,8600.0,1.0,True,1.0,1.0
2001-03-19,260.5,2001-03-20,262.6,8600,262.6,2001-03-20,262.6,8601.0,1.0,True,1.0,1.0
2001-03-20,262.6,2001-03-21,261.2,8601,261.2,2001-03-21,261.2,8602.0,1.0,True,1.0,1.0
2001-03-21,261.2,2001-03-22,262.25,8602,262.25,2001-03-22,262.25,8603.0,1.0,True,1.0,1.0
2001-03-22,262.25,2001-03-23,262.3,8603,262.3,2001-03-23,262.3,8604.0,1.0,True,1.0,1.0
2001-03-23,262.3,2001-03-26,261.3,8604,261.3,2001-03-26,261.3,8605.0,1.0,True,1.0,1.0
2001-03-26,261.3,2001-03-27,262.75,8605,262.75,2001-03-27,262.75,8606.0,1.0,True,1.0,1.0
2001-03-27,262.75,2001-03-28,261.2,8606,261.2,2001-03-28,261.2,8607.0,1.0,True,1.0,1.0
2001-03-28,261.2,2001-03-29,260.2,8607,260.2,2001-03-29,260.2,8608.0,1.0,True,1.0,1.0
2001-03-29,260.2,2001-03-30,259.05,8608,259.05,2001-03-30,259.05,8609.0,1.0,True,1.0,1.0
2001-03-30,259.05,2001-04-02,257.55,8609,257.55,2001-04-02,257.55,8610.0,1.0,True,1.0,1.0
2001-04-02,257.55,2001-04-03,257.0,8610,257.0,2001-04-03,257.0,8611.0,1.0,True,1.0,1.0
2001-04-03,257.0,2001-04-04,259.2,8611,259.2,2001-04-04,259.2,8612.0,1.0,True,1.0,1.0
2001-04-04,259.2,2001-04-05,258.2,8612,258.2,2001-04-05,258.2,8613.0,1.0,True,1.0,1.0
2001-04-05,258.2,2001-04-06,258.1,8613,258.1,2001-04-06,258.1,8614.0,1.0,True,1.0,1.0
2001-04-06,258.1,2001-04-09,260.9,8614,260.9,2001-04-09,260.9,8615.0,1.0,True,1.0,1.0
2001-04-09,260.9,2001-04-10,257.05,8615,257.05,2001-04-10,257.05,8616.0,1.0,True,1.0,1.0
2001-04-10,257.05,2001-04-11,258.45,8616,258.45,2001-04-11,258.45,8617.0,1.0,True,1.0,1.0
2001-04-11,258.45,2001-04-12,259.4,8617,259.4,2001-04-24,263.65,8626.0,9.0,True,0.0,0.0
2001-04-24,263.65,2001-04-25,263.95,8626,263.95,2001-04-25,263.95,8627.0,1.0,True,1.0,1.0
2001-04-25,263.95,2001-04-26,262.2,8627,262.2,2001-04-26,262.2,8628.0,1.0,True,1.0,1.0
2001-04-26,262.2,2001-04-27,264.45,8628,264.45,2001-04-27,264.45,8629.0,1.0,True,1.0,1.0
2001-04-27,264.45,2001-04-30,263.45,8629,263.45,2001-04-30,263.45,8630.0,1.0,True,1.0,1.0
2001-04-30,263.45,2001-05-01,263.8,8630,263.8,2001-05-01,263.8,8631.0,1.0,True,1.0,1.0
2001-05-01,263.8,2001-05-02,265.0,8631,265.0,2001-05-02,265.0,8632.0,1.0,True,1.0,1.0
2001-05-02,265.0,2001-05-03,265.3,8632,265.3,2001-05-03,265.3,8633.0,1.0,True,1.0,1.0
2001-05-03,265.3,2001-05-04,265.8,8633,265.8,2001-05-15,268.05,8641.0,8.0,True,0.0,0.0
2001-05-15,268.05,2001-05-16,269.1,8641,269.1,2001-05-16,269.1,8642.0,1.0,True,1.0,1.0
2001-05-16,269.1,2001-05-17,271.75,8642,271.75,2001-05-17,271.75,8643.0,1.0,True,1.0,1.0
2001-05-17,271.75,2001-05-18,272.1,8643,272.1,2001-05-18,272.1,8644.0,1.0,True,1.0,1.0
2001-05-18,272.1,2001-05-21,288.35,8644,288.35,2001-05-21,288.35,8645.0,1.0,True,1.0,1.0
2001-05-21,288.35,2001-05-22,282.75,8645,282.75,2001-05-22,282.75,8646.0,1.0,True,1.0,1.0
2001-05-22,282.75,2001-05-23,283.85,8646,283.85,2001-05-23,283.85,8647.0,1.0,True,1.0,1.0
2001-05-23,283.85,2001-05-24,283.45,8647,283.45,2001-05-24,283.45,8648.0,1.0,True,1.0,1.0
2001-05-24,283.45,2001-05-25,280.65,8648,280.65,2001-06-05,266.15,8656.0,8.0,True,0.0,0.0
2001-06-05,266.15,2001-06-06,266.95,8656,266.95,2001-06-06,266.95,8657.0,1.0,True,1.0,1.0
2001-06-06,266.95,2001-06-07,266.25,8657,266.25,2001-06-07,266.25,8658.0,1.0,True,1.0,1.0
2001-06-07,266.25,2001-06-08,267.25,8658,267.25,2001-06-08,267.25,8659.0,1.0,True,1.0,1.0
2001-06-08,267.25,2001-06-11,272.75,8659,272.75,2001-06-11,272.75,8660.0,1.0,True,1.0,1.0
2001-06-11,272.75,2001-06-12,267.9,8660,267.9,2001-06-12,267.9,8661.0,1.0,True,1.0,1.0
2001-06-12,267.9,2001-06-13,271.8,8661,271.8,2001-06-13,271.8,8662.0,1.0,True,1.0,1.0
2001-06-13,271.8,2001-06-14,272.2,8662,272.2,2001-06-14,272.2,8663.0,1.0,True,1.0,1.0
2001-06-14,272.2,2001-06-15,274.35,8663,274.35,2001-06-15,274.35,8664.0,1.0,True,1.0,1.0
2001-06-15,274.35,2001-06-18,271.5,8664,271.5,2001-06-18,271.5,8665.0,1.0,True,1.0,1.0
2001-06-18,271.5,2001-06-19,273.95,8665,273.95,2001-06-19,273.95,8666.0,1.0,True,1.0,1.0
2001-06-19,273.95,2001-06-20,272.4,8666,272.4,2001-06-20,272.4,8667.0,1.0,True,1.0,1.0
2001-06-20,272.4,2001-06-21,272.65,8667,272.65,2001-06-21,272.65,8668.0,1.0,True,1.0,1.0
2001-06-21,272.65,2001-06-22,273.2,8668,273.2,2001-06-22,273.2,8669.0,1.0,True,1.0,1.0
2001-06-22,273.2,2001-06-25,273.1,8669,273.1,2001-06-26,273.85,8671.0,2.0,True,0.0,0.0
2001-06-26,273.85,2001-06-27,276.0,8671,276.0,2001-06-27,276.0,8672.0,1.0,True,1.0,1.0
2001-06-27,276.0,2001-06-28,271.45,8672,271.45,2001-06-28,271.45,8673.0,1.0,True,1.0,1.0
2001-06-28,271.45,2001-06-29,269.9,8673,269.9,2001-06-29,269.9,8674.0,1.0,True,1.0,1.0
2001-06-29,269.9,2001-07-02,269.1,8674,269.1,2001-07-02,269.1,8675.0,1.0,True,1.0,1.0
2001-07-02,269.1,2001-07-03,268.6,8675,268.6,2001-07-03,268.6,8676.0,1.0,True,1.0,1.0
2001-07-03,268.6,2001-07-04,267.6,8676,267.6,2001-07-04,267.6,8677.0,1.0,True,1.0,1.0
2001-07-04,267.6,2001-07-05,267.55,8677,267.55,2001-07-05,267.55,8678.0,1.0,True,1.0,1.0
2001-07-05,267.55,2001-07-06,265.2,8678,265.2,2001-07-06,265.2,8679.0,1.0,True,1.0,1.0
2001-07-06,265.2,2001-07-09,266.85,8679,266.85,2001-07-09,266.85,8680.0,1.0,True,1.0,1.0
2001-07-09,266.85,2001-07-10,267.2,8680,267.2,2001-07-10,267.2,8681.0,1.0,True,1.0,1.0
2001-07-10,267.2,2001-07-11,266.55,8681,266.55,2001-07-11,266.55,8682.0,1.0,True,1.0,1.0
2001-07-11,266.55,2001-07-12,267.55,8682,267.55,2001-07-12,267.55,8683.0,1.0,True,1.0,1.0
2001-07-12,267.55,2001-07-13,266.4,8683,266.4,2001-07-13,266.4,8684.0,1.0,True,1.0,1.0
2001-07-13,266.4,2001-07-16,268.0,8684,268.0,2001-07-16,268.0,8685.0,1.0,True,1.0,1.0
2001-07-16,268.0,2001-07-17,266.85,8685,266.85,2001-07-17,266.85,8686.0,1.0,True,1.0,1.0
2001-07-17,266.85,2001-07-18,268.1,8686,268.1,2001-07-18,268.1,8687.0,1.0,True,1.0,1.0
2001-07-18,268.1,2001-07-19,271.55,8687,271.55,2001-07-19,271.55,8688.0,1.0,True,1.0,1.0
2001-07-19,271.55,2001-07-20,270.1,8688,270.1,2001-07-20,270.1,8689.0,1.0,True,1.0,1.0
2001-07-20,270.1,2001-07-23,269.25,8689,269.25,2001-07-23,269.25,8690.0,1.0,True,1.0,1.0
2001-07-23,269.25,2001-07-24,268.9,8690,268.9,2001-07-24,268.9,8691.0,1.0,True,1.0,1.0
2001-07-24,268.9,2001-07-25,269.25,8691,269.25,2001-07-25,269.25,8692.0,1.0,True,1.0,1.0
2001-07-25,269.25,2001-07-26,267.15,8692,267.15,2001-07-26,267.15,8693.0,1.0,True,1.0,1.0
2001-07-26,267.15,2001-07-27,265.85,8693,265.85,2001-07-27,265.85,8694.0,1.0,True,1.0,1.0
2001-07-27,265.85,2001-07-30,266.4,8694,266.4,2001-07-30,266.4,8695.0,1.0,True,1.0,1.0
2001-07-30,266.4,2001-07-31,265.55,8695,265.55,2001-07-31,265.55,8696.0,1.0,True,1.0,1.0
2001-07-31,265.55,2001-08-01,267.7,8696,267.7,2001-08-01,267.7,8697.0,1.0,True,1.0,1.0
2001-08-01,267.7,2001-08-02,268.3,8697,268.3,2001-08-02,268.3,8698.0,1.0,True,1.0,1.0
2001-08-02,268.3,2001-08-03,267.5,8698,267.5,2001-08-03,267.5,8699.0,1.0,True,1.0,1.0
2001-08-03,267.5,2001-08-06,267.9,8699,267.9,2001-08-06,267.9,8700.0,1.0,True,1.0,1.0
2001-08-06,267.9,2001-08-07,266.7,8700,266.7,2001-08-07,266.7,8701.0,1.0,True,1.0,1.0
2001-08-07,266.7,2001-08-08,266.5,8701,266.5,2001-08-08,266.5,8702.0,1.0,True,1.0,1.0
2001-08-08,266.5,2001-08-09,269.0,8702,269.0,2001-08-09,269.0,8703.0,1.0,True,1.0,1.0
2001-08-09,269.0,2001-08-10,273.35,8703,273.35,2001-08-10,273.35,8704.0,1.0,True,1.0,1.0
2001-08-10,273.35,2001-08-13,275.1,8704,275.1,2001-08-13,275.1,8705.0,1.0,True,1.0,1.0
2001-08-13,275.1,2001-08-14,274.1,8705,274.1,2001-08-14,274.1,8706.0,1.0,True,1.0,1.0
2001-08-14,274.1,2001-08-15,276.35,8706,276.35,2001-08-15,276.35,8707.0,1.0,True,1.0,1.0
2001-08-15,276.35,2001-08-16,275.1,8707,275.1,2001-08-16,275.1,8708.0,1.0,True,1.0,1.0
2001-08-16,275.1,2001-08-17,276.25,8708,276.25,2001-08-17,276.25,8709.0,1.0,True,1.0,1.0
2001-08-17,276.25,2001-08-20,277.75,8709,277.75,2001-08-20,277.75,8710.0,1.0,True,1.0,1.0
2001-08-20,277.75,2001-08-21,276.95,8710,276.95,2001-08-21,276.95,8711.0,1.0,True,1.0,1.0
2001-08-21,276.95,2001-08-22,277.25,8711,277.25,2001-08-22,277.25,8712.0,1.0,True,1.0,1.0
2001-08-22,277.25,2001-08-23,274.3,8712,274.3,2001-08-23,274.3,8713.0,1.0,True,1.0,1.0
2001-08-23,274.3,2001-08-24,275.15,8713,275.15,2001-09-04,272.25,8721.0,8.0,True,0.0,0.0
2001-09-04,272.25,2001-09-05,271.7,8721,271.7,2001-09-05,271.7,8722.0,1.0,True,1.0,1.0
2001-09-05,271.7,2001-09-06,272.0,8722,272.0,2001-09-06,272.0,8723.0,1.0,True,1.0,1.0
2001-09-06,272.0,2001-09-07,273.15,8723,273.15,2001-09-07,273.15,8724.0,1.0,True,1.0,1.0
2001-09-07,273.15,2001-09-10,273.2,8724,273.2,2001-09-10,273.2,8725.0,1.0,True,1.0,1.0
2001-09-10,273.2,2001-09-11,271.4,8725,271.4,2001-09-11,271.4,8726.0,1.0,True,1.0,1.0
2001-09-11,271.4,2001-09-12,279.5,8726,279.5,2001-09-12,279.5,8727.0,1.0,True,1.0,1.0
2001-09-12,279.5,2001-09-13,278.5,8727,278.5,2001-09-13,278.5,8728.0,1.0,True,1.0,1.0
2001-09-13,278.5,2001-09-14,284.5,8728,284.5,2001-09-14,284.5,8729.0,1.0,True,1.0,1.0
2001-09-14,284.5,2001-09-17,291.0,8729,291.0,2001-09-17,291.0,8730.0,1.0,True,1.0,1.0
2001-09-17,291.0,2001-09-18,288.65,8730,288.65,2001-09-18,288.65,8731.0,1.0,True,1.0,1.0
2001-09-18,288.65,2001-09-19,289.35,8731,289.35,2001-09-19,289.35,8732.0,1.0,True,1.0,1.0
2001-09-19,289.35,2001-09-20,288.2,8732,288.2,2001-09-20,288.2,8733.0,1.0,True,1.0,1.0
2001-09-20,288.2,2001-09-21,291.3,8733,291.3,2001-09-21,291.3,8734.0,1.0,True,1.0,1.0
2001-09-21,291.3,2001-09-24,289.65,8734,289.65,2001-09-25,287.95,8736.0,2.0,True,0.0,0.0
2001-09-25,287.95,2001-09-26,291.6,8736,291.6,2001-09-26,291.6,8737.0,1.0,True,1.0,1.0
2001-09-26,291.6,2001-09-27,291.25,8737,291.25,2001-09-27,291.25,8738.0,1.0,True,1.0,1.0
2001-09-27,291.25,2001-09-28,290.85,8738,290.85,2001-09-28,290.85,8739.0,1.0,True,1.0,1.0
2001-09-28,290.85,2001-10-01,291.65,8739,291.65,2001-10-01,291.65,8740.0,1.0,True,1.0,1.0
2001-10-01,291.65,2001-10-02,291.1,8740,291.1,2001-10-02,291.1,8741.0,1.0,True,1.0,1.0
2001-10-02,291.1,2001-10-03,289.95,8741,289.95,2001-10-03,289.95,8742.0,1.0,True,1.0,1.0
2001-10-03,289.95,2001-10-04,289.15,8742,289.15,2001-10-04,289.15,8743.0,1.0,True,1.0,1.0
2001-10-04,289.15,2001-10-05,291.6,8743,291.6,2001-10-05,291.6,8744.0,1.0,True,1.0,1.0
2001-10-05,291.6,2001-10-08,292.85,8744,292.85,2001-10-08,292.85,8745.0,1.0,True,1.0,1.0
2001-10-08,292.85,2001-10-09,291.1,8745,291.1,2001-10-09,291.1,8746.0,1.0,True,1.0,1.0
2001-10-09,291.1,2001-10-10,286.5,8746,286.5,2001-10-10,286.5,8747.0,1.0,True,1.0,1.0
2001-10-10,286.5,2001-10-11,282.35,8747,282.35,2001-10-11,282.35,8748.0,1.0,True,1.0,1.0
2001-10-11,282.35,2001-10-12,282.85,8748,282.85,2001-10-12,282.85,8749.0,1.0,True,1.0,1.0
2001-10-12,282.85,2001-10-15,283.75,8749,283.75,2001-10-15,283.75,8750.0,1.0,True,1.0,1.0
2001-10-15,283.75,2001-10-16,281.25,8750,281.25,2001-10-16,281.25,8751.0,1.0,True,1.0,1.0
2001-10-16,281.25,2001-10-17,281.65,8751,281.65,2001-10-17,281.65,8752.0,1.0,True,1.0,1.0
2001-10-17,281.65,2001-10-18,282.2,8752,282.2,2001-10-18,282.2,8753.0,1.0,True,1.0,1.0
2001-10-18,282.2,2001-10-19,278.7,8753,278.7,2001-10-19,278.7,8754.0,1.0,True,1.0,1.0
2001-10-19,278.7,2001-10-22,277.55,8754,277.55,2001-10-22,277.55,8755.0,1.0,True,1.0,1.0
2001-10-22,277.55,2001-10-23,274.9,8755,274.9,2001-10-23,274.9,8756.0,1.0,True,1.0,1.0
2001-10-23,274.9,2001-10-24,276.15,8756,276.15,2001-10-24,276.15,8757.0,1.0,True,1.0,1.0
2001-10-24,276.15,2001-10-25,275.35,8757,275.35,2001-10-25,275.35,8758.0,1.0,True,1.0,1.0
2001-10-25,275.35,2001-10-26,276.95,8758,276.95,2001-10-26,276.95,8759.0,1.0,True,1.0,1.0
2001-10-26,276.95,2001-10-29,277.7,8759,277.7,2001-10-29,277.7,8760.0,1.0,True,1.0,1.0
2001-10-29,277.7,2001-10-30,280.2,8760,280.2,2001-10-30,280.2,8761.0,1.0,True,1.0,1.0
2001-10-30,280.2,2001-10-31,280.95,8761,280.95,2001-10-31,280.95,8762.0,1.0,True,1.0,1.0
2001-10-31,280.95,2001-11-01,279.45,8762,279.45,2001-11-01,279.45,8763.0,1.0,True,1.0,1.0
2001-11-01,279.45,2001-11-02,280.2,8763,280.2,2001-11-02,280.2,8764.0,1.0,True,1.0,1.0
2001-11-02,280.2,2001-11-05,278.95,8764,278.95,2001-11-05,278.95,8765.0,1.0,True,1.0,1.0
2001-11-05,278.95,2001-11-06,278.9,8765,278.9,2001-11-06,278.9,8766.0,1.0,True,1.0,1.0
2001-11-06,278.9,2001-11-07,280.5,8766,280.5,2001-11-07,280.5,8767.0,1.0,True,1.0,1.0
2001-11-07,280.5,2001-11-08,280.2,8767,280.2,2001-11-08,280.2,8768.0,1.0,True,1.0,1.0
2001-11-08,280.2,2001-11-09,277.3,8768,277.3,2001-11-09,277.3,8769.0,1.0,True,1.0,1.0
2001-11-09,277.3,2001-11-12,277.7,8769,277.7,2001-11-12,277.7,8770.0,1.0,True,1.0,1.0
2001-11-12,277.7,2001-11-13,277.65,8770,277.65,2001-11-13,277.65,8771.0,1.0,True,1.0,1.0
2001-11-13,277.65,2001-11-14,277.55,8771,277.55,2001-11-14,277.55,8772.0,1.0,True,1.0,1.0
2001-11-14,277.55,2001-11-15,276.05,8772,276.05,2001-11-15,276.05,8773.0,1.0,True,1.0,1.0
2001-11-15,276.05,2001-11-16,275.5,8773,275.5,2001-11-16,275.5,8774.0,1.0,True,1.0,1.0
2001-11-16,275.5,2001-11-19,274.2,8774,274.2,2001-11-19,274.2,8775.0,1.0,True,1.0,1.0
2001-11-19,274.2,2001-11-20,273.75,8775,273.75,2001-11-20,273.75,8776.0,1.0,True,1.0,1.0
2001-11-20,273.75,2001-11-21,273.15,8776,273.15,2001-11-21,273.15,8777.0,1.0,True,1.0,1.0
2001-11-21,273.15,2001-11-22,273.2,8777,273.2,2001-11-22,273.2,8778.0,1.0,True,1.0,1.0
2001-11-22,273.2,2001-11-23,272.55,8778,272.55,2001-11-23,272.55,8779.0,1.0,True,1.0,1.0
2001-11-23,272.55,2001-11-26,273.05,8779,273.05,2001-11-26,273.05,8780.0,1.0,True,1.0,1.0
2001-11-26,273.05,2001-11-27,273.65,8780,273.65,2001-11-27,273.65,8781.0,1.0,True,1.0,1.0
2001-11-27,273.65,2001-11-28,274.6,8781,274.6,2001-11-28,274.6,8782.0,1.0,True,1.0,1.0
2001-11-28,274.6,2001-11-29,274.65,8782,274.65,2001-11-29,274.65,8783.0,1.0,True,1.0,1.0
2001-11-29,274.65,2001-11-30,274.7,8783,274.7,2001-11-30,274.7,8784.0,1.0,True,1.0,1.0
2001-11-30,274.7,2001-12-03,275.25,8784,275.25,2001-12-03,275.25,8785.0,1.0,True,1.0,1.0
2001-12-03,275.25,2001-12-04,276.55,8785,276.55,2001-12-04,276.55,8786.0,1.0,True,1.0,1.0
2001-12-04,276.55,2001-12-05,275.75,8786,275.75,2001-12-05,275.75,8787.0,1.0,True,1.0,1.0
2001-12-05,275.75,2001-12-06,274.1,8787,274.1,2001-12-06,274.1,8788.0,1.0,True,1.0,1.0
2001-12-06,274.1,2001-12-07,274.75,8788,274.75,2001-12-07,274.75,8789.0,1.0,True,1.0,1.0
2001-12-07,274.75,2001-12-10,273.35,8789,273.35,2001-12-10,273.35,8790.0,1.0,True,1.0,1.0
2001-12-10,273.35,2001-12-11,272.6,8790,272.6,2001-12-11,272.6,8791.0,1.0,True,1.0,1.0
2001-12-11,272.6,2001-12-12,273.25,8791,273.25,2001-12-12,273.25,8792.0,1.0,True,1.0,1.0
2001-12-12,273.25,2001-12-13,273.95,8792,273.95,2001-12-13,273.95,8793.0,1.0,True,1.0,1.0
2001-12-13,273.95,2001-12-14,274.85,8793,274.85,2001-12-14,274.85,8794.0,1.0,True,1.0,1.0
2001-12-14,274.85,2001-12-17,277.8,8794,277.8,2001-12-17,277.8,8795.0,1.0,True,1.0,1.0
2001-12-17,277.8,2001-12-18,278.85,8795,278.85,2001-12-18,278.85,8796.0,1.0,True,1.0,1.0
2001-12-18,278.85,2001-12-19,278.9,8796,278.9,2001-12-19,278.9,8797.0,1.0,True,1.0,1.0
2001-12-19,278.9,2001-12-20,276.25,8797,276.25,2001-12-20,276.25,8798.0,1.0,True,1.0,1.0
2001-12-20,276.25,2001-12-21,277.8,8798,277.8,2001-12-21,277.8,8799.0,1.0,True,1.0,1.0
2001-12-21,277.8,2001-12-24,277.7,8799,277.7,2002-01-09,279.35,8812.0,13.0,True,0.0,0.0
2002-01-09,279.35,2002-01-10,287.0,8812,287.0,2002-01-10,287.0,8813.0,1.0,True,1.0,1.0
2002-01-10,287.0,2002-01-11,286.6,8813,286.6,2002-01-11,286.6,8814.0,1.0,True,1.0,1.0
2002-01-11,286.6,2002-01-14,286.4,8814,286.4,2002-01-14,286.4,8815.0,1.0,True,1.0,1.0
2002-01-14,286.4,2002-01-15,283.85,8815,283.85,2002-01-15,283.85,8816.0,1.0,True,1.0,1.0
2002-01-15,283.85,2002-01-16,287.95,8816,287.95,2002-01-16,287.95,8817.0,1.0,True,1.0,1.0
2002-01-16,287.95,2002-01-17,285.15,8817,285.15,2002-01-17,285.15,8818.0,1.0,True,1.0,1.0
2002-01-17,285.15,2002-01-18,283.7,8818,283.7,2002-01-18,283.7,8819.0,1.0,True,1.0,1.0
2002-01-18,283.7,2002-01-21,282.65,8819,282.65,2002-01-21,282.65,8820.0,1.0,True,1.0,1.0
2002-01-21,282.65,2002-01-22,283.35,8820,283.35,2002-01-24,279.05,8823.0,3.0,True,0.0,0.0
2002-01-24,279.05,2002-01-25,279.0,8823,279.0,2002-01-25,279.0,8824.0,1.0,True,1.0,1.0
2002-01-25,279.0,2002-01-28,279.35,8824,279.35,2002-01-28,279.35,8825.0,1.0,True,1.0,1.0
2002-01-28,279.35,2002-01-29,277.8,8825,277.8,2002-01-30,280.95,8827.0,2.0,True,0.0,0.0
2002-01-30,280.95,2002-01-31,281.5,8827,281.5,2002-01-31,281.5,8828.0,1.0,True,1.0,1.0
2002-01-31,281.5,2002-02-01,282.0,8828,282.0,2002-02-01,282.0,8829.0,1.0,True,1.0,1.0
2002-02-01,282.0,2002-02-04,285.8,8829,285.8,2002-02-04,285.8,8830.0,1.0,True,1.0,1.0
2002-02-04,285.8,2002-02-05,290.35,8830,290.35,2002-02-05,290.35,8831.0,1.0,True,1.0,1.0
2002-02-05,290.35,2002-02-06,297.45,8831,297.45,2002-02-06,297.45,8832.0,1.0,True,1.0,1.0
2002-02-06,297.45,2002-02-07,300.35,8832,300.35,2002-02-07,300.35,8833.0,1.0,True,1.0,1.0
2002-02-07,300.35,2002-02-08,305.1,8833,305.1,2002-02-08,305.1,8834.0,1.0,True,1.0,1.0
2002-02-08,305.1,2002-02-11,301.5,8834,301.5,2002-02-11,301.5,8835.0,1.0,True,1.0,1.0
2002-02-11,301.5,2002-02-12,298.9,8835,298.9,2002-02-12,298.9,8836.0,1.0,True,1.0,1.0
2002-02-12,298.9,2002-02-13,298.6,8836,298.6,2002-02-13,298.6,8837.0,1.0,True,1.0,1.0
2002-02-13,298.6,2002-02-14,298.1,8837,298.1,2002-02-14,298.1,8838.0,1.0,True,1.0,1.0
2002-02-14,298.1,2002-02-15,300.4,8838,300.4,2002-02-15,300.4,8839.0,1.0,True,1.0,1.0
2002-02-15,300.4,2002-02-18,298.5,8839,298.5,2002-02-18,298.5,8840.0,1.0,True,1.0,1.0
2002-02-18,298.5,2002-02-19,297.25,8840,297.25,2002-02-19,297.25,8841.0,1.0,True,1.0,1.0
2002-02-19,297.25,2002-02-20,294.2,8841,294.2,2002-02-20,294.2,8842.0,1.0,True,1.0,1.0
2002-02-20,294.2,2002-02-21,291.15,8842,291.15,2002-02-21,291.15,8843.0,1.0,True,1.0,1.0
2002-02-21,291.15,2002-02-22,293.35,8843,293.35,2002-02-22,293.35,8844.0,1.0,True,1.0,1.0
2002-02-22,293.35,2002-02-25,291.8,8844,291.8,2002-02-25,291.8,8845.0,1.0,True,1.0,1.0
2002-02-25,291.8,2002-02-26,293.0,8845,293.0,2002-02-26,293.0,8846.0,1.0,True,1.0,1.0
2002-02-26,293.0,2002-02-27,299.3,8846,299.3,2002-02-27,299.3,8847.0,1.0,True,1.0,1.0
2002-02-27,299.3,2002-02-28,296.55,8847,296.55,2002-02-28,296.55,8848.0,1.0,True,1.0,1.0
2002-02-28,296.55,2002-03-01,295.8,8848,295.8,2002-03-01,295.8,8849.0,1.0,True,1.0,1.0
2002-03-01,295.8,2002-03-04,299.55,8849,299.55,2002-03-04,299.55,8850.0,1.0,True,1.0,1.0
2002-03-04,299.55,2002-03-05,296.6,8850,296.6,2002-03-05,296.6,8851.0,1.0,True,1.0,1.0
2002-03-05,296.6,2002-03-06,294.35,8851,294.35,2002-03-06,294.35,8852.0,1.0,True,1.0,1.0
2002-03-06,294.35,2002-03-07,292.15,8852,292.15,2002-03-07,292.15,8853.0,1.0,True,1.0,1.0
2002-03-07,292.15,2002-03-08,289.3,8853,289.3,2002-03-08,289.3,8854.0,1.0,True,1.0,1.0
2002-03-08,289.3,2002-03-11,291.75,8854,291.75,2002-03-11,291.75,8855.0,1.0,True,1.0,1.0
2002-03-11,291.75,2002-03-12,292.0,8855,292.0,2002-03-12,292.0,8856.0,1.0,True,1.0,1.0
2002-03-12,292.0,2002-03-13,293.75,8856,293.75,2002-03-13,293.75,8857.0,1.0,True,1.0,1.0
2002-03-13,293.75,2002-03-14,292.7,8857,292.7,2002-03-14,292.7,8858.0,1.0,True,1.0,1.0
2002-03-14,292.7,2002-03-15,291.0,8858,291.0,2002-03-15,291.0,8859.0,1.0,True,1.0,1.0
2002-03-15,291.0,2002-03-18,291.0,8859,291.0,2002-03-18,291.0,8860.0,1.0,True,1.0,1.0
2002-03-18,291.0,2002-03-19,293.2,8860,293.2,2002-03-19,293.2,8861.0,1.0,True,1.0,1.0
2002-03-19,293.2,2002-03-20,292.7,8861,292.7,2002-03-20,292.7,8862.0,1.0,True,1.0,1.0
2002-03-20,292.7,2002-03-21,292.25,8862,292.25,2002-03-21,292.25,8863.0,1.0,True,1.0,1.0
2002-03-21,292.25,2002-03-22,293.65,8863,293.65,2002-03-22,293.65,8864.0,1.0,True,1.0,1.0
2002-03-22,293.65,2002-03-25,297.7,8864,297.7,2002-03-25,297.7,8865.0,1.0,True,1.0,1.0
2002-03-25,297.7,2002-03-26,297.1,8865,297.1,2002-03-26,297.1,8866.0,1.0,True,1.0,1.0
2002-03-26,297.1,2002-03-27,297.5,8866,297.5,2002-03-27,297.5,8867.0,1.0,True,1.0,1.0
2002-03-27,297.5,2002-03-28,303.0,8867,303.0,2002-04-09,299.3,8876.0,9.0,True,0.0,0.0
2002-04-09,299.3,2002-04-10,297.8,8876,297.8,2002-04-10,297.8,8877.0,1.0,True,1.0,1.0
2002-04-10,297.8,2002-04-11,301.8,8877,301.8,2002-04-11,301.8,8878.0,1.0,True,1.0,1.0
2002-04-11,301.8,2002-04-12,301.65,8878,301.65,2002-04-12,301.65,8879.0,1.0,True,1.0,1.0
2002-04-12,301.65,2002-04-15,301.8,8879,301.8,2002-04-15,301.8,8880.0,1.0,True,1.0,1.0
2002-04-15,301.8,2002-04-16,299.35,8880,299.35,2002-04-16,299.35,8881.0,1.0,True,1.0,1.0
2002-04-16,299.35,2002-04-17,300.15,8881,300.15,2002-04-17,300.15,8882.0,1.0,True,1.0,1.0
2002-04-17,300.15,2002-04-18,302.3,8882,302.3,2002-04-18,302.3,8883.0,1.0,True,1.0,1.0
2002-04-18,302.3,2002-04-19,303.7,8883,303.7,2002-04-19,303.7,8884.0,1.0,True,1.0,1.0
2002-04-19,303.7,2002-04-22,303.35,8884,303.35,2002-04-22,303.35,8885.0,1.0,True,1.0,1.0
2002-04-22,303.35,2002-04-23,303.25,8885,303.25,2002-04-23,303.25,8886.0,1.0,True,1.0,1.0
2002-04-23,303.25,2002-04-24,304.5,8886,304.5,2002-04-24,304.5,8887.0,1.0,True,1.0,1.0
2002-04-24,304.5,2002-04-25,305.1,8887,305.1,2002-04-25,305.1,8888.0,1.0,True,1.0,1.0
2002-04-25,305.1,2002-04-26,307.65,8888,307.65,2002-04-30,309.35,8891.0,3.0,True,0.0,0.0
2002-04-30,309.35,2002-05-01,308.3,8891,308.3,2002-05-01,308.3,8892.0,1.0,True,1.0,1.0
2002-05-01,308.3,2002-05-02,308.1,8892,308.1,2002-05-02,308.1,8893.0,1.0,True,1.0,1.0
2002-05-02,308.1,2002-05-03,308.85,8893,308.85,2002-05-14,309.95,8901.0,8.0,True,0.0,0.0
2002-05-14,309.95,2002-05-15,307.5,8901,307.5,2002-05-15,307.5,8902.0,1.0,True,1.0,1.0
2002-05-15,307.5,2002-05-16,309.05,8902,309.05,2002-05-16,309.05,8903.0,1.0,True,1.0,1.0
2002-05-16,309.05,2002-05-17,310.65,8903,310.65,2002-05-17,310.65,8904.0,1.0,True,1.0,1.0
2002-05-17,310.65,2002-05-20,311.8,8904,311.8,2002-05-20,311.8,8905.0,1.0,True,1.0,1.0
2002-05-20,311.8,2002-05-21,315.1,8905,315.1,2002-05-21,315.1,8906.0,1.0,True,1.0,1.0
2002-05-21,315.1,2002-05-22,318.25,8906,318.25,2002-05-22,318.25,8907.0,1.0,True,1.0,1.0
2002-05-22,318.25,2002-05-23,316.25,8907,316.25,2002-05-23,316.25,8908.0,1.0,True,1.0,1.0
2002-05-23,316.25,2002-05-24,320.9,8908,320.9,2002-05-24,320.9,8909.0,1.0,True,1.0,1.0
2002-05-24,320.9,2002-05-27,320.8,8909,320.8,2002-05-27,320.8,8910.0,1.0,True,1.0,1.0
2002-05-27,320.8,2002-05-28,321.4,8910,321.4,2002-05-28,321.4,8911.0,1.0,True,1.0,1.0
2002-05-28,321.4,2002-05-29,325.2,8911,325.2,2002-05-29,325.2,8912.0,1.0,True,1.0,1.0
2002-05-29,325.2,2002-05-30,324.65,8912,324.65,2002-05-30,324.65,8913.0,1.0,True,1.0,1.0
2002-05-30,324.65,2002-05-31,327.25,8913,327.25,2002-06-12,319.55,8922.0,9.0,True,0.0,0.0
2002-06-12,319.55,2002-06-13,317.6,8922,317.6,2002-06-13,317.6,8923.0,1.0,True,1.0,1.0
2002-06-13,317.6,2002-06-14,319.7,8923,319.7,2002-06-14,319.7,8924.0,1.0,True,1.0,1.0
2002-06-14,319.7,2002-06-17,317.95,8924,317.95,2002-06-17,317.95,8925.0,1.0,True,1.0,1.0
2002-06-17,317.95,2002-06-18,318.05,8925,318.05,2002-06-18,318.05,8926.0,1.0,True,1.0,1.0
2002-06-18,318.05,2002-06-19,321.85,8926,321.85,2002-06-19,321.85,8927.0,1.0,True,1.0,1.0
2002-06-19,321.85,2002-06-20,320.85,8927,320.85,2002-06-20,320.85,8928.0,1.0,True,1.0,1.0
2002-06-20,320.85,2002-06-21,323.5,8928,323.5,2002-06-21,323.5,8929.0,1.0,True,1.0,1.0
2002-06-21,323.5,2002-06-24,326.35,8929,326.35,2002-06-24,326.35,8930.0,1.0,True,1.0,1.0
2002-06-24,326.35,2002-06-25,323.1,8930,323.1,2002-06-25,323.1,8931.0,1.0,True,1.0,1.0
2002-06-25,323.1,2002-06-26,324.6,8931,324.6,2002-06-26,324.6,8932.0,1.0,True,1.0,1.0
2002-06-26,324.6,2002-06-27,319.45,8932,319.45,2002-06-27,319.45,8933.0,1.0,True,1.0,1.0
2002-06-27,319.45,2002-06-28,319.05,8933,319.05,2002-06-28,319.05,8934.0,1.0,True,1.0,1.0
2002-06-28,319.05,2002-07-01,312.3,8934,312.3,2002-07-03,312.85,8937.0,3.0,True,0.0,0.0
2002-07-03,312.85,2002-07-04,310.9,8937,310.9,2002-07-04,310.9,8938.0,1.0,True,1.0,1.0
2002-07-04,310.9,2002-07-05,310.75,8938,310.75,2002-07-05,310.75,8939.0,1.0,True,1.0,1.0
2002-07-05,310.75,2002-07-08,313.0,8939,313.0,2002-07-08,313.0,8940.0,1.0,True,1.0,1.0
2002-07-08,313.0,2002-07-09,312.45,8940,312.45,2002-07-09,312.45,8941.0,1.0,True,1.0,1.0
2002-07-09,312.45,2002-07-10,315.95,8941,315.95,2002-07-10,315.95,8942.0,1.0,True,1.0,1.0
2002-07-10,315.95,2002-07-11,314.5,8942,314.5,2002-07-11,314.5,8943.0,1.0,True,1.0,1.0
2002-07-11,314.5,2002-07-12,316.5,8943,316.5,2002-07-12,316.5,8944.0,1.0,True,1.0,1.0
2002-07-12,316.5,2002-07-15,316.35,8944,316.35,2002-07-15,316.35,8945.0,1.0,True,1.0,1.0
2002-07-15,316.35,2002-07-16,320.35,8945,320.35,2002-07-16,320.35,8946.0,1.0,True,1.0,1.0
2002-07-16,320.35,2002-07-17,317.75,8946,317.75,2002-07-17,317.75,8947.0,1.0,True,1.0,1.0
2002-07-17,317.75,2002-07-18,316.6,8947,316.6,2002-07-18,316.6,8948.0,1.0,True,1.0,1.0
2002-07-18,316.6,2002-07-19,319.15,8948,319.15,2002-07-19,319.15,8949.0,1.0,True,1.0,1.0
2002-07-19,319.15,2002-07-22,324.0,8949,324.0,2002-07-22,324.0,8950.0,1.0,True,1.0,1.0
2002-07-22,324.0,2002-07-23,320.3,8950,320.3,2002-07-23,320.3,8951.0,1.0,True,1.0,1.0
2002-07-23,320.3,2002-07-24,313.6,8951,313.6,2002-07-24,313.6,8952.0,1.0,True,1.0,1.0
2002-07-24,313.6,2002-07-25,310.25,8952,310.25,2002-07-25,310.25,8953.0,1.0,True,1.0,1.0
2002-07-25,310.25,2002-07-26,308.6,8953,308.6,2002-07-26,308.6,8954.0,1.0,True,1.0,1.0
2002-07-26,308.6,2002-07-29,303.05,8954,303.05,2002-07-29,303.05,8955.0,1.0,True,1.0,1.0
2002-07-29,303.05,2002-07-30,304.45,8955,304.45,2002-07-30,304.45,8956.0,1.0,True,1.0,1.0
2002-07-30,304.45,2002-07-31,305.5,8956,305.5,2002-07-31,305.5,8957.0,1.0,True,1.0,1.0
2002-07-31,305.5,2002-08-01,300.65,8957,300.65,2002-08-01,300.65,8958.0,1.0,True,1.0,1.0
2002-08-01,300.65,2002-08-02,306.5,8958,306.5,2002-08-02,306.5,8959.0,1.0,True,1.0,1.0
2002-08-02,306.5,2002-08-05,307.6,8959,307.6,2002-08-05,307.6,8960.0,1.0,True,1.0,1.0
2002-08-05,307.6,2002-08-06,306.75,8960,306.75,2002-08-06,306.75,8961.0,1.0,True,1.0,1.0
2002-08-06,306.75,2002-08-07,307.8,8961,307.8,2002-08-07,307.8,8962.0,1.0,True,1.0,1.0
2002-08-07,307.8,2002-08-08,312.95,8962,312.95,2002-08-08,312.95,8963.0,1.0,True,1.0,1.0
2002-08-08,312.95,2002-08-09,309.6,8963,309.6,2002-08-09,309.6,8964.0,1.0,True,1.0,1.0
2002-08-09,309.6,2002-08-12,316.25,8964,316.25,2002-08-12,316.25,8965.0,1.0,True,1.0,1.0
2002-08-12,316.25,2002-08-13,314.7,8965,314.7,2002-08-13,314.7,8966.0,1.0,True,1.0,1.0
2002-08-13,314.7,2002-08-14,316.25,8966,316.25,2002-08-14,316.25,8967.0,1.0,True,1.0,1.0
2002-08-14,316.25,2002-08-15,312.7,8967,312.7,2002-08-15,312.7,8968.0,1.0,True,1.0,1.0
2002-08-15,312.7,2002-08-16,314.55,8968,314.55,2002-08-16,314.55,8969.0,1.0,True,1.0,1.0
2002-08-16,314.55,2002-08-19,313.05,8969,313.05,2002-08-19,313.05,8970.0,1.0,True,1.0,1.0
2002-08-19,313.05,2002-08-20,307.6,8970,307.6,2002-08-20,307.6,8971.0,1.0,True,1.0,1.0
2002-08-20,307.6,2002-08-21,308.35,8971,308.35,2002-08-21,308.35,8972.0,1.0,True,1.0,1.0
2002-08-21,308.35,2002-08-22,306.45,8972,306.45,2002-08-22,306.45,8973.0,1.0,True,1.0,1.0
2002-08-22,306.45,2002-08-23,305.8,8973,305.8,2002-09-03,313.5,8981.0,8.0,True,0.0,0.0
2002-09-03,313.5,2002-09-04,312.7,8981,312.7,2002-09-04,312.7,8982.0,1.0,True,1.0,1.0
2002-09-04,312.7,2002-09-05,316.2,8982,316.2,2002-09-05,316.2,8983.0,1.0,True,1.0,1.0
2002-09-05,316.2,2002-09-06,317.9,8983,317.9,2002-09-06,317.9,8984.0,1.0,True,1.0,1.0
2002-09-06,317.9,2002-09-09,322.2,8984,322.2,2002-09-09,322.2,8985.0,1.0,True,1.0,1.0
2002-09-09,322.2,2002-09-10,318.35,8985,318.35,2002-09-10,318.35,8986.0,1.0,True,1.0,1.0
2002-09-10,318.35,2002-09-11,317.15,8986,317.15,2002-09-11,317.15,8987.0,1.0,True,1.0,1.0
2002-09-11,317.15,2002-09-12,318.0,8987,318.0,2002-09-12,318.0,8988.0,1.0,True,1.0,1.0
2002-09-12,318.0,2002-09-13,318.5,8988,318.5,2002-09-13,318.5,8989.0,1.0,True,1.0,1.0
2002-09-13,318.5,2002-09-16,316.55,8989,316.55,2002-09-16,316.55,8990.0,1.0,True,1.0,1.0
2002-09-16,316.55,2002-09-17,315.3,8990,315.3,2002-09-17,315.3,8991.0,1.0,True,1.0,1.0
2002-09-17,315.3,2002-09-18,317.6,8991,317.6,2002-09-18,317.6,8992.0,1.0,True,1.0,1.0
2002-09-18,317.6,2002-09-19,320.15,8992,320.15,2002-09-19,320.15,8993.0,1.0,True,1.0,1.0
2002-09-19,320.15,2002-09-20,321.55,8993,321.55,2002-09-20,321.55,8994.0,1.0,True,1.0,1.0
2002-09-20,321.55,2002-09-23,323.45,8994,323.45,2002-09-24,323.3,8996.0,2.0,True,0.0,0.0
2002-09-24,323.3,2002-09-25,325.25,8996,325.25,2002-09-25,325.25,8997.0,1.0,True,1.0,1.0
2002-09-25,325.25,2002-09-26,322.35,8997,322.35,2002-09-26,322.35,8998.0,1.0,True,1.0,1.0
2002-09-26,322.35,2002-09-27,320.15,8998,320.15,2002-09-27,320.15,8999.0,1.0,True,1.0,1.0
2002-09-27,320.15,2002-09-30,322.4,8999,322.4,2002-09-30,322.4,9000.0,1.0,True,1.0,1.0
2002-09-30,322.4,2002-10-01,322.6,9000,322.6,2002-10-01,322.6,9001.0,1.0,True,1.0,1.0
2002-10-01,322.6,2002-10-02,320.4,9001,320.4,2002-10-02,320.4,9002.0,1.0,True,1.0,1.0
2002-10-02,320.4,2002-10-03,322.7,9002,322.7,2002-10-03,322.7,9003.0,1.0,True,1.0,1.0
2002-10-03,322.7,2002-10-04,321.65,9003,321.65,2002-10-04,321.65,9004.0,1.0,True,1.0,1.0
2002-10-04,321.65,2002-10-07,322.35,9004,322.35,2002-10-07,322.35,9005.0,1.0,True,1.0,1.0
2002-10-07,322.35,2002-10-08,320.7,9005,320.7,2002-10-08,320.7,9006.0,1.0,True,1.0,1.0
2002-10-08,320.7,2002-10-09,318.8,9006,318.8,2002-10-09,318.8,9007.0,1.0,True,1.0,1.0
2002-10-09,318.8,2002-10-10,319.5,9007,319.5,2002-10-10,319.5,9008.0,1.0,True,1.0,1.0
2002-10-10,319.5,2002-10-11,317.1,9008,317.1,2002-10-11,317.1,9009.0,1.0,True,1.0,1.0
2002-10-11,317.1,2002-10-14,318.0,9009,318.0,2002-10-14,318.0,9010.0,1.0,True,1.0,1.0
2002-10-14,318.0,2002-10-15,317.5,9010,317.5,2002-10-15,317.5,9011.0,1.0,True,1.0,1.0
2002-10-15,317.5,2002-10-16,314.0,9011,314.0,2002-10-16,314.0,9012.0,1.0,True,1.0,1.0
2002-10-16,314.0,2002-10-17,312.8,9012,312.8,2002-10-17,312.8,9013.0,1.0,True,1.0,1.0
2002-10-17,312.8,2002-10-18,312.45,9013,312.45,2002-10-18,312.45,9014.0,1.0,True,1.0,1.0
2002-10-18,312.45,2002-10-21,313.4,9014,313.4,2002-10-21,313.4,9015.0,1.0,True,1.0,1.0
2002-10-21,313.4,2002-10-22,311.65,9015,311.65,2002-10-22,311.65,9016.0,1.0,True,1.0,1.0
2002-10-22,311.65,2002-10-23,313.4,9016,313.4,2002-10-23,313.4,9017.0,1.0,True,1.0,1.0
2002-10-23,313.4,2002-10-24,311.1,9017,311.1,2002-10-24,311.1,9018.0,1.0,True,1.0,1.0
2002-10-24,311.1,2002-10-25,312.3,9018,312.3,2002-10-25,312.3,9019.0,1.0,True,1.0,1.0
2002-10-25,312.3,2002-10-28,313.3,9019,313.3,2002-10-28,313.3,9020.0,1.0,True,1.0,1.0
2002-10-28,313.3,2002-10-29,316.35,9020,316.35,2002-10-29,316.35,9021.0,1.0,True,1.0,1.0
2002-10-29,316.35,2002-10-30,316.8,9021,316.8,2002-10-30,316.8,9022.0,1.0,True,1.0,1.0
2002-10-30,316.8,2002-10-31,316.35,9022,316.35,2002-10-31,316.35,9023.0,1.0,True,1.0,1.0
2002-10-31,316.35,2002-11-01,318.75,9023,318.75,2002-11-01,318.75,9024.0,1.0,True,1.0,1.0
2002-11-01,318.75,2002-11-04,317.2,9024,317.2,2002-11-04,317.2,9025.0,1.0,True,1.0,1.0
2002-11-04,317.2,2002-11-05,318.9,9025,318.9,2002-11-05,318.9,9026.0,1.0,True,1.0,1.0
2002-11-05,318.9,2002-11-06,317.5,9026,317.5,2002-11-06,317.5,9027.0,1.0,True,1.0,1.0
2002-11-06,317.5,2002-11-07,319.7,9027,319.7,2002-11-07,319.7,9028.0,1.0,True,1.0,1.0
2002-11-07,319.7,2002-11-08,322.55,9028,322.55,2002-11-08,322.55,9029.0,1.0,True,1.0,1.0
2002-11-08,322.55,2002-11-11,321.1,9029,321.1,2002-11-11,321.1,9030.0,1.0,True,1.0,1.0
2002-11-11,321.1,2002-11-12,321.9,9030,321.9,2002-11-12,321.9,9031.0,1.0,True,1.0,1.0
2002-11-12,321.9,2002-11-13,323.2,9031,323.2,2002-11-13,323.2,9032.0,1.0,True,1.0,1.0
2002-11-13,323.2,2002-11-14,318.6,9032,318.6,2002-11-14,318.6,9033.0,1.0,True,1.0,1.0
2002-11-14,318.6,2002-11-15,318.5,9033,318.5,2002-11-15,318.5,9034.0,1.0,True,1.0,1.0
2002-11-15,318.5,2002-11-18,319.8,9034,319.8,2002-11-18,319.8,9035.0,1.0,True,1.0,1.0
2002-11-18,319.8,2002-11-19,319.8,9035,319.8,2002-11-19,319.8,9036.0,1.0,True,1.0,1.0
2002-11-19,319.8,2002-11-20,319.0,9036,319.0,2002-11-20,319.0,9037.0,1.0,True,1.0,1.0
2002-11-20,319.0,2002-11-21,318.4,9037,318.4,2002-11-21,318.4,9038.0,1.0,True,1.0,1.0
2002-11-21,318.4,2002-11-22,318.2,9038,318.2,2002-11-22,318.2,9039.0,1.0,True,1.0,1.0
2002-11-22,318.2,2002-11-25,319.5,9039,319.5,2002-11-25,319.5,9040.0,1.0,True,1.0,1.0
2002-11-25,319.5,2002-11-26,318.0,9040,318.0,2002-11-26,318.0,9041.0,1.0,True,1.0,1.0
2002-11-26,318.0,2002-11-27,318.2,9041,318.2,2002-11-27,318.2,9042.0,1.0,True,1.0,1.0
2002-11-27,318.2,2002-11-28,317.3,9042,317.3,2002-11-28,317.3,9043.0,1.0,True,1.0,1.0
2002-11-28,317.3,2002-11-29,318.25,9043,318.25,2002-11-29,318.25,9044.0,1.0,True,1.0,1.0
2002-11-29,318.25,2002-12-02,317.3,9044,317.3,2002-12-02,317.3,9045.0,1.0,True,1.0,1.0
2002-12-02,317.3,2002-12-03,317.7,9045,317.7,2002-12-03,317.7,9046.0,1.0,True,1.0,1.0
2002-12-03,317.7,2002-12-04,320.7,9046,320.7,2002-12-04,320.7,9047.0,1.0,True,1.0,1.0
2002-12-04,320.7,2002-12-05,322.1,9047,322.1,2002-12-05,322.1,9048.0,1.0,True,1.0,1.0
2002-12-05,322.1,2002-12-06,325.3,9048,325.3,2002-12-06,325.3,9049.0,1.0,True,1.0,1.0
2002-12-06,325.3,2002-12-09,325.3,9049,325.3,2002-12-09,325.3,9050.0,1.0,True,1.0,1.0
2002-12-09,325.3,2002-12-10,325.95,9050,325.95,2002-12-10,325.95,9051.0,1.0,True,1.0,1.0
2002-12-10,325.95,2002-12-11,323.75,9051,323.75,2002-12-11,323.75,9052.0,1.0,True,1.0,1.0
2002-12-11,323.75,2002-12-12,326.15,9052,326.15,2002-12-12,326.15,9053.0,1.0,True,1.0,1.0
2002-12-12,326.15,2002-12-13,333.5,9053,333.5,2002-12-13,333.5,9054.0,1.0,True,1.0,1.0
2002-12-13,333.5,2002-12-16,332.9,9054,332.9,2002-12-16,332.9,9055.0,1.0,True,1.0,1.0
2002-12-16,332.9,2002-12-17,341.0,9055,341.0,2002-12-17,341.0,9056.0,1.0,True,1.0,1.0
2002-12-17,341.0,2002-12-18,337.05,9056,337.05,2002-12-18,337.05,9057.0,1.0,True,1.0,1.0
2002-12-18,337.05,2002-12-19,345.75,9057,345.75,2002-12-19,345.75,9058.0,1.0,True,1.0,1.0
2002-12-19,345.75,2002-12-20,343.1,9058,343.1,2002-12-20,343.1,9059.0,1.0,True,1.0,1.0
2002-12-20,343.1,2002-12-23,343.9,9059,343.9,2002-12-23,343.9,9060.0,1.0,True,1.0,1.0
2002-12-23,343.9,2002-12-24,345.0,9060,345.0,2003-01-09,354.6,9073.0,13.0,True,0.0,0.0
2003-01-09,354.6,2003-01-10,353.15,9073,353.15,2003-01-10,353.15,9074.0,1.0,True,1.0,1.0
2003-01-10,353.15,2003-01-13,352.35,9074,352.35,2003-01-13,352.35,9075.0,1.0,True,1.0,1.0
2003-01-13,352.35,2003-01-14,353.75,9075,353.75,2003-01-14,353.75,9076.0,1.0,True,1.0,1.0
2003-01-14,353.75,2003-01-15,351.9,9076,351.9,2003-01-15,351.9,9077.0,1.0,True,1.0,1.0
2003-01-15,351.9,2003-01-16,350.85,9077,350.85,2003-01-16,350.85,9078.0,1.0,True,1.0,1.0
2003-01-16,350.85,2003-01-17,358.2,9078,358.2,2003-01-17,358.2,9079.0,1.0,True,1.0,1.0
2003-01-17,358.2,2003-01-20,355.8,9079,355.8,2003-01-20,355.8,9080.0,1.0,True,1.0,1.0
2003-01-20,355.8,2003-01-21,355.55,9080,355.55,2003-01-21,355.55,9081.0,1.0,True,1.0,1.0
2003-01-21,355.55,2003-01-22,359.25,9081,359.25,2003-01-24,364.1,9084.0,3.0,True,0.0,0.0
2003-01-24,364.1,2003-01-27,370.8,9084,370.8,2003-01-27,370.8,9085.0,1.0,True,1.0,1.0
2003-01-27,370.8,2003-01-28,366.45,9085,366.45,2003-01-28,366.45,9086.0,1.0,True,1.0,1.0
2003-01-28,366.45,2003-01-29,369.85,9086,369.85,2003-01-30,363.0,9088.0,2.0,True,0.0,0.0
2003-01-30,363.0,2003-01-31,370.35,9088,370.35,2003-01-31,370.35,9089.0,1.0,True,1.0,1.0
2003-01-31,370.35,2003-02-03,369.0,9089,369.0,2003-02-03,369.0,9090.0,1.0,True,1.0,1.0
2003-02-03,369.0,2003-02-04,374.85,9090,374.85,2003-02-04,374.85,9091.0,1.0,True,1.0,1.0
2003-02-04,374.85,2003-02-05,385.0,9091,385.0,2003-02-05,385.0,9092.0,1.0,True,1.0,1.0
2003-02-05,385.0,2003-02-06,372.5,9092,372.5,2003-02-06,372.5,9093.0,1.0,True,1.0,1.0
2003-02-06,372.5,2003-02-07,370.55,9093,370.55,2003-02-07,370.55,9094.0,1.0,True,1.0,1.0
2003-02-07,370.55,2003-02-10,371.75,9094,371.75,2003-02-10,371.75,9095.0,1.0,True,1.0,1.0
2003-02-10,371.75,2003-02-11,362.15,9095,362.15,2003-02-11,362.15,9096.0,1.0,True,1.0,1.0
2003-02-11,362.15,2003-02-12,363.15,9096,363.15,2003-02-12,363.15,9097.0,1.0,True,1.0,1.0
2003-02-12,363.15,2003-02-13,354.25,9097,354.25,2003-02-13,354.25,9098.0,1.0,True,1.0,1.0
2003-02-13,354.25,2003-02-14,356.25,9098,356.25,2003-02-14,356.25,9099.0,1.0,True,1.0,1.0
2003-02-14,356.25,2003-02-17,346.55,9099,346.55,2003-02-17,346.55,9100.0,1.0,True,1.0,1.0
2003-02-17,346.55,2003-02-18,347.0,9100,347.0,2003-02-18,347.0,9101.0,1.0,True,1.0,1.0
2003-02-18,347.0,2003-02-19,347.2,9101,347.2,2003-02-19,347.2,9102.0,1.0,True,1.0,1.0
2003-02-19,347.2,2003-02-20,351.1,9102,351.1,2003-02-20,351.1,9103.0,1.0,True,1.0,1.0
2003-02-20,351.1,2003-02-21,354.0,9103,354.0,2003-02-21,354.0,9104.0,1.0,True,1.0,1.0
2003-02-21,354.0,2003-02-24,352.9,9104,352.9,2003-02-24,352.9,9105.0,1.0,True,1.0,1.0
2003-02-24,352.9,2003-02-25,359.1,9105,359.1,2003-02-25,359.1,9106.0,1.0,True,1.0,1.0
2003-02-25,359.1,2003-02-26,352.55,9106,352.55,2003-02-26,352.55,9107.0,1.0,True,1.0,1.0
2003-02-26,352.55,2003-02-27,354.0,9107,354.0,2003-02-27,354.0,9108.0,1.0,True,1.0,1.0
2003-02-27,354.0,2003-02-28,347.65,9108,347.65,2003-02-28,347.65,9109.0,1.0,True,1.0,1.0
2003-02-28,347.65,2003-03-03,348.45,9109,348.45,2003-03-03,348.45,9110.0,1.0,True,1.0,1.0
2003-03-03,348.45,2003-03-04,352.4,9110,352.4,2003-03-04,352.4,9111.0,1.0,True,1.0,1.0
2003-03-04,352.4,2003-03-05,354.5,9111,354.5,2003-03-05,354.5,9112.0,1.0,True,1.0,1.0
2003-03-05,354.5,2003-03-06,353.25,9112,353.25,2003-03-06,353.25,9113.0,1.0,True,1.0,1.0
2003-03-06,353.25,2003-03-07,356.6,9113,356.6,2003-03-07,356.6,9114.0,1.0,True,1.0,1.0
2003-03-07,356.6,2003-03-10,353.1,9114,353.1,2003-03-10,353.1,9115.0,1.0,True,1.0,1.0
2003-03-10,353.1,2003-03-11,353.15,9115,353.15,2003-03-11,353.15,9116.0,1.0,True,1.0,1.0
2003-03-11,353.15,2003-03-12,349.0,9116,349.0,2003-03-12,349.0,9117.0,1.0,True,1.0,1.0
2003-03-12,349.0,2003-03-13,342.9,9117,342.9,2003-03-13,342.9,9118.0,1.0,True,1.0,1.0
2003-03-13,342.9,2003-03-14,335.5,9118,335.5,2003-03-14,335.5,9119.0,1.0,True,1.0,1.0
2003-03-14,335.5,2003-03-17,340.5,9119,340.5,2003-03-17,340.5,9120.0,1.0,True,1.0,1.0
2003-03-17,340.5,2003-03-18,334.9,9120,334.9,2003-03-18,334.9,9121.0,1.0,True,1.0,1.0
2003-03-18,334.9,2003-03-19,339.0,9121,339.0,2003-03-19,339.0,9122.0,1.0,True,1.0,1.0
2003-03-19,339.0,2003-03-20,335.5,9122,335.5,2003-03-20,335.5,9123.0,1.0,True,1.0,1.0
2003-03-20,335.5,2003-03-21,332.55,9123,332.55,2003-03-21,332.55,9124.0,1.0,True,1.0,1.0
2003-03-21,332.55,2003-03-24,330.15,9124,330.15,2003-03-24,330.15,9125.0,1.0,True,1.0,1.0
2003-03-24,330.15,2003-03-25,333.0,9125,333.0,2003-03-25,333.0,9126.0,1.0,True,1.0,1.0
2003-03-25,333.0,2003-03-26,329.6,9126,329.6,2003-03-26,329.6,9127.0,1.0,True,1.0,1.0
2003-03-26,329.6,2003-03-27,333.15,9127,333.15,2003-03-27,333.15,9128.0,1.0,True,1.0,1.0
2003-03-27,333.15,2003-03-28,330.3,9128,330.3,2003-03-28,330.3,9129.0,1.0,True,1.0,1.0
2003-03-28,330.3,2003-03-31,335.35,9129,335.35,2003-03-31,335.35,9130.0,1.0,True,1.0,1.0
2003-03-31,335.35,2003-04-01,335.65,9130,335.65,2003-04-01,335.65,9131.0,1.0,True,1.0,1.0
2003-04-01,335.65,2003-04-02,330.25,9131,330.25,2003-04-02,330.25,9132.0,1.0,True,1.0,1.0
2003-04-02,330.25,2003-04-03,324.7,9132,324.7,2003-04-03,324.7,9133.0,1.0,True,1.0,1.0
2003-04-03,324.7,2003-04-04,323.2,9133,323.2,2003-04-04,323.2,9134.0,1.0,True,1.0,1.0
2003-04-04,323.2,2003-04-07,319.75,9134,319.75,2003-04-07,319.75,9135.0,1.0,True,1.0,1.0
2003-04-07,319.75,2003-04-08,322.3,9135,322.3,2003-04-08,322.3,9136.0,1.0,True,1.0,1.0
2003-04-08,322.3,2003-04-09,324.1,9136,324.1,2003-04-09,324.1,9137.0,1.0,True,1.0,1.0
2003-04-09,324.1,2003-04-10,325.1,9137,325.1,2003-04-10,325.1,9138.0,1.0,True,1.0,1.0
2003-04-10,325.1,2003-04-11,325.05,9138,325.05,2003-04-11,325.05,9139.0,1.0,True,1.0,1.0
2003-04-11,325.05,2003-04-14,325.6,9139,325.6,2003-04-14,325.6,9140.0,1.0,True,1.0,1.0
2003-04-14,325.6,2003-04-15,323.7,9140,323.7,2003-04-15,323.7,9141.0,1.0,True,1.0,1.0
2003-04-15,323.7,2003-04-16,323.85,9141,323.85,2003-04-16,323.85,9142.0,1.0,True,1.0,1.0
2003-04-16,323.85,2003-04-17,326.1,9142,326.1,2003-04-29,332.6,9151.0,9.0,True,0.0,0.0
2003-04-29,332.6,2003-04-30,336.0,9151,336.0,2003-04-30,336.0,9152.0,1.0,True,1.0,1.0
2003-04-30,336.0,2003-05-01,338.95,9152,338.95,2003-05-01,338.95,9153.0,1.0,True,1.0,1.0
2003-05-01,338.95,2003-05-02,341.25,9153,341.25,2003-05-13,350.75,9161.0,8.0,True,0.0,0.0
2003-05-13,350.75,2003-05-14,348.9,9161,348.9,2003-05-14,348.9,9162.0,1.0,True,1.0,1.0
2003-05-14,348.9,2003-05-15,353.85,9162,353.85,2003-05-15,353.85,9163.0,1.0,True,1.0,1.0
2003-05-15,353.85,2003-05-16,352.55,9163,352.55,2003-05-20,368.0,9166.0,3.0,True,0.0,0.0
2003-05-20,368.0,2003-05-21,364.9,9166,364.9,2003-05-21,364.9,9167.0,1.0,True,1.0,1.0
2003-05-21,364.9,2003-05-22,369.6,9167,369.6,2003-05-22,369.6,9168.0,1.0,True,1.0,1.0
2003-05-22,369.6,2003-05-23,369.7,9168,369.7,2003-06-03,365.3,9176.0,8.0,True,0.0,0.0
2003-06-03,365.3,2003-06-04,365.3,9176,365.3,2003-06-04,365.3,9177.0,1.0,True,1.0,1.0
2003-06-04,365.3,2003-06-05,362.6,9177,362.6,2003-06-05,362.6,9178.0,1.0,True,1.0,1.0
2003-06-05,362.6,2003-06-06,367.35,9178,367.35,2003-06-06,367.35,9179.0,1.0,True,1.0,1.0
2003-06-06,367.35,2003-06-09,362.8,9179,362.8,2003-06-09,362.8,9180.0,1.0,True,1.0,1.0
2003-06-09,362.8,2003-06-10,359.4,9180,359.4,2003-06-10,359.4,9181.0,1.0,True,1.0,1.0
2003-06-10,359.4,2003-06-11,354.15,9181,354.15,2003-06-11,354.15,9182.0,1.0,True,1.0,1.0
2003-06-11,354.15,2003-06-12,354.2,9182,354.2,2003-06-12,354.2,9183.0,1.0,True,1.0,1.0
2003-06-12,354.2,2003-06-13,353.95,9183,353.95,2003-06-13,353.95,9184.0,1.0,True,1.0,1.0
2003-06-13,353.95,2003-06-16,359.0,9184,359.0,2003-06-16,359.0,9185.0,1.0,True,1.0,1.0
2003-06-16,359.0,2003-06-17,359.75,9185,359.75,2003-06-17,359.75,9186.0,1.0,True,1.0,1.0
2003-06-17,359.75,2003-06-18,361.25,9186,361.25,2003-06-18,361.25,9187.0,1.0,True,1.0,1.0
2003-06-18,361.25,2003-06-19,356.45,9187,356.45,2003-06-19,356.45,9188.0,1.0,True,1.0,1.0
2003-06-19,356.45,2003-06-20,359.6,9188,359.6,2003-06-20,359.6,9189.0,1.0,True,1.0,1.0
2003-06-20,359.6,2003-06-23,356.05,9189,356.05,2003-06-24,354.35,9191.0,2.0,True,0.0,0.0
2003-06-24,354.35,2003-06-25,347.85,9191,347.85,2003-06-25,347.85,9192.0,1.0,True,1.0,1.0
2003-06-25,347.85,2003-06-26,345.85,9192,345.85,2003-06-26,345.85,9193.0,1.0,True,1.0,1.0
2003-06-26,345.85,2003-06-27,343.5,9193,343.5,2003-06-27,343.5,9194.0,1.0,True,1.0,1.0
2003-06-27,343.5,2003-06-30,345.15,9194,345.15,2003-06-30,345.15,9195.0,1.0,True,1.0,1.0
2003-06-30,345.15,2003-07-01,348.55,9195,348.55,2003-07-01,348.55,9196.0,1.0,True,1.0,1.0
2003-07-01,348.55,2003-07-02,351.2,9196,351.2,2003-07-02,351.2,9197.0,1.0,True,1.0,1.0
2003-07-02,351.2,2003-07-03,349.6,9197,349.6,2003-07-03,349.6,9198.0,1.0,True,1.0,1.0
2003-07-03,349.6,2003-07-04,351.1,9198,351.1,2003-07-04,351.1,9199.0,1.0,True,1.0,1.0
2003-07-04,351.1,2003-07-07,350.25,9199,350.25,2003-07-07,350.25,9200.0,1.0,True,1.0,1.0
2003-07-07,350.25,2003-07-08,345.3,9200,345.3,2003-07-08,345.3,9201.0,1.0,True,1.0,1.0
2003-07-08,345.3,2003-07-09,345.45,9201,345.45,2003-07-09,345.45,9202.0,1.0,True,1.0,1.0
2003-07-09,345.45,2003-07-10,343.4,9202,343.4,2003-07-10,343.4,9203.0,1.0,True,1.0,1.0
2003-07-10,343.4,2003-07-11,344.2,9203,344.2,2003-07-11,344.2,9204.0,1.0,True,1.0,1.0
2003-07-11,344.2,2003-07-14,344.5,9204,344.5,2003-07-14,344.5,9205.0,1.0,True,1.0,1.0
2003-07-14,344.5,2003-07-15,348.5,9205,348.5,2003-07-15,348.5,9206.0,1.0,True,1.0,1.0
2003-07-15,348.5,2003-07-16,343.0,9206,343.0,2003-07-16,343.0,9207.0,1.0,True,1.0,1.0
2003-07-16,343.0,2003-07-17,344.6,9207,344.6,2003-07-17,344.6,9208.0,1.0,True,1.0,1.0
2003-07-17,344.6,2003-07-18,344.0,9208,344.0,2003-07-18,344.0,9209.0,1.0,True,1.0,1.0
2003-07-18,344.0,2003-07-21,347.8,9209,347.8,2003-07-21,347.8,9210.0,1.0,True,1.0,1.0
2003-07-21,347.8,2003-07-22,352.25,9210,352.25,2003-07-22,352.25,9211.0,1.0,True,1.0,1.0
2003-07-22,352.25,2003-07-23,352.2,9211,352.2,2003-07-23,352.2,9212.0,1.0,True,1.0,1.0
2003-07-23,352.2,2003-07-24,359.8,9212,359.8,2003-07-24,359.8,9213.0,1.0,True,1.0,1.0
2003-07-24,359.8,2003-07-25,361.1,9213,361.1,2003-07-25,361.1,9214.0,1.0,True,1.0,1.0
2003-07-25,361.1,2003-07-28,361.95,9214,361.95,2003-07-28,361.95,9215.0,1.0,True,1.0,1.0
2003-07-28,361.95,2003-07-29,364.0,9215,364.0,2003-07-29,364.0,9216.0,1.0,True,1.0,1.0
2003-07-29,364.0,2003-07-30,359.1,9216,359.1,2003-07-30,359.1,9217.0,1.0,True,1.0,1.0
2003-07-30,359.1,2003-07-31,355.75,9217,355.75,2003-07-31,355.75,9218.0,1.0,True,1.0,1.0
2003-07-31,355.75,2003-08-01,353.05,9218,353.05,2003-08-01,353.05,9219.0,1.0,True,1.0,1.0
2003-08-01,353.05,2003-08-04,348.95,9219,348.95,2003-08-04,348.95,9220.0,1.0,True,1.0,1.0
2003-08-04,348.95,2003-08-05,349.5,9220,349.5,2003-08-05,349.5,9221.0,1.0,True,1.0,1.0
2003-08-05,349.5,2003-08-06,352.65,9221,352.65,2003-08-06,352.65,9222.0,1.0,True,1.0,1.0
2003-08-06,352.65,2003-08-07,350.15,9222,350.15,2003-08-07,350.15,9223.0,1.0,True,1.0,1.0
2003-08-07,350.15,2003-08-08,353.5,9223,353.5,2003-08-08,353.5,9224.0,1.0,True,1.0,1.0
2003-08-08,353.5,2003-08-11,357.0,9224,357.0,2003-08-11,357.0,9225.0,1.0,True,1.0,1.0
2003-08-11,357.0,2003-08-12,360.0,9225,360.0,2003-08-12,360.0,9226.0,1.0,True,1.0,1.0
2003-08-12,360.0,2003-08-13,356.0,9226,356.0,2003-08-13,356.0,9227.0,1.0,True,1.0,1.0
2003-08-13,356.0,2003-08-14,362.25,9227,362.25,2003-08-14,362.25,9228.0,1.0,True,1.0,1.0
2003-08-14,362.25,2003-08-15,363.3,9228,363.3,2003-08-15,363.3,9229.0,1.0,True,1.0,1.0
2003-08-15,363.3,2003-08-18,361.3,9229,361.3,2003-08-18,361.3,9230.0,1.0,True,1.0,1.0
2003-08-18,361.3,2003-08-19,358.3,9230,358.3,2003-08-19,358.3,9231.0,1.0,True,1.0,1.0
2003-08-19,358.3,2003-08-20,362.2,9231,362.2,2003-08-20,362.2,9232.0,1.0,True,1.0,1.0
2003-08-20,362.2,2003-08-21,364.0,9232,364.0,2003-08-21,364.0,9233.0,1.0,True,1.0,1.0
2003-08-21,364.0,2003-08-22,360.75,9233,360.75,2003-09-02,375.5,9241.0,8.0,True,0.0,0.0
2003-09-02,375.5,2003-09-03,372.2,9241,372.2,2003-09-03,372.2,9242.0,1.0,True,1.0,1.0
2003-09-03,372.2,2003-09-04,373.0,9242,373.0,2003-09-04,373.0,9243.0,1.0,True,1.0,1.0
2003-09-04,373.0,2003-09-05,371.0,9243,371.0,2003-09-05,371.0,9244.0,1.0,True,1.0,1.0
2003-09-05,371.0,2003-09-08,376.4,9244,376.4,2003-09-08,376.4,9245.0,1.0,True,1.0,1.0
2003-09-08,376.4,2003-09-09,378.2,9245,378.2,2003-09-09,378.2,9246.0,1.0,True,1.0,1.0
2003-09-09,378.2,2003-09-10,381.15,9246,381.15,2003-09-10,381.15,9247.0,1.0,True,1.0,1.0
2003-09-10,381.15,2003-09-11,379.05,9247,379.05,2003-09-11,379.05,9248.0,1.0,True,1.0,1.0
2003-09-11,379.05,2003-09-12,377.5,9248,377.5,2003-09-12,377.5,9249.0,1.0,True,1.0,1.0
2003-09-12,377.5,2003-09-15,375.3,9249,375.3,2003-09-15,375.3,9250.0,1.0,True,1.0,1.0
2003-09-15,375.3,2003-09-16,374.9,9250,374.9,2003-09-16,374.9,9251.0,1.0,True,1.0,1.0
2003-09-16,374.9,2003-09-17,372.9,9251,372.9,2003-09-17,372.9,9252.0,1.0,True,1.0,1.0
2003-09-17,372.9,2003-09-18,376.95,9252,376.95,2003-09-18,376.95,9253.0,1.0,True,1.0,1.0
2003-09-18,376.95,2003-09-19,376.3,9253,376.3,2003-09-19,376.3,9254.0,1.0,True,1.0,1.0
2003-09-19,376.3,2003-09-22,386.2,9254,386.2,2003-09-23,386.45,9256.0,2.0,True,0.0,0.0
2003-09-23,386.45,2003-09-24,385.25,9256,385.25,2003-09-24,385.25,9257.0,1.0,True,1.0,1.0
2003-09-24,385.25,2003-09-25,391.85,9257,391.85,2003-09-25,391.85,9258.0,1.0,True,1.0,1.0
2003-09-25,391.85,2003-09-26,384.1,9258,384.1,2003-09-26,384.1,9259.0,1.0,True,1.0,1.0
2003-09-26,384.1,2003-09-29,379.85,9259,379.85,2003-09-29,379.85,9260.0,1.0,True,1.0,1.0
2003-09-29,379.85,2003-09-30,384.5,9260,384.5,2003-09-30,384.5,9261.0,1.0,True,1.0,1.0
2003-09-30,384.5,2003-10-01,385.0,9261,385.0,2003-10-01,385.0,9262.0,1.0,True,1.0,1.0
2003-10-01,385.0,2003-10-02,385.15,9262,385.15,2003-10-02,385.15,9263.0,1.0,True,1.0,1.0
2003-10-02,385.15,2003-10-03,383.95,9263,383.95,2003-10-03,383.95,9264.0,1.0,True,1.0,1.0
2003-10-03,383.95,2003-10-06,372.75,9264,372.75,2003-10-06,372.75,9265.0,1.0,True,1.0,1.0
2003-10-06,372.75,2003-10-07,376.2,9265,376.2,2003-10-07,376.2,9266.0,1.0,True,1.0,1.0
2003-10-07,376.2,2003-10-08,376.6,9266,376.6,2003-10-08,376.6,9267.0,1.0,True,1.0,1.0
2003-10-08,376.6,2003-10-09,376.45,9267,376.45,2003-10-09,376.45,9268.0,1.0,True,1.0,1.0
2003-10-09,376.45,2003-10-10,370.35,9268,370.35,2003-10-10,370.35,9269.0,1.0,True,1.0,1.0
2003-10-10,370.35,2003-10-13,370.8,9269,370.8,2003-10-13,370.8,9270.0,1.0,True,1.0,1.0
2003-10-13,370.8,2003-10-14,373.65,9270,373.65,2003-10-14,373.65,9271.0,1.0,True,1.0,1.0
2003-10-14,373.65,2003-10-15,374.5,9271,374.5,2003-10-15,374.5,9272.0,1.0,True,1.0,1.0
2003-10-15,374.5,2003-10-16,371.2,9272,371.2,2003-10-16,371.2,9273.0,1.0,True,1.0,1.0
2003-10-16,371.2,2003-10-17,371.8,9273,371.8,2003-10-17,371.8,9274.0,1.0,True,1.0,1.0
2003-10-17,371.8,2003-10-20,371.45,9274,371.45,2003-10-20,371.45,9275.0,1.0,True,1.0,1.0
2003-10-20,371.45,2003-10-21,374.8,9275,374.8,2003-10-21,374.8,9276.0,1.0,True,1.0,1.0
2003-10-21,374.8,2003-10-22,381.55,9276,381.55,2003-10-22,381.55,9277.0,1.0,True,1.0,1.0
2003-10-22,381.55,2003-10-23,386.75,9277,386.75,2003-10-23,386.75,9278.0,1.0,True,1.0,1.0
2003-10-23,386.75,2003-10-24,384.6,9278,384.6,2003-10-24,384.6,9279.0,1.0,True,1.0,1.0
2003-10-24,384.6,2003-10-27,386.75,9279,386.75,2003-10-27,386.75,9280.0,1.0,True,1.0,1.0
2003-10-27,386.75,2003-10-28,386.55,9280,386.55,2003-10-28,386.55,9281.0,1.0,True,1.0,1.0
2003-10-28,386.55,2003-10-29,382.7,9281,382.7,2003-10-29,382.7,9282.0,1.0,True,1.0,1.0
2003-10-29,382.7,2003-10-30,391.0,9282,391.0,2003-10-30,391.0,9283.0,1.0,True,1.0,1.0
2003-10-30,391.0,2003-10-31,384.6,9283,384.6,2003-10-31,384.6,9284.0,1.0,True,1.0,1.0
2003-10-31,384.6,2003-11-03,383.25,9284,383.25,2003-11-03,383.25,9285.0,1.0,True,1.0,1.0
2003-11-03,383.25,2003-11-04,378.3,9285,378.3,2003-11-04,378.3,9286.0,1.0,True,1.0,1.0
2003-11-04,378.3,2003-11-05,382.15,9286,382.15,2003-11-05,382.15,9287.0,1.0,True,1.0,1.0
2003-11-05,382.15,2003-11-06,381.9,9287,381.9,2003-11-06,381.9,9288.0,1.0,True,1.0,1.0
2003-11-06,381.9,2003-11-07,381.0,9288,381.0,2003-11-07,381.0,9289.0,1.0,True,1.0,1.0
2003-11-07,381.0,2003-11-10,382.85,9289,382.85,2003-11-10,382.85,9290.0,1.0,True,1.0,1.0
2003-11-10,382.85,2003-11-11,386.4,9290,386.4,2003-11-11,386.4,9291.0,1.0,True,1.0,1.0
2003-11-11,386.4,2003-11-12,388.05,9291,388.05,2003-11-12,388.05,9292.0,1.0,True,1.0,1.0
2003-11-12,388.05,2003-11-13,395.5,9292,395.5,2003-11-13,395.5,9293.0,1.0,True,1.0,1.0
2003-11-13,395.5,2003-11-14,395.35,9293,395.35,2003-11-14,395.35,9294.0,1.0,True,1.0,1.0
2003-11-14,395.35,2003-11-17,398.0,9294,398.0,2003-11-17,398.0,9295.0,1.0,True,1.0,1.0
2003-11-17,398.0,2003-11-18,392.4,9295,392.4,2003-11-18,392.4,9296.0,1.0,True,1.0,1.0
2003-11-18,392.4,2003-11-19,397.15,9296,397.15,2003-11-19,397.15,9297.0,1.0,True,1.0,1.0
2003-11-19,397.15,2003-11-20,395.75,9297,395.75,2003-11-20,395.75,9298.0,1.0,True,1.0,1.0
2003-11-20,395.75,2003-11-21,393.85,9298,393.85,2003-11-21,393.85,9299.0,1.0,True,1.0,1.0
2003-11-21,393.85,2003-11-24,394.25,9299,394.25,2003-11-24,394.25,9300.0,1.0,True,1.0,1.0
2003-11-24,394.25,2003-11-25,391.5,9300,391.5,2003-11-25,391.5,9301.0,1.0,True,1.0,1.0
2003-11-25,391.5,2003-11-26,392.0,9301,392.0,2003-11-26,392.0,9302.0,1.0,True,1.0,1.0
2003-11-26,392.0,2003-11-27,396.25,9302,396.25,2003-11-27,396.25,9303.0,1.0,True,1.0,1.0
2003-11-27,396.25,2003-11-28,398.1,9303,398.1,2003-11-28,398.1,9304.0,1.0,True,1.0,1.0
2003-11-28,398.1,2003-12-01,398.75,9304,398.75,2003-12-01,398.75,9305.0,1.0,True,1.0,1.0
2003-12-01,398.75,2003-12-02,401.05,9305,401.05,2003-12-02,401.05,9306.0,1.0,True,1.0,1.0
2003-12-02,401.05,2003-12-03,403.3,9306,403.3,2003-12-03,403.3,9307.0,1.0,True,1.0,1.0
2003-12-03,403.3,2003-12-04,402.4,9307,402.4,2003-12-04,402.4,9308.0,1.0,True,1.0,1.0
2003-12-04,402.4,2003-12-05,402.0,9308,402.0,2003-12-05,402.0,9309.0,1.0,True,1.0,1.0
2003-12-05,402.0,2003-12-08,408.75,9309,408.75,2003-12-08,408.75,9310.0,1.0,True,1.0,1.0
2003-12-08,408.75,2003-12-09,408.25,9310,408.25,2003-12-09,408.25,9311.0,1.0,True,1.0,1.0
2003-12-09,408.25,2003-12-10,407.3,9311,407.3,2003-12-10,407.3,9312.0,1.0,True,1.0,1.0
2003-12-10,407.3,2003-12-11,404.0,9312,404.0,2003-12-11,404.0,9313.0,1.0,True,1.0,1.0
2003-12-11,404.0,2003-12-12,406.6,9313,406.6,2003-12-12,406.6,9314.0,1.0,True,1.0,1.0
2003-12-12,406.6,2003-12-15,404.5,9314,404.5,2003-12-15,404.5,9315.0,1.0,True,1.0,1.0
2003-12-15,404.5,2003-12-16,409.7,9315,409.7,2003-12-16,409.7,9316.0,1.0,True,1.0,1.0
2003-12-16,409.7,2003-12-17,407.5,9316,407.5,2003-12-17,407.5,9317.0,1.0,True,1.0,1.0
2003-12-17,407.5,2003-12-18,410.75,9317,410.75,2003-12-18,410.75,9318.0,1.0,True,1.0,1.0
2003-12-18,410.75,2003-12-19,408.75,9318,408.75,2003-12-19,408.75,9319.0,1.0,True,1.0,1.0
2003-12-19,408.75,2003-12-22,410.8,9319,410.8,2003-12-22,410.8,9320.0,1.0,True,1.0,1.0
2003-12-22,410.8,2003-12-23,409.6,9320,409.6,2003-12-23,409.6,9321.0,1.0,True,1.0,1.0
2003-12-23,409.6,2003-12-24,410.8,9321,410.8,2004-01-09,422.8,9334.0,13.0,True,0.0,0.0
2004-01-09,422.8,2004-01-12,428.2,9334,428.2,2004-01-12,428.2,9335.0,1.0,True,1.0,1.0
2004-01-12,428.2,2004-01-13,424.5,9335,424.5,2004-01-13,424.5,9336.0,1.0,True,1.0,1.0
2004-01-13,424.5,2004-01-14,421.0,9336,421.0,2004-01-14,421.0,9337.0,1.0,True,1.0,1.0
2004-01-14,421.0,2004-01-15,415.5,9337,415.5,2004-01-15,415.5,9338.0,1.0,True,1.0,1.0
2004-01-15,415.5,2004-01-16,410.3,9338,410.3,2004-01-16,410.3,9339.0,1.0,True,1.0,1.0
2004-01-16,410.3,2004-01-19,407.1,9339,407.1,2004-01-19,407.1,9340.0,1.0,True,1.0,1.0
2004-01-19,407.1,2004-01-20,408.3,9340,408.3,2004-01-20,408.3,9341.0,1.0,True,1.0,1.0
2004-01-20,408.3,2004-01-21,411.25,9341,411.25,2004-01-21,411.25,9342.0,1.0,True,1.0,1.0
2004-01-21,411.25,2004-01-22,412.0,9342,412.0,2004-01-26,406.2,9345.0,3.0,True,0.0,0.0
2004-01-26,406.2,2004-01-27,404.0,9345,404.0,2004-01-27,404.0,9346.0,1.0,True,1.0,1.0
2004-01-27,404.0,2004-01-28,410.7,9346,410.7,2004-01-28,410.7,9347.0,1.0,True,1.0,1.0
2004-01-28,410.7,2004-01-29,410.15,9347,410.15,2004-01-30,401.3,9349.0,2.0,True,0.0,0.0
2004-01-30,401.3,2004-02-02,401.85,9349,401.85,2004-02-02,401.85,9350.0,1.0,True,1.0,1.0
2004-02-02,401.85,2004-02-03,401.75,9350,401.75,2004-02-03,401.75,9351.0,1.0,True,1.0,1.0
2004-02-03,401.75,2004-02-04,399.6,9351,399.6,2004-02-04,399.6,9352.0,1.0,True,1.0,1.0
2004-02-04,399.6,2004-02-05,399.3,9352,399.3,2004-02-05,399.3,9353.0,1.0,True,1.0,1.0
2004-02-05,399.3,2004-02-06,396.4,9353,396.4,2004-02-06,396.4,9354.0,1.0,True,1.0,1.0
2004-02-06,396.4,2004-02-09,406.7,9354,406.7,2004-02-09,406.7,9355.0,1.0,True,1.0,1.0
2004-02-09,406.7,2004-02-10,408.35,9355,408.35,2004-02-10,408.35,9356.0,1.0,True,1.0,1.0
2004-02-10,408.35,2004-02-11,406.4,9356,406.4,2004-02-11,406.4,9357.0,1.0,True,1.0,1.0
2004-02-11,406.4,2004-02-12,411.4,9357,411.4,2004-02-12,411.4,9358.0,1.0,True,1.0,1.0
2004-02-12,411.4,2004-02-13,412.1,9358,412.1,2004-02-13,412.1,9359.0,1.0,True,1.0,1.0
2004-02-13,412.1,2004-02-16,410.7,9359,410.7,2004-02-16,410.7,9360.0,1.0,True,1.0,1.0
2004-02-16,410.7,2004-02-17,413.7,9360,413.7,2004-02-17,413.7,9361.0,1.0,True,1.0,1.0
2004-02-17,413.7,2004-02-18,415.9,9361,415.9,2004-02-18,415.9,9362.0,1.0,True,1.0,1.0
2004-02-18,415.9,2004-02-19,410.2,9362,410.2,2004-02-19,410.2,9363.0,1.0,True,1.0,1.0
2004-02-19,410.2,2004-02-20,408.25,9363,408.25,2004-02-20,408.25,9364.0,1.0,True,1.0,1.0
2004-02-20,408.25,2004-02-23,399.85,9364,399.85,2004-02-23,399.85,9365.0,1.0,True,1.0,1.0
2004-02-23,399.85,2004-02-24,401.45,9365,401.45,2004-02-24,401.45,9366.0,1.0,True,1.0,1.0
2004-02-24,401.45,2004-02-25,403.4,9366,403.4,2004-02-25,403.4,9367.0,1.0,True,1.0,1.0
2004-02-25,403.4,2004-02-26,395.05,9367,395.05,2004-02-26,395.05,9368.0,1.0,True,1.0,1.0
2004-02-26,395.05,2004-02-27,392.25,9368,392.25,2004-02-27,392.25,9369.0,1.0,True,1.0,1.0
2004-02-27,392.25,2004-03-01,398.5,9369,398.5,2004-03-01,398.5,9370.0,1.0,True,1.0,1.0
2004-03-01,398.5,2004-03-02,398.6,9370,398.6,2004-03-02,398.6,9371.0,1.0,True,1.0,1.0
2004-03-02,398.6,2004-03-03,390.35,9371,390.35,2004-03-03,390.35,9372.0,1.0,True,1.0,1.0
2004-03-03,390.35,2004-03-04,394.15,9372,394.15,2004-03-04,394.15,9373.0,1.0,True,1.0,1.0
2004-03-04,394.15,2004-03-05,393.5,9373,393.5,2004-03-05,393.5,9374.0,1.0,True,1.0,1.0
2004-03-05,393.5,2004-03-08,399.4,9374,399.4,2004-03-08,399.4,9375.0,1.0,True,1.0,1.0
2004-03-08,399.4,2004-03-09,401.2,9375,401.2,2004-03-09,401.2,9376.0,1.0,True,1.0,1.0
2004-03-09,401.2,2004-03-10,400.8,9376,400.8,2004-03-10,400.8,9377.0,1.0,True,1.0,1.0
2004-03-10,400.8,2004-03-11,397.4,9377,397.4,2004-03-11,397.4,9378.0,1.0,True,1.0,1.0
2004-03-11,397.4,2004-03-12,400.75,9378,400.75,2004-03-12,400.75,9379.0,1.0,True,1.0,1.0
2004-03-12,400.75,2004-03-15,399.0,9379,399.0,2004-03-15,399.0,9380.0,1.0,True,1.0,1.0
2004-03-15,399.0,2004-03-16,399.6,9380,399.6,2004-03-16,399.6,9381.0,1.0,True,1.0,1.0
2004-03-16,399.6,2004-03-17,402.0,9381,402.0,2004-03-17,402.0,9382.0,1.0,True,1.0,1.0
2004-03-17,402.0,2004-03-18,407.15,9382,407.15,2004-03-18,407.15,9383.0,1.0,True,1.0,1.0
2004-03-18,407.15,2004-03-19,411.0,9383,411.0,2004-03-19,411.0,9384.0,1.0,True,1.0,1.0
2004-03-19,411.0,2004-03-22,414.1,9384,414.1,2004-03-22,414.1,9385.0,1.0,True,1.0,1.0
2004-03-22,414.1,2004-03-23,415.2,9385,415.2,2004-03-23,415.2,9386.0,1.0,True,1.0,1.0
2004-03-23,415.2,2004-03-24,417.6,9386,417.6,2004-03-24,417.6,9387.0,1.0,True,1.0,1.0
2004-03-24,417.6,2004-03-25,416.6,9387,416.6,2004-03-25,416.6,9388.0,1.0,True,1.0,1.0
2004-03-25,416.6,2004-03-26,417.5,9388,417.5,2004-03-26,417.5,9389.0,1.0,True,1.0,1.0
2004-03-26,417.5,2004-03-29,420.9,9389,420.9,2004-03-29,420.9,9390.0,1.0,True,1.0,1.0
2004-03-29,420.9,2004-03-30,419.15,9390,419.15,2004-03-30,419.15,9391.0,1.0,True,1.0,1.0
2004-03-30,419.15,2004-03-31,423.0,9391,423.0,2004-03-31,423.0,9392.0,1.0,True,1.0,1.0
2004-03-31,423.0,2004-04-01,425.3,9392,425.3,2004-04-01,425.3,9393.0,1.0,True,1.0,1.0
2004-04-01,425.3,2004-04-02,426.1,9393,426.1,2004-04-02,426.1,9394.0,1.0,True,1.0,1.0
2004-04-02,426.1,2004-04-05,420.55,9394,420.55,2004-04-05,420.55,9395.0,1.0,True,1.0,1.0
2004-04-05,420.55,2004-04-06,416.95,9395,416.95,2004-04-06,416.95,9396.0,1.0,True,1.0,1.0
2004-04-06,416.95,2004-04-07,419.25,9396,419.25,2004-04-07,419.25,9397.0,1.0,True,1.0,1.0
2004-04-07,419.25,2004-04-08,422.0,9397,422.0,2004-04-20,398.8,9406.0,9.0,True,0.0,0.0
2004-04-20,398.8,2004-04-21,393.75,9406,393.75,2004-04-21,393.75,9407.0,1.0,True,1.0,1.0
2004-04-21,393.75,2004-04-22,391.35,9407,391.35,2004-04-22,391.35,9408.0,1.0,True,1.0,1.0
2004-04-22,391.35,2004-04-23,396.25,9408,396.25,2004-04-23,396.25,9409.0,1.0,True,1.0,1.0
2004-04-23,396.25,2004-04-26,396.5,9409,396.5,2004-04-26,396.5,9410.0,1.0,True,1.0,1.0
2004-04-26,396.5,2004-04-27,397.15,9410,397.15,2004-04-27,397.15,9411.0,1.0,True,1.0,1.0
2004-04-27,397.15,2004-04-28,396.75,9411,396.75,2004-04-28,396.75,9412.0,1.0,True,1.0,1.0
2004-04-28,396.75,2004-04-29,382.75,9412,382.75,2004-04-29,382.75,9413.0,1.0,True,1.0,1.0
2004-04-29,382.75,2004-04-30,387.3,9413,387.3,2004-05-11,378.0,9421.0,8.0,True,0.0,0.0
2004-05-11,378.0,2004-05-12,381.15,9421,381.15,2004-05-12,381.15,9422.0,1.0,True,1.0,1.0
2004-05-12,381.15,2004-05-13,375.5,9422,375.5,2004-05-13,375.5,9423.0,1.0,True,1.0,1.0
2004-05-13,375.5,2004-05-14,373.5,9423,373.5,2004-05-14,373.5,9424.0,1.0,True,1.0,1.0
2004-05-14,373.5,2004-05-17,380.8,9424,380.8,2004-05-17,380.8,9425.0,1.0,True,1.0,1.0
2004-05-17,380.8,2004-05-18,379.0,9425,379.0,2004-05-18,379.0,9426.0,1.0,True,1.0,1.0
2004-05-18,379.0,2004-05-19,380.2,9426,380.2,2004-05-19,380.2,9427.0,1.0,True,1.0,1.0
2004-05-19,380.2,2004-05-20,380.45,9427,380.45,2004-05-20,380.45,9428.0,1.0,True,1.0,1.0
2004-05-20,380.45,2004-05-21,382.25,9428,382.25,2004-05-21,382.25,9429.0,1.0,True,1.0,1.0
2004-05-21,382.25,2004-05-24,383.85,9429,383.85,2004-05-24,383.85,9430.0,1.0,True,1.0,1.0
2004-05-24,383.85,2004-05-25,387.6,9430,387.6,2004-05-25,387.6,9431.0,1.0,True,1.0,1.0
2004-05-25,387.6,2004-05-26,390.5,9431,390.5,2004-05-26,390.5,9432.0,1.0,True,1.0,1.0
2004-05-26,390.5,2004-05-27,391.45,9432,391.45,2004-05-27,391.45,9433.0,1.0,True,1.0,1.0
2004-05-27,391.45,2004-05-28,393.85,9433,393.85,2004-06-08,394.95,9441.0,8.0,True,0.0,0.0
2004-06-08,394.95,2004-06-09,389.3,9441,389.3,2004-06-09,389.3,9442.0,1.0,True,1.0,1.0
2004-06-09,389.3,2004-06-10,384.25,9442,384.25,2004-06-10,384.25,9443.0,1.0,True,1.0,1.0
2004-06-10,384.25,2004-06-11,384.55,9443,384.55,2004-06-11,384.55,9444.0,1.0,True,1.0,1.0
2004-06-11,384.55,2004-06-14,382.9,9444,382.9,2004-06-14,382.9,9445.0,1.0,True,1.0,1.0
2004-06-14,382.9,2004-06-15,382.3,9445,382.3,2004-06-15,382.3,9446.0,1.0,True,1.0,1.0
2004-06-15,382.3,2004-06-16,387.75,9446,387.75,2004-06-16,387.75,9447.0,1.0,True,1.0,1.0
2004-06-16,387.75,2004-06-17,386.0,9447,386.0,2004-06-17,386.0,9448.0,1.0,True,1.0,1.0
2004-06-17,386.0,2004-06-18,388.7,9448,388.7,2004-06-18,388.7,9449.0,1.0,True,1.0,1.0
2004-06-18,388.7,2004-06-21,393.85,9449,393.85,2004-06-21,393.85,9450.0,1.0,True,1.0,1.0
2004-06-21,393.85,2004-06-22,394.6,9450,394.6,2004-06-22,394.6,9451.0,1.0,True,1.0,1.0
2004-06-22,394.6,2004-06-23,395.25,9451,395.25,2004-06-23,395.25,9452.0,1.0,True,1.0,1.0
2004-06-23,395.25,2004-06-24,396.75,9452,396.75,2004-06-24,396.75,9453.0,1.0,True,1.0,1.0
2004-06-24,396.75,2004-06-25,401.15,9453,401.15,2004-06-25,401.15,9454.0,1.0,True,1.0,1.0
2004-06-25,401.15,2004-06-28,401.7,9454,401.7,2004-06-29,396.75,9456.0,2.0,True,0.0,0.0
2004-06-29,396.75,2004-06-30,393.75,9456,393.75,2004-06-30,393.75,9457.0,1.0,True,1.0,1.0
2004-06-30,393.75,2004-07-01,394.5,9457,394.5,2004-07-01,394.5,9458.0,1.0,True,1.0,1.0
2004-07-01,394.5,2004-07-02,394.7,9458,394.7,2004-07-02,394.7,9459.0,1.0,True,1.0,1.0
2004-07-02,394.7,2004-07-05,398.4,9459,398.4,2004-07-05,398.4,9460.0,1.0,True,1.0,1.0
2004-07-05,398.4,2004-07-06,398.4,9460,398.4,2004-07-06,398.4,9461.0,1.0,True,1.0,1.0
2004-07-06,398.4,2004-07-07,397.35,9461,397.35,2004-07-07,397.35,9462.0,1.0,True,1.0,1.0
2004-07-07,397.35,2004-07-08,402.2,9462,402.2,2004-07-08,402.2,9463.0,1.0,True,1.0,1.0
2004-07-08,402.2,2004-07-09,406.6,9463,406.6,2004-07-09,406.6,9464.0,1.0,True,1.0,1.0
2004-07-09,406.6,2004-07-12,408.55,9464,408.55,2004-07-12,408.55,9465.0,1.0,True,1.0,1.0
2004-07-12,408.55,2004-07-13,404.25,9465,404.25,2004-07-13,404.25,9466.0,1.0,True,1.0,1.0
2004-07-13,404.25,2004-07-14,403.3,9466,403.3,2004-07-14,403.3,9467.0,1.0,True,1.0,1.0
2004-07-14,403.3,2004-07-15,403.9,9467,403.9,2004-07-15,403.9,9468.0,1.0,True,1.0,1.0
2004-07-15,403.9,2004-07-16,403.7,9468,403.7,2004-07-16,403.7,9469.0,1.0,True,1.0,1.0
2004-07-16,403.7,2004-07-19,406.95,9469,406.95,2004-07-19,406.95,9470.0,1.0,True,1.0,1.0
2004-07-19,406.95,2004-07-20,405.5,9470,405.5,2004-07-20,405.5,9471.0,1.0,True,1.0,1.0
2004-07-20,405.5,2004-07-21,401.1,9471,401.1,2004-07-21,401.1,9472.0,1.0,True,1.0,1.0
2004-07-21,401.1,2004-07-22,395.0,9472,395.0,2004-07-22,395.0,9473.0,1.0,True,1.0,1.0
2004-07-22,395.0,2004-07-23,392.85,9473,392.85,2004-07-23,392.85,9474.0,1.0,True,1.0,1.0
2004-07-23,392.85,2004-07-26,391.65,9474,391.65,2004-07-26,391.65,9475.0,1.0,True,1.0,1.0
2004-07-26,391.65,2004-07-27,392.25,9475,392.25,2004-07-27,392.25,9476.0,1.0,True,1.0,1.0
2004-07-27,392.25,2004-07-28,386.2,9476,386.2,2004-07-28,386.2,9477.0,1.0,True,1.0,1.0
2004-07-28,386.2,2004-07-29,388.75,9477,388.75,2004-07-29,388.75,9478.0,1.0,True,1.0,1.0
2004-07-29,388.75,2004-07-30,389.6,9478,389.6,2004-07-30,389.6,9479.0,1.0,True,1.0,1.0
2004-07-30,389.6,2004-08-02,393.25,9479,393.25,2004-08-02,393.25,9480.0,1.0,True,1.0,1.0
2004-08-02,393.25,2004-08-03,390.6,9480,390.6,2004-08-03,390.6,9481.0,1.0,True,1.0,1.0
2004-08-03,390.6,2004-08-04,392.7,9481,392.7,2004-08-04,392.7,9482.0,1.0,True,1.0,1.0
2004-08-04,392.7,2004-08-05,391.8,9482,391.8,2004-08-05,391.8,9483.0,1.0,True,1.0,1.0
2004-08-05,391.8,2004-08-06,392.25,9483,392.25,2004-08-06,392.25,9484.0,1.0,True,1.0,1.0
2004-08-06,392.25,2004-08-09,398.6,9484,398.6,2004-08-09,398.6,9485.0,1.0,True,1.0,1.0
2004-08-09,398.6,2004-08-10,399.05,9485,399.05,2004-08-10,399.05,9486.0,1.0,True,1.0,1.0
2004-08-10,399.05,2004-08-11,396.25,9486,396.25,2004-08-11,396.25,9487.0,1.0,True,1.0,1.0
2004-08-11,396.25,2004-08-12,396.25,9487,396.25,2004-08-12,396.25,9488.0,1.0,True,1.0,1.0
2004-08-12,396.25,2004-08-13,392.75,9488,392.75,2004-08-13,392.75,9489.0,1.0,True,1.0,1.0
2004-08-13,392.75,2004-08-16,399.3,9489,399.3,2004-08-16,399.3,9490.0,1.0,True,1.0,1.0
2004-08-16,399.3,2004-08-17,401.45,9490,401.45,2004-08-17,401.45,9491.0,1.0,True,1.0,1.0
2004-08-17,401.45,2004-08-18,403.2,9491,403.2,2004-08-18,403.2,9492.0,1.0,True,1.0,1.0
2004-08-18,403.2,2004-08-19,406.3,9492,406.3,2004-08-19,406.3,9493.0,1.0,True,1.0,1.0
2004-08-19,406.3,2004-08-20,405.8,9493,405.8,2004-08-20,405.8,9494.0,1.0,True,1.0,1.0
2004-08-20,405.8,2004-08-23,409.95,9494,409.95,2004-08-23,409.95,9495.0,1.0,True,1.0,1.0
2004-08-23,409.95,2004-08-24,406.9,9495,406.9,2004-08-24,406.9,9496.0,1.0,True,1.0,1.0
2004-08-24,406.9,2004-08-25,405.5,9496,405.5,2004-08-25,405.5,9497.0,1.0,True,1.0,1.0
2004-08-25,405.5,2004-08-26,405.95,9497,405.95,2004-08-26,405.95,9498.0,1.0,True,1.0,1.0
2004-08-26,405.95,2004-08-27,406.85,9498,406.85,2004-09-07,401.8,9506.0,8.0,True,0.0,0.0
2004-09-07,401.8,2004-09-08,398.1,9506,398.1,2004-09-08,398.1,9507.0,1.0,True,1.0,1.0
2004-09-08,398.1,2004-09-09,399.25,9507,399.25,2004-09-09,399.25,9508.0,1.0,True,1.0,1.0
2004-09-09,399.25,2004-09-10,400.65,9508,400.65,2004-09-10,400.65,9509.0,1.0,True,1.0,1.0
2004-09-10,400.65,2004-09-13,400.75,9509,400.75,2004-09-13,400.75,9510.0,1.0,True,1.0,1.0
2004-09-13,400.75,2004-09-14,403.5,9510,403.5,2004-09-14,403.5,9511.0,1.0,True,1.0,1.0
2004-09-14,403.5,2004-09-15,404.8,9511,404.8,2004-09-15,404.8,9512.0,1.0,True,1.0,1.0
2004-09-15,404.8,2004-09-16,404.4,9512,404.4,2004-09-16,404.4,9513.0,1.0,True,1.0,1.0
2004-09-16,404.4,2004-09-17,404.6,9513,404.6,2004-09-17,404.6,9514.0,1.0,True,1.0,1.0
2004-09-17,404.6,2004-09-20,404.15,9514,404.15,2004-09-20,404.15,9515.0,1.0,True,1.0,1.0
2004-09-20,404.15,2004-09-21,405.45,9515,405.45,2004-09-21,405.45,9516.0,1.0,True,1.0,1.0
2004-09-21,405.45,2004-09-22,407.5,9516,407.5,2004-09-22,407.5,9517.0,1.0,True,1.0,1.0
2004-09-22,407.5,2004-09-23,408.05,9517,408.05,2004-09-23,408.05,9518.0,1.0,True,1.0,1.0
2004-09-23,408.05,2004-09-24,409.45,9518,409.45,2004-09-24,409.45,9519.0,1.0,True,1.0,1.0
2004-09-24,409.45,2004-09-27,409.0,9519,409.0,2004-09-28,410.3,9521.0,2.0,True,0.0,0.0
2004-09-28,410.3,2004-09-29,411.55,9521,411.55,2004-09-29,411.55,9522.0,1.0,True,1.0,1.0
2004-09-29,411.55,2004-09-30,412.35,9522,412.35,2004-09-30,412.35,9523.0,1.0,True,1.0,1.0
2004-09-30,412.35,2004-10-01,418.15,9523,418.15,2004-10-01,418.15,9524.0,1.0,True,1.0,1.0
2004-10-01,418.15,2004-10-04,416.85,9524,416.85,2004-10-04,416.85,9525.0,1.0,True,1.0,1.0
2004-10-04,416.85,2004-10-05,414.25,9525,414.25,2004-10-05,414.25,9526.0,1.0,True,1.0,1.0
2004-10-05,414.25,2004-10-06,417.95,9526,417.95,2004-10-06,417.95,9527.0,1.0,True,1.0,1.0
2004-10-06,417.95,2004-10-07,417.9,9527,417.9,2004-10-07,417.9,9528.0,1.0,True,1.0,1.0
2004-10-07,417.9,2004-10-08,418.05,9528,418.05,2004-10-08,418.05,9529.0,1.0,True,1.0,1.0
2004-10-08,418.05,2004-10-11,421.75,9529,421.75,2004-10-11,421.75,9530.0,1.0,True,1.0,1.0
2004-10-11,421.75,2004-10-12,418.2,9530,418.2,2004-10-12,418.2,9531.0,1.0,True,1.0,1.0
2004-10-12,418.2,2004-10-13,412.45,9531,412.45,2004-10-13,412.45,9532.0,1.0,True,1.0,1.0
2004-10-13,412.45,2004-10-14,414.65,9532,414.65,2004-10-14,414.65,9533.0,1.0,True,1.0,1.0
2004-10-14,414.65,2004-10-15,417.8,9533,417.8,2004-10-15,417.8,9534.0,1.0,True,1.0,1.0
2004-10-15,417.8,2004-10-18,418.5,9534,418.5,2004-10-18,418.5,9535.0,1.0,True,1.0,1.0
2004-10-18,418.5,2004-10-19,416.25,9535,416.25,2004-10-19,416.25,9536.0,1.0,True,1.0,1.0
2004-10-19,416.25,2004-10-20,421.7,9536,421.7,2004-10-20,421.7,9537.0,1.0,True,1.0,1.0
2004-10-20,421.7,2004-10-21,425.5,9537,425.5,2004-10-21,425.5,9538.0,1.0,True,1.0,1.0
2004-10-21,425.5,2004-10-22,422.4,9538,422.4,2004-10-22,422.4,9539.0,1.0,True,1.0,1.0
2004-10-22,422.4,2004-10-25,429.0,9539,429.0,2004-10-25,429.0,9540.0,1.0,True,1.0,1.0
2004-10-25,429.0,2004-10-26,427.15,9540,427.15,2004-10-26,427.15,9541.0,1.0,True,1.0,1.0
2004-10-26,427.15,2004-10-27,425.85,9541,425.85,2004-10-27,425.85,9542.0,1.0,True,1.0,1.0
2004-10-27,425.85,2004-10-28,423.85,9542,423.85,2004-10-28,423.85,9543.0,1.0,True,1.0,1.0
2004-10-28,423.85,2004-10-29,426.2,9543,426.2,2004-10-29,426.2,9544.0,1.0,True,1.0,1.0
2004-10-29,426.2,2004-11-01,428.1,9544,428.1,2004-11-01,428.1,9545.0,1.0,True,1.0,1.0
2004-11-01,428.1,2004-11-02,425.1,9545,425.1,2004-11-02,425.1,9546.0,1.0,True,1.0,1.0
2004-11-02,425.1,2004-11-03,422.2,9546,422.2,2004-11-03,422.2,9547.0,1.0,True,1.0,1.0
2004-11-03,422.2,2004-11-04,426.3,9547,426.3,2004-11-04,426.3,9548.0,1.0,True,1.0,1.0
2004-11-04,426.3,2004-11-05,428.75,9548,428.75,2004-11-05,428.75,9549.0,1.0,True,1.0,1.0
2004-11-05,428.75,2004-11-08,432.95,9549,432.95,2004-11-08,432.95,9550.0,1.0,True,1.0,1.0
2004-11-08,432.95,2004-11-09,432.3,9550,432.3,2004-11-09,432.3,9551.0,1.0,True,1.0,1.0
2004-11-09,432.3,2004-11-10,435.1,9551,435.1,2004-11-10,435.1,9552.0,1.0,True,1.0,1.0
2004-11-10,435.1,2004-11-11,433.35,9552,433.35,2004-11-11,433.35,9553.0,1.0,True,1.0,1.0
2004-11-11,433.35,2004-11-12,436.9,9553,436.9,2004-11-12,436.9,9554.0,1.0,True,1.0,1.0
2004-11-12,436.9,2004-11-15,439.5,9554,439.5,2004-11-15,439.5,9555.0,1.0,True,1.0,1.0
2004-11-15,439.5,2004-11-16,437.95,9555,437.95,2004-11-16,437.95,9556.0,1.0,True,1.0,1.0
2004-11-16,437.95,2004-11-17,444.5,9556,444.5,2004-11-17,444.5,9557.0,1.0,True,1.0,1.0
2004-11-17,444.5,2004-11-18,444.3,9557,444.3,2004-11-18,444.3,9558.0,1.0,True,1.0,1.0
2004-11-18,444.3,2004-11-19,443.7,9558,443.7,2004-11-19,443.7,9559.0,1.0,True,1.0,1.0
2004-11-19,443.7,2004-11-22,447.0,9559,447.0,2004-11-22,447.0,9560.0,1.0,True,1.0,1.0
2004-11-22,447.0,2004-11-23,447.0,9560,447.0,2004-11-23,447.0,9561.0,1.0,True,1.0,1.0
2004-11-23,447.0,2004-11-24,448.65,9561,448.65,2004-11-24,448.65,9562.0,1.0,True,1.0,1.0
2004-11-24,448.65,2004-11-25,451.7,9562,451.7,2004-11-25,451.7,9563.0,1.0,True,1.0,1.0
2004-11-25,451.7,2004-11-26,451.55,9563,451.55,2004-11-26,451.55,9564.0,1.0,True,1.0,1.0
2004-11-26,451.55,2004-11-29,450.4,9564,450.4,2004-11-29,450.4,9565.0,1.0,True,1.0,1.0
2004-11-29,450.4,2004-11-30,452.0,9565,452.0,2004-11-30,452.0,9566.0,1.0,True,1.0,1.0
2004-11-30,452.0,2004-12-01,451.1,9566,451.1,2004-12-01,451.1,9567.0,1.0,True,1.0,1.0
2004-12-01,451.1,2004-12-02,454.35,9567,454.35,2004-12-02,454.35,9568.0,1.0,True,1.0,1.0
2004-12-02,454.35,2004-12-03,449.15,9568,449.15,2004-12-03,449.15,9569.0,1.0,True,1.0,1.0
2004-12-03,449.15,2004-12-06,455.75,9569,455.75,2004-12-06,455.75,9570.0,1.0,True,1.0,1.0
2004-12-06,455.75,2004-12-07,453.75,9570,453.75,2004-12-07,453.75,9571.0,1.0,True,1.0,1.0
2004-12-07,453.75,2004-12-08,445.75,9571,445.75,2004-12-08,445.75,9572.0,1.0,True,1.0,1.0
2004-12-08,445.75,2004-12-09,437.35,9572,437.35,2004-12-09,437.35,9573.0,1.0,True,1.0,1.0
2004-12-09,437.35,2004-12-10,433.9,9573,433.9,2004-12-10,433.9,9574.0,1.0,True,1.0,1.0
2004-12-10,433.9,2004-12-13,436.95,9574,436.95,2004-12-13,436.95,9575.0,1.0,True,1.0,1.0
2004-12-13,436.95,2004-12-14,438.6,9575,438.6,2004-12-14,438.6,9576.0,1.0,True,1.0,1.0
2004-12-14,438.6,2004-12-15,437.8,9576,437.8,2004-12-15,437.8,9577.0,1.0,True,1.0,1.0
2004-12-15,437.8,2004-12-16,441.25,9577,441.25,2004-12-16,441.25,9578.0,1.0,True,1.0,1.0
2004-12-16,441.25,2004-12-17,439.2,9578,439.2,2004-12-17,439.2,9579.0,1.0,True,1.0,1.0
2004-12-17,439.2,2004-12-20,441.75,9579,441.75,2004-12-20,441.75,9580.0,1.0,True,1.0,1.0
2004-12-20,441.75,2004-12-21,441.85,9580,441.85,2004-12-21,441.85,9581.0,1.0,True,1.0,1.0
2004-12-21,441.85,2004-12-22,442.7,9581,442.7,2004-12-22,442.7,9582.0,1.0,True,1.0,1.0
2004-12-22,442.7,2004-12-23,442.4,9582,442.4,2004-12-23,442.4,9583.0,1.0,True,1.0,1.0
2004-12-23,442.4,2004-12-24,442.2,9583,442.2,2005-01-11,422.55,9596.0,13.0,True,0.0,0.0
2005-01-11,422.55,2005-01-12,421.7,9596,421.7,2005-01-12,421.7,9597.0,1.0,True,1.0,1.0
2005-01-12,421.7,2005-01-13,424.65,9597,424.65,2005-01-13,424.65,9598.0,1.0,True,1.0,1.0
2005-01-13,424.65,2005-01-14,421.7,9598,421.7,2005-01-14,421.7,9599.0,1.0,True,1.0,1.0
2005-01-14,421.7,2005-01-17,422.85,9599,422.85,2005-01-17,422.85,9600.0,1.0,True,1.0,1.0
2005-01-17,422.85,2005-01-18,422.55,9600,422.55,2005-01-18,422.55,9601.0,1.0,True,1.0,1.0
2005-01-18,422.55,2005-01-19,424.1,9601,424.1,2005-01-19,424.1,9602.0,1.0,True,1.0,1.0
2005-01-19,424.1,2005-01-20,421.7,9602,421.7,2005-01-20,421.7,9603.0,1.0,True,1.0,1.0
2005-01-20,421.7,2005-01-21,423.3,9603,423.3,2005-01-21,423.3,9604.0,1.0,True,1.0,1.0
2005-01-21,423.3,2005-01-24,427.6,9604,427.6,2005-01-26,423.7,9607.0,3.0,True,0.0,0.0
2005-01-26,423.7,2005-01-27,426.3,9607,426.3,2005-01-27,426.3,9608.0,1.0,True,1.0,1.0
2005-01-27,426.3,2005-01-28,426.4,9608,426.4,2005-01-28,426.4,9609.0,1.0,True,1.0,1.0
2005-01-28,426.4,2005-01-31,423.8,9609,423.8,2005-02-01,421.15,9611.0,2.0,True,0.0,0.0
2005-02-01,421.15,2005-02-02,421.9,9611,421.9,2005-02-02,421.9,9612.0,1.0,True,1.0,1.0
2005-02-02,421.9,2005-02-03,419.8,9612,419.8,2005-02-03,419.8,9613.0,1.0,True,1.0,1.0
2005-02-03,419.8,2005-02-04,416.5,9613,416.5,2005-02-04,416.5,9614.0,1.0,True,1.0,1.0
2005-02-04,416.5,2005-02-07,414.5,9614,414.5,2005-02-07,414.5,9615.0,1.0,True,1.0,1.0
2005-02-07,414.5,2005-02-08,411.5,9615,411.5,2005-02-08,411.5,9616.0,1.0,True,1.0,1.0
2005-02-08,411.5,2005-02-09,413.2,9616,413.2,2005-02-09,413.2,9617.0,1.0,True,1.0,1.0
2005-02-09,413.2,2005-02-10,413.5,9617,413.5,2005-02-10,413.5,9618.0,1.0,True,1.0,1.0
2005-02-10,413.5,2005-02-11,417.05,9618,417.05,2005-02-11,417.05,9619.0,1.0,True,1.0,1.0
2005-02-11,417.05,2005-02-14,422.8,9619,422.8,2005-02-14,422.8,9620.0,1.0,True,1.0,1.0
2005-02-14,422.8,2005-02-15,424.6,9620,424.6,2005-02-15,424.6,9621.0,1.0,True,1.0,1.0
2005-02-15,424.6,2005-02-16,424.15,9621,424.15,2005-02-16,424.15,9622.0,1.0,True,1.0,1.0
2005-02-16,424.15,2005-02-17,426.6,9622,426.6,2005-02-17,426.6,9623.0,1.0,True,1.0,1.0
2005-02-17,426.6,2005-02-18,426.55,9623,426.55,2005-02-18,426.55,9624.0,1.0,True,1.0,1.0
2005-02-18,426.55,2005-02-21,427.1,9624,427.1,2005-02-21,427.1,9625.0,1.0,True,1.0,1.0
2005-02-21,427.1,2005-02-22,430.75,9625,430.75,2005-02-22,430.75,9626.0,1.0,True,1.0,1.0
2005-02-22,430.75,2005-02-23,433.25,9626,433.25,2005-02-23,433.25,9627.0,1.0,True,1.0,1.0
2005-02-23,433.25,2005-02-24,434.75,9627,434.75,2005-02-24,434.75,9628.0,1.0,True,1.0,1.0
2005-02-24,434.75,2005-02-25,432.4,9628,432.4,2005-02-25,432.4,9629.0,1.0,True,1.0,1.0
2005-02-25,432.4,2005-02-28,436.55,9629,436.55,2005-02-28,436.55,9630.0,1.0,True,1.0,1.0
2005-02-28,436.55,2005-03-01,434.65,9630,434.65,2005-03-01,434.65,9631.0,1.0,True,1.0,1.0
2005-03-01,434.65,2005-03-02,429.15,9631,429.15,2005-03-02,429.15,9632.0,1.0,True,1.0,1.0
2005-03-02,429.15,2005-03-03,433.25,9632,433.25,2005-03-03,433.25,9633.0,1.0,True,1.0,1.0
2005-03-03,433.25,2005-03-04,429.65,9633,429.65,2005-03-04,429.65,9634.0,1.0,True,1.0,1.0
2005-03-04,429.65,2005-03-07,433.6,9634,433.6,2005-03-07,433.6,9635.0,1.0,True,1.0,1.0
2005-03-07,433.6,2005-03-08,434.85,9635,434.85,2005-03-08,434.85,9636.0,1.0,True,1.0,1.0
2005-03-08,434.85,2005-03-09,439.9,9636,439.9,2005-03-09,439.9,9637.0,1.0,True,1.0,1.0
2005-03-09,439.9,2005-03-10,440.2,9637,440.2,2005-03-10,440.2,9638.0,1.0,True,1.0,1.0
2005-03-10,440.2,2005-03-11,440.95,9638,440.95,2005-03-11,440.95,9639.0,1.0,True,1.0,1.0
2005-03-11,440.95,2005-03-14,442.75,9639,442.75,2005-03-14,442.75,9640.0,1.0,True,1.0,1.0
2005-03-14,442.75,2005-03-15,442.0,9640,442.0,2005-03-15,442.0,9641.0,1.0,True,1.0,1.0
2005-03-15,442.0,2005-03-16,441.2,9641,441.2,2005-03-16,441.2,9642.0,1.0,True,1.0,1.0
2005-03-16,441.2,2005-03-17,442.65,9642,442.65,2005-03-17,442.65,9643.0,1.0,True,1.0,1.0
2005-03-17,442.65,2005-03-18,436.65,9643,436.65,2005-03-18,436.65,9644.0,1.0,True,1.0,1.0
2005-03-18,436.65,2005-03-21,436.25,9644,436.25,2005-03-21,436.25,9645.0,1.0,True,1.0,1.0
2005-03-21,436.25,2005-03-22,430.65,9645,430.65,2005-03-22,430.65,9646.0,1.0,True,1.0,1.0
2005-03-22,430.65,2005-03-23,427.25,9646,427.25,2005-03-23,427.25,9647.0,1.0,True,1.0,1.0
2005-03-23,427.25,2005-03-24,424.9,9647,424.9,2005-04-05,423.7,9656.0,9.0,True,0.0,0.0
2005-04-05,423.7,2005-04-06,426.6,9656,426.6,2005-04-06,426.6,9657.0,1.0,True,1.0,1.0
2005-04-06,426.6,2005-04-07,426.4,9657,426.4,2005-04-07,426.4,9658.0,1.0,True,1.0,1.0
2005-04-07,426.4,2005-04-08,425.4,9658,425.4,2005-04-08,425.4,9659.0,1.0,True,1.0,1.0
2005-04-08,425.4,2005-04-11,428.1,9659,428.1,2005-04-11,428.1,9660.0,1.0,True,1.0,1.0
2005-04-11,428.1,2005-04-12,429.15,9660,429.15,2005-04-12,429.15,9661.0,1.0,True,1.0,1.0
2005-04-12,429.15,2005-04-13,428.85,9661,428.85,2005-04-13,428.85,9662.0,1.0,True,1.0,1.0
2005-04-13,428.85,2005-04-14,427.2,9662,427.2,2005-04-14,427.2,9663.0,1.0,True,1.0,1.0
2005-04-14,427.2,2005-04-15,423.65,9663,423.65,2005-04-15,423.65,9664.0,1.0,True,1.0,1.0
2005-04-15,423.65,2005-04-18,425.65,9664,425.65,2005-04-18,425.65,9665.0,1.0,True,1.0,1.0
2005-04-18,425.65,2005-04-19,426.9,9665,426.9,2005-04-19,426.9,9666.0,1.0,True,1.0,1.0
2005-04-19,426.9,2005-04-20,432.4,9666,432.4,2005-04-20,432.4,9667.0,1.0,True,1.0,1.0
2005-04-20,432.4,2005-04-21,433.4,9667,433.4,2005-04-21,433.4,9668.0,1.0,True,1.0,1.0
2005-04-21,433.4,2005-04-22,433.4,9668,433.4,2005-04-26,434.7,9671.0,3.0,True,0.0,0.0
2005-04-26,434.7,2005-04-27,434.1,9671,434.1,2005-04-27,434.1,9672.0,1.0,True,1.0,1.0
2005-04-27,434.1,2005-04-28,432.75,9672,432.75,2005-04-28,432.75,9673.0,1.0,True,1.0,1.0
2005-04-28,432.75,2005-04-29,433.2,9673,433.2,2005-05-10,426.9,9681.0,8.0,True,0.0,0.0
2005-05-10,426.9,2005-05-11,428.35,9681,428.35,2005-05-11,428.35,9682.0,1.0,True,1.0,1.0
2005-05-11,428.35,2005-05-12,426.25,9682,426.25,2005-05-12,426.25,9683.0,1.0,True,1.0,1.0
2005-05-12,426.25,2005-05-13,421.45,9683,421.45,2005-05-13,421.45,9684.0,1.0,True,1.0,1.0
2005-05-13,421.45,2005-05-16,419.9,9684,419.9,2005-05-16,419.9,9685.0,1.0,True,1.0,1.0
2005-05-16,419.9,2005-05-17,420.35,9685,420.35,2005-05-17,420.35,9686.0,1.0,True,1.0,1.0
2005-05-17,420.35,2005-05-18,419.4,9686,419.4,2005-05-18,419.4,9687.0,1.0,True,1.0,1.0
2005-05-18,419.4,2005-05-19,421.75,9687,421.75,2005-05-19,421.75,9688.0,1.0,True,1.0,1.0
2005-05-19,421.75,2005-05-20,420.7,9688,420.7,2005-05-20,420.7,9689.0,1.0,True,1.0,1.0
2005-05-20,420.7,2005-05-23,417.6,9689,417.6,2005-05-23,417.6,9690.0,1.0,True,1.0,1.0
2005-05-23,417.6,2005-05-24,418.25,9690,418.25,2005-05-24,418.25,9691.0,1.0,True,1.0,1.0
2005-05-24,418.25,2005-05-25,418.5,9691,418.5,2005-05-25,418.5,9692.0,1.0,True,1.0,1.0
2005-05-25,418.5,2005-05-26,418.75,9692,418.75,2005-05-26,418.75,9693.0,1.0,True,1.0,1.0
2005-05-26,418.75,2005-05-27,418.6,9693,418.6,2005-06-07,426.6,9701.0,8.0,True,0.0,0.0
2005-06-07,426.6,2005-06-08,424.9,9701,424.9,2005-06-08,424.9,9702.0,1.0,True,1.0,1.0
2005-06-08,424.9,2005-06-09,423.55,9702,423.55,2005-06-09,423.55,9703.0,1.0,True,1.0,1.0
2005-06-09,423.55,2005-06-10,422.75,9703,422.75,2005-06-10,422.75,9704.0,1.0,True,1.0,1.0
2005-06-10,422.75,2005-06-13,425.6,9704,425.6,2005-06-13,425.6,9705.0,1.0,True,1.0,1.0
2005-06-13,425.6,2005-06-14,426.95,9705,426.95,2005-06-14,426.95,9706.0,1.0,True,1.0,1.0
2005-06-14,426.95,2005-06-15,426.65,9706,426.65,2005-06-15,426.65,9707.0,1.0,True,1.0,1.0
2005-06-15,426.65,2005-06-16,431.3,9707,431.3,2005-06-16,431.3,9708.0,1.0,True,1.0,1.0
2005-06-16,431.3,2005-06-17,436.05,9708,436.05,2005-06-17,436.05,9709.0,1.0,True,1.0,1.0
2005-06-17,436.05,2005-06-20,440.5,9709,440.5,2005-06-20,440.5,9710.0,1.0,True,1.0,1.0
2005-06-20,440.5,2005-06-21,434.35,9710,434.35,2005-06-21,434.35,9711.0,1.0,True,1.0,1.0
2005-06-21,434.35,2005-06-22,437.5,9711,437.5,2005-06-22,437.5,9712.0,1.0,True,1.0,1.0
2005-06-22,437.5,2005-06-23,437.15,9712,437.15,2005-06-23,437.15,9713.0,1.0,True,1.0,1.0
2005-06-23,437.15,2005-06-24,442.95,9713,442.95,2005-06-24,442.95,9714.0,1.0,True,1.0,1.0
2005-06-24,442.95,2005-06-27,439.35,9714,439.35,2005-06-28,437.5,9716.0,2.0,True,0.0,0.0
2005-06-28,437.5,2005-06-29,434.9,9716,434.9,2005-06-29,434.9,9717.0,1.0,True,1.0,1.0
2005-06-29,434.9,2005-06-30,436.8,9717,436.8,2005-06-30,436.8,9718.0,1.0,True,1.0,1.0
2005-06-30,436.8,2005-07-01,434.2,9718,434.2,2005-07-01,434.2,9719.0,1.0,True,1.0,1.0
2005-07-01,434.2,2005-07-04,427.6,9719,427.6,2005-07-04,427.6,9720.0,1.0,True,1.0,1.0
2005-07-04,427.6,2005-07-05,426.0,9720,426.0,2005-07-05,426.0,9721.0,1.0,True,1.0,1.0
2005-07-05,426.0,2005-07-06,423.85,9721,423.85,2005-07-06,423.85,9722.0,1.0,True,1.0,1.0
2005-07-06,423.85,2005-07-07,427.85,9722,427.85,2005-07-07,427.85,9723.0,1.0,True,1.0,1.0
2005-07-07,427.85,2005-07-08,423.75,9723,423.75,2005-07-08,423.75,9724.0,1.0,True,1.0,1.0
2005-07-08,423.75,2005-07-11,425.0,9724,425.0,2005-07-11,425.0,9725.0,1.0,True,1.0,1.0
2005-07-11,425.0,2005-07-12,426.95,9725,426.95,2005-07-12,426.95,9726.0,1.0,True,1.0,1.0
2005-07-12,426.95,2005-07-13,425.55,9726,425.55,2005-07-13,425.55,9727.0,1.0,True,1.0,1.0
2005-07-13,425.55,2005-07-14,422.5,9727,422.5,2005-07-14,422.5,9728.0,1.0,True,1.0,1.0
2005-07-14,422.5,2005-07-15,419.6,9728,419.6,2005-07-15,419.6,9729.0,1.0,True,1.0,1.0
2005-07-15,419.6,2005-07-18,421.6,9729,421.6,2005-07-18,421.6,9730.0,1.0,True,1.0,1.0
2005-07-18,421.6,2005-07-19,420.0,9730,420.0,2005-07-19,420.0,9731.0,1.0,True,1.0,1.0
2005-07-19,420.0,2005-07-20,420.65,9731,420.65,2005-07-20,420.65,9732.0,1.0,True,1.0,1.0
2005-07-20,420.65,2005-07-21,423.65,9732,423.65,2005-07-21,423.65,9733.0,1.0,True,1.0,1.0
2005-07-21,423.65,2005-07-22,426.35,9733,426.35,2005-07-22,426.35,9734.0,1.0,True,1.0,1.0
2005-07-22,426.35,2005-07-25,424.85,9734,424.85,2005-07-25,424.85,9735.0,1.0,True,1.0,1.0
2005-07-25,424.85,2005-07-26,424.5,9735,424.5,2005-07-26,424.5,9736.0,1.0,True,1.0,1.0
2005-07-26,424.5,2005-07-27,422.75,9736,422.75,2005-07-27,422.75,9737.0,1.0,True,1.0,1.0
2005-07-27,422.75,2005-07-28,425.3,9737,425.3,2005-07-28,425.3,9738.0,1.0,True,1.0,1.0
2005-07-28,425.3,2005-07-29,427.15,9738,427.15,2005-07-29,427.15,9739.0,1.0,True,1.0,1.0
2005-07-29,427.15,2005-08-01,431.35,9739,431.35,2005-08-01,431.35,9740.0,1.0,True,1.0,1.0
2005-08-01,431.35,2005-08-02,431.85,9740,431.85,2005-08-02,431.85,9741.0,1.0,True,1.0,1.0
2005-08-02,431.85,2005-08-03,433.6,9741,433.6,2005-08-03,433.6,9742.0,1.0,True,1.0,1.0
2005-08-03,433.6,2005-08-04,435.6,9742,435.6,2005-08-04,435.6,9743.0,1.0,True,1.0,1.0
2005-08-04,435.6,2005-08-05,437.5,9743,437.5,2005-08-05,437.5,9744.0,1.0,True,1.0,1.0
2005-08-05,437.5,2005-08-08,436.85,9744,436.85,2005-08-08,436.85,9745.0,1.0,True,1.0,1.0
2005-08-08,436.85,2005-08-09,434.7,9745,434.7,2005-08-09,434.7,9746.0,1.0,True,1.0,1.0
2005-08-09,434.7,2005-08-10,436.3,9746,436.3,2005-08-10,436.3,9747.0,1.0,True,1.0,1.0
2005-08-10,436.3,2005-08-11,437.8,9747,437.8,2005-08-11,437.8,9748.0,1.0,True,1.0,1.0
2005-08-11,437.8,2005-08-12,447.25,9748,447.25,2005-08-12,447.25,9749.0,1.0,True,1.0,1.0
2005-08-12,447.25,2005-08-15,442.6,9749,442.6,2005-08-15,442.6,9750.0,1.0,True,1.0,1.0
2005-08-15,442.6,2005-08-16,440.85,9750,440.85,2005-08-16,440.85,9751.0,1.0,True,1.0,1.0
2005-08-16,440.85,2005-08-17,444.25,9751,444.25,2005-08-17,444.25,9752.0,1.0,True,1.0,1.0
2005-08-17,444.25,2005-08-18,439.0,9752,439.0,2005-08-18,439.0,9753.0,1.0,True,1.0,1.0
2005-08-18,439.0,2005-08-19,439.25,9753,439.25,2005-08-19,439.25,9754.0,1.0,True,1.0,1.0
2005-08-19,439.25,2005-08-22,437.5,9754,437.5,2005-08-22,437.5,9755.0,1.0,True,1.0,1.0
2005-08-22,437.5,2005-08-23,439.85,9755,439.85,2005-08-23,439.85,9756.0,1.0,True,1.0,1.0
2005-08-23,439.85,2005-08-24,438.25,9756,438.25,2005-08-24,438.25,9757.0,1.0,True,1.0,1.0
2005-08-24,438.25,2005-08-25,439.0,9757,439.0,2005-08-25,439.0,9758.0,1.0,True,1.0,1.0
2005-08-25,439.0,2005-08-26,438.5,9758,438.5,2005-09-06,443.5,9766.0,8.0,True,0.0,0.0
2005-09-06,443.5,2005-09-07,444.5,9766,444.5,2005-09-07,444.5,9767.0,1.0,True,1.0,1.0
2005-09-07,444.5,2005-09-08,444.8,9767,444.8,2005-09-08,444.8,9768.0,1.0,True,1.0,1.0
2005-09-08,444.8,2005-09-09,446.7,9768,446.7,2005-09-09,446.7,9769.0,1.0,True,1.0,1.0
2005-09-09,446.7,2005-09-12,449.15,9769,449.15,2005-09-12,449.15,9770.0,1.0,True,1.0,1.0
2005-09-12,449.15,2005-09-13,448.7,9770,448.7,2005-09-13,448.7,9771.0,1.0,True,1.0,1.0
2005-09-13,448.7,2005-09-14,447.85,9771,447.85,2005-09-14,447.85,9772.0,1.0,True,1.0,1.0
2005-09-14,447.85,2005-09-15,449.1,9772,449.1,2005-09-15,449.1,9773.0,1.0,True,1.0,1.0
2005-09-15,449.1,2005-09-16,458.1,9773,458.1,2005-09-16,458.1,9774.0,1.0,True,1.0,1.0
2005-09-16,458.1,2005-09-19,461.95,9774,461.95,2005-09-19,461.95,9775.0,1.0,True,1.0,1.0
2005-09-19,461.95,2005-09-20,470.0,9775,470.0,2005-09-20,470.0,9776.0,1.0,True,1.0,1.0
2005-09-20,470.0,2005-09-21,467.0,9776,467.0,2005-09-21,467.0,9777.0,1.0,True,1.0,1.0
2005-09-21,467.0,2005-09-22,472.75,9777,472.75,2005-09-22,472.75,9778.0,1.0,True,1.0,1.0
2005-09-22,472.75,2005-09-23,464.5,9778,464.5,2005-09-23,464.5,9779.0,1.0,True,1.0,1.0
2005-09-23,464.5,2005-09-26,461.05,9779,461.05,2005-09-27,465.65,9781.0,2.0,True,0.0,0.0
2005-09-27,465.65,2005-09-28,462.0,9781,462.0,2005-09-28,462.0,9782.0,1.0,True,1.0,1.0
2005-09-28,462.0,2005-09-29,472.5,9782,472.5,2005-09-29,472.5,9783.0,1.0,True,1.0,1.0
2005-09-29,472.5,2005-09-30,473.4,9783,473.4,2005-09-30,473.4,9784.0,1.0,True,1.0,1.0
2005-09-30,473.4,2005-10-03,465.0,9784,465.0,2005-10-03,465.0,9785.0,1.0,True,1.0,1.0
2005-10-03,465.0,2005-10-04,467.5,9785,467.5,2005-10-04,467.5,9786.0,1.0,True,1.0,1.0
2005-10-04,467.5,2005-10-05,465.25,9786,465.25,2005-10-05,465.25,9787.0,1.0,True,1.0,1.0
2005-10-05,465.25,2005-10-06,466.3,9787,466.3,2005-10-06,466.3,9788.0,1.0,True,1.0,1.0
2005-10-06,466.3,2005-10-07,472.0,9788,472.0,2005-10-07,472.0,9789.0,1.0,True,1.0,1.0
2005-10-07,472.0,2005-10-10,477.5,9789,477.5,2005-10-10,477.5,9790.0,1.0,True,1.0,1.0
2005-10-10,477.5,2005-10-11,475.5,9790,475.5,2005-10-11,475.5,9791.0,1.0,True,1.0,1.0
2005-10-11,475.5,2005-10-12,478.5,9791,478.5,2005-10-12,478.5,9792.0,1.0,True,1.0,1.0
2005-10-12,478.5,2005-10-13,471.25,9792,471.25,2005-10-13,471.25,9793.0,1.0,True,1.0,1.0
2005-10-13,471.25,2005-10-14,470.7,9793,470.7,2005-10-14,470.7,9794.0,1.0,True,1.0,1.0
2005-10-14,470.7,2005-10-17,472.35,9794,472.35,2005-10-17,472.35,9795.0,1.0,True,1.0,1.0
2005-10-17,472.35,2005-10-18,473.0,9795,473.0,2005-10-18,473.0,9796.0,1.0,True,1.0,1.0
2005-10-18,473.0,2005-10-19,468.4,9796,468.4,2005-10-19,468.4,9797.0,1.0,True,1.0,1.0
2005-10-19,468.4,2005-10-20,464.0,9797,464.0,2005-10-20,464.0,9798.0,1.0,True,1.0,1.0
2005-10-20,464.0,2005-10-21,463.15,9798,463.15,2005-10-21,463.15,9799.0,1.0,True,1.0,1.0
2005-10-21,463.15,2005-10-24,463.75,9799,463.75,2005-10-24,463.75,9800.0,1.0,True,1.0,1.0
2005-10-24,463.75,2005-10-25,467.0,9800,467.0,2005-10-25,467.0,9801.0,1.0,True,1.0,1.0
2005-10-25,467.0,2005-10-26,471.55,9801,471.55,2005-10-26,471.55,9802.0,1.0,True,1.0,1.0
2005-10-26,471.55,2005-10-27,473.25,9802,473.25,2005-10-27,473.25,9803.0,1.0,True,1.0,1.0
2005-10-27,473.25,2005-10-28,473.65,9803,473.65,2005-10-28,473.65,9804.0,1.0,True,1.0,1.0
2005-10-28,473.65,2005-10-31,472.65,9804,472.65,2005-10-31,472.65,9805.0,1.0,True,1.0,1.0
2005-10-31,472.65,2005-11-01,465.55,9805,465.55,2005-11-01,465.55,9806.0,1.0,True,1.0,1.0
2005-11-01,465.55,2005-11-02,461.65,9806,461.65,2005-11-02,461.65,9807.0,1.0,True,1.0,1.0
2005-11-02,461.65,2005-11-03,464.8,9807,464.8,2005-11-03,464.8,9808.0,1.0,True,1.0,1.0
2005-11-03,464.8,2005-11-04,461.35,9808,461.35,2005-11-04,461.35,9809.0,1.0,True,1.0,1.0
2005-11-04,461.35,2005-11-07,457.6,9809,457.6,2005-11-07,457.6,9810.0,1.0,True,1.0,1.0
2005-11-07,457.6,2005-11-08,457.15,9810,457.15,2005-11-08,457.15,9811.0,1.0,True,1.0,1.0
2005-11-08,457.15,2005-11-09,462.6,9811,462.6,2005-11-09,462.6,9812.0,1.0,True,1.0,1.0
2005-11-09,462.6,2005-11-10,467.0,9812,467.0,2005-11-10,467.0,9813.0,1.0,True,1.0,1.0
2005-11-10,467.0,2005-11-11,465.9,9813,465.9,2005-11-11,465.9,9814.0,1.0,True,1.0,1.0
2005-11-11,465.9,2005-11-14,469.75,9814,469.75,2005-11-14,469.75,9815.0,1.0,True,1.0,1.0
2005-11-14,469.75,2005-11-15,467.55,9815,467.55,2005-11-15,467.55,9816.0,1.0,True,1.0,1.0
2005-11-15,467.55,2005-11-16,470.65,9816,470.65,2005-11-16,470.65,9817.0,1.0,True,1.0,1.0
2005-11-16,470.65,2005-11-17,480.75,9817,480.75,2005-11-17,480.75,9818.0,1.0,True,1.0,1.0
2005-11-17,480.75,2005-11-18,487.9,9818,487.9,2005-11-18,487.9,9819.0,1.0,True,1.0,1.0
2005-11-18,487.9,2005-11-21,488.0,9819,488.0,2005-11-21,488.0,9820.0,1.0,True,1.0,1.0
2005-11-21,488.0,2005-11-22,493.0,9820,493.0,2005-11-22,493.0,9821.0,1.0,True,1.0,1.0
2005-11-22,493.0,2005-11-23,488.85,9821,488.85,2005-11-23,488.85,9822.0,1.0,True,1.0,1.0
2005-11-23,488.85,2005-11-24,492.75,9822,492.75,2005-11-24,492.75,9823.0,1.0,True,1.0,1.0
2005-11-24,492.75,2005-11-25,495.7,9823,495.7,2005-11-25,495.7,9824.0,1.0,True,1.0,1.0
2005-11-25,495.7,2005-11-28,497.3,9824,497.3,2005-11-28,497.3,9825.0,1.0,True,1.0,1.0
2005-11-28,497.3,2005-11-29,497.1,9825,497.1,2005-11-29,497.1,9826.0,1.0,True,1.0,1.0
2005-11-29,497.1,2005-11-30,493.8,9826,493.8,2005-11-30,493.8,9827.0,1.0,True,1.0,1.0
2005-11-30,493.8,2005-12-01,494.4,9827,494.4,2005-12-01,494.4,9828.0,1.0,True,1.0,1.0
2005-12-01,494.4,2005-12-02,504.75,9828,504.75,2005-12-02,504.75,9829.0,1.0,True,1.0,1.0
2005-12-02,504.75,2005-12-05,505.0,9829,505.0,2005-12-05,505.0,9830.0,1.0,True,1.0,1.0
2005-12-05,505.0,2005-12-06,508.25,9830,508.25,2005-12-06,508.25,9831.0,1.0,True,1.0,1.0
2005-12-06,508.25,2005-12-07,512.3,9831,512.3,2005-12-07,512.3,9832.0,1.0,True,1.0,1.0
2005-12-07,512.3,2005-12-08,514.85,9832,514.85,2005-12-08,514.85,9833.0,1.0,True,1.0,1.0
2005-12-08,514.85,2005-12-09,524.75,9833,524.75,2005-12-09,524.75,9834.0,1.0,True,1.0,1.0
2005-12-09,524.75,2005-12-12,537.5,9834,537.5,2005-12-12,537.5,9835.0,1.0,True,1.0,1.0
2005-12-12,537.5,2005-12-13,522.8,9835,522.8,2005-12-13,522.8,9836.0,1.0,True,1.0,1.0
2005-12-13,522.8,2005-12-14,513.75,9836,513.75,2005-12-14,513.75,9837.0,1.0,True,1.0,1.0
2005-12-14,513.75,2005-12-15,502.4,9837,502.4,2005-12-15,502.4,9838.0,1.0,True,1.0,1.0
2005-12-15,502.4,2005-12-16,502.5,9838,502.5,2005-12-16,502.5,9839.0,1.0,True,1.0,1.0
2005-12-16,502.5,2005-12-19,507.45,9839,507.45,2005-12-19,507.45,9840.0,1.0,True,1.0,1.0
2005-12-19,507.45,2005-12-20,505.75,9840,505.75,2005-12-20,505.75,9841.0,1.0,True,1.0,1.0
2005-12-20,505.75,2005-12-21,494.5,9841,494.5,2005-12-21,494.5,9842.0,1.0,True,1.0,1.0
2005-12-21,494.5,2005-12-22,494.75,9842,494.75,2005-12-22,494.75,9843.0,1.0,True,1.0,1.0
2005-12-22,494.75,2005-12-23,503.6,9843,503.6,2006-01-10,545.25,9856.0,13.0,True,0.0,0.0
2006-01-10,545.25,2006-01-11,542.25,9856,542.25,2006-01-11,542.25,9857.0,1.0,True,1.0,1.0
2006-01-11,542.25,2006-01-12,547.5,9857,547.5,2006-01-12,547.5,9858.0,1.0,True,1.0,1.0
2006-01-12,547.5,2006-01-13,547.25,9858,547.25,2006-01-13,547.25,9859.0,1.0,True,1.0,1.0
2006-01-13,547.25,2006-01-16,559.4,9859,559.4,2006-01-16,559.4,9860.0,1.0,True,1.0,1.0
2006-01-16,559.4,2006-01-17,558.05,9860,558.05,2006-01-17,558.05,9861.0,1.0,True,1.0,1.0
2006-01-17,558.05,2006-01-18,544.75,9861,544.75,2006-01-18,544.75,9862.0,1.0,True,1.0,1.0
2006-01-18,544.75,2006-01-19,547.7,9862,547.7,2006-01-19,547.7,9863.0,1.0,True,1.0,1.0
2006-01-19,547.7,2006-01-20,559.25,9863,559.25,2006-01-20,559.25,9864.0,1.0,True,1.0,1.0
2006-01-20,559.25,2006-01-23,558.5,9864,558.5,2006-01-25,562.25,9867.0,3.0,True,0.0,0.0
2006-01-25,562.25,2006-01-26,562.25,9867,562.25,2006-01-26,562.25,9868.0,1.0,True,1.0,1.0
2006-01-26,562.25,2006-01-27,559.75,9868,559.75,2006-01-27,559.75,9869.0,1.0,True,1.0,1.0
2006-01-27,559.75,2006-01-30,560.3,9869,560.3,2006-01-31,569.8,9871.0,2.0,True,0.0,0.0
2006-01-31,569.8,2006-02-01,567.2,9871,567.2,2006-02-01,567.2,9872.0,1.0,True,1.0,1.0
2006-02-01,567.2,2006-02-02,571.85,9872,571.85,2006-02-02,571.85,9873.0,1.0,True,1.0,1.0
2006-02-02,571.85,2006-02-03,571.85,9873,571.85,2006-02-03,571.85,9874.0,1.0,True,1.0,1.0
2006-02-03,571.85,2006-02-06,570.0,9874,570.0,2006-02-06,570.0,9875.0,1.0,True,1.0,1.0
2006-02-06,570.0,2006-02-07,568.25,9875,568.25,2006-02-07,568.25,9876.0,1.0,True,1.0,1.0
2006-02-07,568.25,2006-02-08,548.65,9876,548.65,2006-02-08,548.65,9877.0,1.0,True,1.0,1.0
2006-02-08,548.65,2006-02-09,559.0,9877,559.0,2006-02-09,559.0,9878.0,1.0,True,1.0,1.0
2006-02-09,559.0,2006-02-10,558.75,9878,558.75,2006-02-10,558.75,9879.0,1.0,True,1.0,1.0
2006-02-10,558.75,2006-02-13,546.6,9879,546.6,2006-02-13,546.6,9880.0,1.0,True,1.0,1.0
2006-02-13,546.6,2006-02-14,540.5,9880,540.5,2006-02-14,540.5,9881.0,1.0,True,1.0,1.0
2006-02-14,540.5,2006-02-15,544.3,9881,544.3,2006-02-15,544.3,9882.0,1.0,True,1.0,1.0
2006-02-15,544.3,2006-02-16,540.65,9882,540.65,2006-02-16,540.65,9883.0,1.0,True,1.0,1.0
2006-02-16,540.65,2006-02-17,545.75,9883,545.75,2006-02-17,545.75,9884.0,1.0,True,1.0,1.0
2006-02-17,545.75,2006-02-20,556.0,9884,556.0,2006-02-20,556.0,9885.0,1.0,True,1.0,1.0
2006-02-20,556.0,2006-02-21,553.4,9885,553.4,2006-02-21,553.4,9886.0,1.0,True,1.0,1.0
2006-02-21,553.4,2006-02-22,551.75,9886,551.75,2006-02-22,551.75,9887.0,1.0,True,1.0,1.0
2006-02-22,551.75,2006-02-23,552.5,9887,552.5,2006-02-23,552.5,9888.0,1.0,True,1.0,1.0
2006-02-23,552.5,2006-02-24,550.75,9888,550.75,2006-02-24,550.75,9889.0,1.0,True,1.0,1.0
2006-02-24,550.75,2006-02-27,556.1,9889,556.1,2006-02-27,556.1,9890.0,1.0,True,1.0,1.0
2006-02-27,556.1,2006-02-28,556.5,9890,556.5,2006-02-28,556.5,9891.0,1.0,True,1.0,1.0
2006-02-28,556.5,2006-03-01,562.6,9891,562.6,2006-03-01,562.6,9892.0,1.0,True,1.0,1.0
2006-03-01,562.6,2006-03-02,563.75,9892,563.75,2006-03-02,563.75,9893.0,1.0,True,1.0,1.0
2006-03-02,563.75,2006-03-03,568.6,9893,568.6,2006-03-03,568.6,9894.0,1.0,True,1.0,1.0
2006-03-03,568.6,2006-03-06,568.0,9894,568.0,2006-03-06,568.0,9895.0,1.0,True,1.0,1.0
2006-03-06,568.0,2006-03-07,555.25,9895,555.25,2006-03-07,555.25,9896.0,1.0,True,1.0,1.0
2006-03-07,555.25,2006-03-08,548.6,9896,548.6,2006-03-08,548.6,9897.0,1.0,True,1.0,1.0
2006-03-08,548.6,2006-03-09,547.25,9897,547.25,2006-03-09,547.25,9898.0,1.0,True,1.0,1.0
2006-03-09,547.25,2006-03-10,545.4,9898,545.4,2006-03-10,545.4,9899.0,1.0,True,1.0,1.0
2006-03-10,545.4,2006-03-13,545.25,9899,545.25,2006-03-13,545.25,9900.0,1.0,True,1.0,1.0
2006-03-13,545.25,2006-03-14,545.25,9900,545.25,2006-03-14,545.25,9901.0,1.0,True,1.0,1.0
2006-03-14,545.25,2006-03-15,551.25,9901,551.25,2006-03-15,551.25,9902.0,1.0,True,1.0,1.0
2006-03-15,551.25,2006-03-16,553.25,9902,553.25,2006-03-16,553.25,9903.0,1.0,True,1.0,1.0
2006-03-16,553.25,2006-03-17,555.5,9903,555.5,2006-03-17,555.5,9904.0,1.0,True,1.0,1.0
2006-03-17,555.5,2006-03-20,554.25,9904,554.25,2006-03-20,554.25,9905.0,1.0,True,1.0,1.0
2006-03-20,554.25,2006-03-21,553.0,9905,553.0,2006-03-21,553.0,9906.0,1.0,True,1.0,1.0
2006-03-21,553.0,2006-03-22,548.5,9906,548.5,2006-03-22,548.5,9907.0,1.0,True,1.0,1.0
2006-03-22,548.5,2006-03-23,548.0,9907,548.0,2006-03-23,548.0,9908.0,1.0,True,1.0,1.0
2006-03-23,548.0,2006-03-24,549.75,9908,549.75,2006-03-24,549.75,9909.0,1.0,True,1.0,1.0
2006-03-24,549.75,2006-03-27,564.0,9909,564.0,2006-03-27,564.0,9910.0,1.0,True,1.0,1.0
2006-03-27,564.0,2006-03-28,563.75,9910,563.75,2006-03-28,563.75,9911.0,1.0,True,1.0,1.0
2006-03-28,563.75,2006-03-29,562.25,9911,562.25,2006-03-29,562.25,9912.0,1.0,True,1.0,1.0
2006-03-29,562.25,2006-03-30,578.5,9912,578.5,2006-03-30,578.5,9913.0,1.0,True,1.0,1.0
2006-03-30,578.5,2006-03-31,584.0,9913,584.0,2006-03-31,584.0,9914.0,1.0,True,1.0,1.0
2006-03-31,584.0,2006-04-03,585.5,9914,585.5,2006-04-03,585.5,9915.0,1.0,True,1.0,1.0
2006-04-03,585.5,2006-04-04,585.0,9915,585.0,2006-04-04,585.0,9916.0,1.0,True,1.0,1.0
2006-04-04,585.0,2006-04-05,583.85,9916,583.85,2006-04-05,583.85,9917.0,1.0,True,1.0,1.0
2006-04-05,583.85,2006-04-06,595.5,9917,595.5,2006-04-06,595.5,9918.0,1.0,True,1.0,1.0
2006-04-06,595.5,2006-04-07,597.0,9918,597.0,2006-04-07,597.0,9919.0,1.0,True,1.0,1.0
2006-04-07,597.0,2006-04-10,597.5,9919,597.5,2006-04-10,597.5,9920.0,1.0,True,1.0,1.0
2006-04-10,597.5,2006-04-11,599.5,9920,599.5,2006-04-11,599.5,9921.0,1.0,True,1.0,1.0
2006-04-11,599.5,2006-04-12,596.75,9921,596.75,2006-04-12,596.75,9922.0,1.0,True,1.0,1.0
2006-04-12,596.75,2006-04-13,597.0,9922,597.0,2006-04-25,627.75,9931.0,9.0,True,0.0,0.0
2006-04-25,627.75,2006-04-26,630.75,9931,630.75,2006-04-26,630.75,9932.0,1.0,True,1.0,1.0
2006-04-26,630.75,2006-04-27,636.5,9932,636.5,2006-04-27,636.5,9933.0,1.0,True,1.0,1.0
2006-04-27,636.5,2006-04-28,638.25,9933,638.25,2006-05-09,679.75,9941.0,8.0,True,0.0,0.0
2006-05-09,679.75,2006-05-10,704.3,9941,704.3,2006-05-10,704.3,9942.0,1.0,True,1.0,1.0
2006-05-10,704.3,2006-05-11,707.0,9942,707.0,2006-05-11,707.0,9943.0,1.0,True,1.0,1.0
2006-05-11,707.0,2006-05-12,725.75,9943,725.75,2006-05-16,681.0,9946.0,3.0,True,0.0,0.0
2006-05-16,681.0,2006-05-17,713.0,9946,713.0,2006-05-17,713.0,9947.0,1.0,True,1.0,1.0
2006-05-17,713.0,2006-05-18,688.0,9947,688.0,2006-05-18,688.0,9948.0,1.0,True,1.0,1.0
2006-05-18,688.0,2006-05-19,682.0,9948,682.0,2006-05-19,682.0,9949.0,1.0,True,1.0,1.0
2006-05-19,682.0,2006-05-22,645.5,9949,645.5,2006-05-22,645.5,9950.0,1.0,True,1.0,1.0
2006-05-22,645.5,2006-05-23,661.7,9950,661.7,2006-05-23,661.7,9951.0,1.0,True,1.0,1.0
2006-05-23,661.7,2006-05-24,667.5,9951,667.5,2006-05-24,667.5,9952.0,1.0,True,1.0,1.0
2006-05-24,667.5,2006-05-25,643.75,9952,643.75,2006-05-25,643.75,9953.0,1.0,True,1.0,1.0
2006-05-25,643.75,2006-05-26,652.0,9953,652.0,2006-06-06,634.6,9961.0,8.0,True,0.0,0.0
2006-06-06,634.6,2006-06-07,623.5,9961,623.5,2006-06-07,623.5,9962.0,1.0,True,1.0,1.0
2006-06-07,623.5,2006-06-08,619.0,9962,619.0,2006-06-08,619.0,9963.0,1.0,True,1.0,1.0
2006-06-08,619.0,2006-06-09,612.25,9963,612.25,2006-06-09,612.25,9964.0,1.0,True,1.0,1.0
2006-06-09,612.25,2006-06-12,607.75,9964,607.75,2006-06-12,607.75,9965.0,1.0,True,1.0,1.0
2006-06-12,607.75,2006-06-13,590.75,9965,590.75,2006-06-13,590.75,9966.0,1.0,True,1.0,1.0
2006-06-13,590.75,2006-06-14,567.25,9966,567.25,2006-06-14,567.25,9967.0,1.0,True,1.0,1.0
2006-06-14,567.25,2006-06-15,574.25,9967,574.25,2006-06-15,574.25,9968.0,1.0,True,1.0,1.0
2006-06-15,574.25,2006-06-16,581.5,9968,581.5,2006-06-16,581.5,9969.0,1.0,True,1.0,1.0
2006-06-16,581.5,2006-06-19,569.75,9969,569.75,2006-06-19,569.75,9970.0,1.0,True,1.0,1.0
2006-06-19,569.75,2006-06-20,571.0,9970,571.0,2006-06-20,571.0,9971.0,1.0,True,1.0,1.0
2006-06-20,571.0,2006-06-21,576.5,9971,576.5,2006-06-21,576.5,9972.0,1.0,True,1.0,1.0
2006-06-21,576.5,2006-06-22,594.4,9972,594.4,2006-06-22,594.4,9973.0,1.0,True,1.0,1.0
2006-06-22,594.4,2006-06-23,582.6,9973,582.6,2006-06-23,582.6,9974.0,1.0,True,1.0,1.0
2006-06-23,582.6,2006-06-26,586.25,9974,586.25,2006-06-27,587.7,9976.0,2.0,True,0.0,0.0
2006-06-27,587.7,2006-06-28,584.0,9976,584.0,2006-06-28,584.0,9977.0,1.0,True,1.0,1.0
2006-06-28,584.0,2006-06-29,581.75,9977,581.75,2006-06-29,581.75,9978.0,1.0,True,1.0,1.0
2006-06-29,581.75,2006-06-30,600.4,9978,600.4,2006-06-30,600.4,9979.0,1.0,True,1.0,1.0
2006-06-30,600.4,2006-07-03,619.5,9979,619.5,2006-07-03,619.5,9980.0,1.0,True,1.0,1.0
2006-07-03,619.5,2006-07-04,620.9,9980,620.9,2006-07-04,620.9,9981.0,1.0,True,1.0,1.0
2006-07-04,620.9,2006-07-05,625.75,9981,625.75,2006-07-05,625.75,9982.0,1.0,True,1.0,1.0
2006-07-05,625.75,2006-07-06,623.75,9982,623.75,2006-07-06,623.75,9983.0,1.0,True,1.0,1.0
2006-07-06,623.75,2006-07-07,631.0,9983,631.0,2006-07-07,631.0,9984.0,1.0,True,1.0,1.0
2006-07-07,631.0,2006-07-10,624.5,9984,624.5,2006-07-10,624.5,9985.0,1.0,True,1.0,1.0
2006-07-10,624.5,2006-07-11,628.35,9985,628.35,2006-07-11,628.35,9986.0,1.0,True,1.0,1.0
2006-07-11,628.35,2006-07-12,642.0,9986,642.0,2006-07-12,642.0,9987.0,1.0,True,1.0,1.0
2006-07-12,642.0,2006-07-13,648.8,9987,648.8,2006-07-13,648.8,9988.0,1.0,True,1.0,1.0
2006-07-13,648.8,2006-07-14,660.4,9988,660.4,2006-07-14,660.4,9989.0,1.0,True,1.0,1.0
2006-07-14,660.4,2006-07-17,671.5,9989,671.5,2006-07-17,671.5,9990.0,1.0,True,1.0,1.0
2006-07-17,671.5,2006-07-18,647.5,9990,647.5,2006-07-18,647.5,9991.0,1.0,True,1.0,1.0
2006-07-18,647.5,2006-07-19,626.0,9991,626.0,2006-07-19,626.0,9992.0,1.0,True,1.0,1.0
2006-07-19,626.0,2006-07-20,642.9,9992,642.9,2006-07-20,642.9,9993.0,1.0,True,1.0,1.0
2006-07-20,642.9,2006-07-21,626.75,9993,626.75,2006-07-21,626.75,9994.0,1.0,True,1.0,1.0
2006-07-21,626.75,2006-07-24,616.4,9994,616.4,2006-07-24,616.4,9995.0,1.0,True,1.0,1.0
2006-07-24,616.4,2006-07-25,618.75,9995,618.75,2006-07-25,618.75,9996.0,1.0,True,1.0,1.0
2006-07-25,618.75,2006-07-26,617.75,9996,617.75,2006-07-26,617.75,9997.0,1.0,True,1.0,1.0
2006-07-26,617.75,2006-07-27,634.2,9997,634.2,2006-07-27,634.2,9998.0,1.0,True,1.0,1.0
2006-07-27,634.2,2006-07-28,631.25,9998,631.25,2006-07-28,631.25,9999.0,1.0,True,1.0,1.0
2006-07-28,631.25,2006-07-31,637.0,9999,637.0,2006-07-31,637.0,10000.0,1.0,True,1.0,1.0
2006-07-31,637.0,2006-08-01,635.5,10000,635.5,2006-08-01,635.5,10001.0,1.0,True,1.0,1.0
2006-08-01,635.5,2006-08-02,648.25,10001,648.25,2006-08-02,648.25,10002.0,1.0,True,1.0,1.0
2006-08-02,648.25,2006-08-03,646.25,10002,646.25,2006-08-03,646.25,10003.0,1.0,True,1.0,1.0
2006-08-03,646.25,2006-08-04,644.5,10003,644.5,2006-08-04,644.5,10004.0,1.0,True,1.0,1.0
2006-08-04,644.5,2006-08-07,647.25,10004,647.25,2006-08-07,647.25,10005.0,1.0,True,1.0,1.0
2006-08-07,647.25,2006-08-08,645.4,10005,645.4,2006-08-08,645.4,10006.0,1.0,True,1.0,1.0
2006-08-08,645.4,2006-08-09,640.5,10006,640.5,2006-08-09,640.5,10007.0,1.0,True,1.0,1.0
2006-08-09,640.5,2006-08-10,650.5,10007,650.5,2006-08-10,650.5,10008.0,1.0,True,1.0,1.0
2006-08-10,650.5,2006-08-11,641.55,10008,641.55,2006-08-11,641.55,10009.0,1.0,True,1.0,1.0
2006-08-11,641.55,2006-08-14,628.0,10009,628.0,2006-08-14,628.0,10010.0,1.0,True,1.0,1.0
2006-08-14,628.0,2006-08-15,624.75,10010,624.75,2006-08-15,624.75,10011.0,1.0,True,1.0,1.0
2006-08-15,624.75,2006-08-16,626.0,10011,626.0,2006-08-16,626.0,10012.0,1.0,True,1.0,1.0
2006-08-16,626.0,2006-08-17,630.75,10012,630.75,2006-08-17,630.75,10013.0,1.0,True,1.0,1.0
2006-08-17,630.75,2006-08-18,614.75,10013,614.75,2006-08-18,614.75,10014.0,1.0,True,1.0,1.0
2006-08-18,614.75,2006-08-21,621.5,10014,621.5,2006-08-21,621.5,10015.0,1.0,True,1.0,1.0
2006-08-21,621.5,2006-08-22,626.5,10015,626.5,2006-08-22,626.5,10016.0,1.0,True,1.0,1.0
2006-08-22,626.5,2006-08-23,623.5,10016,623.5,2006-08-23,623.5,10017.0,1.0,True,1.0,1.0
2006-08-23,623.5,2006-08-24,623.5,10017,623.5,2006-08-24,623.5,10018.0,1.0,True,1.0,1.0
2006-08-24,623.5,2006-08-25,622.0,10018,622.0,2006-09-05,629.75,10026.0,8.0,True,0.0,0.0
2006-09-05,629.75,2006-09-06,636.7,10026,636.7,2006-09-06,636.7,10027.0,1.0,True,1.0,1.0
2006-09-06,636.7,2006-09-07,634.0,10027,634.0,2006-09-07,634.0,10028.0,1.0,True,1.0,1.0
2006-09-07,634.0,2006-09-08,611.5,10028,611.5,2006-09-08,611.5,10029.0,1.0,True,1.0,1.0
2006-09-08,611.5,2006-09-11,597.1,10029,597.1,2006-09-11,597.1,10030.0,1.0,True,1.0,1.0
2006-09-11,597.1,2006-09-12,596.0,10030,596.0,2006-09-12,596.0,10031.0,1.0,True,1.0,1.0
2006-09-12,596.0,2006-09-13,581.5,10031,581.5,2006-09-13,581.5,10032.0,1.0,True,1.0,1.0
2006-09-13,581.5,2006-09-14,593.4,10032,593.4,2006-09-14,593.4,10033.0,1.0,True,1.0,1.0
2006-09-14,593.4,2006-09-15,578.6,10033,578.6,2006-09-15,578.6,10034.0,1.0,True,1.0,1.0
2006-09-15,578.6,2006-09-18,581.5,10034,581.5,2006-09-18,581.5,10035.0,1.0,True,1.0,1.0
2006-09-18,581.5,2006-09-19,582.5,10035,582.5,2006-09-19,582.5,10036.0,1.0,True,1.0,1.0
2006-09-19,582.5,2006-09-20,576.25,10036,576.25,2006-09-20,576.25,10037.0,1.0,True,1.0,1.0
2006-09-20,576.25,2006-09-21,580.5,10037,580.5,2006-09-21,580.5,10038.0,1.0,True,1.0,1.0
2006-09-21,580.5,2006-09-22,592.0,10038,592.0,2006-09-22,592.0,10039.0,1.0,True,1.0,1.0
2006-09-22,592.0,2006-09-25,589.5,10039,589.5,2006-09-26,591.25,10041.0,2.0,True,0.0,0.0
2006-09-26,591.25,2006-09-27,595.1,10041,595.1,2006-09-27,595.1,10042.0,1.0,True,1.0,1.0
2006-09-27,595.1,2006-09-28,603.5,10042,603.5,2006-09-28,603.5,10043.0,1.0,True,1.0,1.0
2006-09-28,603.5,2006-09-29,601.75,10043,601.75,2006-09-29,601.75,10044.0,1.0,True,1.0,1.0
2006-09-29,601.75,2006-10-02,602.0,10044,602.0,2006-10-02,602.0,10045.0,1.0,True,1.0,1.0
2006-10-02,602.0,2006-10-03,593.0,10045,593.0,2006-10-03,593.0,10046.0,1.0,True,1.0,1.0
2006-10-03,593.0,2006-10-04,578.5,10046,578.5,2006-10-04,578.5,10047.0,1.0,True,1.0,1.0
2006-10-04,578.5,2006-10-05,568.25,10047,568.25,2006-10-05,568.25,10048.0,1.0,True,1.0,1.0
2006-10-05,568.25,2006-10-06,570.6,10048,570.6,2006-10-06,570.6,10049.0,1.0,True,1.0,1.0
2006-10-06,570.6,2006-10-09,578.25,10049,578.25,2006-10-09,578.25,10050.0,1.0,True,1.0,1.0
2006-10-09,578.25,2006-10-10,577.25,10050,577.25,2006-10-10,577.25,10051.0,1.0,True,1.0,1.0
2006-10-10,577.25,2006-10-11,574.0,10051,574.0,2006-10-11,574.0,10052.0,1.0,True,1.0,1.0
2006-10-11,574.0,2006-10-12,575.9,10052,575.9,2006-10-12,575.9,10053.0,1.0,True,1.0,1.0
2006-10-12,575.9,2006-10-13,577.9,10053,577.9,2006-10-13,577.9,10054.0,1.0,True,1.0,1.0
2006-10-13,577.9,2006-10-16,593.0,10054,593.0,2006-10-16,593.0,10055.0,1.0,True,1.0,1.0
2006-10-16,593.0,2006-10-17,594.9,10055,594.9,2006-10-17,594.9,10056.0,1.0,True,1.0,1.0
2006-10-17,594.9,2006-10-18,595.25,10056,595.25,2006-10-18,595.25,10057.0,1.0,True,1.0,1.0
2006-10-18,595.25,2006-10-19,589.75,10057,589.75,2006-10-19,589.75,10058.0,1.0,True,1.0,1.0
2006-10-19,589.75,2006-10-20,598.0,10058,598.0,2006-10-20,598.0,10059.0,1.0,True,1.0,1.0
2006-10-20,598.0,2006-10-23,588.5,10059,588.5,2006-10-23,588.5,10060.0,1.0,True,1.0,1.0
2006-10-23,588.5,2006-10-24,578.4,10060,578.4,2006-10-24,578.4,10061.0,1.0,True,1.0,1.0
2006-10-24,578.4,2006-10-25,581.6,10061,581.6,2006-10-25,581.6,10062.0,1.0,True,1.0,1.0
2006-10-25,581.6,2006-10-26,591.8,10062,591.8,2006-10-26,591.8,10063.0,1.0,True,1.0,1.0
2006-10-26,591.8,2006-10-27,593.75,10063,593.75,2006-10-27,593.75,10064.0,1.0,True,1.0,1.0
2006-10-27,593.75,2006-10-30,604.75,10064,604.75,2006-10-30,604.75,10065.0,1.0,True,1.0,1.0
2006-10-30,604.75,2006-10-31,600.9,10065,600.9,2006-10-31,600.9,10066.0,1.0,True,1.0,1.0
2006-10-31,600.9,2006-11-01,611.25,10066,611.25,2006-11-01,611.25,10067.0,1.0,True,1.0,1.0
2006-11-01,611.25,2006-11-02,615.75,10067,615.75,2006-11-02,615.75,10068.0,1.0,True,1.0,1.0
2006-11-02,615.75,2006-11-03,625.65,10068,625.65,2006-11-03,625.65,10069.0,1.0,True,1.0,1.0
2006-11-03,625.65,2006-11-06,625.75,10069,625.75,2006-11-06,625.75,10070.0,1.0,True,1.0,1.0
2006-11-06,625.75,2006-11-07,625.75,10070,625.75,2006-11-07,625.75,10071.0,1.0,True,1.0,1.0
2006-11-07,625.75,2006-11-08,625.5,10071,625.5,2006-11-08,625.5,10072.0,1.0,True,1.0,1.0
2006-11-08,625.5,2006-11-09,618.0,10072,618.0,2006-11-09,618.0,10073.0,1.0,True,1.0,1.0
2006-11-09,618.0,2006-11-10,632.25,10073,632.25,2006-11-10,632.25,10074.0,1.0,True,1.0,1.0
2006-11-10,632.25,2006-11-13,628.5,10074,628.5,2006-11-13,628.5,10075.0,1.0,True,1.0,1.0
2006-11-13,628.5,2006-11-14,623.4,10075,623.4,2006-11-14,623.4,10076.0,1.0,True,1.0,1.0
2006-11-14,623.4,2006-11-15,620.25,10076,620.25,2006-11-15,620.25,10077.0,1.0,True,1.0,1.0
2006-11-15,620.25,2006-11-16,624.5,10077,624.5,2006-11-16,624.5,10078.0,1.0,True,1.0,1.0
2006-11-16,624.5,2006-11-17,618.25,10078,618.25,2006-11-17,618.25,10079.0,1.0,True,1.0,1.0
2006-11-17,618.25,2006-11-20,624.0,10079,624.0,2006-11-20,624.0,10080.0,1.0,True,1.0,1.0
2006-11-20,624.0,2006-11-21,625.0,10080,625.0,2006-11-21,625.0,10081.0,1.0,True,1.0,1.0
2006-11-21,625.0,2006-11-22,627.75,10081,627.75,2006-11-22,627.75,10082.0,1.0,True,1.0,1.0
2006-11-22,627.75,2006-11-23,630.7,10082,630.7,2006-11-23,630.7,10083.0,1.0,True,1.0,1.0
2006-11-23,630.7,2006-11-24,636.0,10083,636.0,2006-11-24,636.0,10084.0,1.0,True,1.0,1.0
2006-11-24,636.0,2006-11-27,637.5,10084,637.5,2006-11-27,637.5,10085.0,1.0,True,1.0,1.0
2006-11-27,637.5,2006-11-28,637.75,10085,637.75,2006-11-28,637.75,10086.0,1.0,True,1.0,1.0
2006-11-28,637.75,2006-11-29,638.25,10086,638.25,2006-11-29,638.25,10087.0,1.0,True,1.0,1.0
2006-11-29,638.25,2006-11-30,638.4,10087,638.4,2006-11-30,638.4,10088.0,1.0,True,1.0,1.0
2006-11-30,638.4,2006-12-01,644.4,10088,644.4,2006-12-01,644.4,10089.0,1.0,True,1.0,1.0
2006-12-01,644.4,2006-12-04,644.8,10089,644.8,2006-12-04,644.8,10090.0,1.0,True,1.0,1.0
2006-12-04,644.8,2006-12-05,643.0,10090,643.0,2006-12-05,643.0,10091.0,1.0,True,1.0,1.0
2006-12-05,643.0,2006-12-06,636.75,10091,636.75,2006-12-06,636.75,10092.0,1.0,True,1.0,1.0
2006-12-06,636.75,2006-12-07,630.5,10092,630.5,2006-12-07,630.5,10093.0,1.0,True,1.0,1.0
2006-12-07,630.5,2006-12-08,630.9,10093,630.9,2006-12-08,630.9,10094.0,1.0,True,1.0,1.0
2006-12-08,630.9,2006-12-11,625.5,10094,625.5,2006-12-11,625.5,10095.0,1.0,True,1.0,1.0
2006-12-11,625.5,2006-12-12,629.5,10095,629.5,2006-12-12,629.5,10096.0,1.0,True,1.0,1.0
2006-12-12,629.5,2006-12-13,629.0,10096,629.0,2006-12-13,629.0,10097.0,1.0,True,1.0,1.0
2006-12-13,629.0,2006-12-14,628.75,10097,628.75,2006-12-14,628.75,10098.0,1.0,True,1.0,1.0
2006-12-14,628.75,2006-12-15,626.0,10098,626.0,2006-12-15,626.0,10099.0,1.0,True,1.0,1.0
2006-12-15,626.0,2006-12-18,617.5,10099,617.5,2006-12-18,617.5,10100.0,1.0,True,1.0,1.0
2006-12-18,617.5,2006-12-19,616.0,10100,616.0,2006-12-19,616.0,10101.0,1.0,True,1.0,1.0
2006-12-19,616.0,2006-12-20,623.4,10101,623.4,2006-12-20,623.4,10102.0,1.0,True,1.0,1.0
2006-12-20,623.4,2006-12-21,622.0,10102,622.0,2006-12-21,622.0,10103.0,1.0,True,1.0,1.0
2006-12-21,622.0,2006-12-22,619.75,10103,619.75,2007-01-09,612.0,10116.0,13.0,True,0.0,0.0
2007-01-09,612.0,2007-01-10,610.75,10116,610.75,2007-01-10,610.75,10117.0,1.0,True,1.0,1.0
2007-01-10,610.75,2007-01-11,613.5,10117,613.5,2007-01-11,613.5,10118.0,1.0,True,1.0,1.0
2007-01-11,613.5,2007-01-12,614.1,10118,614.1,2007-01-12,614.1,10119.0,1.0,True,1.0,1.0
2007-01-12,614.1,2007-01-15,628.25,10119,628.25,2007-01-15,628.25,10120.0,1.0,True,1.0,1.0
2007-01-15,628.25,2007-01-16,625.6,10120,625.6,2007-01-16,625.6,10121.0,1.0,True,1.0,1.0
2007-01-16,625.6,2007-01-17,623.25,10121,623.25,2007-01-17,623.25,10122.0,1.0,True,1.0,1.0
2007-01-17,623.25,2007-01-18,632.8,10122,632.8,2007-01-18,632.8,10123.0,1.0,True,1.0,1.0
2007-01-18,632.8,2007-01-19,629.0,10123,629.0,2007-01-19,629.0,10124.0,1.0,True,1.0,1.0
2007-01-19,629.0,2007-01-22,635.1,10124,635.1,2007-01-24,643.0,10127.0,3.0,True,0.0,0.0
2007-01-24,643.0,2007-01-25,648.75,10127,648.75,2007-01-25,648.75,10128.0,1.0,True,1.0,1.0
2007-01-25,648.75,2007-01-26,645.7,10128,645.7,2007-01-26,645.7,10129.0,1.0,True,1.0,1.0
2007-01-26,645.7,2007-01-29,643.4,10129,643.4,2007-01-30,642.25,10131.0,2.0,True,0.0,0.0
2007-01-30,642.25,2007-01-31,645.75,10131,645.75,2007-01-31,645.75,10132.0,1.0,True,1.0,1.0
2007-01-31,645.75,2007-02-01,652.55,10132,652.55,2007-02-01,652.55,10133.0,1.0,True,1.0,1.0
2007-02-01,652.55,2007-02-02,654.75,10133,654.75,2007-02-02,654.75,10134.0,1.0,True,1.0,1.0
2007-02-02,654.75,2007-02-05,648.0,10134,648.0,2007-02-05,648.0,10135.0,1.0,True,1.0,1.0
2007-02-05,648.0,2007-02-06,653.9,10135,653.9,2007-02-06,653.9,10136.0,1.0,True,1.0,1.0
2007-02-06,653.9,2007-02-07,655.25,10136,655.25,2007-02-07,655.25,10137.0,1.0,True,1.0,1.0
2007-02-07,655.25,2007-02-08,650.55,10137,650.55,2007-02-08,650.55,10138.0,1.0,True,1.0,1.0
2007-02-08,650.55,2007-02-09,657.85,10138,657.85,2007-02-09,657.85,10139.0,1.0,True,1.0,1.0
2007-02-09,657.85,2007-02-12,663.35,10139,663.35,2007-02-12,663.35,10140.0,1.0,True,1.0,1.0
2007-02-12,663.35,2007-02-13,664.75,10140,664.75,2007-02-13,664.75,10141.0,1.0,True,1.0,1.0
2007-02-13,664.75,2007-02-14,668.25,10141,668.25,2007-02-14,668.25,10142.0,1.0,True,1.0,1.0
2007-02-14,668.25,2007-02-15,670.0,10142,670.0,2007-02-15,670.0,10143.0,1.0,True,1.0,1.0
2007-02-15,670.0,2007-02-16,665.25,10143,665.25,2007-02-16,665.25,10144.0,1.0,True,1.0,1.0
2007-02-16,665.25,2007-02-19,670.5,10144,670.5,2007-02-19,670.5,10145.0,1.0,True,1.0,1.0
2007-02-19,670.5,2007-02-20,668.6,10145,668.6,2007-02-20,668.6,10146.0,1.0,True,1.0,1.0
2007-02-20,668.6,2007-02-21,658.6,10146,658.6,2007-02-21,658.6,10147.0,1.0,True,1.0,1.0
2007-02-21,658.6,2007-02-22,676.4,10147,676.4,2007-02-22,676.4,10148.0,1.0,True,1.0,1.0
2007-02-22,676.4,2007-02-23,677.5,10148,677.5,2007-02-23,677.5,10149.0,1.0,True,1.0,1.0
2007-02-23,677.5,2007-02-26,684.5,10149,684.5,2007-02-26,684.5,10150.0,1.0,True,1.0,1.0
2007-02-26,684.5,2007-02-27,684.5,10150,684.5,2007-02-27,684.5,10151.0,1.0,True,1.0,1.0
2007-02-27,684.5,2007-02-28,677.0,10151,677.0,2007-02-28,677.0,10152.0,1.0,True,1.0,1.0
2007-02-28,677.0,2007-03-01,673.6,10152,673.6,2007-03-01,673.6,10153.0,1.0,True,1.0,1.0
2007-03-01,673.6,2007-03-02,664.0,10153,664.0,2007-03-02,664.0,10154.0,1.0,True,1.0,1.0
2007-03-02,664.0,2007-03-05,638.6,10154,638.6,2007-03-05,638.6,10155.0,1.0,True,1.0,1.0
2007-03-05,638.6,2007-03-06,644.6,10155,644.6,2007-03-06,644.6,10156.0,1.0,True,1.0,1.0
2007-03-06,644.6,2007-03-07,646.35,10156,646.35,2007-03-07,646.35,10157.0,1.0,True,1.0,1.0
2007-03-07,646.35,2007-03-08,653.75,10157,653.75,2007-03-08,653.75,10158.0,1.0,True,1.0,1.0
2007-03-08,653.75,2007-03-09,653.85,10158,653.85,2007-03-09,653.85,10159.0,1.0,True,1.0,1.0
2007-03-09,653.85,2007-03-12,652.5,10159,652.5,2007-03-12,652.5,10160.0,1.0,True,1.0,1.0
2007-03-12,652.5,2007-03-13,650.5,10160,650.5,2007-03-13,650.5,10161.0,1.0,True,1.0,1.0
2007-03-13,650.5,2007-03-14,640.75,10161,640.75,2007-03-14,640.75,10162.0,1.0,True,1.0,1.0
2007-03-14,640.75,2007-03-15,646.1,10162,646.1,2007-03-15,646.1,10163.0,1.0,True,1.0,1.0
2007-03-15,646.1,2007-03-16,650.65,10163,650.65,2007-03-16,650.65,10164.0,1.0,True,1.0,1.0
2007-03-16,650.65,2007-03-19,654.5,10164,654.5,2007-03-19,654.5,10165.0,1.0,True,1.0,1.0
2007-03-19,654.5,2007-03-20,654.4,10165,654.4,2007-03-20,654.4,10166.0,1.0,True,1.0,1.0
2007-03-20,654.4,2007-03-21,660.5,10166,660.5,2007-03-21,660.5,10167.0,1.0,True,1.0,1.0
2007-03-21,660.5,2007-03-22,664.0,10167,664.0,2007-03-22,664.0,10168.0,1.0,True,1.0,1.0
2007-03-22,664.0,2007-03-23,662.15,10168,662.15,2007-03-23,662.15,10169.0,1.0,True,1.0,1.0
2007-03-23,662.15,2007-03-26,659.65,10169,659.65,2007-03-26,659.65,10170.0,1.0,True,1.0,1.0
2007-03-26,659.65,2007-03-27,665.15,10170,665.15,2007-03-27,665.15,10171.0,1.0,True,1.0,1.0
2007-03-27,665.15,2007-03-28,665.6,10171,665.6,2007-03-28,665.6,10172.0,1.0,True,1.0,1.0
2007-03-28,665.6,2007-03-29,664.9,10172,664.9,2007-03-29,664.9,10173.0,1.0,True,1.0,1.0
2007-03-29,664.9,2007-03-30,663.5,10173,663.5,2007-03-30,663.5,10174.0,1.0,True,1.0,1.0
2007-03-30,663.5,2007-04-02,663.3,10174,663.3,2007-04-02,663.3,10175.0,1.0,True,1.0,1.0
2007-04-02,663.3,2007-04-03,663.5,10175,663.5,2007-04-03,663.5,10176.0,1.0,True,1.0,1.0
2007-04-03,663.5,2007-04-04,665.9,10176,665.9,2007-04-04,665.9,10177.0,1.0,True,1.0,1.0
2007-04-04,665.9,2007-04-05,672.6,10177,672.6,2007-04-17,688.0,10186.0,9.0,True,0.0,0.0
2007-04-17,688.0,2007-04-18,690.4,10186,690.4,2007-04-18,690.4,10187.0,1.0,True,1.0,1.0
2007-04-18,690.4,2007-04-19,687.25,10187,687.25,2007-04-19,687.25,10188.0,1.0,True,1.0,1.0
2007-04-19,687.25,2007-04-20,687.6,10188,687.6,2007-04-20,687.6,10189.0,1.0,True,1.0,1.0
2007-04-20,687.6,2007-04-23,691.0,10189,691.0,2007-04-23,691.0,10190.0,1.0,True,1.0,1.0
2007-04-23,691.0,2007-04-24,689.7,10190,689.7,2007-04-24,689.7,10191.0,1.0,True,1.0,1.0
2007-04-24,689.7,2007-04-25,686.2,10191,686.2,2007-04-25,686.2,10192.0,1.0,True,1.0,1.0
2007-04-25,686.2,2007-04-26,685.5,10192,685.5,2007-04-26,685.5,10193.0,1.0,True,1.0,1.0
2007-04-26,685.5,2007-04-27,672.5,10193,672.5,2007-04-27,672.5,10194.0,1.0,True,1.0,1.0
2007-04-27,672.5,2007-04-30,678.0,10194,678.0,2007-04-30,678.0,10195.0,1.0,True,1.0,1.0
2007-04-30,678.0,2007-05-01,677.5,10195,677.5,2007-05-01,677.5,10196.0,1.0,True,1.0,1.0
2007-05-01,677.5,2007-05-02,673.25,10196,673.25,2007-05-02,673.25,10197.0,1.0,True,1.0,1.0
2007-05-02,673.25,2007-05-03,675.9,10197,675.9,2007-05-03,675.9,10198.0,1.0,True,1.0,1.0
2007-05-03,675.9,2007-05-04,680.8,10198,680.8,2007-05-15,667.0,10206.0,8.0,True,0.0,0.0
2007-05-15,667.0,2007-05-16,670.9,10206,670.9,2007-05-16,670.9,10207.0,1.0,True,1.0,1.0
2007-05-16,670.9,2007-05-17,663.2,10207,663.2,2007-05-17,663.2,10208.0,1.0,True,1.0,1.0
2007-05-17,663.2,2007-05-18,660.75,10208,660.75,2007-05-18,660.75,10209.0,1.0,True,1.0,1.0
2007-05-18,660.75,2007-05-21,662.4,10209,662.4,2007-05-21,662.4,10210.0,1.0,True,1.0,1.0
2007-05-21,662.4,2007-05-22,663.5,10210,663.5,2007-05-22,663.5,10211.0,1.0,True,1.0,1.0
2007-05-22,663.5,2007-05-23,659.2,10211,659.2,2007-05-23,659.2,10212.0,1.0,True,1.0,1.0
2007-05-23,659.2,2007-05-24,661.5,10212,661.5,2007-05-24,661.5,10213.0,1.0,True,1.0,1.0
2007-05-24,661.5,2007-05-25,655.0,10213,655.0,2007-06-05,671.3,10221.0,8.0,True,0.0,0.0
2007-06-05,671.3,2007-06-06,669.8,10221,669.8,2007-06-06,669.8,10222.0,1.0,True,1.0,1.0
2007-06-06,669.8,2007-06-07,670.85,10222,670.85,2007-06-07,670.85,10223.0,1.0,True,1.0,1.0
2007-06-07,670.85,2007-06-08,656.75,10223,656.75,2007-06-08,656.75,10224.0,1.0,True,1.0,1.0
2007-06-08,656.75,2007-06-11,652.75,10224,652.75,2007-06-11,652.75,10225.0,1.0,True,1.0,1.0
2007-06-11,652.75,2007-06-12,652.8,10225,652.8,2007-06-12,652.8,10226.0,1.0,True,1.0,1.0
2007-06-12,652.8,2007-06-13,644.1,10226,644.1,2007-06-13,644.1,10227.0,1.0,True,1.0,1.0
2007-06-13,644.1,2007-06-14,650.75,10227,650.75,2007-06-14,650.75,10228.0,1.0,True,1.0,1.0
2007-06-14,650.75,2007-06-15,650.6,10228,650.6,2007-06-15,650.6,10229.0,1.0,True,1.0,1.0
2007-06-15,650.6,2007-06-18,658.0,10229,658.0,2007-06-18,658.0,10230.0,1.0,True,1.0,1.0
2007-06-18,658.0,2007-06-19,655.1,10230,655.1,2007-06-19,655.1,10231.0,1.0,True,1.0,1.0
2007-06-19,655.1,2007-06-20,659.6,10231,659.6,2007-06-20,659.6,10232.0,1.0,True,1.0,1.0
2007-06-20,659.6,2007-06-21,654.5,10232,654.5,2007-06-21,654.5,10233.0,1.0,True,1.0,1.0
2007-06-21,654.5,2007-06-22,652.0,10233,652.0,2007-06-22,652.0,10234.0,1.0,True,1.0,1.0
2007-06-22,652.0,2007-06-25,651.25,10234,651.25,2007-06-26,649.55,10236.0,2.0,True,0.0,0.0
2007-06-26,649.55,2007-06-27,642.85,10236,642.85,2007-06-27,642.85,10237.0,1.0,True,1.0,1.0
2007-06-27,642.85,2007-06-28,645.7,10237,645.7,2007-06-28,645.7,10238.0,1.0,True,1.0,1.0
2007-06-28,645.7,2007-06-29,648.5,10238,648.5,2007-06-29,648.5,10239.0,1.0,True,1.0,1.0
2007-06-29,648.5,2007-07-02,650.5,10239,650.5,2007-07-02,650.5,10240.0,1.0,True,1.0,1.0
2007-07-02,650.5,2007-07-03,657.25,10240,657.25,2007-07-03,657.25,10241.0,1.0,True,1.0,1.0
2007-07-03,657.25,2007-07-04,654.0,10241,654.0,2007-07-04,654.0,10242.0,1.0,True,1.0,1.0
2007-07-04,654.0,2007-07-05,655.9,10242,655.9,2007-07-05,655.9,10243.0,1.0,True,1.0,1.0
2007-07-05,655.9,2007-07-06,647.75,10243,647.75,2007-07-06,647.75,10244.0,1.0,True,1.0,1.0
2007-07-06,647.75,2007-07-09,657.0,10244,657.0,2007-07-09,657.0,10245.0,1.0,True,1.0,1.0
2007-07-09,657.0,2007-07-10,661.15,10245,661.15,2007-07-10,661.15,10246.0,1.0,True,1.0,1.0
2007-07-10,661.15,2007-07-11,664.0,10246,664.0,2007-07-11,664.0,10247.0,1.0,True,1.0,1.0
2007-07-11,664.0,2007-07-12,663.0,10247,663.0,2007-07-12,663.0,10248.0,1.0,True,1.0,1.0
2007-07-12,663.0,2007-07-13,667.5,10248,667.5,2007-07-13,667.5,10249.0,1.0,True,1.0,1.0
2007-07-13,667.5,2007-07-16,667.25,10249,667.25,2007-07-16,667.25,10250.0,1.0,True,1.0,1.0
2007-07-16,667.25,2007-07-17,663.15,10250,663.15,2007-07-17,663.15,10251.0,1.0,True,1.0,1.0
2007-07-17,663.15,2007-07-18,667.75,10251,667.75,2007-07-18,667.75,10252.0,1.0,True,1.0,1.0
2007-07-18,667.75,2007-07-19,673.0,10252,673.0,2007-07-19,673.0,10253.0,1.0,True,1.0,1.0
2007-07-19,673.0,2007-07-20,676.0,10253,676.0,2007-07-20,676.0,10254.0,1.0,True,1.0,1.0
2007-07-20,676.0,2007-07-23,683.5,10254,683.5,2007-07-23,683.5,10255.0,1.0,True,1.0,1.0
2007-07-23,683.5,2007-07-24,682.75,10255,682.75,2007-07-24,682.75,10256.0,1.0,True,1.0,1.0
2007-07-24,682.75,2007-07-25,677.25,10256,677.25,2007-07-25,677.25,10257.0,1.0,True,1.0,1.0
2007-07-25,677.25,2007-07-26,675.4,10257,675.4,2007-07-26,675.4,10258.0,1.0,True,1.0,1.0
2007-07-26,675.4,2007-07-27,663.5,10258,663.5,2007-07-27,663.5,10259.0,1.0,True,1.0,1.0
2007-07-27,663.5,2007-07-30,661.5,10259,661.5,2007-07-30,661.5,10260.0,1.0,True,1.0,1.0
2007-07-30,661.5,2007-07-31,666.75,10260,666.75,2007-07-31,666.75,10261.0,1.0,True,1.0,1.0
2007-07-31,666.75,2007-08-01,660.25,10261,660.25,2007-08-01,660.25,10262.0,1.0,True,1.0,1.0
2007-08-01,660.25,2007-08-02,665.35,10262,665.35,2007-08-02,665.35,10263.0,1.0,True,1.0,1.0
2007-08-02,665.35,2007-08-03,666.35,10263,666.35,2007-08-03,666.35,10264.0,1.0,True,1.0,1.0
2007-08-03,666.35,2007-08-06,674.15,10264,674.15,2007-08-06,674.15,10265.0,1.0,True,1.0,1.0
2007-08-06,674.15,2007-08-07,669.25,10265,669.25,2007-08-07,669.25,10266.0,1.0,True,1.0,1.0
2007-08-07,669.25,2007-08-08,670.4,10266,670.4,2007-08-08,670.4,10267.0,1.0,True,1.0,1.0
2007-08-08,670.4,2007-08-09,670.85,10267,670.85,2007-08-09,670.85,10268.0,1.0,True,1.0,1.0
2007-08-09,670.85,2007-08-10,664.5,10268,664.5,2007-08-10,664.5,10269.0,1.0,True,1.0,1.0
2007-08-10,664.5,2007-08-13,669.85,10269,669.85,2007-08-13,669.85,10270.0,1.0,True,1.0,1.0
2007-08-13,669.85,2007-08-14,667.35,10270,667.35,2007-08-14,667.35,10271.0,1.0,True,1.0,1.0
2007-08-14,667.35,2007-08-15,665.0,10271,665.0,2007-08-15,665.0,10272.0,1.0,True,1.0,1.0
2007-08-15,665.0,2007-08-16,664.15,10272,664.15,2007-08-16,664.15,10273.0,1.0,True,1.0,1.0
2007-08-16,664.15,2007-08-17,653.0,10273,653.0,2007-08-17,653.0,10274.0,1.0,True,1.0,1.0
2007-08-17,653.0,2007-08-20,658.5,10274,658.5,2007-08-20,658.5,10275.0,1.0,True,1.0,1.0
2007-08-20,658.5,2007-08-21,655.5,10275,655.5,2007-08-21,655.5,10276.0,1.0,True,1.0,1.0
2007-08-21,655.5,2007-08-22,657.15,10276,657.15,2007-08-22,657.15,10277.0,1.0,True,1.0,1.0
2007-08-22,657.15,2007-08-23,662.25,10277,662.25,2007-08-23,662.25,10278.0,1.0,True,1.0,1.0
2007-08-23,662.25,2007-08-24,659.75,10278,659.75,2007-09-04,673.5,10286.0,8.0,True,0.0,0.0
2007-09-04,673.5,2007-09-05,679.5,10286,679.5,2007-09-05,679.5,10287.0,1.0,True,1.0,1.0
2007-09-05,679.5,2007-09-06,683.5,10287,683.5,2007-09-06,683.5,10288.0,1.0,True,1.0,1.0
2007-09-06,683.5,2007-09-07,695.0,10288,695.0,2007-09-07,695.0,10289.0,1.0,True,1.0,1.0
2007-09-07,695.0,2007-09-10,704.0,10289,704.0,2007-09-10,704.0,10290.0,1.0,True,1.0,1.0
2007-09-10,704.0,2007-09-11,704.25,10290,704.25,2007-09-11,704.25,10291.0,1.0,True,1.0,1.0
2007-09-11,704.25,2007-09-12,711.75,10291,711.75,2007-09-12,711.75,10292.0,1.0,True,1.0,1.0
2007-09-12,711.75,2007-09-13,708.1,10292,708.1,2007-09-13,708.1,10293.0,1.0,True,1.0,1.0
2007-09-13,708.1,2007-09-14,706.75,10293,706.75,2007-09-14,706.75,10294.0,1.0,True,1.0,1.0
2007-09-14,706.75,2007-09-17,710.25,10294,710.25,2007-09-17,710.25,10295.0,1.0,True,1.0,1.0
2007-09-17,710.25,2007-09-18,717.7,10295,717.7,2007-09-18,717.7,10296.0,1.0,True,1.0,1.0
2007-09-18,717.7,2007-09-19,723.75,10296,723.75,2007-09-19,723.75,10297.0,1.0,True,1.0,1.0
2007-09-19,723.75,2007-09-20,727.75,10297,727.75,2007-09-20,727.75,10298.0,1.0,True,1.0,1.0
2007-09-20,727.75,2007-09-21,735.35,10298,735.35,2007-09-21,735.35,10299.0,1.0,True,1.0,1.0
2007-09-21,735.35,2007-09-24,733.25,10299,733.25,2007-09-25,727.7,10301.0,2.0,True,0.0,0.0
2007-09-25,727.7,2007-09-26,730.55,10301,730.55,2007-09-26,730.55,10302.0,1.0,True,1.0,1.0
2007-09-26,730.55,2007-09-27,729.75,10302,729.75,2007-09-27,729.75,10303.0,1.0,True,1.0,1.0
2007-09-27,729.75,2007-09-28,737.75,10303,737.75,2007-09-28,737.75,10304.0,1.0,True,1.0,1.0
2007-09-28,737.75,2007-10-01,745.25,10304,745.25,2007-10-01,745.25,10305.0,1.0,True,1.0,1.0
2007-10-01,745.25,2007-10-02,735.75,10305,735.75,2007-10-02,735.75,10306.0,1.0,True,1.0,1.0
2007-10-02,735.75,2007-10-03,733.15,10306,733.15,2007-10-03,733.15,10307.0,1.0,True,1.0,1.0
2007-10-03,733.15,2007-10-04,726.75,10307,726.75,2007-10-04,726.75,10308.0,1.0,True,1.0,1.0
2007-10-04,726.75,2007-10-05,735.85,10308,735.85,2007-10-05,735.85,10309.0,1.0,True,1.0,1.0
2007-10-05,735.85,2007-10-08,736.5,10309,736.5,2007-10-08,736.5,10310.0,1.0,True,1.0,1.0
2007-10-08,736.5,2007-10-09,728.8,10310,728.8,2007-10-09,728.8,10311.0,1.0,True,1.0,1.0
2007-10-09,728.8,2007-10-10,740.5,10311,740.5,2007-10-10,740.5,10312.0,1.0,True,1.0,1.0
2007-10-10,740.5,2007-10-11,747.5,10312,747.5,2007-10-11,747.5,10313.0,1.0,True,1.0,1.0
2007-10-11,747.5,2007-10-12,748.5,10313,748.5,2007-10-12,748.5,10314.0,1.0,True,1.0,1.0
2007-10-12,748.5,2007-10-15,755.85,10314,755.85,2007-10-15,755.85,10315.0,1.0,True,1.0,1.0
2007-10-15,755.85,2007-10-16,761.75,10315,761.75,2007-10-16,761.75,10316.0,1.0,True,1.0,1.0
2007-10-16,761.75,2007-10-17,759.75,10316,759.75,2007-10-17,759.75,10317.0,1.0,True,1.0,1.0
2007-10-17,759.75,2007-10-18,758.35,10317,758.35,2007-10-18,758.35,10318.0,1.0,True,1.0,1.0
2007-10-18,758.35,2007-10-19,768.25,10318,768.25,2007-10-19,768.25,10319.0,1.0,True,1.0,1.0
2007-10-19,768.25,2007-10-22,755.6,10319,755.6,2007-10-22,755.6,10320.0,1.0,True,1.0,1.0
2007-10-22,755.6,2007-10-23,757.5,10320,757.5,2007-10-23,757.5,10321.0,1.0,True,1.0,1.0
2007-10-23,757.5,2007-10-24,757.35,10321,757.35,2007-10-24,757.35,10322.0,1.0,True,1.0,1.0
2007-10-24,757.35,2007-10-25,765.0,10322,765.0,2007-10-25,765.0,10323.0,1.0,True,1.0,1.0
2007-10-25,765.0,2007-10-26,775.6,10323,775.6,2007-10-26,775.6,10324.0,1.0,True,1.0,1.0
2007-10-26,775.6,2007-10-29,792.5,10324,792.5,2007-10-29,792.5,10325.0,1.0,True,1.0,1.0
2007-10-29,792.5,2007-10-30,784.0,10325,784.0,2007-10-30,784.0,10326.0,1.0,True,1.0,1.0
2007-10-30,784.0,2007-10-31,783.0,10326,783.0,2007-10-31,783.0,10327.0,1.0,True,1.0,1.0
2007-10-31,783.0,2007-11-01,792.0,10327,792.0,2007-11-01,792.0,10328.0,1.0,True,1.0,1.0
2007-11-01,792.0,2007-11-02,790.75,10328,790.75,2007-11-02,790.75,10329.0,1.0,True,1.0,1.0
2007-11-02,790.75,2007-11-05,802.5,10329,802.5,2007-11-05,802.5,10330.0,1.0,True,1.0,1.0
2007-11-05,802.5,2007-11-06,817.55,10330,817.55,2007-11-06,817.55,10331.0,1.0,True,1.0,1.0
2007-11-06,817.55,2007-11-07,841.75,10331,841.75,2007-11-07,841.75,10332.0,1.0,True,1.0,1.0
2007-11-07,841.75,2007-11-08,832.25,10332,832.25,2007-11-08,832.25,10333.0,1.0,True,1.0,1.0
2007-11-08,832.25,2007-11-09,836.0,10333,836.0,2007-11-09,836.0,10334.0,1.0,True,1.0,1.0
2007-11-09,836.0,2007-11-12,817.0,10334,817.0,2007-11-12,817.0,10335.0,1.0,True,1.0,1.0
2007-11-12,817.0,2007-11-13,803.4,10335,803.4,2007-11-13,803.4,10336.0,1.0,True,1.0,1.0
2007-11-13,803.4,2007-11-14,808.25,10336,808.25,2007-11-14,808.25,10337.0,1.0,True,1.0,1.0
2007-11-14,808.25,2007-11-15,806.0,10337,806.0,2007-11-15,806.0,10338.0,1.0,True,1.0,1.0
2007-11-15,806.0,2007-11-16,790.25,10338,790.25,2007-11-16,790.25,10339.0,1.0,True,1.0,1.0
2007-11-16,790.25,2007-11-19,788.5,10339,788.5,2007-11-19,788.5,10340.0,1.0,True,1.0,1.0
2007-11-19,788.5,2007-11-20,789.65,10340,789.65,2007-11-20,789.65,10341.0,1.0,True,1.0,1.0
2007-11-20,789.65,2007-11-21,796.25,10341,796.25,2007-11-21,796.25,10342.0,1.0,True,1.0,1.0
2007-11-21,796.25,2007-11-22,802.25,10342,802.25,2007-11-22,802.25,10343.0,1.0,True,1.0,1.0
2007-11-22,802.25,2007-11-23,810.5,10343,810.5,2007-11-23,810.5,10344.0,1.0,True,1.0,1.0
2007-11-23,810.5,2007-11-26,836.25,10344,836.25,2007-11-26,836.25,10345.0,1.0,True,1.0,1.0
2007-11-26,836.25,2007-11-27,823.25,10345,823.25,2007-11-27,823.25,10346.0,1.0,True,1.0,1.0
2007-11-27,823.25,2007-11-28,796.5,10346,796.5,2007-11-28,796.5,10347.0,1.0,True,1.0,1.0
2007-11-28,796.5,2007-11-29,807.25,10347,807.25,2007-11-29,807.25,10348.0,1.0,True,1.0,1.0
2007-11-29,807.25,2007-11-30,794.75,10348,794.75,2007-11-30,794.75,10349.0,1.0,True,1.0,1.0
2007-11-30,794.75,2007-12-03,783.75,10349,783.75,2007-12-03,783.75,10350.0,1.0,True,1.0,1.0
2007-12-03,783.75,2007-12-04,790.25,10350,790.25,2007-12-04,790.25,10351.0,1.0,True,1.0,1.0
2007-12-04,790.25,2007-12-05,801.75,10351,801.75,2007-12-05,801.75,10352.0,1.0,True,1.0,1.0
2007-12-05,801.75,2007-12-06,788.75,10352,788.75,2007-12-06,788.75,10353.0,1.0,True,1.0,1.0
2007-12-06,788.75,2007-12-07,799.75,10353,799.75,2007-12-07,799.75,10354.0,1.0,True,1.0,1.0
2007-12-07,799.75,2007-12-10,800.0,10354,800.0,2007-12-10,800.0,10355.0,1.0,True,1.0,1.0
2007-12-10,800.0,2007-12-11,806.75,10355,806.75,2007-12-11,806.75,10356.0,1.0,True,1.0,1.0
2007-12-11,806.75,2007-12-12,807.5,10356,807.5,2007-12-12,807.5,10357.0,1.0,True,1.0,1.0
2007-12-12,807.5,2007-12-13,809.0,10357,809.0,2007-12-13,809.0,10358.0,1.0,True,1.0,1.0
2007-12-13,809.0,2007-12-14,796.25,10358,796.25,2007-12-14,796.25,10359.0,1.0,True,1.0,1.0
2007-12-14,796.25,2007-12-17,787.0,10359,787.0,2007-12-17,787.0,10360.0,1.0,True,1.0,1.0
2007-12-17,787.0,2007-12-18,796.25,10360,796.25,2007-12-18,796.25,10361.0,1.0,True,1.0,1.0
2007-12-18,796.25,2007-12-19,801.5,10361,801.5,2007-12-19,801.5,10362.0,1.0,True,1.0,1.0
2007-12-19,801.5,2007-12-20,799.5,10362,799.5,2007-12-20,799.5,10363.0,1.0,True,1.0,1.0
2007-12-20,799.5,2007-12-21,803.0,10363,803.0,2007-12-21,803.0,10364.0,1.0,True,1.0,1.0
2007-12-21,803.0,2007-12-24,810.25,10364,810.25,2008-01-09,887.85,10377.0,13.0,True,0.0,0.0
2008-01-09,887.85,2008-01-10,874.25,10377,874.25,2008-01-10,874.25,10378.0,1.0,True,1.0,1.0
2008-01-10,874.25,2008-01-11,893.75,10378,893.75,2008-01-11,893.75,10379.0,1.0,True,1.0,1.0
2008-01-11,893.75,2008-01-14,911.5,10379,911.5,2008-01-14,911.5,10380.0,1.0,True,1.0,1.0
2008-01-14,911.5,2008-01-15,904.75,10380,904.75,2008-01-15,904.75,10381.0,1.0,True,1.0,1.0
2008-01-15,904.75,2008-01-16,881.0,10381,881.0,2008-01-16,881.0,10382.0,1.0,True,1.0,1.0
2008-01-16,881.0,2008-01-17,881.5,10382,881.5,2008-01-17,881.5,10383.0,1.0,True,1.0,1.0
2008-01-17,881.5,2008-01-18,872.75,10383,872.75,2008-01-18,872.75,10384.0,1.0,True,1.0,1.0
2008-01-18,872.75,2008-01-21,874.25,10384,874.25,2008-01-21,874.25,10385.0,1.0,True,1.0,1.0
2008-01-21,874.25,2008-01-22,862.0,10385,862.0,2008-01-24,891.5,10388.0,3.0,True,0.0,0.0
2008-01-24,891.5,2008-01-25,921.25,10388,921.25,2008-01-25,921.25,10389.0,1.0,True,1.0,1.0
2008-01-25,921.25,2008-01-28,916.5,10389,916.5,2008-01-28,916.5,10390.0,1.0,True,1.0,1.0
2008-01-28,916.5,2008-01-29,927.5,10390,927.5,2008-01-30,923.75,10392.0,2.0,True,0.0,0.0
2008-01-30,923.75,2008-01-31,923.75,10392,923.75,2008-01-31,923.75,10393.0,1.0,True,1.0,1.0
2008-01-31,923.75,2008-02-01,933.0,10393,933.0,2008-02-01,933.0,10394.0,1.0,True,1.0,1.0
2008-02-01,933.0,2008-02-04,899.5,10394,899.5,2008-02-04,899.5,10395.0,1.0,True,1.0,1.0
2008-02-04,899.5,2008-02-05,889.75,10395,889.75,2008-02-05,889.75,10396.0,1.0,True,1.0,1.0
2008-02-05,889.75,2008-02-06,892.0,10396,892.0,2008-02-06,892.0,10397.0,1.0,True,1.0,1.0
2008-02-06,892.0,2008-02-07,908.25,10397,908.25,2008-02-07,908.25,10398.0,1.0,True,1.0,1.0
2008-02-07,908.25,2008-02-08,914.0,10398,914.0,2008-02-08,914.0,10399.0,1.0,True,1.0,1.0
2008-02-08,914.0,2008-02-11,925.5,10399,925.5,2008-02-11,925.5,10400.0,1.0,True,1.0,1.0
2008-02-11,925.5,2008-02-12,920.25,10400,920.25,2008-02-12,920.25,10401.0,1.0,True,1.0,1.0
2008-02-12,920.25,2008-02-13,905.75,10401,905.75,2008-02-13,905.75,10402.0,1.0,True,1.0,1.0
2008-02-13,905.75,2008-02-14,910.85,10402,910.85,2008-02-14,910.85,10403.0,1.0,True,1.0,1.0
2008-02-14,910.85,2008-02-15,909.75,10403,909.75,2008-02-15,909.75,10404.0,1.0,True,1.0,1.0
2008-02-15,909.75,2008-02-18,905.0,10404,905.0,2008-02-18,905.0,10405.0,1.0,True,1.0,1.0
2008-02-18,905.0,2008-02-19,916.5,10405,916.5,2008-02-19,916.5,10406.0,1.0,True,1.0,1.0
2008-02-19,916.5,2008-02-20,924.85,10406,924.85,2008-02-20,924.85,10407.0,1.0,True,1.0,1.0
2008-02-20,924.85,2008-02-21,943.0,10407,943.0,2008-02-21,943.0,10408.0,1.0,True,1.0,1.0
2008-02-21,943.0,2008-02-22,945.75,10408,945.75,2008-02-22,945.75,10409.0,1.0,True,1.0,1.0
2008-02-22,945.75,2008-02-25,947.5,10409,947.5,2008-02-25,947.5,10410.0,1.0,True,1.0,1.0
2008-02-25,947.5,2008-02-26,934.0,10410,934.0,2008-02-26,934.0,10411.0,1.0,True,1.0,1.0
2008-02-26,934.0,2008-02-27,958.75,10411,958.75,2008-02-27,958.75,10412.0,1.0,True,1.0,1.0
2008-02-27,958.75,2008-02-28,957.0,10412,957.0,2008-02-28,957.0,10413.0,1.0,True,1.0,1.0
2008-02-28,957.0,2008-02-29,969.0,10413,969.0,2008-02-29,969.0,10414.0,1.0,True,1.0,1.0
2008-02-29,969.0,2008-03-03,978.25,10414,978.25,2008-03-03,978.25,10415.0,1.0,True,1.0,1.0
2008-03-03,978.25,2008-03-04,981.75,10415,981.75,2008-03-04,981.75,10416.0,1.0,True,1.0,1.0
2008-03-04,981.75,2008-03-05,966.25,10416,966.25,2008-03-05,966.25,10417.0,1.0,True,1.0,1.0
2008-03-05,966.25,2008-03-06,986.25,10417,986.25,2008-03-06,986.25,10418.0,1.0,True,1.0,1.0
2008-03-06,986.25,2008-03-07,978.5,10418,978.5,2008-03-07,978.5,10419.0,1.0,True,1.0,1.0
2008-03-07,978.5,2008-03-10,973.15,10419,973.15,2008-03-10,973.15,10420.0,1.0,True,1.0,1.0
2008-03-10,973.15,2008-03-11,980.5,10420,980.5,2008-03-11,980.5,10421.0,1.0,True,1.0,1.0
2008-03-11,980.5,2008-03-12,975.75,10421,975.75,2008-03-12,975.75,10422.0,1.0,True,1.0,1.0
2008-03-12,975.75,2008-03-13,988.25,10422,988.25,2008-03-13,988.25,10423.0,1.0,True,1.0,1.0
2008-03-13,988.25,2008-03-14,997.0,10423,997.0,2008-03-14,997.0,10424.0,1.0,True,1.0,1.0
2008-03-14,997.0,2008-03-17,1023.5,10424,1023.5,2008-03-17,1023.5,10425.0,1.0,True,1.0,1.0
2008-03-17,1023.5,2008-03-18,1005.75,10425,1005.75,2008-03-18,1005.75,10426.0,1.0,True,1.0,1.0
2008-03-18,1005.75,2008-03-19,995.25,10426,995.25,2008-03-19,995.25,10427.0,1.0,True,1.0,1.0
2008-03-19,995.25,2008-03-20,913.5,10427,913.5,2008-04-01,897.0,10436.0,9.0,True,0.0,0.0
2008-04-01,897.0,2008-04-02,893.5,10436,893.5,2008-04-02,893.5,10437.0,1.0,True,1.0,1.0
2008-04-02,893.5,2008-04-03,898.25,10437,898.25,2008-04-03,898.25,10438.0,1.0,True,1.0,1.0
2008-04-03,898.25,2008-04-04,905.25,10438,905.25,2008-04-04,905.25,10439.0,1.0,True,1.0,1.0
2008-04-04,905.25,2008-04-07,914.7,10439,914.7,2008-04-07,914.7,10440.0,1.0,True,1.0,1.0
2008-04-07,914.7,2008-04-08,921.0,10440,921.0,2008-04-08,921.0,10441.0,1.0,True,1.0,1.0
2008-04-08,921.0,2008-04-09,906.75,10441,906.75,2008-04-09,906.75,10442.0,1.0,True,1.0,1.0
2008-04-09,906.75,2008-04-10,934.25,10442,934.25,2008-04-10,934.25,10443.0,1.0,True,1.0,1.0
2008-04-10,934.25,2008-04-11,925.5,10443,925.5,2008-04-11,925.5,10444.0,1.0,True,1.0,1.0
2008-04-11,925.5,2008-04-14,917.75,10444,917.75,2008-04-14,917.75,10445.0,1.0,True,1.0,1.0
2008-04-14,917.75,2008-04-15,931.75,10445,931.75,2008-04-15,931.75,10446.0,1.0,True,1.0,1.0
2008-04-15,931.75,2008-04-16,932.75,10446,932.75,2008-04-16,932.75,10447.0,1.0,True,1.0,1.0
2008-04-16,932.75,2008-04-17,951.5,10447,951.5,2008-04-17,951.5,10448.0,1.0,True,1.0,1.0
2008-04-17,951.5,2008-04-18,942.25,10448,942.25,2008-04-22,920.75,10451.0,3.0,True,0.0,0.0
2008-04-22,920.75,2008-04-23,916.25,10451,916.25,2008-04-23,916.25,10452.0,1.0,True,1.0,1.0
2008-04-23,916.25,2008-04-24,900.75,10452,900.75,2008-04-24,900.75,10453.0,1.0,True,1.0,1.0
2008-04-24,900.75,2008-04-25,883.5,10453,883.5,2008-04-25,883.5,10454.0,1.0,True,1.0,1.0
2008-04-25,883.5,2008-04-28,892.25,10454,892.25,2008-04-28,892.25,10455.0,1.0,True,1.0,1.0
2008-04-28,892.25,2008-04-29,886.0,10455,886.0,2008-04-29,886.0,10456.0,1.0,True,1.0,1.0
2008-04-29,886.0,2008-04-30,867.75,10456,867.75,2008-04-30,867.75,10457.0,1.0,True,1.0,1.0
2008-04-30,867.75,2008-05-01,863.5,10457,863.5,2008-05-01,863.5,10458.0,1.0,True,1.0,1.0
2008-05-01,863.5,2008-05-02,854.25,10458,854.25,2008-05-13,877.0,10466.0,8.0,True,0.0,0.0
2008-05-13,877.0,2008-05-14,863.0,10466,863.0,2008-05-14,863.0,10467.0,1.0,True,1.0,1.0
2008-05-14,863.0,2008-05-15,866.25,10467,866.25,2008-05-15,866.25,10468.0,1.0,True,1.0,1.0
2008-05-15,866.25,2008-05-16,885.0,10468,885.0,2008-05-16,885.0,10469.0,1.0,True,1.0,1.0
2008-05-16,885.0,2008-05-19,908.75,10469,908.75,2008-05-19,908.75,10470.0,1.0,True,1.0,1.0
2008-05-19,908.75,2008-05-20,907.0,10470,907.0,2008-05-20,907.0,10471.0,1.0,True,1.0,1.0
2008-05-20,907.0,2008-05-21,925.0,10471,925.0,2008-05-21,925.0,10472.0,1.0,True,1.0,1.0
2008-05-21,925.0,2008-05-22,928.25,10472,928.25,2008-05-22,928.25,10473.0,1.0,True,1.0,1.0
2008-05-22,928.25,2008-05-23,922.25,10473,922.25,2008-06-03,895.5,10481.0,8.0,True,0.0,0.0
2008-06-03,895.5,2008-06-04,877.25,10481,877.25,2008-06-04,877.25,10482.0,1.0,True,1.0,1.0
2008-06-04,877.25,2008-06-05,873.0,10482,873.0,2008-06-05,873.0,10483.0,1.0,True,1.0,1.0
2008-06-05,873.0,2008-06-06,883.5,10483,883.5,2008-06-06,883.5,10484.0,1.0,True,1.0,1.0
2008-06-06,883.5,2008-06-09,904.25,10484,904.25,2008-06-09,904.25,10485.0,1.0,True,1.0,1.0
2008-06-09,904.25,2008-06-10,884.5,10485,884.5,2008-06-10,884.5,10486.0,1.0,True,1.0,1.0
2008-06-10,884.5,2008-06-11,874.25,10486,874.25,2008-06-11,874.25,10487.0,1.0,True,1.0,1.0
2008-06-11,874.25,2008-06-12,871.25,10487,871.25,2008-06-12,871.25,10488.0,1.0,True,1.0,1.0
2008-06-12,871.25,2008-06-13,864.0,10488,864.0,2008-06-13,864.0,10489.0,1.0,True,1.0,1.0
2008-06-13,864.0,2008-06-16,872.0,10489,872.0,2008-06-16,872.0,10490.0,1.0,True,1.0,1.0
2008-06-16,872.0,2008-06-17,883.0,10490,883.0,2008-06-17,883.0,10491.0,1.0,True,1.0,1.0
2008-06-17,883.0,2008-06-18,884.0,10491,884.0,2008-06-18,884.0,10492.0,1.0,True,1.0,1.0
2008-06-18,884.0,2008-06-19,893.25,10492,893.25,2008-06-19,893.25,10493.0,1.0,True,1.0,1.0
2008-06-19,893.25,2008-06-20,900.0,10493,900.0,2008-06-20,900.0,10494.0,1.0,True,1.0,1.0
2008-06-20,900.0,2008-06-23,905.25,10494,905.25,2008-06-24,888.5,10496.0,2.0,True,0.0,0.0
2008-06-24,888.5,2008-06-25,887.25,10496,887.25,2008-06-25,887.25,10497.0,1.0,True,1.0,1.0
2008-06-25,887.25,2008-06-26,892.5,10497,892.5,2008-06-26,892.5,10498.0,1.0,True,1.0,1.0
2008-06-26,892.5,2008-06-27,923.0,10498,923.0,2008-06-27,923.0,10499.0,1.0,True,1.0,1.0
2008-06-27,923.0,2008-06-30,932.75,10499,932.75,2008-06-30,932.75,10500.0,1.0,True,1.0,1.0
2008-06-30,932.75,2008-07-01,929.5,10500,929.5,2008-07-01,929.5,10501.0,1.0,True,1.0,1.0
2008-07-01,929.5,2008-07-02,936.0,10501,936.0,2008-07-02,936.0,10502.0,1.0,True,1.0,1.0
2008-07-02,936.0,2008-07-03,939.75,10502,939.75,2008-07-03,939.75,10503.0,1.0,True,1.0,1.0
2008-07-03,939.75,2008-07-04,930.75,10503,930.75,2008-07-04,930.75,10504.0,1.0,True,1.0,1.0
2008-07-04,930.75,2008-07-07,921.0,10504,921.0,2008-07-07,921.0,10505.0,1.0,True,1.0,1.0
2008-07-07,921.0,2008-07-08,929.25,10505,929.25,2008-07-08,929.25,10506.0,1.0,True,1.0,1.0
2008-07-08,929.25,2008-07-09,923.25,10506,923.25,2008-07-09,923.25,10507.0,1.0,True,1.0,1.0
2008-07-09,923.25,2008-07-10,930.75,10507,930.75,2008-07-10,930.75,10508.0,1.0,True,1.0,1.0
2008-07-10,930.75,2008-07-11,949.0,10508,949.0,2008-07-11,949.0,10509.0,1.0,True,1.0,1.0
2008-07-11,949.0,2008-07-14,957.75,10509,957.75,2008-07-14,957.75,10510.0,1.0,True,1.0,1.0
2008-07-14,957.75,2008-07-15,981.75,10510,981.75,2008-07-15,981.75,10511.0,1.0,True,1.0,1.0
2008-07-15,981.75,2008-07-16,974.0,10511,974.0,2008-07-16,974.0,10512.0,1.0,True,1.0,1.0
2008-07-16,974.0,2008-07-17,964.5,10512,964.5,2008-07-17,964.5,10513.0,1.0,True,1.0,1.0
2008-07-17,964.5,2008-07-18,961.5,10513,961.5,2008-07-18,961.5,10514.0,1.0,True,1.0,1.0
2008-07-18,961.5,2008-07-21,966.25,10514,966.25,2008-07-21,966.25,10515.0,1.0,True,1.0,1.0
2008-07-21,966.25,2008-07-22,973.0,10515,973.0,2008-07-22,973.0,10516.0,1.0,True,1.0,1.0
2008-07-22,973.0,2008-07-23,934.75,10516,934.75,2008-07-23,934.75,10517.0,1.0,True,1.0,1.0
2008-07-23,934.75,2008-07-24,927.75,10517,927.75,2008-07-24,927.75,10518.0,1.0,True,1.0,1.0
2008-07-24,927.75,2008-07-25,932.25,10518,932.25,2008-07-25,932.25,10519.0,1.0,True,1.0,1.0
2008-07-25,932.25,2008-07-28,929.25,10519,929.25,2008-07-28,929.25,10520.0,1.0,True,1.0,1.0
2008-07-28,929.25,2008-07-29,928.75,10520,928.75,2008-07-29,928.75,10521.0,1.0,True,1.0,1.0
2008-07-29,928.75,2008-07-30,914.1,10521,914.1,2008-07-30,914.1,10522.0,1.0,True,1.0,1.0
2008-07-30,914.1,2008-07-31,912.0,10522,912.0,2008-07-31,912.0,10523.0,1.0,True,1.0,1.0
2008-07-31,912.0,2008-08-01,909.5,10523,909.5,2008-08-01,909.5,10524.0,1.0,True,1.0,1.0
2008-08-01,909.5,2008-08-04,910.0,10524,910.0,2008-08-04,910.0,10525.0,1.0,True,1.0,1.0
2008-08-04,910.0,2008-08-05,884.0,10525,884.0,2008-08-05,884.0,10526.0,1.0,True,1.0,1.0
2008-08-05,884.0,2008-08-06,884.75,10526,884.75,2008-08-06,884.75,10527.0,1.0,True,1.0,1.0
2008-08-06,884.75,2008-08-07,882.5,10527,882.5,2008-08-07,882.5,10528.0,1.0,True,1.0,1.0
2008-08-07,882.5,2008-08-08,864.5,10528,864.5,2008-08-08,864.5,10529.0,1.0,True,1.0,1.0
2008-08-08,864.5,2008-08-11,863.75,10529,863.75,2008-08-11,863.75,10530.0,1.0,True,1.0,1.0
2008-08-11,863.75,2008-08-12,808.75,10530,808.75,2008-08-12,808.75,10531.0,1.0,True,1.0,1.0
2008-08-12,808.75,2008-08-13,824.0,10531,824.0,2008-08-13,824.0,10532.0,1.0,True,1.0,1.0
2008-08-13,824.0,2008-08-14,833.25,10532,833.25,2008-08-14,833.25,10533.0,1.0,True,1.0,1.0
2008-08-14,833.25,2008-08-15,784.75,10533,784.75,2008-08-15,784.75,10534.0,1.0,True,1.0,1.0
2008-08-15,784.75,2008-08-18,797.5,10534,797.5,2008-08-18,797.5,10535.0,1.0,True,1.0,1.0
2008-08-18,797.5,2008-08-19,791.0,10535,791.0,2008-08-19,791.0,10536.0,1.0,True,1.0,1.0
2008-08-19,791.0,2008-08-20,806.75,10536,806.75,2008-08-20,806.75,10537.0,1.0,True,1.0,1.0
2008-08-20,806.75,2008-08-21,821.0,10537,821.0,2008-08-21,821.0,10538.0,1.0,True,1.0,1.0
2008-08-21,821.0,2008-08-22,830.0,10538,830.0,2008-09-02,802.5,10546.0,8.0,True,0.0,0.0
2008-09-02,802.5,2008-09-03,794.5,10546,794.5,2008-09-03,794.5,10547.0,1.0,True,1.0,1.0
2008-09-03,794.5,2008-09-04,810.5,10547,810.5,2008-09-04,810.5,10548.0,1.0,True,1.0,1.0
2008-09-04,810.5,2008-09-05,796.25,10548,796.25,2008-09-05,796.25,10549.0,1.0,True,1.0,1.0
2008-09-05,796.25,2008-09-08,806.5,10549,806.5,2008-09-08,806.5,10550.0,1.0,True,1.0,1.0
2008-09-08,806.5,2008-09-09,799.75,10550,799.75,2008-09-09,799.75,10551.0,1.0,True,1.0,1.0
2008-09-09,799.75,2008-09-10,774.25,10551,774.25,2008-09-10,774.25,10552.0,1.0,True,1.0,1.0
2008-09-10,774.25,2008-09-11,742.75,10552,742.75,2008-09-11,742.75,10553.0,1.0,True,1.0,1.0
2008-09-11,742.75,2008-09-12,757.5,10553,757.5,2008-09-12,757.5,10554.0,1.0,True,1.0,1.0
2008-09-12,757.5,2008-09-15,779.25,10554,779.25,2008-09-15,779.25,10555.0,1.0,True,1.0,1.0
2008-09-15,779.25,2008-09-16,779.75,10555,779.75,2008-09-16,779.75,10556.0,1.0,True,1.0,1.0
2008-09-16,779.75,2008-09-17,785.5,10556,785.5,2008-09-17,785.5,10557.0,1.0,True,1.0,1.0
2008-09-17,785.5,2008-09-18,864.25,10557,864.25,2008-09-18,864.25,10558.0,1.0,True,1.0,1.0
2008-09-18,864.25,2008-09-19,837.5,10558,837.5,2008-09-19,837.5,10559.0,1.0,True,1.0,1.0
2008-09-19,837.5,2008-09-22,873.0,10559,873.0,2008-09-23,892.5,10561.0,2.0,True,0.0,0.0
2008-09-23,892.5,2008-09-24,888.5,10561,888.5,2008-09-24,888.5,10562.0,1.0,True,1.0,1.0
2008-09-24,888.5,2008-09-25,889.0,10562,889.0,2008-09-25,889.0,10563.0,1.0,True,1.0,1.0
2008-09-25,889.0,2008-09-26,869.0,10563,869.0,2008-09-26,869.0,10564.0,1.0,True,1.0,1.0
2008-09-26,869.0,2008-09-29,876.5,10564,876.5,2008-09-29,876.5,10565.0,1.0,True,1.0,1.0
2008-09-29,876.5,2008-09-30,897.0,10565,897.0,2008-09-30,897.0,10566.0,1.0,True,1.0,1.0
2008-09-30,897.0,2008-10-01,876.0,10566,876.0,2008-10-01,876.0,10567.0,1.0,True,1.0,1.0
2008-10-01,876.0,2008-10-02,866.25,10567,866.25,2008-10-02,866.25,10568.0,1.0,True,1.0,1.0
2008-10-02,866.25,2008-10-03,842.5,10568,842.5,2008-10-03,842.5,10569.0,1.0,True,1.0,1.0
2008-10-03,842.5,2008-10-06,836.5,10569,836.5,2008-10-06,836.5,10570.0,1.0,True,1.0,1.0
2008-10-06,836.5,2008-10-07,881.75,10570,881.75,2008-10-07,881.75,10571.0,1.0,True,1.0,1.0
2008-10-07,881.75,2008-10-08,913.0,10571,913.0,2008-10-08,913.0,10572.0,1.0,True,1.0,1.0
2008-10-08,913.0,2008-10-09,886.75,10572,886.75,2008-10-09,886.75,10573.0,1.0,True,1.0,1.0
2008-10-09,886.75,2008-10-10,918.0,10573,918.0,2008-10-10,918.0,10574.0,1.0,True,1.0,1.0
2008-10-10,918.0,2008-10-13,865.0,10574,865.0,2008-10-13,865.0,10575.0,1.0,True,1.0,1.0
2008-10-13,865.0,2008-10-14,849.5,10575,849.5,2008-10-14,849.5,10576.0,1.0,True,1.0,1.0
2008-10-14,849.5,2008-10-15,848.5,10576,848.5,2008-10-15,848.5,10577.0,1.0,True,1.0,1.0
2008-10-15,848.5,2008-10-16,834.5,10577,834.5,2008-10-16,834.5,10578.0,1.0,True,1.0,1.0
2008-10-16,834.5,2008-10-17,801.0,10578,801.0,2008-10-17,801.0,10579.0,1.0,True,1.0,1.0
2008-10-17,801.0,2008-10-20,803.0,10579,803.0,2008-10-20,803.0,10580.0,1.0,True,1.0,1.0
2008-10-20,803.0,2008-10-21,781.0,10580,781.0,2008-10-21,781.0,10581.0,1.0,True,1.0,1.0
2008-10-21,781.0,2008-10-22,757.5,10581,757.5,2008-10-22,757.5,10582.0,1.0,True,1.0,1.0
2008-10-22,757.5,2008-10-23,726.0,10582,726.0,2008-10-23,726.0,10583.0,1.0,True,1.0,1.0
2008-10-23,726.0,2008-10-24,692.5,10583,692.5,2008-10-24,692.5,10584.0,1.0,True,1.0,1.0
2008-10-24,692.5,2008-10-27,720.5,10584,720.5,2008-10-27,720.5,10585.0,1.0,True,1.0,1.0
2008-10-27,720.5,2008-10-28,745.0,10585,745.0,2008-10-28,745.0,10586.0,1.0,True,1.0,1.0
2008-10-28,745.0,2008-10-29,749.25,10586,749.25,2008-10-29,749.25,10587.0,1.0,True,1.0,1.0
2008-10-29,749.25,2008-10-30,772.25,10587,772.25,2008-10-30,772.25,10588.0,1.0,True,1.0,1.0
2008-10-30,772.25,2008-10-31,728.5,10588,728.5,2008-10-31,728.5,10589.0,1.0,True,1.0,1.0
2008-10-31,728.5,2008-11-03,734.0,10589,734.0,2008-11-03,734.0,10590.0,1.0,True,1.0,1.0
2008-11-03,734.0,2008-11-04,734.0,10590,734.0,2008-11-04,734.0,10591.0,1.0,True,1.0,1.0
2008-11-04,734.0,2008-11-05,753.25,10591,753.25,2008-11-05,753.25,10592.0,1.0,True,1.0,1.0
2008-11-05,753.25,2008-11-06,739.0,10592,739.0,2008-11-06,739.0,10593.0,1.0,True,1.0,1.0
2008-11-06,739.0,2008-11-07,742.0,10593,742.0,2008-11-07,742.0,10594.0,1.0,True,1.0,1.0
2008-11-07,742.0,2008-11-10,751.75,10594,751.75,2008-11-10,751.75,10595.0,1.0,True,1.0,1.0
2008-11-10,751.75,2008-11-11,741.75,10595,741.75,2008-11-11,741.75,10596.0,1.0,True,1.0,1.0
2008-11-11,741.75,2008-11-12,731.5,10596,731.5,2008-11-12,731.5,10597.0,1.0,True,1.0,1.0
2008-11-12,731.5,2008-11-13,714.0,10597,714.0,2008-11-13,714.0,10598.0,1.0,True,1.0,1.0
2008-11-13,714.0,2008-11-14,729.5,10598,729.5,2008-11-14,729.5,10599.0,1.0,True,1.0,1.0
2008-11-14,729.5,2008-11-17,745.0,10599,745.0,2008-11-17,745.0,10600.0,1.0,True,1.0,1.0
2008-11-17,745.0,2008-11-18,736.5,10600,736.5,2008-11-18,736.5,10601.0,1.0,True,1.0,1.0
2008-11-18,736.5,2008-11-19,737.75,10601,737.75,2008-11-19,737.75,10602.0,1.0,True,1.0,1.0
2008-11-19,737.75,2008-11-20,745.25,10602,745.25,2008-11-20,745.25,10603.0,1.0,True,1.0,1.0
2008-11-20,745.25,2008-11-21,758.5,10603,758.5,2008-11-21,758.5,10604.0,1.0,True,1.0,1.0
2008-11-21,758.5,2008-11-24,816.75,10604,816.75,2008-11-24,816.75,10605.0,1.0,True,1.0,1.0
2008-11-24,816.75,2008-11-25,802.5,10605,802.5,2008-11-25,802.5,10606.0,1.0,True,1.0,1.0
2008-11-25,802.5,2008-11-26,817.0,10606,817.0,2008-11-26,817.0,10607.0,1.0,True,1.0,1.0
2008-11-26,817.0,2008-11-27,813.5,10607,813.5,2008-11-27,813.5,10608.0,1.0,True,1.0,1.0
2008-11-27,813.5,2008-11-28,813.5,10608,813.5,2008-11-28,813.5,10609.0,1.0,True,1.0,1.0
2008-11-28,813.5,2008-12-01,795.5,10609,795.5,2008-12-01,795.5,10610.0,1.0,True,1.0,1.0
2008-12-01,795.5,2008-12-02,772.5,10610,772.5,2008-12-02,772.5,10611.0,1.0,True,1.0,1.0
2008-12-02,772.5,2008-12-03,773.5,10611,773.5,2008-12-03,773.5,10612.0,1.0,True,1.0,1.0
2008-12-03,773.5,2008-12-04,772.75,10612,772.75,2008-12-04,772.75,10613.0,1.0,True,1.0,1.0
2008-12-04,772.75,2008-12-05,771.75,10613,771.75,2008-12-05,771.75,10614.0,1.0,True,1.0,1.0
2008-12-05,771.75,2008-12-08,772.25,10614,772.25,2008-12-08,772.25,10615.0,1.0,True,1.0,1.0
2008-12-08,772.25,2008-12-09,771.0,10615,771.0,2008-12-09,771.0,10616.0,1.0,True,1.0,1.0
2008-12-09,771.0,2008-12-10,785.75,10616,785.75,2008-12-10,785.75,10617.0,1.0,True,1.0,1.0
2008-12-10,785.75,2008-12-11,821.0,10617,821.0,2008-12-11,821.0,10618.0,1.0,True,1.0,1.0
2008-12-11,821.0,2008-12-12,813.75,10618,813.75,2008-12-12,813.75,10619.0,1.0,True,1.0,1.0
2008-12-12,813.75,2008-12-15,827.5,10619,827.5,2008-12-15,827.5,10620.0,1.0,True,1.0,1.0
2008-12-15,827.5,2008-12-16,833.5,10620,833.5,2008-12-16,833.5,10621.0,1.0,True,1.0,1.0
2008-12-16,833.5,2008-12-17,853.75,10621,853.75,2008-12-17,853.75,10622.0,1.0,True,1.0,1.0
2008-12-17,853.75,2008-12-18,872.5,10622,872.5,2008-12-18,872.5,10623.0,1.0,True,1.0,1.0
2008-12-18,872.5,2008-12-19,839.0,10623,839.0,2008-12-19,839.0,10624.0,1.0,True,1.0,1.0
2008-12-19,839.0,2008-12-22,846.0,10624,846.0,2008-12-22,846.0,10625.0,1.0,True,1.0,1.0
2008-12-22,846.0,2008-12-23,844.0,10625,844.0,2008-12-23,844.0,10626.0,1.0,True,1.0,1.0
2008-12-23,844.0,2008-12-24,836.75,10626,836.75,2009-01-09,854.0,10639.0,13.0,True,0.0,0.0
2009-01-09,854.0,2009-01-12,848.5,10639,848.5,2009-01-12,848.5,10640.0,1.0,True,1.0,1.0
2009-01-12,848.5,2009-01-13,815.5,10640,815.5,2009-01-13,815.5,10641.0,1.0,True,1.0,1.0
2009-01-13,815.5,2009-01-14,827.25,10641,827.25,2009-01-14,827.25,10642.0,1.0,True,1.0,1.0
2009-01-14,827.25,2009-01-15,813.0,10642,813.0,2009-01-15,813.0,10643.0,1.0,True,1.0,1.0
2009-01-15,813.0,2009-01-16,824.25,10643,824.25,2009-01-16,824.25,10644.0,1.0,True,1.0,1.0
2009-01-16,824.25,2009-01-19,842.5,10644,842.5,2009-01-19,842.5,10645.0,1.0,True,1.0,1.0
2009-01-19,842.5,2009-01-20,835.0,10645,835.0,2009-01-20,835.0,10646.0,1.0,True,1.0,1.0
2009-01-20,835.0,2009-01-21,860.5,10646,860.5,2009-01-21,860.5,10647.0,1.0,True,1.0,1.0
2009-01-21,860.5,2009-01-22,847.75,10647,847.75,2009-01-26,906.5,10650.0,3.0,True,0.0,0.0
2009-01-26,906.5,2009-01-27,896.0,10650,896.0,2009-01-27,896.0,10651.0,1.0,True,1.0,1.0
2009-01-27,896.0,2009-01-28,891.25,10651,891.25,2009-01-28,891.25,10652.0,1.0,True,1.0,1.0
2009-01-28,891.25,2009-01-29,878.5,10652,878.5,2009-01-30,918.5,10654.0,2.0,True,0.0,0.0
2009-01-30,918.5,2009-02-02,913.75,10654,913.75,2009-02-02,913.75,10655.0,1.0,True,1.0,1.0
2009-02-02,913.75,2009-02-03,902.0,10655,902.0,2009-02-03,902.0,10656.0,1.0,True,1.0,1.0
2009-02-03,902.0,2009-02-04,902.25,10656,902.25,2009-02-04,902.25,10657.0,1.0,True,1.0,1.0
2009-02-04,902.25,2009-02-05,914.75,10657,914.75,2009-02-05,914.75,10658.0,1.0,True,1.0,1.0
2009-02-05,914.75,2009-02-06,914.0,10658,914.0,2009-02-06,914.0,10659.0,1.0,True,1.0,1.0
2009-02-06,914.0,2009-02-09,901.0,10659,901.0,2009-02-09,901.0,10660.0,1.0,True,1.0,1.0
2009-02-09,901.0,2009-02-10,896.0,10660,896.0,2009-02-10,896.0,10661.0,1.0,True,1.0,1.0
2009-02-10,896.0,2009-02-11,922.0,10661,922.0,2009-02-11,922.0,10662.0,1.0,True,1.0,1.0
2009-02-11,922.0,2009-02-12,944.0,10662,944.0,2009-02-12,944.0,10663.0,1.0,True,1.0,1.0
2009-02-12,944.0,2009-02-13,939.25,10663,939.25,2009-02-13,939.25,10664.0,1.0,True,1.0,1.0
2009-02-13,939.25,2009-02-16,943.0,10664,943.0,2009-02-16,943.0,10665.0,1.0,True,1.0,1.0
2009-02-16,943.0,2009-02-17,962.25,10665,962.25,2009-02-17,962.25,10666.0,1.0,True,1.0,1.0
2009-02-17,962.25,2009-02-18,964.75,10666,964.75,2009-02-18,964.75,10667.0,1.0,True,1.0,1.0
2009-02-18,964.75,2009-02-19,973.5,10667,973.5,2009-02-19,973.5,10668.0,1.0,True,1.0,1.0
2009-02-19,973.5,2009-02-20,981.0,10668,981.0,2009-02-20,981.0,10669.0,1.0,True,1.0,1.0
2009-02-20,981.0,2009-02-23,987.0,10669,987.0,2009-02-23,987.0,10670.0,1.0,True,1.0,1.0
2009-02-23,987.0,2009-02-24,989.75,10670,989.75,2009-02-24,989.75,10671.0,1.0,True,1.0,1.0
2009-02-24,989.75,2009-02-25,956.25,10671,956.25,2009-02-25,956.25,10672.0,1.0,True,1.0,1.0
2009-02-25,956.25,2009-02-26,945.0,10672,945.0,2009-02-26,945.0,10673.0,1.0,True,1.0,1.0
2009-02-26,945.0,2009-02-27,943.75,10673,943.75,2009-02-27,943.75,10674.0,1.0,True,1.0,1.0
2009-02-27,943.75,2009-03-02,949.5,10674,949.5,2009-03-02,949.5,10675.0,1.0,True,1.0,1.0
2009-03-02,949.5,2009-03-03,924.75,10675,924.75,2009-03-03,924.75,10676.0,1.0,True,1.0,1.0
2009-03-03,924.75,2009-03-04,911.0,10676,911.0,2009-03-04,911.0,10677.0,1.0,True,1.0,1.0
2009-03-04,911.0,2009-03-05,913.25,10677,913.25,2009-03-05,913.25,10678.0,1.0,True,1.0,1.0
2009-03-05,913.25,2009-03-06,937.75,10678,937.75,2009-03-06,937.75,10679.0,1.0,True,1.0,1.0
2009-03-06,937.75,2009-03-09,934.75,10679,934.75,2009-03-09,934.75,10680.0,1.0,True,1.0,1.0
2009-03-09,934.75,2009-03-10,911.5,10680,911.5,2009-03-10,911.5,10681.0,1.0,True,1.0,1.0
2009-03-10,911.5,2009-03-11,900.0,10681,900.0,2009-03-11,900.0,10682.0,1.0,True,1.0,1.0
2009-03-11,900.0,2009-03-12,914.5,10682,914.5,2009-03-12,914.5,10683.0,1.0,True,1.0,1.0
2009-03-12,914.5,2009-03-13,920.0,10683,920.0,2009-03-13,920.0,10684.0,1.0,True,1.0,1.0
2009-03-13,920.0,2009-03-16,923.0,10684,923.0,2009-03-16,923.0,10685.0,1.0,True,1.0,1.0
2009-03-16,923.0,2009-03-17,920.0,10685,920.0,2009-03-17,920.0,10686.0,1.0,True,1.0,1.0
2009-03-17,920.0,2009-03-18,910.75,10686,910.75,2009-03-18,910.75,10687.0,1.0,True,1.0,1.0
2009-03-18,910.75,2009-03-19,937.25,10687,937.25,2009-03-19,937.25,10688.0,1.0,True,1.0,1.0
2009-03-19,937.25,2009-03-20,957.0,10688,957.0,2009-03-20,957.0,10689.0,1.0,True,1.0,1.0
2009-03-20,957.0,2009-03-23,952.75,10689,952.75,2009-03-23,952.75,10690.0,1.0,True,1.0,1.0
2009-03-23,952.75,2009-03-24,928.75,10690,928.75,2009-03-24,928.75,10691.0,1.0,True,1.0,1.0
2009-03-24,928.75,2009-03-25,921.25,10691,921.25,2009-03-25,921.25,10692.0,1.0,True,1.0,1.0
2009-03-25,921.25,2009-03-26,935.5,10692,935.5,2009-03-26,935.5,10693.0,1.0,True,1.0,1.0
2009-03-26,935.5,2009-03-27,927.0,10693,927.0,2009-03-27,927.0,10694.0,1.0,True,1.0,1.0
2009-03-27,927.0,2009-03-30,923.0,10694,923.0,2009-03-30,923.0,10695.0,1.0,True,1.0,1.0
2009-03-30,923.0,2009-03-31,918.5,10695,918.5,2009-03-31,918.5,10696.0,1.0,True,1.0,1.0
2009-03-31,918.5,2009-04-01,919.5,10696,919.5,2009-04-01,919.5,10697.0,1.0,True,1.0,1.0
2009-04-01,919.5,2009-04-02,914.75,10697,914.75,2009-04-02,914.75,10698.0,1.0,True,1.0,1.0
2009-04-02,914.75,2009-04-03,901.5,10698,901.5,2009-04-03,901.5,10699.0,1.0,True,1.0,1.0
2009-04-03,901.5,2009-04-06,879.5,10699,879.5,2009-04-06,879.5,10700.0,1.0,True,1.0,1.0
2009-04-06,879.5,2009-04-07,879.25,10700,879.25,2009-04-07,879.25,10701.0,1.0,True,1.0,1.0
2009-04-07,879.25,2009-04-08,887.25,10701,887.25,2009-04-08,887.25,10702.0,1.0,True,1.0,1.0
2009-04-08,887.25,2009-04-09,883.75,10702,883.75,2009-04-21,888.75,10711.0,9.0,True,0.0,0.0
2009-04-21,888.75,2009-04-22,885.0,10711,885.0,2009-04-22,885.0,10712.0,1.0,True,1.0,1.0
2009-04-22,885.0,2009-04-23,894.5,10712,894.5,2009-04-23,894.5,10713.0,1.0,True,1.0,1.0
2009-04-23,894.5,2009-04-24,909.0,10713,909.0,2009-04-24,909.0,10714.0,1.0,True,1.0,1.0
2009-04-24,909.0,2009-04-27,911.75,10714,911.75,2009-04-27,911.75,10715.0,1.0,True,1.0,1.0
2009-04-27,911.75,2009-04-28,897.0,10715,897.0,2009-04-28,897.0,10716.0,1.0,True,1.0,1.0
2009-04-28,897.0,2009-04-29,894.5,10716,894.5,2009-04-29,894.5,10717.0,1.0,True,1.0,1.0
2009-04-29,894.5,2009-04-30,889.0,10717,889.0,2009-04-30,889.0,10718.0,1.0,True,1.0,1.0
2009-04-30,889.0,2009-05-01,881.5,10718,881.5,2009-05-12,920.0,10726.0,8.0,True,0.0,0.0
2009-05-12,920.0,2009-05-13,925.75,10726,925.75,2009-05-13,925.75,10727.0,1.0,True,1.0,1.0
2009-05-13,925.75,2009-05-14,923.25,10727,923.25,2009-05-14,923.25,10728.0,1.0,True,1.0,1.0
2009-05-14,923.25,2009-05-15,925.0,10728,925.0,2009-05-15,925.0,10729.0,1.0,True,1.0,1.0
2009-05-15,925.0,2009-05-18,929.75,10729,929.75,2009-05-18,929.75,10730.0,1.0,True,1.0,1.0
2009-05-18,929.75,2009-05-19,921.5,10730,921.5,2009-05-19,921.5,10731.0,1.0,True,1.0,1.0
2009-05-19,921.5,2009-05-20,928.5,10731,928.5,2009-05-20,928.5,10732.0,1.0,True,1.0,1.0
2009-05-20,928.5,2009-05-21,940.0,10732,940.0,2009-05-21,940.0,10733.0,1.0,True,1.0,1.0
2009-05-21,940.0,2009-05-22,952.5,10733,952.5,2009-06-02,973.5,10741.0,8.0,True,0.0,0.0
2009-06-02,973.5,2009-06-03,979.0,10741,979.0,2009-06-03,979.0,10742.0,1.0,True,1.0,1.0
2009-06-03,979.0,2009-06-04,967.25,10742,967.25,2009-06-04,967.25,10743.0,1.0,True,1.0,1.0
2009-06-04,967.25,2009-06-05,977.75,10743,977.75,2009-06-05,977.75,10744.0,1.0,True,1.0,1.0
2009-06-05,977.75,2009-06-08,946.5,10744,946.5,2009-06-08,946.5,10745.0,1.0,True,1.0,1.0
2009-06-08,946.5,2009-06-09,952.5,10745,952.5,2009-06-09,952.5,10746.0,1.0,True,1.0,1.0
2009-06-09,952.5,2009-06-10,961.25,10746,961.25,2009-06-10,961.25,10747.0,1.0,True,1.0,1.0
2009-06-10,961.25,2009-06-11,953.0,10747,953.0,2009-06-11,953.0,10748.0,1.0,True,1.0,1.0
2009-06-11,953.0,2009-06-12,950.0,10748,950.0,2009-06-12,950.0,10749.0,1.0,True,1.0,1.0
2009-06-12,950.0,2009-06-15,932.0,10749,932.0,2009-06-15,932.0,10750.0,1.0,True,1.0,1.0
2009-06-15,932.0,2009-06-16,936.75,10750,936.75,2009-06-16,936.75,10751.0,1.0,True,1.0,1.0
2009-06-16,936.75,2009-06-17,933.75,10751,933.75,2009-06-17,933.75,10752.0,1.0,True,1.0,1.0
2009-06-17,933.75,2009-06-18,936.75,10752,936.75,2009-06-18,936.75,10753.0,1.0,True,1.0,1.0
2009-06-18,936.75,2009-06-19,933.75,10753,933.75,2009-06-19,933.75,10754.0,1.0,True,1.0,1.0
2009-06-19,933.75,2009-06-22,924.0,10754,924.0,2009-06-23,920.25,10756.0,2.0,True,0.0,0.0
2009-06-23,920.25,2009-06-24,928.75,10756,928.75,2009-06-24,928.75,10757.0,1.0,True,1.0,1.0
2009-06-24,928.75,2009-06-25,934.25,10757,934.25,2009-06-25,934.25,10758.0,1.0,True,1.0,1.0
2009-06-25,934.25,2009-06-26,943.0,10758,943.0,2009-06-26,943.0,10759.0,1.0,True,1.0,1.0
2009-06-26,943.0,2009-06-29,939.75,10759,939.75,2009-06-29,939.75,10760.0,1.0,True,1.0,1.0
2009-06-29,939.75,2009-06-30,941.0,10760,941.0,2009-06-30,941.0,10761.0,1.0,True,1.0,1.0
2009-06-30,941.0,2009-07-01,931.5,10761,931.5,2009-07-01,931.5,10762.0,1.0,True,1.0,1.0
2009-07-01,931.5,2009-07-02,936.0,10762,936.0,2009-07-02,936.0,10763.0,1.0,True,1.0,1.0
2009-07-02,936.0,2009-07-03,932.5,10763,932.5,2009-07-03,932.5,10764.0,1.0,True,1.0,1.0
2009-07-03,932.5,2009-07-06,921.5,10764,921.5,2009-07-06,921.5,10765.0,1.0,True,1.0,1.0
2009-07-06,921.5,2009-07-07,925.75,10765,925.75,2009-07-07,925.75,10766.0,1.0,True,1.0,1.0
2009-07-07,925.75,2009-07-08,920.75,10766,920.75,2009-07-08,920.75,10767.0,1.0,True,1.0,1.0
2009-07-08,920.75,2009-07-09,914.75,10767,914.75,2009-07-09,914.75,10768.0,1.0,True,1.0,1.0
2009-07-09,914.75,2009-07-10,910.0,10768,910.0,2009-07-10,910.0,10769.0,1.0,True,1.0,1.0
2009-07-10,910.0,2009-07-13,908.5,10769,908.5,2009-07-13,908.5,10770.0,1.0,True,1.0,1.0
2009-07-13,908.5,2009-07-14,921.75,10770,921.75,2009-07-14,921.75,10771.0,1.0,True,1.0,1.0
2009-07-14,921.75,2009-07-15,930.0,10771,930.0,2009-07-15,930.0,10772.0,1.0,True,1.0,1.0
2009-07-15,930.0,2009-07-16,935.25,10772,935.25,2009-07-16,935.25,10773.0,1.0,True,1.0,1.0
2009-07-16,935.25,2009-07-17,934.5,10773,934.5,2009-07-17,934.5,10774.0,1.0,True,1.0,1.0
2009-07-17,934.5,2009-07-20,952.25,10774,952.25,2009-07-20,952.25,10775.0,1.0,True,1.0,1.0
2009-07-20,952.25,2009-07-21,947.75,10775,947.75,2009-07-21,947.75,10776.0,1.0,True,1.0,1.0
2009-07-21,947.75,2009-07-22,945.5,10776,945.5,2009-07-22,945.5,10777.0,1.0,True,1.0,1.0
2009-07-22,945.5,2009-07-23,955.25,10777,955.25,2009-07-23,955.25,10778.0,1.0,True,1.0,1.0
2009-07-23,955.25,2009-07-24,949.75,10778,949.75,2009-07-24,949.75,10779.0,1.0,True,1.0,1.0
2009-07-24,949.75,2009-07-27,956.0,10779,956.0,2009-07-27,956.0,10780.0,1.0,True,1.0,1.0
2009-07-27,956.0,2009-07-28,955.0,10780,955.0,2009-07-28,955.0,10781.0,1.0,True,1.0,1.0
2009-07-28,955.0,2009-07-29,935.5,10781,935.5,2009-07-29,935.5,10782.0,1.0,True,1.0,1.0
2009-07-29,935.5,2009-07-30,932.0,10782,932.0,2009-07-30,932.0,10783.0,1.0,True,1.0,1.0
2009-07-30,932.0,2009-07-31,936.5,10783,936.5,2009-07-31,936.5,10784.0,1.0,True,1.0,1.0
2009-07-31,936.5,2009-08-03,954.25,10784,954.25,2009-08-03,954.25,10785.0,1.0,True,1.0,1.0
2009-08-03,954.25,2009-08-04,953.5,10785,953.5,2009-08-04,953.5,10786.0,1.0,True,1.0,1.0
2009-08-04,953.5,2009-08-05,964.5,10786,964.5,2009-08-05,964.5,10787.0,1.0,True,1.0,1.0
2009-08-05,964.5,2009-08-06,960.75,10787,960.75,2009-08-06,960.75,10788.0,1.0,True,1.0,1.0
2009-08-06,960.75,2009-08-07,960.5,10788,960.5,2009-08-07,960.5,10789.0,1.0,True,1.0,1.0
2009-08-07,960.5,2009-08-10,953.5,10789,953.5,2009-08-10,953.5,10790.0,1.0,True,1.0,1.0
2009-08-10,953.5,2009-08-11,946.0,10790,946.0,2009-08-11,946.0,10791.0,1.0,True,1.0,1.0
2009-08-11,946.0,2009-08-12,943.5,10791,943.5,2009-08-12,943.5,10792.0,1.0,True,1.0,1.0
2009-08-12,943.5,2009-08-13,956.0,10792,956.0,2009-08-13,956.0,10793.0,1.0,True,1.0,1.0
2009-08-13,956.0,2009-08-14,957.5,10793,957.5,2009-08-14,957.5,10794.0,1.0,True,1.0,1.0
2009-08-14,957.5,2009-08-17,937.5,10794,937.5,2009-08-17,937.5,10795.0,1.0,True,1.0,1.0
2009-08-17,937.5,2009-08-18,938.25,10795,938.25,2009-08-18,938.25,10796.0,1.0,True,1.0,1.0
2009-08-18,938.25,2009-08-19,934.25,10796,934.25,2009-08-19,934.25,10797.0,1.0,True,1.0,1.0
2009-08-19,934.25,2009-08-20,943.5,10797,943.5,2009-08-20,943.5,10798.0,1.0,True,1.0,1.0
2009-08-20,943.5,2009-08-21,941.5,10798,941.5,2009-08-21,941.5,10799.0,1.0,True,1.0,1.0
2009-08-21,941.5,2009-08-24,953.75,10799,953.75,2009-08-24,953.75,10800.0,1.0,True,1.0,1.0
2009-08-24,953.75,2009-08-25,947.5,10800,947.5,2009-08-25,947.5,10801.0,1.0,True,1.0,1.0
2009-08-25,947.5,2009-08-26,949.5,10801,949.5,2009-08-26,949.5,10802.0,1.0,True,1.0,1.0
2009-08-26,949.5,2009-08-27,943.5,10802,943.5,2009-08-27,943.5,10803.0,1.0,True,1.0,1.0
2009-08-27,943.5,2009-08-28,950.75,10803,950.75,2009-09-08,1004.5,10811.0,8.0,True,0.0,0.0
2009-09-08,1004.5,2009-09-09,995.75,10811,995.75,2009-09-09,995.75,10812.0,1.0,True,1.0,1.0
2009-09-09,995.75,2009-09-10,988.5,10812,988.5,2009-09-10,988.5,10813.0,1.0,True,1.0,1.0
2009-09-10,988.5,2009-09-11,998.25,10813,998.25,2009-09-11,998.25,10814.0,1.0,True,1.0,1.0
2009-09-11,998.25,2009-09-14,994.25,10814,994.25,2009-09-14,994.25,10815.0,1.0,True,1.0,1.0
2009-09-14,994.25,2009-09-15,997.5,10815,997.5,2009-09-15,997.5,10816.0,1.0,True,1.0,1.0
2009-09-15,997.5,2009-09-16,1017.0,10816,1017.0,2009-09-16,1017.0,10817.0,1.0,True,1.0,1.0
2009-09-16,1017.0,2009-09-17,1020.5,10817,1020.5,2009-09-17,1020.5,10818.0,1.0,True,1.0,1.0
2009-09-17,1020.5,2009-09-18,1014.0,10818,1014.0,2009-09-18,1014.0,10819.0,1.0,True,1.0,1.0
2009-09-18,1014.0,2009-09-21,999.25,10819,999.25,2009-09-21,999.25,10820.0,1.0,True,1.0,1.0
2009-09-21,999.25,2009-09-22,1015.75,10820,1015.75,2009-09-22,1015.75,10821.0,1.0,True,1.0,1.0
2009-09-22,1015.75,2009-09-23,1014.75,10821,1014.75,2009-09-23,1014.75,10822.0,1.0,True,1.0,1.0
2009-09-23,1014.75,2009-09-24,1014.0,10822,1014.0,2009-09-24,1014.0,10823.0,1.0,True,1.0,1.0
2009-09-24,1014.0,2009-09-25,997.0,10823,997.0,2009-09-25,997.0,10824.0,1.0,True,1.0,1.0
2009-09-25,997.0,2009-09-28,990.5,10824,990.5,2009-09-29,991.75,10826.0,2.0,True,0.0,0.0
2009-09-29,991.75,2009-09-30,1001.25,10826,1001.25,2009-09-30,1001.25,10827.0,1.0,True,1.0,1.0
2009-09-30,1001.25,2009-10-01,1005.75,10827,1005.75,2009-10-01,1005.75,10828.0,1.0,True,1.0,1.0
2009-10-01,1005.75,2009-10-02,998.0,10828,998.0,2009-10-02,998.0,10829.0,1.0,True,1.0,1.0
2009-10-02,998.0,2009-10-05,1004.25,10829,1004.25,2009-10-05,1004.25,10830.0,1.0,True,1.0,1.0
2009-10-05,1004.25,2009-10-06,1020.25,10830,1020.25,2009-10-06,1020.25,10831.0,1.0,True,1.0,1.0
2009-10-06,1020.25,2009-10-07,1047.0,10831,1047.0,2009-10-07,1047.0,10832.0,1.0,True,1.0,1.0
2009-10-07,1047.0,2009-10-08,1054.75,10832,1054.75,2009-10-08,1054.75,10833.0,1.0,True,1.0,1.0
2009-10-08,1054.75,2009-10-09,1046.75,10833,1046.75,2009-10-09,1046.75,10834.0,1.0,True,1.0,1.0
2009-10-09,1046.75,2009-10-12,1052.0,10834,1052.0,2009-10-12,1052.0,10835.0,1.0,True,1.0,1.0
2009-10-12,1052.0,2009-10-13,1064.5,10835,1064.5,2009-10-13,1064.5,10836.0,1.0,True,1.0,1.0
2009-10-13,1064.5,2009-10-14,1066.0,10836,1066.0,2009-10-14,1066.0,10837.0,1.0,True,1.0,1.0
2009-10-14,1066.0,2009-10-15,1052.5,10837,1052.5,2009-10-15,1052.5,10838.0,1.0,True,1.0,1.0
2009-10-15,1052.5,2009-10-16,1047.75,10838,1047.75,2009-10-16,1047.75,10839.0,1.0,True,1.0,1.0
2009-10-16,1047.75,2009-10-19,1054.5,10839,1054.5,2009-10-19,1054.5,10840.0,1.0,True,1.0,1.0
2009-10-19,1054.5,2009-10-20,1064.0,10840,1064.0,2009-10-20,1064.0,10841.0,1.0,True,1.0,1.0
2009-10-20,1064.0,2009-10-21,1053.5,10841,1053.5,2009-10-21,1053.5,10842.0,1.0,True,1.0,1.0
2009-10-21,1053.5,2009-10-22,1054.75,10842,1054.75,2009-10-22,1054.75,10843.0,1.0,True,1.0,1.0
2009-10-22,1054.75,2009-10-23,1061.25,10843,1061.25,2009-10-23,1061.25,10844.0,1.0,True,1.0,1.0
2009-10-23,1061.25,2009-10-26,1055.0,10844,1055.0,2009-10-26,1055.0,10845.0,1.0,True,1.0,1.0
2009-10-26,1055.0,2009-10-27,1040.75,10845,1040.75,2009-10-27,1040.75,10846.0,1.0,True,1.0,1.0
2009-10-27,1040.75,2009-10-28,1035.5,10846,1035.5,2009-10-28,1035.5,10847.0,1.0,True,1.0,1.0
2009-10-28,1035.5,2009-10-29,1034.0,10847,1034.0,2009-10-29,1034.0,10848.0,1.0,True,1.0,1.0
2009-10-29,1034.0,2009-10-30,1044.5,10848,1044.5,2009-10-30,1044.5,10849.0,1.0,True,1.0,1.0
2009-10-30,1044.5,2009-11-02,1052.0,10849,1052.0,2009-11-02,1052.0,10850.0,1.0,True,1.0,1.0
2009-11-02,1052.0,2009-11-03,1058.0,10850,1058.0,2009-11-03,1058.0,10851.0,1.0,True,1.0,1.0
2009-11-03,1058.0,2009-11-04,1091.75,10851,1091.75,2009-11-04,1091.75,10852.0,1.0,True,1.0,1.0
2009-11-04,1091.75,2009-11-05,1088.0,10852,1088.0,2009-11-05,1088.0,10853.0,1.0,True,1.0,1.0
2009-11-05,1088.0,2009-11-06,1095.0,10853,1095.0,2009-11-06,1095.0,10854.0,1.0,True,1.0,1.0
2009-11-06,1095.0,2009-11-09,1108.5,10854,1108.5,2009-11-09,1108.5,10855.0,1.0,True,1.0,1.0
2009-11-09,1108.5,2009-11-10,1099.75,10855,1099.75,2009-11-10,1099.75,10856.0,1.0,True,1.0,1.0
2009-11-10,1099.75,2009-11-11,1114.75,10856,1114.75,2009-11-11,1114.75,10857.0,1.0,True,1.0,1.0
2009-11-11,1114.75,2009-11-12,1116.0,10857,1116.0,2009-11-12,1116.0,10858.0,1.0,True,1.0,1.0
2009-11-12,1116.0,2009-11-13,1107.5,10858,1107.5,2009-11-13,1107.5,10859.0,1.0,True,1.0,1.0
2009-11-13,1107.5,2009-11-16,1128.75,10859,1128.75,2009-11-16,1128.75,10860.0,1.0,True,1.0,1.0
2009-11-16,1128.75,2009-11-17,1131.75,10860,1131.75,2009-11-17,1131.75,10861.0,1.0,True,1.0,1.0
2009-11-17,1131.75,2009-11-18,1146.0,10861,1146.0,2009-11-18,1146.0,10862.0,1.0,True,1.0,1.0
2009-11-18,1146.0,2009-11-19,1136.0,10862,1136.0,2009-11-19,1136.0,10863.0,1.0,True,1.0,1.0
2009-11-19,1136.0,2009-11-20,1142.5,10863,1142.5,2009-11-20,1142.5,10864.0,1.0,True,1.0,1.0
2009-11-20,1142.5,2009-11-23,1166.0,10864,1166.0,2009-11-23,1166.0,10865.0,1.0,True,1.0,1.0
2009-11-23,1166.0,2009-11-24,1170.25,10865,1170.25,2009-11-24,1170.25,10866.0,1.0,True,1.0,1.0
2009-11-24,1170.25,2009-11-25,1176.5,10866,1176.5,2009-11-25,1176.5,10867.0,1.0,True,1.0,1.0
2009-11-25,1176.5,2009-11-26,1183.0,10867,1183.0,2009-11-26,1183.0,10868.0,1.0,True,1.0,1.0
2009-11-26,1183.0,2009-11-27,1164.5,10868,1164.5,2009-11-27,1164.5,10869.0,1.0,True,1.0,1.0
2009-11-27,1164.5,2009-11-30,1172.0,10869,1172.0,2009-11-30,1172.0,10870.0,1.0,True,1.0,1.0
2009-11-30,1172.0,2009-12-01,1193.5,10870,1193.5,2009-12-01,1193.5,10871.0,1.0,True,1.0,1.0
2009-12-01,1193.5,2009-12-02,1211.5,10871,1211.5,2009-12-02,1211.5,10872.0,1.0,True,1.0,1.0
2009-12-02,1211.5,2009-12-03,1218.25,10872,1218.25,2009-12-03,1218.25,10873.0,1.0,True,1.0,1.0
2009-12-03,1218.25,2009-12-04,1203.25,10873,1203.25,2009-12-04,1203.25,10874.0,1.0,True,1.0,1.0
2009-12-04,1203.25,2009-12-07,1147.5,10874,1147.5,2009-12-07,1147.5,10875.0,1.0,True,1.0,1.0
2009-12-07,1147.5,2009-12-08,1164.25,10875,1164.25,2009-12-08,1164.25,10876.0,1.0,True,1.0,1.0
2009-12-08,1164.25,2009-12-09,1142.25,10876,1142.25,2009-12-09,1142.25,10877.0,1.0,True,1.0,1.0
2009-12-09,1142.25,2009-12-10,1125.75,10877,1125.75,2009-12-10,1125.75,10878.0,1.0,True,1.0,1.0
2009-12-10,1125.75,2009-12-11,1140.0,10878,1140.0,2009-12-11,1140.0,10879.0,1.0,True,1.0,1.0
2009-12-11,1140.0,2009-12-14,1120.0,10879,1120.0,2009-12-14,1120.0,10880.0,1.0,True,1.0,1.0
2009-12-14,1120.0,2009-12-15,1115.0,10880,1115.0,2009-12-15,1115.0,10881.0,1.0,True,1.0,1.0
2009-12-15,1115.0,2009-12-16,1134.0,10881,1134.0,2009-12-16,1134.0,10882.0,1.0,True,1.0,1.0
2009-12-16,1134.0,2009-12-17,1121.5,10882,1121.5,2009-12-17,1121.5,10883.0,1.0,True,1.0,1.0
2009-12-17,1121.5,2009-12-18,1106.5,10883,1106.5,2009-12-18,1106.5,10884.0,1.0,True,1.0,1.0
2009-12-18,1106.5,2009-12-21,1113.25,10884,1113.25,2009-12-21,1113.25,10885.0,1.0,True,1.0,1.0
2009-12-21,1113.25,2009-12-22,1094.25,10885,1094.25,2009-12-22,1094.25,10886.0,1.0,True,1.0,1.0
2009-12-22,1094.25,2009-12-23,1080.5,10886,1080.5,2009-12-23,1080.5,10887.0,1.0,True,1.0,1.0
2009-12-23,1080.5,2009-12-24,1104.5,10887,1104.5,2010-01-11,1158.0,10900.0,13.0,True,0.0,0.0
2010-01-11,1158.0,2010-01-12,1152.75,10900,1152.75,2010-01-12,1152.75,10901.0,1.0,True,1.0,1.0
2010-01-12,1152.75,2010-01-13,1132.75,10901,1132.75,2010-01-13,1132.75,10902.0,1.0,True,1.0,1.0
2010-01-13,1132.75,2010-01-14,1137.5,10902,1137.5,2010-01-14,1137.5,10903.0,1.0,True,1.0,1.0
2010-01-14,1137.5,2010-01-15,1132.0,10903,1132.0,2010-01-15,1132.0,10904.0,1.0,True,1.0,1.0
2010-01-15,1132.0,2010-01-18,1135.75,10904,1135.75,2010-01-18,1135.75,10905.0,1.0,True,1.0,1.0
2010-01-18,1135.75,2010-01-19,1134.0,10905,1134.0,2010-01-19,1134.0,10906.0,1.0,True,1.0,1.0
2010-01-19,1134.0,2010-01-20,1129.0,10906,1129.0,2010-01-20,1129.0,10907.0,1.0,True,1.0,1.0
2010-01-20,1129.0,2010-01-21,1104.0,10907,1104.0,2010-01-21,1104.0,10908.0,1.0,True,1.0,1.0
2010-01-21,1104.0,2010-01-22,1096.5,10908,1096.5,2010-01-26,1090.75,10911.0,3.0,True,0.0,0.0
2010-01-26,1090.75,2010-01-27,1094.75,10911,1094.75,2010-01-27,1094.75,10912.0,1.0,True,1.0,1.0
2010-01-27,1094.75,2010-01-28,1091.75,10912,1091.75,2010-01-28,1091.75,10913.0,1.0,True,1.0,1.0
2010-01-28,1091.75,2010-01-29,1082.75,10913,1082.75,2010-02-01,1082.0,10915.0,2.0,True,0.0,0.0
2010-02-01,1082.0,2010-02-02,1114.0,10915,1114.0,2010-02-02,1114.0,10916.0,1.0,True,1.0,1.0
2010-02-02,1114.0,2010-02-03,1118.5,10916,1118.5,2010-02-03,1118.5,10917.0,1.0,True,1.0,1.0
2010-02-03,1118.5,2010-02-04,1102.5,10917,1102.5,2010-02-04,1102.5,10918.0,1.0,True,1.0,1.0
2010-02-04,1102.5,2010-02-05,1052.25,10918,1052.25,2010-02-05,1052.25,10919.0,1.0,True,1.0,1.0
2010-02-05,1052.25,2010-02-08,1070.0,10919,1070.0,2010-02-08,1070.0,10920.0,1.0,True,1.0,1.0
2010-02-08,1070.0,2010-02-09,1068.0,10920,1068.0,2010-02-09,1068.0,10921.0,1.0,True,1.0,1.0
2010-02-09,1068.0,2010-02-10,1075.5,10921,1075.5,2010-02-10,1075.5,10922.0,1.0,True,1.0,1.0
2010-02-10,1075.5,2010-02-11,1079.5,10922,1079.5,2010-02-11,1079.5,10923.0,1.0,True,1.0,1.0
2010-02-11,1079.5,2010-02-12,1078.25,10923,1078.25,2010-02-12,1078.25,10924.0,1.0,True,1.0,1.0
2010-02-12,1078.25,2010-02-15,1099.5,10924,1099.5,2010-02-15,1099.5,10925.0,1.0,True,1.0,1.0
2010-02-15,1099.5,2010-02-16,1115.25,10925,1115.25,2010-02-16,1115.25,10926.0,1.0,True,1.0,1.0
2010-02-16,1115.25,2010-02-17,1118.25,10926,1118.25,2010-02-17,1118.25,10927.0,1.0,True,1.0,1.0
2010-02-17,1118.25,2010-02-18,1105.5,10927,1105.5,2010-02-18,1105.5,10928.0,1.0,True,1.0,1.0
2010-02-18,1105.5,2010-02-19,1107.0,10928,1107.0,2010-02-19,1107.0,10929.0,1.0,True,1.0,1.0
2010-02-19,1107.0,2010-02-22,1119.75,10929,1119.75,2010-02-22,1119.75,10930.0,1.0,True,1.0,1.0
2010-02-22,1119.75,2010-02-23,1112.0,10930,1112.0,2010-02-23,1112.0,10931.0,1.0,True,1.0,1.0
2010-02-23,1112.0,2010-02-24,1093.0,10931,1093.0,2010-02-24,1093.0,10932.0,1.0,True,1.0,1.0
2010-02-24,1093.0,2010-02-25,1092.75,10932,1092.75,2010-02-25,1092.75,10933.0,1.0,True,1.0,1.0
2010-02-25,1092.75,2010-02-26,1112.5,10933,1112.5,2010-02-26,1112.5,10934.0,1.0,True,1.0,1.0
2010-02-26,1112.5,2010-03-01,1117.25,10934,1117.25,2010-03-01,1117.25,10935.0,1.0,True,1.0,1.0
2010-03-01,1117.25,2010-03-02,1116.0,10935,1116.0,2010-03-02,1116.0,10936.0,1.0,True,1.0,1.0
2010-03-02,1116.0,2010-03-03,1136.25,10936,1136.25,2010-03-03,1136.25,10937.0,1.0,True,1.0,1.0
2010-03-03,1136.25,2010-03-04,1136.25,10937,1136.25,2010-03-04,1136.25,10938.0,1.0,True,1.0,1.0
2010-03-04,1136.25,2010-03-05,1135.0,10938,1135.0,2010-03-05,1135.0,10939.0,1.0,True,1.0,1.0
2010-03-05,1135.0,2010-03-08,1134.0,10939,1134.0,2010-03-08,1134.0,10940.0,1.0,True,1.0,1.0
2010-03-08,1134.0,2010-03-09,1120.0,10940,1120.0,2010-03-09,1120.0,10941.0,1.0,True,1.0,1.0
2010-03-09,1120.0,2010-03-10,1124.5,10941,1124.5,2010-03-10,1124.5,10942.0,1.0,True,1.0,1.0
2010-03-10,1124.5,2010-03-11,1106.0,10942,1106.0,2010-03-11,1106.0,10943.0,1.0,True,1.0,1.0
2010-03-11,1106.0,2010-03-12,1118.75,10943,1118.75,2010-03-12,1118.75,10944.0,1.0,True,1.0,1.0
2010-03-12,1118.75,2010-03-15,1104.0,10944,1104.0,2010-03-15,1104.0,10945.0,1.0,True,1.0,1.0
2010-03-15,1104.0,2010-03-16,1113.25,10945,1113.25,2010-03-16,1113.25,10946.0,1.0,True,1.0,1.0
2010-03-16,1113.25,2010-03-17,1131.25,10946,1131.25,2010-03-17,1131.25,10947.0,1.0,True,1.0,1.0
2010-03-17,1131.25,2010-03-18,1122.75,10947,1122.75,2010-03-18,1122.75,10948.0,1.0,True,1.0,1.0
2010-03-18,1122.75,2010-03-19,1121.5,10948,1121.5,2010-03-19,1121.5,10949.0,1.0,True,1.0,1.0
2010-03-19,1121.5,2010-03-22,1104.25,10949,1104.25,2010-03-22,1104.25,10950.0,1.0,True,1.0,1.0
2010-03-22,1104.25,2010-03-23,1100.75,10950,1100.75,2010-03-23,1100.75,10951.0,1.0,True,1.0,1.0
2010-03-23,1100.75,2010-03-24,1094.0,10951,1094.0,2010-03-24,1094.0,10952.0,1.0,True,1.0,1.0
2010-03-24,1094.0,2010-03-25,1093.5,10952,1093.5,2010-03-25,1093.5,10953.0,1.0,True,1.0,1.0
2010-03-25,1093.5,2010-03-26,1098.0,10953,1098.0,2010-03-26,1098.0,10954.0,1.0,True,1.0,1.0
2010-03-26,1098.0,2010-03-29,1111.25,10954,1111.25,2010-03-29,1111.25,10955.0,1.0,True,1.0,1.0
2010-03-29,1111.25,2010-03-30,1109.75,10955,1109.75,2010-03-30,1109.75,10956.0,1.0,True,1.0,1.0
2010-03-30,1109.75,2010-03-31,1109.5,10956,1109.5,2010-03-31,1109.5,10957.0,1.0,True,1.0,1.0
2010-03-31,1109.5,2010-04-01,1116.0,10957,1116.0,2010-04-13,1149.25,10966.0,9.0,True,0.0,0.0
2010-04-13,1149.25,2010-04-14,1159.0,10966,1159.0,2010-04-14,1159.0,10967.0,1.0,True,1.0,1.0
2010-04-14,1159.0,2010-04-15,1151.25,10967,1151.25,2010-04-15,1151.25,10968.0,1.0,True,1.0,1.0
2010-04-15,1151.25,2010-04-16,1157.0,10968,1157.0,2010-04-16,1157.0,10969.0,1.0,True,1.0,1.0
2010-04-16,1157.0,2010-04-19,1127.5,10969,1127.5,2010-04-19,1127.5,10970.0,1.0,True,1.0,1.0
2010-04-19,1127.5,2010-04-20,1142.5,10970,1142.5,2010-04-20,1142.5,10971.0,1.0,True,1.0,1.0
2010-04-20,1142.5,2010-04-21,1143.75,10971,1143.75,2010-04-21,1143.75,10972.0,1.0,True,1.0,1.0
2010-04-21,1143.75,2010-04-22,1144.25,10972,1144.25,2010-04-22,1144.25,10973.0,1.0,True,1.0,1.0
2010-04-22,1144.25,2010-04-23,1140.0,10973,1140.0,2010-04-23,1140.0,10974.0,1.0,True,1.0,1.0
2010-04-23,1140.0,2010-04-26,1154.0,10974,1154.0,2010-04-26,1154.0,10975.0,1.0,True,1.0,1.0
2010-04-26,1154.0,2010-04-27,1152.25,10975,1152.25,2010-04-27,1152.25,10976.0,1.0,True,1.0,1.0
2010-04-27,1152.25,2010-04-28,1164.25,10976,1164.25,2010-04-28,1164.25,10977.0,1.0,True,1.0,1.0
2010-04-28,1164.25,2010-04-29,1170.0,10977,1170.0,2010-04-29,1170.0,10978.0,1.0,True,1.0,1.0
2010-04-29,1170.0,2010-04-30,1175.25,10978,1175.25,2010-05-11,1209.0,10986.0,8.0,True,0.0,0.0
2010-05-11,1209.0,2010-05-12,1241.25,10986,1241.25,2010-05-12,1241.25,10987.0,1.0,True,1.0,1.0
2010-05-12,1241.25,2010-05-13,1235.0,10987,1235.0,2010-05-13,1235.0,10988.0,1.0,True,1.0,1.0
2010-05-13,1235.0,2010-05-14,1238.75,10988,1238.75,2010-05-14,1238.75,10989.0,1.0,True,1.0,1.0
2010-05-14,1238.75,2010-05-17,1230.25,10989,1230.25,2010-05-17,1230.25,10990.0,1.0,True,1.0,1.0
2010-05-17,1230.25,2010-05-18,1215.0,10990,1215.0,2010-05-18,1215.0,10991.0,1.0,True,1.0,1.0
2010-05-18,1215.0,2010-05-19,1209.5,10991,1209.5,2010-05-19,1209.5,10992.0,1.0,True,1.0,1.0
2010-05-19,1209.5,2010-05-20,1187.25,10992,1187.25,2010-05-20,1187.25,10993.0,1.0,True,1.0,1.0
2010-05-20,1187.25,2010-05-21,1183.5,10993,1183.5,2010-05-21,1183.5,10994.0,1.0,True,1.0,1.0
2010-05-21,1183.5,2010-05-24,1183.75,10994,1183.75,2010-05-24,1183.75,10995.0,1.0,True,1.0,1.0
2010-05-24,1183.75,2010-05-25,1189.5,10995,1189.5,2010-05-25,1189.5,10996.0,1.0,True,1.0,1.0
2010-05-25,1189.5,2010-05-26,1212.5,10996,1212.5,2010-05-26,1212.5,10997.0,1.0,True,1.0,1.0
2010-05-26,1212.5,2010-05-27,1210.75,10997,1210.75,2010-05-27,1210.75,10998.0,1.0,True,1.0,1.0
2010-05-27,1210.75,2010-05-28,1214.0,10998,1214.0,2010-06-08,1248.0,11006.0,8.0,True,0.0,0.0
2010-06-08,1248.0,2010-06-09,1235.0,11006,1235.0,2010-06-09,1235.0,11007.0,1.0,True,1.0,1.0
2010-06-09,1235.0,2010-06-10,1220.0,11007,1220.0,2010-06-10,1220.0,11008.0,1.0,True,1.0,1.0
2010-06-10,1220.0,2010-06-11,1220.5,11008,1220.5,2010-06-11,1220.5,11009.0,1.0,True,1.0,1.0
2010-06-11,1220.5,2010-06-14,1229.5,11009,1229.5,2010-06-14,1229.5,11010.0,1.0,True,1.0,1.0
2010-06-14,1229.5,2010-06-15,1223.0,11010,1223.0,2010-06-15,1223.0,11011.0,1.0,True,1.0,1.0
2010-06-15,1223.0,2010-06-16,1235.5,11011,1235.5,2010-06-16,1235.5,11012.0,1.0,True,1.0,1.0
2010-06-16,1235.5,2010-06-17,1234.5,11012,1234.5,2010-06-17,1234.5,11013.0,1.0,True,1.0,1.0
2010-06-17,1234.5,2010-06-18,1244.0,11013,1244.0,2010-06-18,1244.0,11014.0,1.0,True,1.0,1.0
2010-06-18,1244.0,2010-06-21,1259.5,11014,1259.5,2010-06-21,1259.5,11015.0,1.0,True,1.0,1.0
2010-06-21,1259.5,2010-06-22,1235.25,11015,1235.25,2010-06-22,1235.25,11016.0,1.0,True,1.0,1.0
2010-06-22,1235.25,2010-06-23,1243.0,11016,1243.0,2010-06-23,1243.0,11017.0,1.0,True,1.0,1.0
2010-06-23,1243.0,2010-06-24,1233.25,11017,1233.25,2010-06-24,1233.25,11018.0,1.0,True,1.0,1.0
2010-06-24,1233.25,2010-06-25,1242.5,11018,1242.5,2010-06-25,1242.5,11019.0,1.0,True,1.0,1.0
2010-06-25,1242.5,2010-06-28,1256.0,11019,1256.0,2010-06-29,1236.0,11021.0,2.0,True,0.0,0.0
2010-06-29,1236.0,2010-06-30,1240.5,11021,1240.5,2010-06-30,1240.5,11022.0,1.0,True,1.0,1.0
2010-06-30,1240.5,2010-07-01,1240.0,11022,1240.0,2010-07-01,1240.0,11023.0,1.0,True,1.0,1.0
2010-07-01,1240.0,2010-07-02,1210.5,11023,1210.5,2010-07-02,1210.5,11024.0,1.0,True,1.0,1.0
2010-07-02,1210.5,2010-07-05,1208.5,11024,1208.5,2010-07-05,1208.5,11025.0,1.0,True,1.0,1.0
2010-07-05,1208.5,2010-07-06,1210.75,11025,1210.75,2010-07-06,1210.75,11026.0,1.0,True,1.0,1.0
2010-07-06,1210.75,2010-07-07,1186.0,11026,1186.0,2010-07-07,1186.0,11027.0,1.0,True,1.0,1.0
2010-07-07,1186.0,2010-07-08,1201.25,11027,1201.25,2010-07-08,1201.25,11028.0,1.0,True,1.0,1.0
2010-07-08,1201.25,2010-07-09,1196.25,11028,1196.25,2010-07-09,1196.25,11029.0,1.0,True,1.0,1.0
2010-07-09,1196.25,2010-07-12,1203.75,11029,1203.75,2010-07-12,1203.75,11030.0,1.0,True,1.0,1.0
2010-07-12,1203.75,2010-07-13,1206.5,11030,1206.5,2010-07-13,1206.5,11031.0,1.0,True,1.0,1.0
2010-07-13,1206.5,2010-07-14,1212.25,11031,1212.25,2010-07-14,1212.25,11032.0,1.0,True,1.0,1.0
2010-07-14,1212.25,2010-07-15,1211.75,11032,1211.75,2010-07-15,1211.75,11033.0,1.0,True,1.0,1.0
2010-07-15,1211.75,2010-07-16,1204.75,11033,1204.75,2010-07-16,1204.75,11034.0,1.0,True,1.0,1.0
2010-07-16,1204.75,2010-07-19,1190.25,11034,1190.25,2010-07-19,1190.25,11035.0,1.0,True,1.0,1.0
2010-07-19,1190.25,2010-07-20,1181.5,11035,1181.5,2010-07-20,1181.5,11036.0,1.0,True,1.0,1.0
2010-07-20,1181.5,2010-07-21,1191.25,11036,1191.25,2010-07-21,1191.25,11037.0,1.0,True,1.0,1.0
2010-07-21,1191.25,2010-07-22,1187.0,11037,1187.0,2010-07-22,1187.0,11038.0,1.0,True,1.0,1.0
2010-07-22,1187.0,2010-07-23,1198.75,11038,1198.75,2010-07-23,1198.75,11039.0,1.0,True,1.0,1.0
2010-07-23,1198.75,2010-07-26,1189.0,11039,1189.0,2010-07-26,1189.0,11040.0,1.0,True,1.0,1.0
2010-07-26,1189.0,2010-07-27,1184.0,11040,1184.0,2010-07-27,1184.0,11041.0,1.0,True,1.0,1.0
2010-07-27,1184.0,2010-07-28,1164.0,11041,1164.0,2010-07-28,1164.0,11042.0,1.0,True,1.0,1.0
2010-07-28,1164.0,2010-07-29,1166.0,11042,1166.0,2010-07-29,1166.0,11043.0,1.0,True,1.0,1.0
2010-07-29,1166.0,2010-07-30,1168.0,11043,1168.0,2010-07-30,1168.0,11044.0,1.0,True,1.0,1.0
2010-07-30,1168.0,2010-08-02,1178.0,11044,1178.0,2010-08-02,1178.0,11045.0,1.0,True,1.0,1.0
2010-08-02,1178.0,2010-08-03,1184.0,11045,1184.0,2010-08-03,1184.0,11046.0,1.0,True,1.0,1.0
2010-08-03,1184.0,2010-08-04,1194.5,11046,1194.5,2010-08-04,1194.5,11047.0,1.0,True,1.0,1.0
2010-08-04,1194.5,2010-08-05,1195.5,11047,1195.5,2010-08-05,1195.5,11048.0,1.0,True,1.0,1.0
2010-08-05,1195.5,2010-08-06,1194.5,11048,1194.5,2010-08-06,1194.5,11049.0,1.0,True,1.0,1.0
2010-08-06,1194.5,2010-08-09,1206.0,11049,1206.0,2010-08-09,1206.0,11050.0,1.0,True,1.0,1.0
2010-08-09,1206.0,2010-08-10,1196.75,11050,1196.75,2010-08-10,1196.75,11051.0,1.0,True,1.0,1.0
2010-08-10,1196.75,2010-08-11,1198.0,11051,1198.0,2010-08-11,1198.0,11052.0,1.0,True,1.0,1.0
2010-08-11,1198.0,2010-08-12,1200.0,11052,1200.0,2010-08-12,1200.0,11053.0,1.0,True,1.0,1.0
2010-08-12,1200.0,2010-08-13,1215.0,11053,1215.0,2010-08-13,1215.0,11054.0,1.0,True,1.0,1.0
2010-08-13,1215.0,2010-08-16,1222.0,11054,1222.0,2010-08-16,1222.0,11055.0,1.0,True,1.0,1.0
2010-08-16,1222.0,2010-08-17,1226.25,11055,1226.25,2010-08-17,1226.25,11056.0,1.0,True,1.0,1.0
2010-08-17,1226.25,2010-08-18,1223.0,11056,1223.0,2010-08-18,1223.0,11057.0,1.0,True,1.0,1.0
2010-08-18,1223.0,2010-08-19,1228.0,11057,1228.0,2010-08-19,1228.0,11058.0,1.0,True,1.0,1.0
2010-08-19,1228.0,2010-08-20,1230.5,11058,1230.5,2010-08-20,1230.5,11059.0,1.0,True,1.0,1.0
2010-08-20,1230.5,2010-08-23,1227.0,11059,1227.0,2010-08-23,1227.0,11060.0,1.0,True,1.0,1.0
2010-08-23,1227.0,2010-08-24,1218.0,11060,1218.0,2010-08-24,1218.0,11061.0,1.0,True,1.0,1.0
2010-08-24,1218.0,2010-08-25,1237.5,11061,1237.5,2010-08-25,1237.5,11062.0,1.0,True,1.0,1.0
2010-08-25,1237.5,2010-08-26,1240.25,11062,1240.25,2010-08-26,1240.25,11063.0,1.0,True,1.0,1.0
2010-08-26,1240.25,2010-08-27,1234.5,11063,1234.5,2010-09-07,1247.25,11071.0,8.0,True,0.0,0.0
2010-09-07,1247.25,2010-09-08,1258.0,11071,1258.0,2010-09-08,1258.0,11072.0,1.0,True,1.0,1.0
2010-09-08,1258.0,2010-09-09,1253.5,11072,1253.5,2010-09-09,1253.5,11073.0,1.0,True,1.0,1.0
2010-09-09,1253.5,2010-09-10,1248.75,11073,1248.75,2010-09-10,1248.75,11074.0,1.0,True,1.0,1.0
2010-09-10,1248.75,2010-09-13,1243.0,11074,1243.0,2010-09-13,1243.0,11075.0,1.0,True,1.0,1.0
2010-09-13,1243.0,2010-09-14,1253.25,11075,1253.25,2010-09-14,1253.25,11076.0,1.0,True,1.0,1.0
2010-09-14,1253.25,2010-09-15,1270.4,11076,1270.4,2010-09-15,1270.4,11077.0,1.0,True,1.0,1.0
2010-09-15,1270.4,2010-09-16,1271.25,11077,1271.25,2010-09-16,1271.25,11078.0,1.0,True,1.0,1.0
2010-09-16,1271.25,2010-09-17,1281.5,11078,1281.5,2010-09-17,1281.5,11079.0,1.0,True,1.0,1.0
2010-09-17,1281.5,2010-09-20,1280.25,11079,1280.25,2010-09-20,1280.25,11080.0,1.0,True,1.0,1.0
2010-09-20,1280.25,2010-09-21,1278.75,11080,1278.75,2010-09-21,1278.75,11081.0,1.0,True,1.0,1.0
2010-09-21,1278.75,2010-09-22,1291.75,11081,1291.75,2010-09-22,1291.75,11082.0,1.0,True,1.0,1.0
2010-09-22,1291.75,2010-09-23,1291.5,11082,1291.5,2010-09-23,1291.5,11083.0,1.0,True,1.0,1.0
2010-09-23,1291.5,2010-09-24,1298.0,11083,1298.0,2010-09-24,1298.0,11084.0,1.0,True,1.0,1.0
2010-09-24,1298.0,2010-09-27,1298.25,11084,1298.25,2010-09-28,1289.0,11086.0,2.0,True,0.0,0.0
2010-09-28,1289.0,2010-09-29,1307.5,11086,1307.5,2010-09-29,1307.5,11087.0,1.0,True,1.0,1.0
2010-09-29,1307.5,2010-09-30,1311.0,11087,1311.0,2010-09-30,1311.0,11088.0,1.0,True,1.0,1.0
2010-09-30,1311.0,2010-10-01,1313.0,11088,1313.0,2010-10-01,1313.0,11089.0,1.0,True,1.0,1.0
2010-10-01,1313.0,2010-10-04,1316.0,11089,1316.0,2010-10-04,1316.0,11090.0,1.0,True,1.0,1.0
2010-10-04,1316.0,2010-10-05,1325.75,11090,1325.75,2010-10-05,1325.75,11091.0,1.0,True,1.0,1.0
2010-10-05,1325.75,2010-10-06,1347.0,11091,1347.0,2010-10-06,1347.0,11092.0,1.0,True,1.0,1.0
2010-10-06,1347.0,2010-10-07,1359.5,11092,1359.5,2010-10-07,1359.5,11093.0,1.0,True,1.0,1.0
2010-10-07,1359.5,2010-10-08,1330.5,11093,1330.5,2010-10-08,1330.5,11094.0,1.0,True,1.0,1.0
2010-10-08,1330.5,2010-10-11,1348.5,11094,1348.5,2010-10-11,1348.5,11095.0,1.0,True,1.0,1.0
2010-10-11,1348.5,2010-10-12,1343.5,11095,1343.5,2010-10-12,1343.5,11096.0,1.0,True,1.0,1.0
2010-10-12,1343.5,2010-10-13,1358.5,11096,1358.5,2010-10-13,1358.5,11097.0,1.0,True,1.0,1.0
2010-10-13,1358.5,2010-10-14,1380.75,11097,1380.75,2010-10-14,1380.75,11098.0,1.0,True,1.0,1.0
2010-10-14,1380.75,2010-10-15,1377.25,11098,1377.25,2010-10-15,1377.25,11099.0,1.0,True,1.0,1.0
2010-10-15,1377.25,2010-10-18,1359.75,11099,1359.75,2010-10-18,1359.75,11100.0,1.0,True,1.0,1.0
2010-10-18,1359.75,2010-10-19,1367.75,11100,1367.75,2010-10-19,1367.75,11101.0,1.0,True,1.0,1.0
2010-10-19,1367.75,2010-10-20,1340.5,11101,1340.5,2010-10-20,1340.5,11102.0,1.0,True,1.0,1.0
2010-10-20,1340.5,2010-10-21,1345.25,11102,1345.25,2010-10-21,1345.25,11103.0,1.0,True,1.0,1.0
2010-10-21,1345.25,2010-10-22,1319.0,11103,1319.0,2010-10-22,1319.0,11104.0,1.0,True,1.0,1.0
2010-10-22,1319.0,2010-10-25,1345.0,11104,1345.0,2010-10-25,1345.0,11105.0,1.0,True,1.0,1.0
2010-10-25,1345.0,2010-10-26,1334.0,11105,1334.0,2010-10-26,1334.0,11106.0,1.0,True,1.0,1.0
2010-10-26,1334.0,2010-10-27,1332.25,11106,1332.25,2010-10-27,1332.25,11107.0,1.0,True,1.0,1.0
2010-10-27,1332.25,2010-10-28,1326.5,11107,1326.5,2010-10-28,1326.5,11108.0,1.0,True,1.0,1.0
2010-10-28,1326.5,2010-10-29,1336.75,11108,1336.75,2010-10-29,1336.75,11109.0,1.0,True,1.0,1.0
2010-10-29,1336.75,2010-11-01,1361.5,11109,1361.5,2010-11-01,1361.5,11110.0,1.0,True,1.0,1.0
2010-11-01,1361.5,2010-11-02,1358.0,11110,1358.0,2010-11-02,1358.0,11111.0,1.0,True,1.0,1.0
2010-11-02,1358.0,2010-11-03,1358.5,11111,1358.5,2010-11-03,1358.5,11112.0,1.0,True,1.0,1.0
2010-11-03,1358.5,2010-11-04,1361.0,11112,1361.0,2010-11-04,1361.0,11113.0,1.0,True,1.0,1.0
2010-11-04,1361.0,2010-11-05,1384.25,11113,1384.25,2010-11-05,1384.25,11114.0,1.0,True,1.0,1.0
2010-11-05,1384.25,2010-11-08,1390.0,11114,1390.0,2010-11-08,1390.0,11115.0,1.0,True,1.0,1.0
2010-11-08,1390.0,2010-11-09,1416.25,11115,1416.25,2010-11-09,1416.25,11116.0,1.0,True,1.0,1.0
2010-11-09,1416.25,2010-11-10,1402.0,11116,1402.0,2010-11-10,1402.0,11117.0,1.0,True,1.0,1.0
2010-11-10,1402.0,2010-11-11,1413.0,11117,1413.0,2010-11-11,1413.0,11118.0,1.0,True,1.0,1.0
2010-11-11,1413.0,2010-11-12,1387.0,11118,1387.0,2010-11-12,1387.0,11119.0,1.0,True,1.0,1.0
2010-11-12,1387.0,2010-11-15,1367.0,11119,1367.0,2010-11-15,1367.0,11120.0,1.0,True,1.0,1.0
2010-11-15,1367.0,2010-11-16,1363.25,11120,1363.25,2010-11-16,1363.25,11121.0,1.0,True,1.0,1.0
2010-11-16,1363.25,2010-11-17,1336.5,11121,1336.5,2010-11-17,1336.5,11122.0,1.0,True,1.0,1.0
2010-11-17,1336.5,2010-11-18,1356.75,11122,1356.75,2010-11-18,1356.75,11123.0,1.0,True,1.0,1.0
2010-11-18,1356.75,2010-11-19,1357.5,11123,1357.5,2010-11-19,1357.5,11124.0,1.0,True,1.0,1.0
2010-11-19,1357.5,2010-11-22,1357.5,11124,1357.5,2010-11-22,1357.5,11125.0,1.0,True,1.0,1.0
2010-11-22,1357.5,2010-11-23,1361.0,11125,1361.0,2010-11-23,1361.0,11126.0,1.0,True,1.0,1.0
2010-11-23,1361.0,2010-11-24,1376.25,11126,1376.25,2010-11-24,1376.25,11127.0,1.0,True,1.0,1.0
2010-11-24,1376.25,2010-11-25,1370.5,11127,1370.5,2010-11-25,1370.5,11128.0,1.0,True,1.0,1.0
2010-11-25,1370.5,2010-11-26,1366.5,11128,1366.5,2010-11-26,1366.5,11129.0,1.0,True,1.0,1.0
2010-11-26,1366.5,2010-11-29,1360.0,11129,1360.0,2010-11-29,1360.0,11130.0,1.0,True,1.0,1.0
2010-11-29,1360.0,2010-11-30,1375.0,11130,1375.0,2010-11-30,1375.0,11131.0,1.0,True,1.0,1.0
2010-11-30,1375.0,2010-12-01,1391.5,11131,1391.5,2010-12-01,1391.5,11132.0,1.0,True,1.0,1.0
2010-12-01,1391.5,2010-12-02,1390.0,11132,1390.0,2010-12-02,1390.0,11133.0,1.0,True,1.0,1.0
2010-12-02,1390.0,2010-12-03,1391.75,11133,1391.75,2010-12-03,1391.75,11134.0,1.0,True,1.0,1.0
2010-12-03,1391.75,2010-12-06,1411.5,11134,1411.5,2010-12-06,1411.5,11135.0,1.0,True,1.0,1.0
2010-12-06,1411.5,2010-12-07,1426.0,11135,1426.0,2010-12-07,1426.0,11136.0,1.0,True,1.0,1.0
2010-12-07,1426.0,2010-12-08,1395.0,11136,1395.0,2010-12-08,1395.0,11137.0,1.0,True,1.0,1.0
2010-12-08,1395.0,2010-12-09,1382.0,11137,1382.0,2010-12-09,1382.0,11138.0,1.0,True,1.0,1.0
2010-12-09,1382.0,2010-12-10,1390.0,11138,1390.0,2010-12-10,1390.0,11139.0,1.0,True,1.0,1.0
2010-12-10,1390.0,2010-12-13,1388.25,11139,1388.25,2010-12-13,1388.25,11140.0,1.0,True,1.0,1.0
2010-12-13,1388.25,2010-12-14,1405.0,11140,1405.0,2010-12-14,1405.0,11141.0,1.0,True,1.0,1.0
2010-12-14,1405.0,2010-12-15,1388.25,11141,1388.25,2010-12-15,1388.25,11142.0,1.0,True,1.0,1.0
2010-12-15,1388.25,2010-12-16,1384.0,11142,1384.0,2010-12-16,1384.0,11143.0,1.0,True,1.0,1.0
2010-12-16,1384.0,2010-12-17,1374.75,11143,1374.75,2010-12-17,1374.75,11144.0,1.0,True,1.0,1.0
2010-12-17,1374.75,2010-12-20,1381.0,11144,1381.0,2010-12-20,1381.0,11145.0,1.0,True,1.0,1.0
2010-12-20,1381.0,2010-12-21,1386.0,11145,1386.0,2010-12-21,1386.0,11146.0,1.0,True,1.0,1.0
2010-12-21,1386.0,2010-12-22,1389.0,11146,1389.0,2010-12-22,1389.0,11147.0,1.0,True,1.0,1.0
2010-12-22,1389.0,2010-12-23,1384.0,11147,1384.0,2010-12-23,1384.0,11148.0,1.0,True,1.0,1.0
2010-12-23,1384.0,2010-12-24,1380.5,11148,1380.5,2011-01-11,1381.0,11161.0,13.0,True,0.0,0.0
2011-01-11,1381.0,2011-01-12,1383.5,11161,1383.5,2011-01-12,1383.5,11162.0,1.0,True,1.0,1.0
2011-01-12,1383.5,2011-01-13,1380.75,11162,1380.75,2011-01-13,1380.75,11163.0,1.0,True,1.0,1.0
2011-01-13,1380.75,2011-01-14,1369.25,11163,1369.25,2011-01-14,1369.25,11164.0,1.0,True,1.0,1.0
2011-01-14,1369.25,2011-01-17,1357.5,11164,1357.5,2011-01-17,1357.5,11165.0,1.0,True,1.0,1.0
2011-01-17,1357.5,2011-01-18,1368.75,11165,1368.75,2011-01-18,1368.75,11166.0,1.0,True,1.0,1.0
2011-01-18,1368.75,2011-01-19,1373.75,11166,1373.75,2011-01-19,1373.75,11167.0,1.0,True,1.0,1.0
2011-01-19,1373.75,2011-01-20,1364.5,11167,1364.5,2011-01-20,1364.5,11168.0,1.0,True,1.0,1.0
2011-01-20,1364.5,2011-01-21,1344.0,11168,1344.0,2011-01-21,1344.0,11169.0,1.0,True,1.0,1.0
2011-01-21,1344.0,2011-01-24,1347.5,11169,1347.5,2011-01-26,1335.5,11172.0,3.0,True,0.0,0.0
2011-01-26,1335.5,2011-01-27,1337.5,11172,1337.5,2011-01-27,1337.5,11173.0,1.0,True,1.0,1.0
2011-01-27,1337.5,2011-01-28,1316.0,11173,1316.0,2011-01-28,1316.0,11174.0,1.0,True,1.0,1.0
2011-01-28,1316.0,2011-01-31,1333.5,11174,1333.5,2011-02-01,1337.5,11176.0,2.0,True,0.0,0.0
2011-02-01,1337.5,2011-02-02,1337.0,11176,1337.0,2011-02-02,1337.0,11177.0,1.0,True,1.0,1.0
2011-02-02,1337.0,2011-02-03,1332.5,11177,1332.5,2011-02-03,1332.5,11178.0,1.0,True,1.0,1.0
2011-02-03,1332.5,2011-02-04,1347.5,11178,1347.5,2011-02-04,1347.5,11179.0,1.0,True,1.0,1.0
2011-02-04,1347.5,2011-02-07,1347.0,11179,1347.0,2011-02-07,1347.0,11180.0,1.0,True,1.0,1.0
2011-02-07,1347.0,2011-02-08,1354.0,11180,1354.0,2011-02-08,1354.0,11181.0,1.0,True,1.0,1.0
2011-02-08,1354.0,2011-02-09,1362.5,11181,1362.5,2011-02-09,1362.5,11182.0,1.0,True,1.0,1.0
2011-02-09,1362.5,2011-02-10,1358.75,11182,1358.75,2011-02-10,1358.75,11183.0,1.0,True,1.0,1.0
2011-02-10,1358.75,2011-02-11,1359.0,11183,1359.0,2011-02-11,1359.0,11184.0,1.0,True,1.0,1.0
2011-02-11,1359.0,2011-02-14,1356.75,11184,1356.75,2011-02-14,1356.75,11185.0,1.0,True,1.0,1.0
2011-02-14,1356.75,2011-02-15,1372.25,11185,1372.25,2011-02-15,1372.25,11186.0,1.0,True,1.0,1.0
2011-02-15,1372.25,2011-02-16,1374.5,11186,1374.5,2011-02-16,1374.5,11187.0,1.0,True,1.0,1.0
2011-02-16,1374.5,2011-02-17,1377.0,11187,1377.0,2011-02-17,1377.0,11188.0,1.0,True,1.0,1.0
2011-02-17,1377.0,2011-02-18,1385.5,11188,1385.5,2011-02-18,1385.5,11189.0,1.0,True,1.0,1.0
2011-02-18,1385.5,2011-02-21,1399.5,11189,1399.5,2011-02-21,1399.5,11190.0,1.0,True,1.0,1.0
2011-02-21,1399.5,2011-02-22,1394.5,11190,1394.5,2011-02-22,1394.5,11191.0,1.0,True,1.0,1.0
2011-02-22,1394.5,2011-02-23,1401.25,11191,1401.25,2011-02-23,1401.25,11192.0,1.0,True,1.0,1.0
2011-02-23,1401.25,2011-02-24,1414.5,11192,1414.5,2011-02-24,1414.5,11193.0,1.0,True,1.0,1.0
2011-02-24,1414.5,2011-02-25,1405.0,11193,1405.0,2011-02-25,1405.0,11194.0,1.0,True,1.0,1.0
2011-02-25,1405.0,2011-02-28,1409.75,11194,1409.75,2011-02-28,1409.75,11195.0,1.0,True,1.0,1.0
2011-02-28,1409.75,2011-03-01,1414.5,11195,1414.5,2011-03-01,1414.5,11196.0,1.0,True,1.0,1.0
2011-03-01,1414.5,2011-03-02,1430.5,11196,1430.5,2011-03-02,1430.5,11197.0,1.0,True,1.0,1.0
2011-03-02,1430.5,2011-03-03,1430.5,11197,1430.5,2011-03-03,1430.5,11198.0,1.0,True,1.0,1.0
2011-03-03,1430.5,2011-03-04,1418.0,11198,1418.0,2011-03-04,1418.0,11199.0,1.0,True,1.0,1.0
2011-03-04,1418.0,2011-03-07,1437.0,11199,1437.0,2011-03-07,1437.0,11200.0,1.0,True,1.0,1.0
2011-03-07,1437.0,2011-03-08,1435.0,11200,1435.0,2011-03-08,1435.0,11201.0,1.0,True,1.0,1.0
2011-03-08,1435.0,2011-03-09,1431.5,11201,1431.5,2011-03-09,1431.5,11202.0,1.0,True,1.0,1.0
2011-03-09,1431.5,2011-03-10,1424.25,11202,1424.25,2011-03-10,1424.25,11203.0,1.0,True,1.0,1.0
2011-03-10,1424.25,2011-03-11,1409.75,11203,1409.75,2011-03-11,1409.75,11204.0,1.0,True,1.0,1.0
2011-03-11,1409.75,2011-03-14,1424.5,11204,1424.5,2011-03-14,1424.5,11205.0,1.0,True,1.0,1.0
2011-03-14,1424.5,2011-03-15,1407.0,11205,1407.0,2011-03-15,1407.0,11206.0,1.0,True,1.0,1.0
2011-03-15,1407.0,2011-03-16,1398.5,11206,1398.5,2011-03-16,1398.5,11207.0,1.0,True,1.0,1.0
2011-03-16,1398.5,2011-03-17,1403.5,11207,1403.5,2011-03-17,1403.5,11208.0,1.0,True,1.0,1.0
2011-03-17,1403.5,2011-03-18,1415.5,11208,1415.5,2011-03-18,1415.5,11209.0,1.0,True,1.0,1.0
2011-03-18,1415.5,2011-03-21,1427.75,11209,1427.75,2011-03-21,1427.75,11210.0,1.0,True,1.0,1.0
2011-03-21,1427.75,2011-03-22,1425.5,11210,1425.5,2011-03-22,1425.5,11211.0,1.0,True,1.0,1.0
2011-03-22,1425.5,2011-03-23,1433.0,11211,1433.0,2011-03-23,1433.0,11212.0,1.0,True,1.0,1.0
2011-03-23,1433.0,2011-03-24,1441.25,11212,1441.25,2011-03-24,1441.25,11213.0,1.0,True,1.0,1.0
2011-03-24,1441.25,2011-03-25,1434.0,11213,1434.0,2011-03-25,1434.0,11214.0,1.0,True,1.0,1.0
2011-03-25,1434.0,2011-03-28,1420.0,11214,1420.0,2011-03-28,1420.0,11215.0,1.0,True,1.0,1.0
2011-03-28,1420.0,2011-03-29,1414.0,11215,1414.0,2011-03-29,1414.0,11216.0,1.0,True,1.0,1.0
2011-03-29,1414.0,2011-03-30,1419.0,11216,1419.0,2011-03-30,1419.0,11217.0,1.0,True,1.0,1.0
2011-03-30,1419.0,2011-03-31,1431.0,11217,1431.0,2011-03-31,1431.0,11218.0,1.0,True,1.0,1.0
2011-03-31,1431.0,2011-04-01,1434.5,11218,1434.5,2011-04-01,1434.5,11219.0,1.0,True,1.0,1.0
2011-04-01,1434.5,2011-04-04,1432.5,11219,1432.5,2011-04-04,1432.5,11220.0,1.0,True,1.0,1.0
2011-04-04,1432.5,2011-04-05,1434.5,11220,1434.5,2011-04-05,1434.5,11221.0,1.0,True,1.0,1.0
2011-04-05,1434.5,2011-04-06,1457.0,11221,1457.0,2011-04-06,1457.0,11222.0,1.0,True,1.0,1.0
2011-04-06,1457.0,2011-04-07,1456.5,11222,1456.5,2011-04-07,1456.5,11223.0,1.0,True,1.0,1.0
2011-04-07,1456.5,2011-04-08,1470.5,11223,1470.5,2011-04-08,1470.5,11224.0,1.0,True,1.0,1.0
2011-04-08,1470.5,2011-04-11,1469.5,11224,1469.5,2011-04-11,1469.5,11225.0,1.0,True,1.0,1.0
2011-04-11,1469.5,2011-04-12,1461.25,11225,1461.25,2011-04-12,1461.25,11226.0,1.0,True,1.0,1.0
2011-04-12,1461.25,2011-04-13,1458.0,11226,1458.0,2011-04-13,1458.0,11227.0,1.0,True,1.0,1.0
2011-04-13,1458.0,2011-04-14,1457.5,11227,1457.5,2011-04-14,1457.5,11228.0,1.0,True,1.0,1.0
2011-04-14,1457.5,2011-04-15,1472.5,11228,1472.5,2011-04-15,1472.5,11229.0,1.0,True,1.0,1.0
2011-04-15,1472.5,2011-04-18,1484.5,11229,1484.5,2011-04-18,1484.5,11230.0,1.0,True,1.0,1.0
2011-04-18,1484.5,2011-04-19,1495.0,11230,1495.0,2011-04-19,1495.0,11231.0,1.0,True,1.0,1.0
2011-04-19,1495.0,2011-04-20,1505.0,11231,1505.0,2011-04-20,1505.0,11232.0,1.0,True,1.0,1.0
2011-04-20,1505.0,2011-04-21,1507.0,11232,1507.0,2011-05-10,1517.25,11246.0,14.0,True,0.0,0.0
2011-05-10,1517.25,2011-05-11,1524.5,11246,1524.5,2011-05-11,1524.5,11247.0,1.0,True,1.0,1.0
2011-05-11,1524.5,2011-05-12,1488.25,11247,1488.25,2011-05-12,1488.25,11248.0,1.0,True,1.0,1.0
2011-05-12,1488.25,2011-05-13,1511.0,11248,1511.0,2011-05-13,1511.0,11249.0,1.0,True,1.0,1.0
2011-05-13,1511.0,2011-05-16,1495.0,11249,1495.0,2011-05-16,1495.0,11250.0,1.0,True,1.0,1.0
2011-05-16,1495.0,2011-05-17,1495.5,11250,1495.5,2011-05-17,1495.5,11251.0,1.0,True,1.0,1.0
2011-05-17,1495.5,2011-05-18,1491.25,11251,1491.25,2011-05-18,1491.25,11252.0,1.0,True,1.0,1.0
2011-05-18,1491.25,2011-05-19,1488.75,11252,1488.75,2011-05-19,1488.75,11253.0,1.0,True,1.0,1.0
2011-05-19,1488.75,2011-05-20,1502.75,11253,1502.75,2011-05-24,1520.75,11256.0,3.0,True,0.0,0.0
2011-05-24,1520.75,2011-05-25,1527.0,11256,1527.0,2011-05-25,1527.0,11257.0,1.0,True,1.0,1.0
2011-05-25,1527.0,2011-05-26,1521.5,11257,1521.5,2011-05-26,1521.5,11258.0,1.0,True,1.0,1.0
2011-05-26,1521.5,2011-05-27,1525.0,11258,1525.0,2011-06-07,1548.4,11266.0,8.0,True,0.0,0.0
2011-06-07,1548.4,2011-06-08,1535.5,11266,1535.5,2011-06-08,1535.5,11267.0,1.0,True,1.0,1.0
2011-06-08,1535.5,2011-06-09,1534.0,11267,1534.0,2011-06-09,1534.0,11268.0,1.0,True,1.0,1.0
2011-06-09,1534.0,2011-06-10,1541.0,11268,1541.0,2011-06-10,1541.0,11269.0,1.0,True,1.0,1.0
2011-06-10,1541.0,2011-06-13,1524.7,11269,1524.7,2011-06-13,1524.7,11270.0,1.0,True,1.0,1.0
2011-06-13,1524.7,2011-06-14,1519.0,11270,1519.0,2011-06-14,1519.0,11271.0,1.0,True,1.0,1.0
2011-06-14,1519.0,2011-06-15,1517.75,11271,1517.75,2011-06-15,1517.75,11272.0,1.0,True,1.0,1.0
2011-06-15,1517.75,2011-06-16,1525.0,11272,1525.0,2011-06-16,1525.0,11273.0,1.0,True,1.0,1.0
2011-06-16,1525.0,2011-06-17,1526.25,11273,1526.25,2011-06-17,1526.25,11274.0,1.0,True,1.0,1.0
2011-06-17,1526.25,2011-06-20,1537.0,11274,1537.0,2011-06-20,1537.0,11275.0,1.0,True,1.0,1.0
2011-06-20,1537.0,2011-06-21,1543.0,11275,1543.0,2011-06-21,1543.0,11276.0,1.0,True,1.0,1.0
2011-06-21,1543.0,2011-06-22,1546.0,11276,1546.0,2011-06-22,1546.0,11277.0,1.0,True,1.0,1.0
2011-06-22,1546.0,2011-06-23,1541.5,11277,1541.5,2011-06-23,1541.5,11278.0,1.0,True,1.0,1.0
2011-06-23,1541.5,2011-06-24,1521.0,11278,1521.0,2011-06-24,1521.0,11279.0,1.0,True,1.0,1.0
2011-06-24,1521.0,2011-06-27,1501.0,11279,1501.0,2011-06-28,1502.5,11281.0,2.0,True,0.0,0.0
2011-06-28,1502.5,2011-06-29,1506.0,11281,1506.0,2011-06-29,1506.0,11282.0,1.0,True,1.0,1.0
2011-06-29,1506.0,2011-06-30,1508.0,11282,1508.0,2011-06-30,1508.0,11283.0,1.0,True,1.0,1.0
2011-06-30,1508.0,2011-07-01,1492.75,11283,1492.75,2011-07-01,1492.75,11284.0,1.0,True,1.0,1.0
2011-07-01,1492.75,2011-07-04,1495.25,11284,1495.25,2011-07-04,1495.25,11285.0,1.0,True,1.0,1.0
2011-07-04,1495.25,2011-07-05,1498.75,11285,1498.75,2011-07-05,1498.75,11286.0,1.0,True,1.0,1.0
2011-07-05,1498.75,2011-07-06,1515.8,11286,1515.8,2011-07-06,1515.8,11287.0,1.0,True,1.0,1.0
2011-07-06,1515.8,2011-07-07,1526.25,11287,1526.25,2011-07-07,1526.25,11288.0,1.0,True,1.0,1.0
2011-07-07,1526.25,2011-07-08,1526.0,11288,1526.0,2011-07-08,1526.0,11289.0,1.0,True,1.0,1.0
2011-07-08,1526.0,2011-07-11,1543.5,11289,1543.5,2011-07-11,1543.5,11290.0,1.0,True,1.0,1.0
2011-07-11,1543.5,2011-07-12,1544.5,11290,1544.5,2011-07-12,1544.5,11291.0,1.0,True,1.0,1.0
2011-07-12,1544.5,2011-07-13,1571.5,11291,1571.5,2011-07-13,1571.5,11292.0,1.0,True,1.0,1.0
2011-07-13,1571.5,2011-07-14,1592.5,11292,1592.5,2011-07-14,1592.5,11293.0,1.0,True,1.0,1.0
2011-07-14,1592.5,2011-07-15,1578.5,11293,1578.5,2011-07-15,1578.5,11294.0,1.0,True,1.0,1.0
2011-07-15,1578.5,2011-07-18,1598.25,11294,1598.25,2011-07-18,1598.25,11295.0,1.0,True,1.0,1.0
2011-07-18,1598.25,2011-07-19,1602.0,11295,1602.0,2011-07-19,1602.0,11296.0,1.0,True,1.0,1.0
2011-07-19,1602.0,2011-07-20,1584.25,11296,1584.25,2011-07-20,1584.25,11297.0,1.0,True,1.0,1.0
2011-07-20,1584.25,2011-07-21,1600.5,11297,1600.5,2011-07-21,1600.5,11298.0,1.0,True,1.0,1.0
2011-07-21,1600.5,2011-07-22,1588.0,11298,1588.0,2011-07-22,1588.0,11299.0,1.0,True,1.0,1.0
2011-07-22,1588.0,2011-07-25,1618.5,11299,1618.5,2011-07-25,1618.5,11300.0,1.0,True,1.0,1.0
2011-07-25,1618.5,2011-07-26,1610.0,11300,1610.0,2011-07-26,1610.0,11301.0,1.0,True,1.0,1.0
2011-07-26,1610.0,2011-07-27,1621.0,11301,1621.0,2011-07-27,1621.0,11302.0,1.0,True,1.0,1.0
2011-07-27,1621.0,2011-07-28,1617.5,11302,1617.5,2011-07-28,1617.5,11303.0,1.0,True,1.0,1.0
2011-07-28,1617.5,2011-07-29,1613.75,11303,1613.75,2011-07-29,1613.75,11304.0,1.0,True,1.0,1.0
2011-07-29,1613.75,2011-08-01,1613.5,11304,1613.5,2011-08-01,1613.5,11305.0,1.0,True,1.0,1.0
2011-08-01,1613.5,2011-08-02,1624.0,11305,1624.0,2011-08-02,1624.0,11306.0,1.0,True,1.0,1.0
2011-08-02,1624.0,2011-08-03,1667.5,11306,1667.5,2011-08-03,1667.5,11307.0,1.0,True,1.0,1.0
2011-08-03,1667.5,2011-08-04,1664.25,11307,1664.25,2011-08-04,1664.25,11308.0,1.0,True,1.0,1.0
2011-08-04,1664.25,2011-08-05,1665.0,11308,1665.0,2011-08-05,1665.0,11309.0,1.0,True,1.0,1.0
2011-08-05,1665.0,2011-08-08,1709.75,11309,1709.75,2011-08-08,1709.75,11310.0,1.0,True,1.0,1.0
2011-08-08,1709.75,2011-08-09,1770.0,11310,1770.0,2011-08-09,1770.0,11311.0,1.0,True,1.0,1.0
2011-08-09,1770.0,2011-08-10,1753.75,11311,1753.75,2011-08-10,1753.75,11312.0,1.0,True,1.0,1.0
2011-08-10,1753.75,2011-08-11,1786.0,11312,1786.0,2011-08-11,1786.0,11313.0,1.0,True,1.0,1.0
2011-08-11,1786.0,2011-08-12,1755.0,11313,1755.0,2011-08-12,1755.0,11314.0,1.0,True,1.0,1.0
2011-08-12,1755.0,2011-08-15,1738.0,11314,1738.0,2011-08-15,1738.0,11315.0,1.0,True,1.0,1.0
2011-08-15,1738.0,2011-08-16,1779.0,11315,1779.0,2011-08-16,1779.0,11316.0,1.0,True,1.0,1.0
2011-08-16,1779.0,2011-08-17,1792.0,11316,1792.0,2011-08-17,1792.0,11317.0,1.0,True,1.0,1.0
2011-08-17,1792.0,2011-08-18,1794.5,11317,1794.5,2011-08-18,1794.5,11318.0,1.0,True,1.0,1.0
2011-08-18,1794.5,2011-08-19,1862.0,11318,1862.0,2011-08-19,1862.0,11319.0,1.0,True,1.0,1.0
2011-08-19,1862.0,2011-08-22,1877.75,11319,1877.75,2011-08-22,1877.75,11320.0,1.0,True,1.0,1.0
2011-08-22,1877.75,2011-08-23,1886.5,11320,1886.5,2011-08-23,1886.5,11321.0,1.0,True,1.0,1.0
2011-08-23,1886.5,2011-08-24,1850.0,11321,1850.0,2011-08-24,1850.0,11322.0,1.0,True,1.0,1.0
2011-08-24,1850.0,2011-08-25,1716.5,11322,1716.5,2011-08-25,1716.5,11323.0,1.0,True,1.0,1.0
2011-08-25,1716.5,2011-08-26,1787.0,11323,1787.0,2011-09-06,1891.0,11331.0,8.0,True,0.0,0.0
2011-09-06,1891.0,2011-09-07,1844.0,11331,1844.0,2011-09-07,1844.0,11332.0,1.0,True,1.0,1.0
2011-09-07,1844.0,2011-09-08,1827.0,11332,1827.0,2011-09-08,1827.0,11333.0,1.0,True,1.0,1.0
2011-09-08,1827.0,2011-09-09,1879.5,11333,1879.5,2011-09-09,1879.5,11334.0,1.0,True,1.0,1.0
2011-09-09,1879.5,2011-09-12,1843.0,11334,1843.0,2011-09-12,1843.0,11335.0,1.0,True,1.0,1.0
2011-09-12,1843.0,2011-09-13,1806.0,11335,1806.0,2011-09-13,1806.0,11336.0,1.0,True,1.0,1.0
2011-09-13,1806.0,2011-09-14,1829.0,11336,1829.0,2011-09-14,1829.0,11337.0,1.0,True,1.0,1.0
2011-09-14,1829.0,2011-09-15,1806.0,11337,1806.0,2011-09-15,1806.0,11338.0,1.0,True,1.0,1.0
2011-09-15,1806.0,2011-09-16,1778.0,11338,1778.0,2011-09-16,1778.0,11339.0,1.0,True,1.0,1.0
2011-09-16,1778.0,2011-09-19,1817.0,11339,1817.0,2011-09-19,1817.0,11340.0,1.0,True,1.0,1.0
2011-09-19,1817.0,2011-09-20,1792.0,11340,1792.0,2011-09-20,1792.0,11341.0,1.0,True,1.0,1.0
2011-09-20,1792.0,2011-09-21,1810.25,11341,1810.25,2011-09-21,1810.25,11342.0,1.0,True,1.0,1.0
2011-09-21,1810.25,2011-09-22,1765.5,11342,1765.5,2011-09-22,1765.5,11343.0,1.0,True,1.0,1.0
2011-09-22,1765.5,2011-09-23,1730.0,11343,1730.0,2011-09-23,1730.0,11344.0,1.0,True,1.0,1.0
2011-09-23,1730.0,2011-09-26,1615.0,11344,1615.0,2011-09-27,1671.0,11346.0,2.0,True,0.0,0.0
2011-09-27,1671.0,2011-09-28,1655.0,11346,1655.0,2011-09-28,1655.0,11347.0,1.0,True,1.0,1.0
2011-09-28,1655.0,2011-09-29,1620.0,11347,1620.0,2011-09-29,1620.0,11348.0,1.0,True,1.0,1.0
2011-09-29,1620.0,2011-09-30,1629.0,11348,1629.0,2011-09-30,1629.0,11349.0,1.0,True,1.0,1.0
2011-09-30,1629.0,2011-10-03,1660.0,11349,1660.0,2011-10-03,1660.0,11350.0,1.0,True,1.0,1.0
2011-10-03,1660.0,2011-10-04,1672.0,11350,1672.0,2011-10-04,1672.0,11351.0,1.0,True,1.0,1.0
2011-10-04,1672.0,2011-10-05,1600.0,11351,1600.0,2011-10-05,1600.0,11352.0,1.0,True,1.0,1.0
2011-10-05,1600.0,2011-10-06,1649.5,11352,1649.5,2011-10-06,1649.5,11353.0,1.0,True,1.0,1.0
2011-10-06,1649.5,2011-10-07,1651.0,11353,1651.0,2011-10-07,1651.0,11354.0,1.0,True,1.0,1.0
2011-10-07,1651.0,2011-10-10,1664.0,11354,1664.0,2011-10-10,1664.0,11355.0,1.0,True,1.0,1.0
2011-10-10,1664.0,2011-10-11,1662.0,11355,1662.0,2011-10-11,1662.0,11356.0,1.0,True,1.0,1.0
2011-10-11,1662.0,2011-10-12,1687.0,11356,1687.0,2011-10-12,1687.0,11357.0,1.0,True,1.0,1.0
2011-10-12,1687.0,2011-10-13,1673.0,11357,1673.0,2011-10-13,1673.0,11358.0,1.0,True,1.0,1.0
2011-10-13,1673.0,2011-10-14,1676.0,11358,1676.0,2011-10-14,1676.0,11359.0,1.0,True,1.0,1.0
2011-10-14,1676.0,2011-10-17,1689.0,11359,1689.0,2011-10-17,1689.0,11360.0,1.0,True,1.0,1.0
2011-10-17,1689.0,2011-10-18,1658.0,11360,1658.0,2011-10-18,1658.0,11361.0,1.0,True,1.0,1.0
2011-10-18,1658.0,2011-10-19,1651.0,11361,1651.0,2011-10-19,1651.0,11362.0,1.0,True,1.0,1.0
2011-10-19,1651.0,2011-10-20,1629.0,11362,1629.0,2011-10-20,1629.0,11363.0,1.0,True,1.0,1.0
2011-10-20,1629.0,2011-10-21,1623.0,11363,1623.0,2011-10-21,1623.0,11364.0,1.0,True,1.0,1.0
2011-10-21,1623.0,2011-10-24,1651.0,11364,1651.0,2011-10-24,1651.0,11365.0,1.0,True,1.0,1.0
2011-10-24,1651.0,2011-10-25,1656.25,11365,1656.25,2011-10-25,1656.25,11366.0,1.0,True,1.0,1.0
2011-10-25,1656.25,2011-10-26,1713.0,11366,1713.0,2011-10-26,1713.0,11367.0,1.0,True,1.0,1.0
2011-10-26,1713.0,2011-10-27,1708.0,11367,1708.0,2011-10-27,1708.0,11368.0,1.0,True,1.0,1.0
2011-10-27,1708.0,2011-10-28,1735.0,11368,1735.0,2011-10-28,1735.0,11369.0,1.0,True,1.0,1.0
2011-10-28,1735.0,2011-10-31,1718.0,11369,1718.0,2011-10-31,1718.0,11370.0,1.0,True,1.0,1.0
2011-10-31,1718.0,2011-11-01,1702.0,11370,1702.0,2011-11-01,1702.0,11371.0,1.0,True,1.0,1.0
2011-11-01,1702.0,2011-11-02,1731.0,11371,1731.0,2011-11-02,1731.0,11372.0,1.0,True,1.0,1.0
2011-11-02,1731.0,2011-11-03,1732.5,11372,1732.5,2011-11-03,1732.5,11373.0,1.0,True,1.0,1.0
2011-11-03,1732.5,2011-11-04,1756.0,11373,1756.0,2011-11-04,1756.0,11374.0,1.0,True,1.0,1.0
2011-11-04,1756.0,2011-11-07,1764.0,11374,1764.0,2011-11-07,1764.0,11375.0,1.0,True,1.0,1.0
2011-11-07,1764.0,2011-11-08,1794.0,11375,1794.0,2011-11-08,1794.0,11376.0,1.0,True,1.0,1.0
2011-11-08,1794.0,2011-11-09,1780.0,11376,1780.0,2011-11-09,1780.0,11377.0,1.0,True,1.0,1.0
2011-11-09,1780.0,2011-11-10,1766.0,11377,1766.0,2011-11-10,1766.0,11378.0,1.0,True,1.0,1.0
2011-11-10,1766.0,2011-11-11,1764.0,11378,1764.0,2011-11-11,1764.0,11379.0,1.0,True,1.0,1.0
2011-11-11,1764.0,2011-11-14,1780.5,11379,1780.5,2011-11-14,1780.5,11380.0,1.0,True,1.0,1.0
2011-11-14,1780.5,2011-11-15,1765.0,11380,1765.0,2011-11-15,1765.0,11381.0,1.0,True,1.0,1.0
2011-11-15,1765.0,2011-11-16,1773.0,11381,1773.0,2011-11-16,1773.0,11382.0,1.0,True,1.0,1.0
2011-11-16,1773.0,2011-11-17,1756.0,11382,1756.0,2011-11-17,1756.0,11383.0,1.0,True,1.0,1.0
2011-11-17,1756.0,2011-11-18,1730.0,11383,1730.0,2011-11-18,1730.0,11384.0,1.0,True,1.0,1.0
2011-11-18,1730.0,2011-11-21,1704.0,11384,1704.0,2011-11-21,1704.0,11385.0,1.0,True,1.0,1.0
2011-11-21,1704.0,2011-11-22,1697.5,11385,1697.5,2011-11-22,1697.5,11386.0,1.0,True,1.0,1.0
2011-11-22,1697.5,2011-11-23,1686.0,11386,1686.0,2011-11-23,1686.0,11387.0,1.0,True,1.0,1.0
2011-11-23,1686.0,2011-11-24,1699.0,11387,1699.0,2011-11-24,1699.0,11388.0,1.0,True,1.0,1.0
2011-11-24,1699.0,2011-11-25,1676.0,11388,1676.0,2011-11-25,1676.0,11389.0,1.0,True,1.0,1.0
2011-11-25,1676.0,2011-11-28,1714.0,11389,1714.0,2011-11-28,1714.0,11390.0,1.0,True,1.0,1.0
2011-11-28,1714.0,2011-11-29,1717.0,11390,1717.0,2011-11-29,1717.0,11391.0,1.0,True,1.0,1.0
2011-11-29,1717.0,2011-11-30,1704.0,11391,1704.0,2011-11-30,1704.0,11392.0,1.0,True,1.0,1.0
2011-11-30,1704.0,2011-12-01,1750.0,11392,1750.0,2011-12-01,1750.0,11393.0,1.0,True,1.0,1.0
2011-12-01,1750.0,2011-12-02,1751.0,11393,1751.0,2011-12-02,1751.0,11394.0,1.0,True,1.0,1.0
2011-12-02,1751.0,2011-12-05,1744.0,11394,1744.0,2011-12-05,1744.0,11395.0,1.0,True,1.0,1.0
2011-12-05,1744.0,2011-12-06,1720.0,11395,1720.0,2011-12-06,1720.0,11396.0,1.0,True,1.0,1.0
2011-12-06,1720.0,2011-12-07,1731.0,11396,1731.0,2011-12-07,1731.0,11397.0,1.0,True,1.0,1.0
2011-12-07,1731.0,2011-12-08,1739.0,11397,1739.0,2011-12-08,1739.0,11398.0,1.0,True,1.0,1.0
2011-12-08,1739.0,2011-12-09,1712.0,11398,1712.0,2011-12-09,1712.0,11399.0,1.0,True,1.0,1.0
2011-12-09,1712.0,2011-12-12,1680.0,11399,1680.0,2011-12-12,1680.0,11400.0,1.0,True,1.0,1.0
2011-12-12,1680.0,2011-12-13,1665.0,11400,1665.0,2011-12-13,1665.0,11401.0,1.0,True,1.0,1.0
2011-12-13,1665.0,2011-12-14,1635.0,11401,1635.0,2011-12-14,1635.0,11402.0,1.0,True,1.0,1.0
2011-12-14,1635.0,2011-12-15,1590.0,11402,1590.0,2011-12-15,1590.0,11403.0,1.0,True,1.0,1.0
2011-12-15,1590.0,2011-12-16,1589.5,11403,1589.5,2011-12-16,1589.5,11404.0,1.0,True,1.0,1.0
2011-12-16,1589.5,2011-12-19,1593.0,11404,1593.0,2011-12-19,1593.0,11405.0,1.0,True,1.0,1.0
2011-12-19,1593.0,2011-12-20,1605.0,11405,1605.0,2011-12-20,1605.0,11406.0,1.0,True,1.0,1.0
2011-12-20,1605.0,2011-12-21,1637.5,11406,1637.5,2011-12-21,1637.5,11407.0,1.0,True,1.0,1.0
2011-12-21,1637.5,2011-12-22,1609.0,11407,1609.0,2011-12-22,1609.0,11408.0,1.0,True,1.0,1.0
2011-12-22,1609.0,2011-12-23,1607.5,11408,1607.5,2012-01-10,1627.0,11421.0,13.0,True,0.0,0.0
2012-01-10,1627.0,2012-01-11,1641.0,11421,1641.0,2012-01-11,1641.0,11422.0,1.0,True,1.0,1.0
2012-01-11,1641.0,2012-01-12,1652.5,11422,1652.5,2012-01-12,1652.5,11423.0,1.0,True,1.0,1.0
2012-01-12,1652.5,2012-01-13,1642.0,11423,1642.0,2012-01-13,1642.0,11424.0,1.0,True,1.0,1.0
2012-01-13,1642.0,2012-01-16,1643.5,11424,1643.5,2012-01-16,1643.5,11425.0,1.0,True,1.0,1.0
2012-01-16,1643.5,2012-01-17,1662.0,11425,1662.0,2012-01-17,1662.0,11426.0,1.0,True,1.0,1.0
2012-01-17,1662.0,2012-01-18,1657.0,11426,1657.0,2012-01-18,1657.0,11427.0,1.0,True,1.0,1.0
2012-01-18,1657.0,2012-01-19,1664.0,11427,1664.0,2012-01-19,1664.0,11428.0,1.0,True,1.0,1.0
2012-01-19,1664.0,2012-01-20,1646.0,11428,1646.0,2012-01-20,1646.0,11429.0,1.0,True,1.0,1.0
2012-01-20,1646.0,2012-01-23,1675.0,11429,1675.0,2012-01-25,1659.0,11432.0,3.0,True,0.0,0.0
2012-01-25,1659.0,2012-01-26,1713.0,11432,1713.0,2012-01-26,1713.0,11433.0,1.0,True,1.0,1.0
2012-01-26,1713.0,2012-01-27,1722.0,11433,1722.0,2012-01-27,1722.0,11434.0,1.0,True,1.0,1.0
2012-01-27,1722.0,2012-01-30,1720.5,11434,1720.5,2012-01-31,1738.0,11436.0,2.0,True,0.0,0.0
2012-01-31,1738.0,2012-02-01,1744.0,11436,1744.0,2012-02-01,1744.0,11437.0,1.0,True,1.0,1.0
2012-02-01,1744.0,2012-02-02,1747.5,11437,1747.5,2012-02-02,1747.5,11438.0,1.0,True,1.0,1.0
2012-02-02,1747.5,2012-02-03,1759.5,11438,1759.5,2012-02-03,1759.5,11439.0,1.0,True,1.0,1.0
2012-02-03,1759.5,2012-02-06,1717.0,11439,1717.0,2012-02-06,1717.0,11440.0,1.0,True,1.0,1.0
2012-02-06,1717.0,2012-02-07,1720.0,11440,1720.0,2012-02-07,1720.0,11441.0,1.0,True,1.0,1.0
2012-02-07,1720.0,2012-02-08,1743.0,11441,1743.0,2012-02-08,1743.0,11442.0,1.0,True,1.0,1.0
2012-02-08,1743.0,2012-02-09,1733.0,11442,1733.0,2012-02-09,1733.0,11443.0,1.0,True,1.0,1.0
2012-02-09,1733.0,2012-02-10,1715.5,11443,1715.5,2012-02-10,1715.5,11444.0,1.0,True,1.0,1.0
2012-02-10,1715.5,2012-02-13,1727.0,11444,1727.0,2012-02-13,1727.0,11445.0,1.0,True,1.0,1.0
2012-02-13,1727.0,2012-02-14,1721.0,11445,1721.0,2012-02-14,1721.0,11446.0,1.0,True,1.0,1.0
2012-02-14,1721.0,2012-02-15,1725.5,11446,1725.5,2012-02-15,1725.5,11447.0,1.0,True,1.0,1.0
2012-02-15,1725.5,2012-02-16,1716.0,11447,1716.0,2012-02-16,1716.0,11448.0,1.0,True,1.0,1.0
2012-02-16,1716.0,2012-02-17,1732.0,11448,1732.0,2012-02-17,1732.0,11449.0,1.0,True,1.0,1.0
2012-02-17,1732.0,2012-02-20,1729.5,11449,1729.5,2012-02-20,1729.5,11450.0,1.0,True,1.0,1.0
2012-02-20,1729.5,2012-02-21,1737.0,11450,1737.0,2012-02-21,1737.0,11451.0,1.0,True,1.0,1.0
2012-02-21,1737.0,2012-02-22,1754.75,11451,1754.75,2012-02-22,1754.75,11452.0,1.0,True,1.0,1.0
2012-02-22,1754.75,2012-02-23,1776.5,11452,1776.5,2012-02-23,1776.5,11453.0,1.0,True,1.0,1.0
2012-02-23,1776.5,2012-02-24,1778.5,11453,1778.5,2012-02-24,1778.5,11454.0,1.0,True,1.0,1.0
2012-02-24,1778.5,2012-02-27,1765.0,11454,1765.0,2012-02-27,1765.0,11455.0,1.0,True,1.0,1.0
2012-02-27,1765.0,2012-02-28,1774.75,11455,1774.75,2012-02-28,1774.75,11456.0,1.0,True,1.0,1.0
2012-02-28,1774.75,2012-02-29,1788.0,11456,1788.0,2012-02-29,1788.0,11457.0,1.0,True,1.0,1.0
2012-02-29,1788.0,2012-03-01,1721.0,11457,1721.0,2012-03-01,1721.0,11458.0,1.0,True,1.0,1.0
2012-03-01,1721.0,2012-03-02,1714.5,11458,1714.5,2012-03-02,1714.5,11459.0,1.0,True,1.0,1.0
2012-03-02,1714.5,2012-03-05,1698.0,11459,1698.0,2012-03-05,1698.0,11460.0,1.0,True,1.0,1.0
2012-03-05,1698.0,2012-03-06,1685.5,11460,1685.5,2012-03-06,1685.5,11461.0,1.0,True,1.0,1.0
2012-03-06,1685.5,2012-03-07,1682.5,11461,1682.5,2012-03-07,1682.5,11462.0,1.0,True,1.0,1.0
2012-03-07,1682.5,2012-03-08,1701.5,11462,1701.5,2012-03-08,1701.5,11463.0,1.0,True,1.0,1.0
2012-03-08,1701.5,2012-03-09,1699.5,11463,1699.5,2012-03-09,1699.5,11464.0,1.0,True,1.0,1.0
2012-03-09,1699.5,2012-03-12,1705.25,11464,1705.25,2012-03-12,1705.25,11465.0,1.0,True,1.0,1.0
2012-03-12,1705.25,2012-03-13,1694.75,11465,1694.75,2012-03-13,1694.75,11466.0,1.0,True,1.0,1.0
2012-03-13,1694.75,2012-03-14,1662.0,11466,1662.0,2012-03-14,1662.0,11467.0,1.0,True,1.0,1.0
2012-03-14,1662.0,2012-03-15,1646.75,11467,1646.75,2012-03-15,1646.75,11468.0,1.0,True,1.0,1.0
2012-03-15,1646.75,2012-03-16,1649.0,11468,1649.0,2012-03-16,1649.0,11469.0,1.0,True,1.0,1.0
2012-03-16,1649.0,2012-03-19,1654.0,11469,1654.0,2012-03-19,1654.0,11470.0,1.0,True,1.0,1.0
2012-03-19,1654.0,2012-03-20,1648.5,11470,1648.5,2012-03-20,1648.5,11471.0,1.0,True,1.0,1.0
2012-03-20,1648.5,2012-03-21,1656.0,11471,1656.0,2012-03-21,1656.0,11472.0,1.0,True,1.0,1.0
2012-03-21,1656.0,2012-03-22,1636.0,11472,1636.0,2012-03-22,1636.0,11473.0,1.0,True,1.0,1.0
2012-03-22,1636.0,2012-03-23,1651.0,11473,1651.0,2012-03-23,1651.0,11474.0,1.0,True,1.0,1.0
2012-03-23,1651.0,2012-03-26,1658.0,11474,1658.0,2012-03-26,1658.0,11475.0,1.0,True,1.0,1.0
2012-03-26,1658.0,2012-03-27,1694.0,11475,1694.0,2012-03-27,1694.0,11476.0,1.0,True,1.0,1.0
2012-03-27,1694.0,2012-03-28,1677.0,11476,1677.0,2012-03-28,1677.0,11477.0,1.0,True,1.0,1.0
2012-03-28,1677.0,2012-03-29,1655.75,11477,1655.75,2012-03-29,1655.75,11478.0,1.0,True,1.0,1.0
2012-03-29,1655.75,2012-03-30,1660.75,11478,1660.75,2012-03-30,1660.75,11479.0,1.0,True,1.0,1.0
2012-03-30,1660.75,2012-04-02,1664.0,11479,1664.0,2012-04-02,1664.0,11480.0,1.0,True,1.0,1.0
2012-04-02,1664.0,2012-04-03,1674.75,11480,1674.75,2012-04-03,1674.75,11481.0,1.0,True,1.0,1.0
2012-04-03,1674.75,2012-04-04,1631.75,11481,1631.75,2012-04-04,1631.75,11482.0,1.0,True,1.0,1.0
2012-04-04,1631.75,2012-04-05,1622.5,11482,1622.5,2012-04-17,1652.0,11491.0,9.0,True,0.0,0.0
2012-04-17,1652.0,2012-04-18,1646.5,11491,1646.5,2012-04-18,1646.5,11492.0,1.0,True,1.0,1.0
2012-04-18,1646.5,2012-04-19,1642.0,11492,1642.0,2012-04-19,1642.0,11493.0,1.0,True,1.0,1.0
2012-04-19,1642.0,2012-04-20,1640.0,11493,1640.0,2012-04-20,1640.0,11494.0,1.0,True,1.0,1.0
2012-04-20,1640.0,2012-04-23,1632.0,11494,1632.0,2012-04-23,1632.0,11495.0,1.0,True,1.0,1.0
2012-04-23,1632.0,2012-04-24,1638.75,11495,1638.75,2012-04-24,1638.75,11496.0,1.0,True,1.0,1.0
2012-04-24,1638.75,2012-04-25,1641.25,11496,1641.25,2012-04-25,1641.25,11497.0,1.0,True,1.0,1.0
2012-04-25,1641.25,2012-04-26,1648.25,11497,1648.25,2012-04-26,1648.25,11498.0,1.0,True,1.0,1.0
2012-04-26,1648.25,2012-04-27,1654.0,11498,1654.0,2012-04-27,1654.0,11499.0,1.0,True,1.0,1.0
2012-04-27,1654.0,2012-04-30,1662.5,11499,1662.5,2012-04-30,1662.5,11500.0,1.0,True,1.0,1.0
2012-04-30,1662.5,2012-05-01,1661.25,11500,1661.25,2012-05-01,1661.25,11501.0,1.0,True,1.0,1.0
2012-05-01,1661.25,2012-05-02,1652.5,11501,1652.5,2012-05-02,1652.5,11502.0,1.0,True,1.0,1.0
2012-05-02,1652.5,2012-05-03,1642.5,11502,1642.5,2012-05-03,1642.5,11503.0,1.0,True,1.0,1.0
2012-05-03,1642.5,2012-05-04,1629.5,11503,1629.5,2012-05-15,1559.0,11511.0,8.0,True,0.0,0.0
2012-05-15,1559.0,2012-05-16,1537.5,11511,1537.5,2012-05-16,1537.5,11512.0,1.0,True,1.0,1.0
2012-05-16,1537.5,2012-05-17,1547.0,11512,1547.0,2012-05-17,1547.0,11513.0,1.0,True,1.0,1.0
2012-05-17,1547.0,2012-05-18,1588.0,11513,1588.0,2012-05-18,1588.0,11514.0,1.0,True,1.0,1.0
2012-05-18,1588.0,2012-05-21,1590.25,11514,1590.25,2012-05-21,1590.25,11515.0,1.0,True,1.0,1.0
2012-05-21,1590.25,2012-05-22,1575.75,11515,1575.75,2012-05-22,1575.75,11516.0,1.0,True,1.0,1.0
2012-05-22,1575.75,2012-05-23,1555.0,11516,1555.0,2012-05-23,1555.0,11517.0,1.0,True,1.0,1.0
2012-05-23,1555.0,2012-05-24,1558.5,11517,1558.5,2012-05-24,1558.5,11518.0,1.0,True,1.0,1.0
2012-05-24,1558.5,2012-05-25,1560.5,11518,1560.5,2012-05-25,1560.5,11519.0,1.0,True,1.0,1.0
2012-05-25,1560.5,2012-05-28,1579.0,11519,1579.0,2012-05-28,1579.0,11520.0,1.0,True,1.0,1.0
2012-05-28,1579.0,2012-05-29,1573.75,11520,1573.75,2012-05-29,1573.75,11521.0,1.0,True,1.0,1.0
2012-05-29,1573.75,2012-05-30,1548.75,11521,1548.75,2012-05-30,1548.75,11522.0,1.0,True,1.0,1.0
2012-05-30,1548.75,2012-05-31,1567.5,11522,1567.5,2012-05-31,1567.5,11523.0,1.0,True,1.0,1.0
2012-05-31,1567.5,2012-06-01,1552.5,11523,1552.5,2012-06-13,1612.75,11532.0,9.0,True,0.0,0.0
2012-06-13,1612.75,2012-06-14,1619.0,11532,1619.0,2012-06-14,1619.0,11533.0,1.0,True,1.0,1.0
2012-06-14,1619.0,2012-06-15,1622.25,11533,1622.25,2012-06-15,1622.25,11534.0,1.0,True,1.0,1.0
2012-06-15,1622.25,2012-06-18,1623.5,11534,1623.5,2012-06-18,1623.5,11535.0,1.0,True,1.0,1.0
2012-06-18,1623.5,2012-06-19,1628.5,11535,1628.5,2012-06-19,1628.5,11536.0,1.0,True,1.0,1.0
2012-06-19,1628.5,2012-06-20,1618.75,11536,1618.75,2012-06-20,1618.75,11537.0,1.0,True,1.0,1.0
2012-06-20,1618.75,2012-06-21,1600.0,11537,1600.0,2012-06-21,1600.0,11538.0,1.0,True,1.0,1.0
2012-06-21,1600.0,2012-06-22,1570.5,11538,1570.5,2012-06-22,1570.5,11539.0,1.0,True,1.0,1.0
2012-06-22,1570.5,2012-06-25,1569.0,11539,1569.0,2012-06-25,1569.0,11540.0,1.0,True,1.0,1.0
2012-06-25,1569.0,2012-06-26,1583.25,11540,1583.25,2012-06-26,1583.25,11541.0,1.0,True,1.0,1.0
2012-06-26,1583.25,2012-06-27,1567.5,11541,1567.5,2012-06-27,1567.5,11542.0,1.0,True,1.0,1.0
2012-06-27,1567.5,2012-06-28,1567.75,11542,1567.75,2012-06-28,1567.75,11543.0,1.0,True,1.0,1.0
2012-06-28,1567.75,2012-06-29,1569.5,11543,1569.5,2012-06-29,1569.5,11544.0,1.0,True,1.0,1.0
2012-06-29,1569.5,2012-07-02,1596.25,11544,1596.25,2012-07-04,1617.0,11547.0,3.0,True,0.0,0.0
2012-07-04,1617.0,2012-07-05,1616.75,11547,1616.75,2012-07-05,1616.75,11548.0,1.0,True,1.0,1.0
2012-07-05,1616.75,2012-07-06,1591.75,11548,1591.75,2012-07-06,1591.75,11549.0,1.0,True,1.0,1.0
2012-07-06,1591.75,2012-07-09,1581.0,11549,1581.0,2012-07-09,1581.0,11550.0,1.0,True,1.0,1.0
2012-07-09,1581.0,2012-07-10,1594.5,11550,1594.5,2012-07-10,1594.5,11551.0,1.0,True,1.0,1.0
2012-07-10,1594.5,2012-07-11,1576.5,11551,1576.5,2012-07-11,1576.5,11552.0,1.0,True,1.0,1.0
2012-07-11,1576.5,2012-07-12,1565.5,11552,1565.5,2012-07-12,1565.5,11553.0,1.0,True,1.0,1.0
2012-07-12,1565.5,2012-07-13,1579.0,11553,1579.0,2012-07-13,1579.0,11554.0,1.0,True,1.0,1.0
2012-07-13,1579.0,2012-07-16,1584.0,11554,1584.0,2012-07-16,1584.0,11555.0,1.0,True,1.0,1.0
2012-07-16,1584.0,2012-07-17,1595.0,11555,1595.0,2012-07-17,1595.0,11556.0,1.0,True,1.0,1.0
2012-07-17,1595.0,2012-07-18,1579.5,11556,1579.5,2012-07-18,1579.5,11557.0,1.0,True,1.0,1.0
2012-07-18,1579.5,2012-07-19,1580.0,11557,1580.0,2012-07-19,1580.0,11558.0,1.0,True,1.0,1.0
2012-07-19,1580.0,2012-07-20,1583.0,11558,1583.0,2012-07-20,1583.0,11559.0,1.0,True,1.0,1.0
2012-07-20,1583.0,2012-07-23,1571.5,11559,1571.5,2012-07-23,1571.5,11560.0,1.0,True,1.0,1.0
2012-07-23,1571.5,2012-07-24,1573.0,11560,1573.0,2012-07-24,1573.0,11561.0,1.0,True,1.0,1.0
2012-07-24,1573.0,2012-07-25,1587.5,11561,1587.5,2012-07-25,1587.5,11562.0,1.0,True,1.0,1.0
2012-07-25,1587.5,2012-07-26,1603.0,11562,1603.0,2012-07-26,1603.0,11563.0,1.0,True,1.0,1.0
2012-07-26,1603.0,2012-07-27,1618.75,11563,1618.75,2012-07-27,1618.75,11564.0,1.0,True,1.0,1.0
2012-07-27,1618.75,2012-07-30,1616.5,11564,1616.5,2012-07-30,1616.5,11565.0,1.0,True,1.0,1.0
2012-07-30,1616.5,2012-07-31,1622.75,11565,1622.75,2012-07-31,1622.75,11566.0,1.0,True,1.0,1.0
2012-07-31,1622.75,2012-08-01,1614.75,11566,1614.75,2012-08-01,1614.75,11567.0,1.0,True,1.0,1.0
2012-08-01,1614.75,2012-08-02,1604.5,11567,1604.5,2012-08-02,1604.5,11568.0,1.0,True,1.0,1.0
2012-08-02,1604.5,2012-08-03,1595.0,11568,1595.0,2012-08-03,1595.0,11569.0,1.0,True,1.0,1.0
2012-08-03,1595.0,2012-08-06,1606.75,11569,1606.75,2012-08-06,1606.75,11570.0,1.0,True,1.0,1.0
2012-08-06,1606.75,2012-08-07,1613.0,11570,1613.0,2012-08-07,1613.0,11571.0,1.0,True,1.0,1.0
2012-08-07,1613.0,2012-08-08,1607.0,11571,1607.0,2012-08-08,1607.0,11572.0,1.0,True,1.0,1.0
2012-08-08,1607.0,2012-08-09,1612.75,11572,1612.75,2012-08-09,1612.75,11573.0,1.0,True,1.0,1.0
2012-08-09,1612.75,2012-08-10,1608.5,11573,1608.5,2012-08-10,1608.5,11574.0,1.0,True,1.0,1.0
2012-08-10,1608.5,2012-08-13,1622.25,11574,1622.25,2012-08-13,1622.25,11575.0,1.0,True,1.0,1.0
2012-08-13,1622.25,2012-08-14,1614.5,11575,1614.5,2012-08-14,1614.5,11576.0,1.0,True,1.0,1.0
2012-08-14,1614.5,2012-08-15,1594.75,11576,1594.75,2012-08-15,1594.75,11577.0,1.0,True,1.0,1.0
2012-08-15,1594.75,2012-08-16,1603.5,11577,1603.5,2012-08-16,1603.5,11578.0,1.0,True,1.0,1.0
2012-08-16,1603.5,2012-08-17,1616.5,11578,1616.5,2012-08-17,1616.5,11579.0,1.0,True,1.0,1.0
2012-08-17,1616.5,2012-08-20,1615.25,11579,1615.25,2012-08-20,1615.25,11580.0,1.0,True,1.0,1.0
2012-08-20,1615.25,2012-08-21,1624.0,11580,1624.0,2012-08-21,1624.0,11581.0,1.0,True,1.0,1.0
2012-08-21,1624.0,2012-08-22,1640.5,11581,1640.5,2012-08-22,1640.5,11582.0,1.0,True,1.0,1.0
2012-08-22,1640.5,2012-08-23,1662.5,11582,1662.5,2012-08-23,1662.5,11583.0,1.0,True,1.0,1.0
2012-08-23,1662.5,2012-08-24,1666.5,11583,1666.5,2012-09-04,1691.5,11591.0,8.0,True,0.0,0.0
2012-09-04,1691.5,2012-09-05,1689.5,11591,1689.5,2012-09-05,1689.5,11592.0,1.0,True,1.0,1.0
2012-09-05,1689.5,2012-09-06,1708.5,11592,1708.5,2012-09-06,1708.5,11593.0,1.0,True,1.0,1.0
2012-09-06,1708.5,2012-09-07,1696.0,11593,1696.0,2012-09-07,1696.0,11594.0,1.0,True,1.0,1.0
2012-09-07,1696.0,2012-09-10,1732.75,11594,1732.75,2012-09-10,1732.75,11595.0,1.0,True,1.0,1.0
2012-09-10,1732.75,2012-09-11,1731.0,11595,1731.0,2012-09-11,1731.0,11596.0,1.0,True,1.0,1.0
2012-09-11,1731.0,2012-09-12,1742.75,11596,1742.75,2012-09-12,1742.75,11597.0,1.0,True,1.0,1.0
2012-09-12,1742.75,2012-09-13,1730.5,11597,1730.5,2012-09-13,1730.5,11598.0,1.0,True,1.0,1.0
2012-09-13,1730.5,2012-09-14,1772.5,11598,1772.5,2012-09-14,1772.5,11599.0,1.0,True,1.0,1.0
2012-09-14,1772.5,2012-09-17,1767.25,11599,1767.25,2012-09-17,1767.25,11600.0,1.0,True,1.0,1.0
2012-09-17,1767.25,2012-09-18,1756.75,11600,1756.75,2012-09-18,1756.75,11601.0,1.0,True,1.0,1.0
2012-09-18,1756.75,2012-09-19,1774.5,11601,1774.5,2012-09-19,1774.5,11602.0,1.0,True,1.0,1.0
2012-09-19,1774.5,2012-09-20,1760.0,11602,1760.0,2012-09-20,1760.0,11603.0,1.0,True,1.0,1.0
2012-09-20,1760.0,2012-09-21,1773.75,11603,1773.75,2012-09-21,1773.75,11604.0,1.0,True,1.0,1.0
2012-09-21,1773.75,2012-09-24,1758.5,11604,1758.5,2012-09-25,1766.75,11606.0,2.0,True,0.0,0.0
2012-09-25,1766.75,2012-09-26,1763.75,11606,1763.75,2012-09-26,1763.75,11607.0,1.0,True,1.0,1.0
2012-09-26,1763.75,2012-09-27,1755.25,11607,1755.25,2012-09-27,1755.25,11608.0,1.0,True,1.0,1.0
2012-09-27,1755.25,2012-09-28,1781.0,11608,1781.0,2012-09-28,1781.0,11609.0,1.0,True,1.0,1.0
2012-09-28,1781.0,2012-10-01,1770.5,11609,1770.5,2012-10-01,1770.5,11610.0,1.0,True,1.0,1.0
2012-10-01,1770.5,2012-10-02,1778.5,11610,1778.5,2012-10-02,1778.5,11611.0,1.0,True,1.0,1.0
2012-10-02,1778.5,2012-10-03,1777.25,11611,1777.25,2012-10-03,1777.25,11612.0,1.0,True,1.0,1.0
2012-10-03,1777.25,2012-10-04,1786.5,11612,1786.5,2012-10-04,1786.5,11613.0,1.0,True,1.0,1.0
2012-10-04,1786.5,2012-10-05,1790.0,11613,1790.0,2012-10-05,1790.0,11614.0,1.0,True,1.0,1.0
2012-10-05,1790.0,2012-10-08,1769.0,11614,1769.0,2012-10-08,1769.0,11615.0,1.0,True,1.0,1.0
2012-10-08,1769.0,2012-10-09,1770.75,11615,1770.75,2012-10-09,1770.75,11616.0,1.0,True,1.0,1.0
2012-10-09,1770.75,2012-10-10,1763.0,11616,1763.0,2012-10-10,1763.0,11617.0,1.0,True,1.0,1.0
2012-10-10,1763.0,2012-10-11,1767.25,11617,1767.25,2012-10-11,1767.25,11618.0,1.0,True,1.0,1.0
2012-10-11,1767.25,2012-10-12,1767.0,11618,1767.0,2012-10-12,1767.0,11619.0,1.0,True,1.0,1.0
2012-10-12,1767.0,2012-10-15,1747.25,11619,1747.25,2012-10-15,1747.25,11620.0,1.0,True,1.0,1.0
2012-10-15,1747.25,2012-10-16,1737.5,11620,1737.5,2012-10-16,1737.5,11621.0,1.0,True,1.0,1.0
2012-10-16,1737.5,2012-10-17,1747.75,11621,1747.75,2012-10-17,1747.75,11622.0,1.0,True,1.0,1.0
2012-10-17,1747.75,2012-10-18,1748.0,11622,1748.0,2012-10-18,1748.0,11623.0,1.0,True,1.0,1.0
2012-10-18,1748.0,2012-10-19,1732.75,11623,1732.75,2012-10-19,1732.75,11624.0,1.0,True,1.0,1.0
2012-10-19,1732.75,2012-10-22,1725.0,11624,1725.0,2012-10-22,1725.0,11625.0,1.0,True,1.0,1.0
2012-10-22,1725.0,2012-10-23,1717.0,11625,1717.0,2012-10-23,1717.0,11626.0,1.0,True,1.0,1.0
2012-10-23,1717.0,2012-10-24,1708.5,11626,1708.5,2012-10-24,1708.5,11627.0,1.0,True,1.0,1.0
2012-10-24,1708.5,2012-10-25,1715.0,11627,1715.0,2012-10-25,1715.0,11628.0,1.0,True,1.0,1.0
2012-10-25,1715.0,2012-10-26,1704.0,11628,1704.0,2012-10-26,1704.0,11629.0,1.0,True,1.0,1.0
2012-10-26,1704.0,2012-10-29,1712.0,11629,1712.0,2012-10-29,1712.0,11630.0,1.0,True,1.0,1.0
2012-10-29,1712.0,2012-10-30,1713.5,11630,1713.5,2012-10-30,1713.5,11631.0,1.0,True,1.0,1.0
2012-10-30,1713.5,2012-10-31,1718.0,11631,1718.0,2012-10-31,1718.0,11632.0,1.0,True,1.0,1.0
2012-10-31,1718.0,2012-11-01,1723.25,11632,1723.25,2012-11-01,1723.25,11633.0,1.0,True,1.0,1.0
2012-11-01,1723.25,2012-11-02,1708.25,11633,1708.25,2012-11-02,1708.25,11634.0,1.0,True,1.0,1.0
2012-11-02,1708.25,2012-11-05,1679.0,11634,1679.0,2012-11-05,1679.0,11635.0,1.0,True,1.0,1.0
2012-11-05,1679.0,2012-11-06,1691.75,11635,1691.75,2012-11-06,1691.75,11636.0,1.0,True,1.0,1.0
2012-11-06,1691.75,2012-11-07,1730.5,11636,1730.5,2012-11-07,1730.5,11637.0,1.0,True,1.0,1.0
2012-11-07,1730.5,2012-11-08,1715.0,11637,1715.0,2012-11-08,1715.0,11638.0,1.0,True,1.0,1.0
2012-11-08,1715.0,2012-11-09,1732.75,11638,1732.75,2012-11-09,1732.75,11639.0,1.0,True,1.0,1.0
2012-11-09,1732.75,2012-11-12,1735.75,11639,1735.75,2012-11-12,1735.75,11640.0,1.0,True,1.0,1.0
2012-11-12,1735.75,2012-11-13,1724.75,11640,1724.75,2012-11-13,1724.75,11641.0,1.0,True,1.0,1.0
2012-11-13,1724.75,2012-11-14,1724.5,11641,1724.5,2012-11-14,1724.5,11642.0,1.0,True,1.0,1.0
2012-11-14,1724.5,2012-11-15,1723.5,11642,1723.5,2012-11-15,1723.5,11643.0,1.0,True,1.0,1.0
2012-11-15,1723.5,2012-11-16,1710.0,11643,1710.0,2012-11-16,1710.0,11644.0,1.0,True,1.0,1.0
2012-11-16,1710.0,2012-11-19,1723.25,11644,1723.25,2012-11-19,1723.25,11645.0,1.0,True,1.0,1.0
2012-11-19,1723.25,2012-11-20,1734.0,11645,1734.0,2012-11-20,1734.0,11646.0,1.0,True,1.0,1.0
2012-11-20,1734.0,2012-11-21,1726.75,11646,1726.75,2012-11-21,1726.75,11647.0,1.0,True,1.0,1.0
2012-11-21,1726.75,2012-11-22,1729.75,11647,1729.75,2012-11-22,1729.75,11648.0,1.0,True,1.0,1.0
2012-11-22,1729.75,2012-11-23,1734.75,11648,1734.75,2012-11-23,1734.75,11649.0,1.0,True,1.0,1.0
2012-11-23,1734.75,2012-11-26,1747.25,11649,1747.25,2012-11-26,1747.25,11650.0,1.0,True,1.0,1.0
2012-11-26,1747.25,2012-11-27,1747.25,11650,1747.25,2012-11-27,1747.25,11651.0,1.0,True,1.0,1.0
2012-11-27,1747.25,2012-11-28,1741.0,11651,1741.0,2012-11-28,1741.0,11652.0,1.0,True,1.0,1.0
2012-11-28,1741.0,2012-11-29,1724.5,11652,1724.5,2012-11-29,1724.5,11653.0,1.0,True,1.0,1.0
2012-11-29,1724.5,2012-11-30,1728.25,11653,1728.25,2012-11-30,1728.25,11654.0,1.0,True,1.0,1.0
2012-11-30,1728.25,2012-12-03,1718.0,11654,1718.0,2012-12-03,1718.0,11655.0,1.0,True,1.0,1.0
2012-12-03,1718.0,2012-12-04,1706.75,11655,1706.75,2012-12-04,1706.75,11656.0,1.0,True,1.0,1.0
2012-12-04,1706.75,2012-12-05,1703.0,11656,1703.0,2012-12-05,1703.0,11657.0,1.0,True,1.0,1.0
2012-12-05,1703.0,2012-12-06,1693.0,11657,1693.0,2012-12-06,1693.0,11658.0,1.0,True,1.0,1.0
2012-12-06,1693.0,2012-12-07,1697.0,11658,1697.0,2012-12-07,1697.0,11659.0,1.0,True,1.0,1.0
2012-12-07,1697.0,2012-12-10,1708.5,11659,1708.5,2012-12-10,1708.5,11660.0,1.0,True,1.0,1.0
2012-12-10,1708.5,2012-12-11,1709.75,11660,1709.75,2012-12-11,1709.75,11661.0,1.0,True,1.0,1.0
2012-12-11,1709.75,2012-12-12,1712.5,11661,1712.5,2012-12-12,1712.5,11662.0,1.0,True,1.0,1.0
2012-12-12,1712.5,2012-12-13,1694.75,11662,1694.75,2012-12-13,1694.75,11663.0,1.0,True,1.0,1.0
2012-12-13,1694.75,2012-12-14,1696.5,11663,1696.5,2012-12-14,1696.5,11664.0,1.0,True,1.0,1.0
2012-12-14,1696.5,2012-12-17,1690.0,11664,1690.0,2012-12-17,1690.0,11665.0,1.0,True,1.0,1.0
2012-12-17,1690.0,2012-12-18,1699.5,11665,1699.5,2012-12-18,1699.5,11666.0,1.0,True,1.0,1.0
2012-12-18,1699.5,2012-12-19,1674.5,11666,1674.5,2012-12-19,1674.5,11667.0,1.0,True,1.0,1.0
2012-12-19,1674.5,2012-12-20,1667.0,11667,1667.0,2012-12-20,1667.0,11668.0,1.0,True,1.0,1.0
2012-12-20,1667.0,2012-12-21,1648.25,11668,1648.25,2012-12-21,1648.25,11669.0,1.0,True,1.0,1.0
2012-12-21,1648.25,2012-12-24,1662.5,11669,1662.5,2013-01-09,1663.5,11682.0,13.0,True,0.0,0.0
2013-01-09,1663.5,2013-01-10,1663.0,11682,1663.0,2013-01-10,1663.0,11683.0,1.0,True,1.0,1.0
2013-01-10,1663.0,2013-01-11,1669.5,11683,1669.5,2013-01-11,1669.5,11684.0,1.0,True,1.0,1.0
2013-01-11,1669.5,2013-01-14,1667.75,11684,1667.75,2013-01-14,1667.75,11685.0,1.0,True,1.0,1.0
2013-01-14,1667.75,2013-01-15,1681.0,11685,1681.0,2013-01-15,1681.0,11686.0,1.0,True,1.0,1.0
2013-01-15,1681.0,2013-01-16,1679.75,11686,1679.75,2013-01-16,1679.75,11687.0,1.0,True,1.0,1.0
2013-01-16,1679.75,2013-01-17,1683.25,11687,1683.25,2013-01-17,1683.25,11688.0,1.0,True,1.0,1.0
2013-01-17,1683.25,2013-01-18,1690.0,11688,1690.0,2013-01-18,1690.0,11689.0,1.0,True,1.0,1.0
2013-01-18,1690.0,2013-01-21,1688.0,11689,1688.0,2013-01-21,1688.0,11690.0,1.0,True,1.0,1.0
2013-01-21,1688.0,2013-01-22,1692.5,11690,1692.5,2013-01-24,1677.0,11693.0,3.0,True,0.0,0.0
2013-01-24,1677.0,2013-01-25,1670.25,11693,1670.25,2013-01-25,1670.25,11694.0,1.0,True,1.0,1.0
2013-01-25,1670.25,2013-01-28,1656.75,11694,1656.75,2013-01-28,1656.75,11695.0,1.0,True,1.0,1.0
2013-01-28,1656.75,2013-01-29,1660.5,11695,1660.5,2013-01-30,1666.25,11697.0,2.0,True,0.0,0.0
2013-01-30,1666.25,2013-01-31,1674.5,11697,1674.5,2013-01-31,1674.5,11698.0,1.0,True,1.0,1.0
2013-01-31,1674.5,2013-02-01,1665.0,11698,1665.0,2013-02-01,1665.0,11699.0,1.0,True,1.0,1.0
2013-02-01,1665.0,2013-02-04,1664.25,11699,1664.25,2013-02-04,1664.25,11700.0,1.0,True,1.0,1.0
2013-02-04,1664.25,2013-02-05,1678.0,11700,1678.0,2013-02-05,1678.0,11701.0,1.0,True,1.0,1.0
2013-02-05,1678.0,2013-02-06,1670.0,11701,1670.0,2013-02-06,1670.0,11702.0,1.0,True,1.0,1.0
2013-02-06,1670.0,2013-02-07,1675.75,11702,1675.75,2013-02-07,1675.75,11703.0,1.0,True,1.0,1.0
2013-02-07,1675.75,2013-02-08,1669.75,11703,1669.75,2013-02-08,1669.75,11704.0,1.0,True,1.0,1.0
2013-02-08,1669.75,2013-02-11,1663.5,11704,1663.5,2013-02-11,1663.5,11705.0,1.0,True,1.0,1.0
2013-02-11,1663.5,2013-02-12,1641.75,11705,1641.75,2013-02-12,1641.75,11706.0,1.0,True,1.0,1.0
2013-02-12,1641.75,2013-02-13,1648.0,11706,1648.0,2013-02-13,1648.0,11707.0,1.0,True,1.0,1.0
2013-02-13,1648.0,2013-02-14,1644.0,11707,1644.0,2013-02-14,1644.0,11708.0,1.0,True,1.0,1.0
2013-02-14,1644.0,2013-02-15,1629.25,11708,1629.25,2013-02-15,1629.25,11709.0,1.0,True,1.0,1.0
2013-02-15,1629.25,2013-02-18,1611.25,11709,1611.25,2013-02-18,1611.25,11710.0,1.0,True,1.0,1.0
2013-02-18,1611.25,2013-02-19,1613.5,11710,1613.5,2013-02-19,1613.5,11711.0,1.0,True,1.0,1.0
2013-02-19,1613.5,2013-02-20,1602.0,11711,1602.0,2013-02-20,1602.0,11712.0,1.0,True,1.0,1.0
2013-02-20,1602.0,2013-02-21,1568.5,11712,1568.5,2013-02-21,1568.5,11713.0,1.0,True,1.0,1.0
2013-02-21,1568.5,2013-02-22,1580.0,11713,1580.0,2013-02-22,1580.0,11714.0,1.0,True,1.0,1.0
2013-02-22,1580.0,2013-02-25,1592.5,11714,1592.5,2013-02-25,1592.5,11715.0,1.0,True,1.0,1.0
2013-02-25,1592.5,2013-02-26,1597.25,11715,1597.25,2013-02-26,1597.25,11716.0,1.0,True,1.0,1.0
2013-02-26,1597.25,2013-02-27,1608.5,11716,1608.5,2013-02-27,1608.5,11717.0,1.0,True,1.0,1.0
2013-02-27,1608.5,2013-02-28,1591.0,11717,1591.0,2013-02-28,1591.0,11718.0,1.0,True,1.0,1.0
2013-02-28,1591.0,2013-03-01,1570.0,11718,1570.0,2013-03-01,1570.0,11719.0,1.0,True,1.0,1.0
2013-03-01,1570.0,2013-03-04,1578.0,11719,1578.0,2013-03-04,1578.0,11720.0,1.0,True,1.0,1.0
2013-03-04,1578.0,2013-03-05,1584.25,11720,1584.25,2013-03-05,1584.25,11721.0,1.0,True,1.0,1.0
2013-03-05,1584.25,2013-03-06,1574.0,11721,1574.0,2013-03-06,1574.0,11722.0,1.0,True,1.0,1.0
2013-03-06,1574.0,2013-03-07,1580.5,11722,1580.5,2013-03-07,1580.5,11723.0,1.0,True,1.0,1.0
2013-03-07,1580.5,2013-03-08,1577.0,11723,1577.0,2013-03-08,1577.0,11724.0,1.0,True,1.0,1.0
2013-03-08,1577.0,2013-03-11,1577.5,11724,1577.5,2013-03-11,1577.5,11725.0,1.0,True,1.0,1.0
2013-03-11,1577.5,2013-03-12,1582.5,11725,1582.5,2013-03-12,1582.5,11726.0,1.0,True,1.0,1.0
2013-03-12,1582.5,2013-03-13,1591.5,11726,1591.5,2013-03-13,1591.5,11727.0,1.0,True,1.0,1.0
2013-03-13,1591.5,2013-03-14,1585.0,11727,1585.0,2013-03-14,1585.0,11728.0,1.0,True,1.0,1.0
2013-03-14,1585.0,2013-03-15,1593.25,11728,1593.25,2013-03-15,1593.25,11729.0,1.0,True,1.0,1.0
2013-03-15,1593.25,2013-03-18,1599.5,11729,1599.5,2013-03-18,1599.5,11730.0,1.0,True,1.0,1.0
2013-03-18,1599.5,2013-03-19,1602.5,11730,1602.5,2013-03-19,1602.5,11731.0,1.0,True,1.0,1.0
2013-03-19,1602.5,2013-03-20,1611.5,11731,1611.5,2013-03-20,1611.5,11732.0,1.0,True,1.0,1.0
2013-03-20,1611.5,2013-03-21,1608.75,11732,1608.75,2013-03-21,1608.75,11733.0,1.0,True,1.0,1.0
2013-03-21,1608.75,2013-03-22,1611.5,11733,1611.5,2013-03-22,1611.5,11734.0,1.0,True,1.0,1.0
2013-03-22,1611.5,2013-03-25,1602.25,11734,1602.25,2013-03-25,1602.25,11735.0,1.0,True,1.0,1.0
2013-03-25,1602.25,2013-03-26,1597.25,11735,1597.25,2013-03-26,1597.25,11736.0,1.0,True,1.0,1.0
2013-03-26,1597.25,2013-03-27,1591.0,11736,1591.0,2013-03-27,1591.0,11737.0,1.0,True,1.0,1.0
2013-03-27,1591.0,2013-03-28,1602.5,11737,1602.5,2013-04-09,1572.5,11746.0,9.0,True,0.0,0.0
2013-04-09,1572.5,2013-04-10,1581.5,11746,1581.5,2013-04-10,1581.5,11747.0,1.0,True,1.0,1.0
2013-04-10,1581.5,2013-04-11,1555.75,11747,1555.75,2013-04-11,1555.75,11748.0,1.0,True,1.0,1.0
2013-04-11,1555.75,2013-04-12,1548.0,11748,1548.0,2013-04-12,1548.0,11749.0,1.0,True,1.0,1.0
2013-04-12,1548.0,2013-04-15,1416.0,11749,1416.0,2013-04-15,1416.0,11750.0,1.0,True,1.0,1.0
2013-04-15,1416.0,2013-04-16,1378.0,11750,1378.0,2013-04-16,1378.0,11751.0,1.0,True,1.0,1.0
2013-04-16,1378.0,2013-04-17,1379.0,11751,1379.0,2013-04-17,1379.0,11752.0,1.0,True,1.0,1.0
2013-04-17,1379.0,2013-04-18,1397.0,11752,1397.0,2013-04-18,1397.0,11753.0,1.0,True,1.0,1.0
2013-04-18,1397.0,2013-04-19,1414.0,11753,1414.0,2013-04-19,1414.0,11754.0,1.0,True,1.0,1.0
2013-04-19,1414.0,2013-04-22,1425.0,11754,1425.0,2013-04-22,1425.0,11755.0,1.0,True,1.0,1.0
2013-04-22,1425.0,2013-04-23,1417.25,11755,1417.25,2013-04-23,1417.25,11756.0,1.0,True,1.0,1.0
2013-04-23,1417.25,2013-04-24,1424.5,11756,1424.5,2013-04-24,1424.5,11757.0,1.0,True,1.0,1.0
2013-04-24,1424.5,2013-04-25,1446.5,11757,1446.5,2013-04-25,1446.5,11758.0,1.0,True,1.0,1.0
2013-04-25,1446.5,2013-04-26,1462.25,11758,1462.25,2013-04-30,1472.75,11761.0,3.0,True,0.0,0.0
2013-04-30,1472.75,2013-05-01,1469.5,11761,1469.5,2013-05-01,1469.5,11762.0,1.0,True,1.0,1.0
2013-05-01,1469.5,2013-05-02,1456.0,11762,1456.0,2013-05-02,1456.0,11763.0,1.0,True,1.0,1.0
2013-05-02,1456.0,2013-05-03,1476.5,11763,1476.5,2013-05-14,1436.5,11771.0,8.0,True,0.0,0.0
2013-05-14,1436.5,2013-05-15,1412.25,11771,1412.25,2013-05-15,1412.25,11772.0,1.0,True,1.0,1.0
2013-05-15,1412.25,2013-05-16,1377.0,11772,1377.0,2013-05-16,1377.0,11773.0,1.0,True,1.0,1.0
2013-05-16,1377.0,2013-05-17,1376.75,11773,1376.75,2013-05-17,1376.75,11774.0,1.0,True,1.0,1.0
2013-05-17,1376.75,2013-05-20,1353.75,11774,1353.75,2013-05-20,1353.75,11775.0,1.0,True,1.0,1.0
2013-05-20,1353.75,2013-05-21,1378.75,11775,1378.75,2013-05-21,1378.75,11776.0,1.0,True,1.0,1.0
2013-05-21,1378.75,2013-05-22,1385.25,11776,1385.25,2013-05-22,1385.25,11777.0,1.0,True,1.0,1.0
2013-05-22,1385.25,2013-05-23,1386.0,11777,1386.0,2013-05-23,1386.0,11778.0,1.0,True,1.0,1.0
2013-05-23,1386.0,2013-05-24,1385.25,11778,1385.25,2013-06-04,1405.25,11786.0,8.0,True,0.0,0.0
2013-06-04,1405.25,2013-06-05,1396.5,11786,1396.5,2013-06-05,1396.5,11787.0,1.0,True,1.0,1.0
2013-06-05,1396.5,2013-06-06,1399.5,11787,1399.5,2013-06-06,1399.5,11788.0,1.0,True,1.0,1.0
2013-06-06,1399.5,2013-06-07,1410.0,11788,1410.0,2013-06-07,1410.0,11789.0,1.0,True,1.0,1.0
2013-06-07,1410.0,2013-06-10,1376.75,11789,1376.75,2013-06-10,1376.75,11790.0,1.0,True,1.0,1.0
2013-06-10,1376.75,2013-06-11,1369.5,11790,1369.5,2013-06-11,1369.5,11791.0,1.0,True,1.0,1.0
2013-06-11,1369.5,2013-06-12,1377.25,11791,1377.25,2013-06-12,1377.25,11792.0,1.0,True,1.0,1.0
2013-06-12,1377.25,2013-06-13,1386.25,11792,1386.25,2013-06-13,1386.25,11793.0,1.0,True,1.0,1.0
2013-06-13,1386.25,2013-06-14,1379.75,11793,1379.75,2013-06-14,1379.75,11794.0,1.0,True,1.0,1.0
2013-06-14,1379.75,2013-06-17,1386.0,11794,1386.0,2013-06-17,1386.0,11795.0,1.0,True,1.0,1.0
2013-06-17,1386.0,2013-06-18,1378.5,11795,1378.5,2013-06-18,1378.5,11796.0,1.0,True,1.0,1.0
2013-06-18,1378.5,2013-06-19,1366.0,11796,1366.0,2013-06-19,1366.0,11797.0,1.0,True,1.0,1.0
2013-06-19,1366.0,2013-06-20,1303.25,11797,1303.25,2013-06-20,1303.25,11798.0,1.0,True,1.0,1.0
2013-06-20,1303.25,2013-06-21,1290.25,11798,1290.25,2013-06-21,1290.25,11799.0,1.0,True,1.0,1.0
2013-06-21,1290.25,2013-06-24,1283.25,11799,1283.25,2013-06-25,1285.0,11801.0,2.0,True,0.0,0.0
2013-06-25,1285.0,2013-06-26,1229.0,11801,1229.0,2013-06-26,1229.0,11802.0,1.0,True,1.0,1.0
2013-06-26,1229.0,2013-06-27,1232.0,11802,1232.0,2013-06-27,1232.0,11803.0,1.0,True,1.0,1.0
2013-06-27,1232.0,2013-06-28,1203.25,11803,1203.25,2013-06-28,1203.25,11804.0,1.0,True,1.0,1.0
2013-06-28,1203.25,2013-07-01,1243.5,11804,1243.5,2013-07-01,1243.5,11805.0,1.0,True,1.0,1.0
2013-07-01,1243.5,2013-07-02,1260.75,11805,1260.75,2013-07-02,1260.75,11806.0,1.0,True,1.0,1.0
2013-07-02,1260.75,2013-07-03,1246.0,11806,1246.0,2013-07-03,1246.0,11807.0,1.0,True,1.0,1.0
2013-07-03,1246.0,2013-07-04,1249.5,11807,1249.5,2013-07-04,1249.5,11808.0,1.0,True,1.0,1.0
2013-07-04,1249.5,2013-07-05,1232.75,11808,1232.75,2013-07-05,1232.75,11809.0,1.0,True,1.0,1.0
2013-07-05,1232.75,2013-07-08,1225.5,11809,1225.5,2013-07-08,1225.5,11810.0,1.0,True,1.0,1.0
2013-07-08,1225.5,2013-07-09,1252.0,11810,1252.0,2013-07-09,1252.0,11811.0,1.0,True,1.0,1.0
2013-07-09,1252.0,2013-07-10,1252.25,11811,1252.25,2013-07-10,1252.25,11812.0,1.0,True,1.0,1.0
2013-07-10,1252.25,2013-07-11,1280.75,11812,1280.75,2013-07-11,1280.75,11813.0,1.0,True,1.0,1.0
2013-07-11,1280.75,2013-07-12,1275.0,11813,1275.0,2013-07-12,1275.0,11814.0,1.0,True,1.0,1.0
2013-07-12,1275.0,2013-07-15,1281.25,11814,1281.25,2013-07-15,1281.25,11815.0,1.0,True,1.0,1.0
2013-07-15,1281.25,2013-07-16,1286.0,11815,1286.0,2013-07-16,1286.0,11816.0,1.0,True,1.0,1.0
2013-07-16,1286.0,2013-07-17,1284.25,11816,1284.25,2013-07-17,1284.25,11817.0,1.0,True,1.0,1.0
2013-07-17,1284.25,2013-07-18,1279.75,11817,1279.75,2013-07-18,1279.75,11818.0,1.0,True,1.0,1.0
2013-07-18,1279.75,2013-07-19,1286.0,11818,1286.0,2013-07-19,1286.0,11819.0,1.0,True,1.0,1.0
2013-07-19,1286.0,2013-07-22,1313.75,11819,1313.75,2013-07-22,1313.75,11820.0,1.0,True,1.0,1.0
2013-07-22,1313.75,2013-07-23,1326.75,11820,1326.75,2013-07-23,1326.75,11821.0,1.0,True,1.0,1.0
2013-07-23,1326.75,2013-07-24,1340.0,11821,1340.0,2013-07-24,1340.0,11822.0,1.0,True,1.0,1.0
2013-07-24,1340.0,2013-07-25,1312.0,11822,1312.0,2013-07-25,1312.0,11823.0,1.0,True,1.0,1.0
2013-07-25,1312.0,2013-07-26,1327.75,11823,1327.75,2013-07-26,1327.75,11824.0,1.0,True,1.0,1.0
2013-07-26,1327.75,2013-07-29,1330.75,11824,1330.75,2013-07-29,1330.75,11825.0,1.0,True,1.0,1.0
2013-07-29,1330.75,2013-07-30,1322.25,11825,1322.25,2013-07-30,1322.25,11826.0,1.0,True,1.0,1.0
2013-07-30,1322.25,2013-07-31,1331.5,11826,1331.5,2013-07-31,1331.5,11827.0,1.0,True,1.0,1.0
2013-07-31,1331.5,2013-08-01,1323.75,11827,1323.75,2013-08-01,1323.75,11828.0,1.0,True,1.0,1.0
2013-08-01,1323.75,2013-08-02,1285.75,11828,1285.75,2013-08-02,1285.75,11829.0,1.0,True,1.0,1.0
2013-08-02,1285.75,2013-08-05,1311.0,11829,1311.0,2013-08-05,1311.0,11830.0,1.0,True,1.0,1.0
2013-08-05,1311.0,2013-08-06,1292.0,11830,1292.0,2013-08-06,1292.0,11831.0,1.0,True,1.0,1.0
2013-08-06,1292.0,2013-08-07,1275.5,11831,1275.5,2013-08-07,1275.5,11832.0,1.0,True,1.0,1.0
2013-08-07,1275.5,2013-08-08,1287.75,11832,1287.75,2013-08-08,1287.75,11833.0,1.0,True,1.0,1.0
2013-08-08,1287.75,2013-08-09,1305.5,11833,1305.5,2013-08-09,1305.5,11834.0,1.0,True,1.0,1.0
2013-08-09,1305.5,2013-08-12,1325.75,11834,1325.75,2013-08-12,1325.75,11835.0,1.0,True,1.0,1.0
2013-08-12,1325.75,2013-08-13,1334.0,11835,1334.0,2013-08-13,1334.0,11836.0,1.0,True,1.0,1.0
2013-08-13,1334.0,2013-08-14,1323.25,11836,1323.25,2013-08-14,1323.25,11837.0,1.0,True,1.0,1.0
2013-08-14,1323.25,2013-08-15,1339.5,11837,1339.5,2013-08-15,1339.5,11838.0,1.0,True,1.0,1.0
2013-08-15,1339.5,2013-08-16,1360.75,11838,1360.75,2013-08-16,1360.75,11839.0,1.0,True,1.0,1.0
2013-08-16,1360.75,2013-08-19,1375.25,11839,1375.25,2013-08-19,1375.25,11840.0,1.0,True,1.0,1.0
2013-08-19,1375.25,2013-08-20,1365.75,11840,1365.75,2013-08-20,1365.75,11841.0,1.0,True,1.0,1.0
2013-08-20,1365.75,2013-08-21,1360.0,11841,1360.0,2013-08-21,1360.0,11842.0,1.0,True,1.0,1.0
2013-08-21,1360.0,2013-08-22,1370.5,11842,1370.5,2013-08-22,1370.5,11843.0,1.0,True,1.0,1.0
2013-08-22,1370.5,2013-08-23,1374.5,11843,1374.5,2013-09-03,1391.25,11851.0,8.0,True,0.0,0.0
2013-09-03,1391.25,2013-09-04,1403.75,11851,1403.75,2013-09-04,1403.75,11852.0,1.0,True,1.0,1.0
2013-09-04,1403.75,2013-09-05,1391.75,11852,1391.75,2013-09-05,1391.75,11853.0,1.0,True,1.0,1.0
2013-09-05,1391.75,2013-09-06,1368.25,11853,1368.25,2013-09-06,1368.25,11854.0,1.0,True,1.0,1.0
2013-09-06,1368.25,2013-09-09,1386.0,11854,1386.0,2013-09-09,1386.0,11855.0,1.0,True,1.0,1.0
2013-09-09,1386.0,2013-09-10,1373.0,11855,1373.0,2013-09-10,1373.0,11856.0,1.0,True,1.0,1.0
2013-09-10,1373.0,2013-09-11,1365.25,11856,1365.25,2013-09-11,1365.25,11857.0,1.0,True,1.0,1.0
2013-09-11,1365.25,2013-09-12,1340.25,11857,1340.25,2013-09-12,1340.25,11858.0,1.0,True,1.0,1.0
2013-09-12,1340.25,2013-09-13,1308.25,11858,1308.25,2013-09-13,1308.25,11859.0,1.0,True,1.0,1.0
2013-09-13,1308.25,2013-09-16,1314.75,11859,1314.75,2013-09-16,1314.75,11860.0,1.0,True,1.0,1.0
2013-09-16,1314.75,2013-09-17,1317.25,11860,1317.25,2013-09-17,1317.25,11861.0,1.0,True,1.0,1.0
2013-09-17,1317.25,2013-09-18,1299.75,11861,1299.75,2013-09-18,1299.75,11862.0,1.0,True,1.0,1.0
2013-09-18,1299.75,2013-09-19,1363.5,11862,1363.5,2013-09-19,1363.5,11863.0,1.0,True,1.0,1.0
2013-09-19,1363.5,2013-09-20,1355.25,11863,1355.25,2013-09-20,1355.25,11864.0,1.0,True,1.0,1.0
2013-09-20,1355.25,2013-09-23,1321.75,11864,1321.75,2013-09-24,1316.5,11866.0,2.0,True,0.0,0.0
2013-09-24,1316.5,2013-09-25,1320.25,11866,1320.25,2013-09-25,1320.25,11867.0,1.0,True,1.0,1.0
2013-09-25,1320.25,2013-09-26,1332.5,11867,1332.5,2013-09-26,1332.5,11868.0,1.0,True,1.0,1.0
2013-09-26,1332.5,2013-09-27,1321.5,11868,1321.5,2013-09-27,1321.5,11869.0,1.0,True,1.0,1.0
2013-09-27,1321.5,2013-09-30,1335.75,11869,1335.75,2013-09-30,1335.75,11870.0,1.0,True,1.0,1.0
2013-09-30,1335.75,2013-10-01,1332.25,11870,1332.25,2013-10-01,1332.25,11871.0,1.0,True,1.0,1.0
2013-10-01,1332.25,2013-10-02,1293.75,11871,1293.75,2013-10-02,1293.75,11872.0,1.0,True,1.0,1.0
2013-10-02,1293.75,2013-10-03,1309.0,11872,1309.0,2013-10-03,1309.0,11873.0,1.0,True,1.0,1.0
2013-10-03,1309.0,2013-10-04,1316.0,11873,1316.0,2013-10-04,1316.0,11874.0,1.0,True,1.0,1.0
2013-10-04,1316.0,2013-10-07,1311.0,11874,1311.0,2013-10-07,1311.0,11875.0,1.0,True,1.0,1.0
2013-10-07,1311.0,2013-10-08,1321.0,11875,1321.0,2013-10-08,1321.0,11876.0,1.0,True,1.0,1.0
2013-10-08,1321.0,2013-10-09,1309.5,11876,1309.5,2013-10-09,1309.5,11877.0,1.0,True,1.0,1.0
2013-10-09,1309.5,2013-10-10,1298.0,11877,1298.0,2013-10-10,1298.0,11878.0,1.0,True,1.0,1.0
2013-10-10,1298.0,2013-10-11,1285.75,11878,1285.75,2013-10-11,1285.75,11879.0,1.0,True,1.0,1.0
2013-10-11,1285.75,2013-10-14,1276.0,11879,1276.0,2013-10-14,1276.0,11880.0,1.0,True,1.0,1.0
2013-10-14,1276.0,2013-10-15,1255.5,11880,1255.5,2013-10-15,1255.5,11881.0,1.0,True,1.0,1.0
2013-10-15,1255.5,2013-10-16,1278.25,11881,1278.25,2013-10-16,1278.25,11882.0,1.0,True,1.0,1.0
2013-10-16,1278.25,2013-10-17,1308.5,11882,1308.5,2013-10-17,1308.5,11883.0,1.0,True,1.0,1.0
2013-10-17,1308.5,2013-10-18,1317.0,11883,1317.0,2013-10-18,1317.0,11884.0,1.0,True,1.0,1.0
2013-10-18,1317.0,2013-10-21,1316.0,11884,1316.0,2013-10-21,1316.0,11885.0,1.0,True,1.0,1.0
2013-10-21,1316.0,2013-10-22,1311.75,11885,1311.75,2013-10-22,1311.75,11886.0,1.0,True,1.0,1.0
2013-10-22,1311.75,2013-10-23,1333.0,11886,1333.0,2013-10-23,1333.0,11887.0,1.0,True,1.0,1.0
2013-10-23,1333.0,2013-10-24,1336.25,11887,1336.25,2013-10-24,1336.25,11888.0,1.0,True,1.0,1.0
2013-10-24,1336.25,2013-10-25,1341.75,11888,1341.75,2013-10-25,1341.75,11889.0,1.0,True,1.0,1.0
2013-10-25,1341.75,2013-10-28,1351.0,11889,1351.0,2013-10-28,1351.0,11890.0,1.0,True,1.0,1.0
2013-10-28,1351.0,2013-10-29,1346.75,11890,1346.75,2013-10-29,1346.75,11891.0,1.0,True,1.0,1.0
2013-10-29,1346.75,2013-10-30,1349.5,11891,1349.5,2013-10-30,1349.5,11892.0,1.0,True,1.0,1.0
2013-10-30,1349.5,2013-10-31,1333.75,11892,1333.75,2013-10-31,1333.75,11893.0,1.0,True,1.0,1.0
2013-10-31,1333.75,2013-11-01,1314.75,11893,1314.75,2013-11-01,1314.75,11894.0,1.0,True,1.0,1.0
2013-11-01,1314.75,2013-11-04,1314.25,11894,1314.25,2013-11-04,1314.25,11895.0,1.0,True,1.0,1.0
2013-11-04,1314.25,2013-11-05,1311.25,11895,1311.25,2013-11-05,1311.25,11896.0,1.0,True,1.0,1.0
2013-11-05,1311.25,2013-11-06,1317.0,11896,1317.0,2013-11-06,1317.0,11897.0,1.0,True,1.0,1.0
2013-11-06,1317.0,2013-11-07,1316.0,11897,1316.0,2013-11-07,1316.0,11898.0,1.0,True,1.0,1.0
2013-11-07,1316.0,2013-11-08,1309.0,11898,1309.0,2013-11-08,1309.0,11899.0,1.0,True,1.0,1.0
2013-11-08,1309.0,2013-11-11,1283.75,11899,1283.75,2013-11-11,1283.75,11900.0,1.0,True,1.0,1.0
2013-11-11,1283.75,2013-11-12,1281.0,11900,1281.0,2013-11-12,1281.0,11901.0,1.0,True,1.0,1.0
2013-11-12,1281.0,2013-11-13,1276.0,11901,1276.0,2013-11-13,1276.0,11902.0,1.0,True,1.0,1.0
2013-11-13,1276.0,2013-11-14,1283.25,11902,1283.25,2013-11-14,1283.25,11903.0,1.0,True,1.0,1.0
2013-11-14,1283.25,2013-11-15,1281.75,11903,1281.75,2013-11-15,1281.75,11904.0,1.0,True,1.0,1.0
2013-11-15,1281.75,2013-11-18,1283.5,11904,1283.5,2013-11-18,1283.5,11905.0,1.0,True,1.0,1.0
2013-11-18,1283.5,2013-11-19,1272.25,11905,1272.25,2013-11-19,1272.25,11906.0,1.0,True,1.0,1.0
2013-11-19,1272.25,2013-11-20,1271.5,11906,1271.5,2013-11-20,1271.5,11907.0,1.0,True,1.0,1.0
2013-11-20,1271.5,2013-11-21,1248.5,11907,1248.5,2013-11-21,1248.5,11908.0,1.0,True,1.0,1.0
2013-11-21,1248.5,2013-11-22,1241.75,11908,1241.75,2013-11-22,1241.75,11909.0,1.0,True,1.0,1.0
2013-11-22,1241.75,2013-11-25,1231.75,11909,1231.75,2013-11-25,1231.75,11910.0,1.0,True,1.0,1.0
2013-11-25,1231.75,2013-11-26,1250.75,11910,1250.75,2013-11-26,1250.75,11911.0,1.0,True,1.0,1.0
2013-11-26,1250.75,2013-11-27,1250.75,11911,1250.75,2013-11-27,1250.75,11912.0,1.0,True,1.0,1.0
2013-11-27,1250.75,2013-11-28,1241.75,11912,1241.75,2013-11-28,1241.75,11913.0,1.0,True,1.0,1.0
2013-11-28,1241.75,2013-11-29,1245.25,11913,1245.25,2013-11-29,1245.25,11914.0,1.0,True,1.0,1.0
2013-11-29,1245.25,2013-12-02,1237.5,11914,1237.5,2013-12-02,1237.5,11915.0,1.0,True,1.0,1.0
2013-12-02,1237.5,2013-12-03,1219.0,11915,1219.0,2013-12-03,1219.0,11916.0,1.0,True,1.0,1.0
2013-12-03,1219.0,2013-12-04,1213.0,11916,1213.0,2013-12-04,1213.0,11917.0,1.0,True,1.0,1.0
2013-12-04,1213.0,2013-12-05,1234.0,11917,1234.0,2013-12-05,1234.0,11918.0,1.0,True,1.0,1.0
2013-12-05,1234.0,2013-12-06,1230.75,11918,1230.75,2013-12-06,1230.75,11919.0,1.0,True,1.0,1.0
2013-12-06,1230.75,2013-12-09,1228.5,11919,1228.5,2013-12-09,1228.5,11920.0,1.0,True,1.0,1.0
2013-12-09,1228.5,2013-12-10,1245.75,11920,1245.75,2013-12-10,1245.75,11921.0,1.0,True,1.0,1.0
2013-12-10,1245.75,2013-12-11,1255.25,11921,1255.25,2013-12-11,1255.25,11922.0,1.0,True,1.0,1.0
2013-12-11,1255.25,2013-12-12,1243.5,11922,1243.5,2013-12-12,1243.5,11923.0,1.0,True,1.0,1.0
2013-12-12,1243.5,2013-12-13,1222.75,11923,1222.75,2013-12-13,1222.75,11924.0,1.0,True,1.0,1.0
2013-12-13,1222.75,2013-12-16,1229.5,11924,1229.5,2013-12-16,1229.5,11925.0,1.0,True,1.0,1.0
2013-12-16,1229.5,2013-12-17,1237.25,11925,1237.25,2013-12-17,1237.25,11926.0,1.0,True,1.0,1.0
2013-12-17,1237.25,2013-12-18,1233.25,11926,1233.25,2013-12-18,1233.25,11927.0,1.0,True,1.0,1.0
2013-12-18,1233.25,2013-12-19,1205.25,11927,1205.25,2013-12-19,1205.25,11928.0,1.0,True,1.0,1.0
2013-12-19,1205.25,2013-12-20,1195.0,11928,1195.0,2013-12-20,1195.0,11929.0,1.0,True,1.0,1.0
2013-12-20,1195.0,2013-12-23,1192.75,11929,1192.75,2013-12-23,1192.75,11930.0,1.0,True,1.0,1.0
2013-12-23,1192.75,2013-12-24,1196.5,11930,1196.5,2014-01-09,1226.0,11943.0,13.0,True,0.0,0.0
2014-01-09,1226.0,2014-01-10,1232.25,11943,1232.25,2014-01-10,1232.25,11944.0,1.0,True,1.0,1.0
2014-01-10,1232.25,2014-01-13,1246.0,11944,1246.0,2014-01-13,1246.0,11945.0,1.0,True,1.0,1.0
2014-01-13,1246.0,2014-01-14,1248.75,11945,1248.75,2014-01-14,1248.75,11946.0,1.0,True,1.0,1.0
2014-01-14,1248.75,2014-01-15,1238.0,11946,1238.0,2014-01-15,1238.0,11947.0,1.0,True,1.0,1.0
2014-01-15,1238.0,2014-01-16,1237.25,11947,1237.25,2014-01-16,1237.25,11948.0,1.0,True,1.0,1.0
2014-01-16,1237.25,2014-01-17,1241.0,11948,1241.0,2014-01-17,1241.0,11949.0,1.0,True,1.0,1.0
2014-01-17,1241.0,2014-01-20,1254.75,11949,1254.75,2014-01-20,1254.75,11950.0,1.0,True,1.0,1.0
2014-01-20,1254.75,2014-01-21,1247.75,11950,1247.75,2014-01-21,1247.75,11951.0,1.0,True,1.0,1.0
2014-01-21,1247.75,2014-01-22,1239.5,11951,1239.5,2014-01-24,1259.25,11954.0,3.0,True,0.0,0.0
2014-01-24,1259.25,2014-01-27,1270.0,11954,1270.0,2014-01-27,1270.0,11955.0,1.0,True,1.0,1.0
2014-01-27,1270.0,2014-01-28,1253.5,11955,1253.5,2014-01-28,1253.5,11956.0,1.0,True,1.0,1.0
2014-01-28,1253.5,2014-01-29,1254.75,11956,1254.75,2014-01-30,1254.0,11958.0,2.0,True,0.0,0.0
2014-01-30,1254.0,2014-01-31,1246.5,11958,1246.5,2014-01-31,1246.5,11959.0,1.0,True,1.0,1.0
2014-01-31,1246.5,2014-02-03,1246.5,11959,1246.5,2014-02-03,1246.5,11960.0,1.0,True,1.0,1.0
2014-02-03,1246.5,2014-02-04,1253.0,11960,1253.0,2014-02-04,1253.0,11961.0,1.0,True,1.0,1.0
2014-02-04,1253.0,2014-02-05,1257.0,11961,1257.0,2014-02-05,1257.0,11962.0,1.0,True,1.0,1.0
2014-02-05,1257.0,2014-02-06,1258.5,11962,1258.5,2014-02-06,1258.5,11963.0,1.0,True,1.0,1.0
2014-02-06,1258.5,2014-02-07,1260.0,11963,1260.0,2014-02-07,1260.0,11964.0,1.0,True,1.0,1.0
2014-02-07,1260.0,2014-02-10,1273.5,11964,1273.5,2014-02-10,1273.5,11965.0,1.0,True,1.0,1.0
2014-02-10,1273.5,2014-02-11,1282.75,11965,1282.75,2014-02-11,1282.75,11966.0,1.0,True,1.0,1.0
2014-02-11,1282.75,2014-02-12,1286.5,11966,1286.5,2014-02-12,1286.5,11967.0,1.0,True,1.0,1.0
2014-02-12,1286.5,2014-02-13,1290.25,11967,1290.25,2014-02-13,1290.25,11968.0,1.0,True,1.0,1.0
2014-02-13,1290.25,2014-02-14,1308.5,11968,1308.5,2014-02-14,1308.5,11969.0,1.0,True,1.0,1.0
2014-02-14,1308.5,2014-02-17,1326.0,11969,1326.0,2014-02-17,1326.0,11970.0,1.0,True,1.0,1.0
2014-02-17,1326.0,2014-02-18,1314.0,11970,1314.0,2014-02-18,1314.0,11971.0,1.0,True,1.0,1.0
2014-02-18,1314.0,2014-02-19,1318.75,11971,1318.75,2014-02-19,1318.75,11972.0,1.0,True,1.0,1.0
2014-02-19,1318.75,2014-02-20,1313.75,11972,1313.75,2014-02-20,1313.75,11973.0,1.0,True,1.0,1.0
2014-02-20,1313.75,2014-02-21,1320.75,11973,1320.75,2014-02-21,1320.75,11974.0,1.0,True,1.0,1.0
2014-02-21,1320.75,2014-02-24,1333.0,11974,1333.0,2014-02-24,1333.0,11975.0,1.0,True,1.0,1.0
2014-02-24,1333.0,2014-02-25,1332.75,11975,1332.75,2014-02-25,1332.75,11976.0,1.0,True,1.0,1.0
2014-02-25,1332.75,2014-02-26,1340.0,11976,1340.0,2014-02-26,1340.0,11977.0,1.0,True,1.0,1.0
2014-02-26,1340.0,2014-02-27,1331.0,11977,1331.0,2014-02-27,1331.0,11978.0,1.0,True,1.0,1.0
2014-02-27,1331.0,2014-02-28,1327.75,11978,1327.75,2014-02-28,1327.75,11979.0,1.0,True,1.0,1.0
2014-02-28,1327.75,2014-03-03,1344.25,11979,1344.25,2014-03-03,1344.25,11980.0,1.0,True,1.0,1.0
2014-03-03,1344.25,2014-03-04,1339.5,11980,1339.5,2014-03-04,1339.5,11981.0,1.0,True,1.0,1.0
2014-03-04,1339.5,2014-03-05,1333.5,11981,1333.5,2014-03-05,1333.5,11982.0,1.0,True,1.0,1.0
2014-03-05,1333.5,2014-03-06,1334.25,11982,1334.25,2014-03-06,1334.25,11983.0,1.0,True,1.0,1.0
2014-03-06,1334.25,2014-03-07,1348.25,11983,1348.25,2014-03-07,1348.25,11984.0,1.0,True,1.0,1.0
2014-03-07,1348.25,2014-03-10,1334.25,11984,1334.25,2014-03-10,1334.25,11985.0,1.0,True,1.0,1.0
2014-03-10,1334.25,2014-03-11,1348.0,11985,1348.0,2014-03-11,1348.0,11986.0,1.0,True,1.0,1.0
2014-03-11,1348.0,2014-03-12,1355.75,11986,1355.75,2014-03-12,1355.75,11987.0,1.0,True,1.0,1.0
2014-03-12,1355.75,2014-03-13,1371.0,11987,1371.0,2014-03-13,1371.0,11988.0,1.0,True,1.0,1.0
2014-03-13,1371.0,2014-03-14,1370.0,11988,1370.0,2014-03-14,1370.0,11989.0,1.0,True,1.0,1.0
2014-03-14,1370.0,2014-03-17,1379.0,11989,1379.0,2014-03-17,1379.0,11990.0,1.0,True,1.0,1.0
2014-03-17,1379.0,2014-03-18,1362.5,11990,1362.5,2014-03-18,1362.5,11991.0,1.0,True,1.0,1.0
2014-03-18,1362.5,2014-03-19,1346.0,11991,1346.0,2014-03-19,1346.0,11992.0,1.0,True,1.0,1.0
2014-03-19,1346.0,2014-03-20,1327.0,11992,1327.0,2014-03-20,1327.0,11993.0,1.0,True,1.0,1.0
2014-03-20,1327.0,2014-03-21,1338.5,11993,1338.5,2014-03-21,1338.5,11994.0,1.0,True,1.0,1.0
2014-03-21,1338.5,2014-03-24,1322.0,11994,1322.0,2014-03-24,1322.0,11995.0,1.0,True,1.0,1.0
2014-03-24,1322.0,2014-03-25,1314.75,11995,1314.75,2014-03-25,1314.75,11996.0,1.0,True,1.0,1.0
2014-03-25,1314.75,2014-03-26,1314.5,11996,1314.5,2014-03-26,1314.5,11997.0,1.0,True,1.0,1.0
2014-03-26,1314.5,2014-03-27,1295.0,11997,1295.0,2014-03-27,1295.0,11998.0,1.0,True,1.0,1.0
2014-03-27,1295.0,2014-03-28,1295.75,11998,1295.75,2014-03-28,1295.75,11999.0,1.0,True,1.0,1.0
2014-03-28,1295.75,2014-03-31,1294.0,11999,1294.0,2014-03-31,1294.0,12000.0,1.0,True,1.0,1.0
2014-03-31,1294.0,2014-04-01,1286.5,12000,1286.5,2014-04-01,1286.5,12001.0,1.0,True,1.0,1.0
2014-04-01,1286.5,2014-04-02,1284.0,12001,1284.0,2014-04-02,1284.0,12002.0,1.0,True,1.0,1.0
2014-04-02,1284.0,2014-04-03,1287.25,12002,1287.25,2014-04-03,1287.25,12003.0,1.0,True,1.0,1.0
2014-04-03,1287.25,2014-04-04,1293.5,12003,1293.5,2014-04-04,1293.5,12004.0,1.0,True,1.0,1.0
2014-04-04,1293.5,2014-04-07,1299.0,12004,1299.0,2014-04-07,1299.0,12005.0,1.0,True,1.0,1.0
2014-04-07,1299.0,2014-04-08,1314.75,12005,1314.75,2014-04-08,1314.75,12006.0,1.0,True,1.0,1.0
2014-04-08,1314.75,2014-04-09,1309.75,12006,1309.75,2014-04-09,1309.75,12007.0,1.0,True,1.0,1.0
2014-04-09,1309.75,2014-04-10,1321.5,12007,1321.5,,,,,True,,
