date,priceOpen,priceHigh,priceLow,priceClose,volume,log_priceClose,log_volume,daily_return,daily_range
2018-08-22,6486.25,6816.79,6310.11,6376.71,4668110000.0,8.76040756935209,22.264020115788878,,506.6800000000003
2018-08-23,6371.34,6546.54,6371.34,6534.88,3426180000.0,8.78490926322714,21.954711774872745,2.4804326996209713,175.19999999999982
2018-08-24,6551.52,6719.96,6498.64,6719.96,4097820000.0,8.812837481118528,22.133720961933136,2.8321866660137696,221.3199999999997
2018-08-25,6719.95,6789.63,6700.96,6763.19,3312600000.0,8.819249951221416,21.92099921648233,0.6433074006392925,88.67000000000007
2018-08-26,6754.64,6774.75,6620.75,6707.26,3295500000.0,8.810945800817288,21.91582373845705,-0.8269766190214911,154.0
2018-08-27,6710.8,6884.64,6689.71,6884.64,4019000000.0,8.837048122214012,22.114298952413474,2.644597048571251,194.9300000000003
2018-08-28,6891.08,7109.56,6882.34,7096.28,4659940000.0,8.867325982060992,22.262268409464596,3.0740895675009705,227.22000000000025
2018-08-29,7091.71,7113.3,6970.82,7047.16,4145880000.0,8.860379977766309,22.145380906981067,-0.6921936563946129,142.48000000000047
2018-08-30,7043.76,7072.69,6834.69,6978.23,4463250000.0,8.850550581937261,22.219143037157345,-0.9781245210836786,238.0
2018-08-31,6973.97,7057.17,6920.16,7037.58,4495650000.0,8.859019640056514,22.22637609953248,0.85050220471381,137.01000000000022
2018-09-01,7044.81,7242.29,7038.05,7193.25,4116050000.0,8.88089836527617,22.13815980256066,2.2119819597077317,204.23999999999978
2018-09-02,7189.58,7306.31,7132.16,7272.72,4329540000.0,8.891885640857149,22.18872713775159,1.1047857366280889,174.15000000000055
2018-09-03,7279.03,7317.94,7208.15,7260.06,4087760000.0,8.8901433722475,22.131262979709536,-0.17407517407517226,109.78999999999996
2018-09-04,7263.0,7388.26,7255.44,7361.66,4273640000.0,8.904040729770076,22.17573176006651,1.399437470213738,132.82000000000062
2018-09-05,7361.46,7388.43,6792.83,6792.83,5800460000.0,8.82362292311634,22.481203061698714,-7.7269257205575865,595.6000000000004
2018-09-06,6755.14,6755.14,6404.72,6529.17,5523470000.0,8.78403510852571,22.432272122923028,-3.8814455830633143,350.4200000000001
2018-09-07,6528.92,6555.29,6396.87,6467.07,4264680000.0,8.774478425572331,22.17363298576689,-0.9511162980899601,158.42000000000007
2018-09-08,6460.17,6534.25,6197.52,6225.98,3835060000.0,8.736486138661027,22.06745091701482,-3.7279633589863748,336.72999999999956
2018-09-09,6223.38,6446.26,6201.22,6300.86,3671890000.0,8.74844141099977,22.023972352828938,1.202702225191854,245.03999999999996
2018-09-10,6301.57,6374.98,6292.76,6329.7,3714100000.0,8.753008120650192,22.035402224662537,0.4577152960072217,82.21999999999935
2018-09-11,6331.88,6398.92,6260.21,6321.2,3849910000.0,8.751664342534948,22.07131560834949,-0.1342875649714803,138.71000000000004
2018-09-12,6317.01,6363.87,6265.09,6351.8,4064230000.0,8.756493516285177,22.125490140109374,0.4840853002594514,98.77999999999975
2018-09-13,6354.24,6535.41,6354.24,6517.31,4210910000.0,8.782216993100404,22.16094461330222,2.605718064170781,181.17000000000007
2018-09-14,6515.41,6596.1,6456.17,6512.71,4076220000.0,8.781510931223124,22.128435925335108,-0.0705812674247519,139.9300000000003
2018-09-15,6509.4,6561.72,6493.55,6543.2,3216300000.0,8.786181621420765,21.891497467494577,0.46816148730712825,68.17000000000007
2018-09-16,6536.68,6544.33,6460.1,6517.18,3273730000.0,8.782197046021539,21.90919584456555,-0.3976647511920728,84.22999999999956
2018-09-17,6514.06,6540.21,6257.52,6281.2,3910780000.0,8.7453163240108,22.08700267953955,-3.6208912443725705,282.6899999999996
2018-09-18,6280.91,6384.18,6265.71,6371.3,4180090000.0,8.759558809377038,22.153598614351765,1.4344392791186378,118.47000000000025
2018-09-19,6371.85,6448.46,6208.34,6398.54,4431340000.0,8.763825118323297,22.211967858334653,0.4275422598213785,240.1199999999999
2018-09-20,6398.85,6529.26,6395.95,6519.67,4348110000.0,8.78257904014286,22.193007104873402,1.8930881107252606,133.3100000000004
2018-09-21,6513.87,6794.33,6496.36,6734.95,6531940000.0,8.815065664911932,22.59996982646437,3.3020076169499424,297.97000000000025
2018-09-22,6735.05,6814.56,6616.8,6721.98,4509660000.0,8.813138032975656,22.22948759959257,-0.1925775247032302,197.76000000000022
2018-09-23,6715.32,6766.15,6679.42,6710.63,4197500000.0,8.811448115275205,22.15775494691597,-0.16884905935452554,86.72999999999956
2018-09-24,6704.77,6713.56,6580.9,6595.41,4177310000.0,8.794129231528371,22.15293333565204,-1.7169773925846066,132.66000000000076
2018-09-25,6603.64,6603.64,6381.86,6446.47,4726180000.0,8.771287973152017,22.276383102163145,-2.2582371679698343,221.78000000000065
2018-09-26,6452.79,6585.91,6397.89,6495.0,4437300000.0,8.7787879291047,22.213311920309707,0.7528151065621991,188.01999999999953
2018-09-27,6495.29,6712.1,6464.95,6676.75,4606810000.0,8.806386621191947,22.250801480460847,2.798306389530403,247.15000000000055
2018-09-28,6678.75,6785.03,6598.32,6644.13,5014430000.0,8.801489037067952,22.335585592877703,-0.4885610514097416,186.71000000000004
2018-09-29,6643.1,6643.1,6511.65,6601.96,4363690000.0,8.795121853624714,22.196583866647057,-0.6346955884367067,131.45000000000073
2018-09-30,6604.71,6643.78,6566.54,6625.56,4002280000.0,8.798690175583994,22.110130035678008,0.3574695999369881,77.23999999999978
2018-10-01,6619.85,6653.3,6549.08,6589.62,4000970000.0,8.793250962708022,22.10980266866793,-0.5424447141071931,104.22000000000025
2018-10-02,6593.24,6611.84,6537.9,6556.1,3979260000.0,8.788151192950565,22.104361709307458,-0.5086788009020182,73.94000000000051
2018-10-03,6553.86,6571.46,6454.03,6502.59,3887310000.0,8.779955838057473,22.08098323865929,-0.8161864523115958,117.43000000000029
2018-10-04,6497.91,6603.31,6497.91,6576.69,3838410000.0,8.79128685823886,22.0683240552985,1.139545934773678,105.40000000000055
2018-10-05,6574.15,6623.62,6557.41,6622.48,3671500000.0,8.798225201134114,22.02386613485594,0.6962468962350421,66.21000000000004
2018-10-06,6622.45,6628.54,6577.8,6588.31,3259740000.0,8.793052145442442,21.904913274543233,-0.5159698481535524,50.73999999999978
2018-10-07,6590.68,6641.49,6557.04,6602.95,3306630000.0,8.795271797850287,21.919195380803924,0.22221176599157566,84.44999999999982
2018-10-08,6600.19,6675.06,6576.04,6652.23,3979460000.0,8.802707415782429,22.104411968645653,0.746333078396777,99.02000000000044
2018-10-09,6653.08,6661.41,6606.94,6642.64,3580810000.0,8.801264753813822,21.99885486875001,-0.14416218320773,54.470000000000255
2018-10-10,6640.29,6640.29,6538.96,6585.53,3787650000.0,8.792630096891484,22.05501161095808,-0.8597485337155208,101.32999999999993
2018-10-11,6586.74,6586.74,6243.74,6256.24,5181640000.0,8.741334644660656,22.368387445426468,-5.000204994890312,343.0
2018-10-12,6239.25,6328.5,6236.47,6274.58,3783500000.0,8.744261829489004,22.05391534409885,0.2931473217139935,92.02999999999975
2018-10-13,6278.08,6308.51,6259.81,6285.99,3064030000.0,8.746078626519468,21.842996879899538,0.18184484061083417,48.69999999999982
2018-10-14,6288.49,6363.21,6280.15,6290.93,3085320000.0,8.746864192501288,21.849921216639164,0.07858746195905653,83.0600000000004
2018-10-15,6292.64,6965.06,6258.68,6596.54,7370770000.0,8.79430054812717,22.72078801530219,4.857946281392422,706.3800000000001
2018-10-16,6601.41,6673.59,6571.37,6596.11,4074800000.0,8.794235360314236,22.128087502680184,-0.006518568825475413,102.22000000000025
2018-10-17,6590.52,6601.21,6517.45,6544.43,4088420000.0,8.786369585170293,22.131424424296476,-0.7834920885188335,83.76000000000022
2018-10-18,6542.33,6567.54,6450.04,6476.71,3924080000.0,8.775967944365503,22.090397765801544,-1.034773081842122,117.5
2018-10-19,6478.07,6493.68,6445.31,6465.41,3578870000.0,8.774221707601901,21.998312945075355,-0.17447129792750316,48.36999999999989
2018-10-20,6460.92,6497.72,6449.0,6489.19,3379130000.0,8.777892994513051,21.940884116859483,0.3678034339662961,48.720000000000255
2018-10-21,6490.09,6556.38,6476.0,6482.35,3253610000.0,8.776838377924124,21.90303098607113,-0.10540606762938776,80.38000000000011
2018-10-22,6486.05,6543.8,6462.98,6487.16,3672860000.0,8.77758011762293,22.024236487076024,0.07420148557235606,80.82000000000062
2018-10-23,6472.36,6506.01,6451.27,6475.74,3716150000.0,8.77581816575191,22.03595402306825,-0.17604005450767568,54.73999999999978
2018-10-24,6478.89,6521.99,6468.86,6495.84,3424670000.0,8.778917250996304,21.95427095365364,0.31038923736901314,53.13000000000011
2018-10-25,6484.65,6504.65,6447.03,6476.29,3230550000.0,8.775903094523743,21.895918238322984,-0.30096184635090006,57.61999999999989
2018-10-26,6468.44,6498.29,6449.61,6474.75,3306050000.0,8.775665275783743,21.919019960247816,-0.023779046336713794,48.68000000000029
2018-10-27,6480.84,6507.41,6453.53,6480.38,3393250000.0,8.776534429602256,21.94505400114235,0.08695316421483135,53.88000000000011
2018-10-28,6482.66,6502.28,6447.91,6486.39,3445190000.0,8.77746141456927,21.96024489228597,0.0927414750369504,54.36999999999989
2018-10-29,6492.35,6503.6,6306.99,6332.63,4199910000.0,8.753470910682088,22.15832893343471,-2.370501927882851,196.61000000000058
2018-10-30,6337.04,6364.99,6310.14,6334.27,3781100000.0,8.753729853281962,22.053280809535085,0.025897612840175555,54.849999999999454
2018-10-31,6336.99,6349.16,6316.88,6317.61,4191240000.0,8.751096251061693,22.156262469818813,-0.2630137332320981,32.279999999999745
2018-11-01,6318.14,6547.14,6311.83,6377.78,3789400000.0,8.760575353403434,22.055473532162537,0.9524171324282404,235.3100000000004
2018-11-02,6378.92,6396.86,6327.38,6388.44,4234870000.0,8.762245386111246,22.16661846800313,0.1671427989049512,69.47999999999956
2018-11-03,6387.24,6400.07,6342.37,6361.26,3658640000.0,8.757981749919885,22.02035733060553,-0.4254559798636204,57.69999999999982
2018-11-04,6365.47,6388.63,6294.57,6376.13,4390020000.0,8.760316609220794,22.20259961983177,0.23375872075657167,94.0600000000004
2018-11-05,6363.62,6480.59,6363.62,6419.66,4174800000.0,8.767120435780045,22.15233228991017,0.6827025170440315,116.97000000000025
2018-11-06,6433.38,6463.55,6408.16,6461.01,4700040000.0,8.773540931304995,22.270836856264506,0.6441151088998565,55.39000000000033
2018-11-07,6468.5,6552.16,6468.31,6530.14,4941260000.0,8.784183661550609,22.32088619635253,1.069956554780127,83.84999999999945
2018-11-08,6522.27,6536.92,6438.53,6453.72,4665260000.0,8.772411987722856,22.263409403883408,-1.170265874851073,98.39000000000033
2018-11-09,6442.6,6456.46,6373.37,6385.62,4346820000.0,8.76180386633667,22.19271038022824,-1.0552053699261932,83.09000000000015
2018-11-10,6386.13,6437.28,6385.31,6409.22,3705320000.0,8.765492857643117,22.033035461735388,0.3695804009634207,51.969999999999345
2018-11-11,6413.63,6423.25,6350.17,6411.27,3939060000.0,8.765812658215088,22.09420795311163,0.03198517136251411,73.07999999999993
2018-11-12,6411.76,6434.21,6360.47,6371.27,4295770000.0,8.759554100750757,22.18089665454471,-0.6239013487187361,73.73999999999978
2018-11-13,6373.19,6395.27,6342.67,6359.49,4503800000.0,8.757703464439638,22.228187321824514,-0.18489249396118623,52.600000000000364
2018-11-14,6351.24,6371.55,5544.09,5738.35,7398940000.0,8.654926991544096,22.724602583653,-9.767135414946793,827.46
2018-11-15,5736.15,5774.82,5358.38,5648.03,7032140000.0,8.639062090773702,22.67375690611859,-1.5739716120487746,416.4399999999996
2018-11-16,5645.32,5657.02,5498.94,5575.55,5279320000.0,8.626146246170784,22.38706313849192,-1.2832793026949174,158.08000000000084
2018-11-17,5578.58,5578.58,5519.56,5554.33,4303150000.0,8.622333082738304,22.182613149595717,-0.3805902556698437,59.01999999999953
2018-11-18,5559.74,5653.61,5559.74,5623.54,4159680000.0,8.634716637826692,22.14870398518393,1.2460548797064597,93.86999999999989
2018-11-19,5620.78,5620.78,4842.91,4871.49,7039560000.0,8.491155124107465,22.674811505163156,-13.37324887882011,777.8699999999999
2018-11-20,4863.93,4951.61,4272.11,4451.87,8428290000.0,8.401079511609707,22.854859741408855,-8.61379167359473,679.5
2018-11-21,4465.54,4675.73,4343.98,4602.17,6120120000.0,8.434283210373698,22.53484754112155,3.3761093652779683,331.75
2018-11-22,4611.57,4629.64,4365.64,4365.94,4569370000.0,8.381588794459343,22.242641176769702,-5.133013339359483,264.0
2018-11-23,4360.7,4396.42,4195.68,4347.11,4871490000.0,8.377266535476544,22.30666568207174,-0.4312931464930836,200.73999999999978
2018-11-24,4347.69,4413.09,3795.16,3880.76,4679500000.0,8.263786289724724,22.266457103561585,-10.727816871438712,617.9300000000003
2018-11-25,3880.78,4120.87,3585.06,4009.97,6825640000.0,8.296539038975872,22.643951946514804,3.3295024685886077,535.81
2018-11-26,4015.07,4107.14,3643.92,3779.13,6476900000.0,8.23724910339289,22.59150783778144,-5.75665154602153,463.22000000000025
2018-11-27,3765.95,3862.96,3661.01,3820.72,5998720000.0,8.248194165515574,22.51481195008234,1.1005178440540497,201.94999999999982
2018-11-28,3822.47,4385.9,3822.47,4257.42,7280280000.0,8.356418621990366,22.70843515995384,11.429782868150507,563.4299999999998
2018-11-29,4269.00439453125,4413.02046804,4145.76513671875,4278.84645524,6503347767.19,8.361438732445114,22.59558292236601,0.503273232145296,267.2553313212502
2018-11-30,4289.08896703,4322.97639207,3942.82208559,4017.26845712,6048016716.85,8.298357462377671,22.522996239849256,-6.113283120960411,380.15430647999983
2018-12-01,4024.46424203,4309.37731216,3969.71064261,4214.67193177,5375314093.1,8.346327033900247,22.405082845178406,4.913873114457457,339.6666695499998
2018-12-02,4200.73317961,4301.51941165,4110.97847302,4139.8780641,5262697895.12,8.328421613269667,22.383909640021265,-1.7746071077610281,190.5409386299998
2018-12-03,4147.32376691,4155.97928378,3840.44626837,3894.1309069,5089570993.52,8.267225802958253,22.350459379775984,-5.936096508036293,315.53301540999973
2018-12-04,3886.2948763,4075.62765492,3832.74993843,3956.89386975,5028069239.31,8.283214620138702,22.33830189832542,1.6117322285902125,242.87771649000024
2018-12-05,3958.89472485,3969.53585216,3753.99482663,3753.99482663,5302481573.52,8.23057583905014,22.391440769341912,-5.1277352842627355,215.5410255300003
2018-12-06,3754.07446712,3874.96603127,3521.10172384,3521.10172384,5878333109.03,8.166529209348349,22.494539073808674,-6.203873834292695,353.8643074299998
2018-12-07,3512.59040851,3512.59040851,3280.22875211,3419.93720035,6835615448.4,8.137377467417299,22.645412346726282,-2.873092896040319,232.3616563999999
2018-12-08,3421.9104035,3506.04339159,3350.65070337,3476.11471452,5305024497.06,8.153670487716452,22.39192022673214,1.6426475364591742,155.39268821999985
2018-12-09,3473.22762038,3685.30559965,3469.09435766,3614.23427278,4947372847.28,8.192635292731342,22.322122534712552,3.97338895874364,216.21124199000042
2018-12-10,3612.04639531,3647.33258231,3470.14441964,3502.65599577,5020968740.04,8.16127681562621,22.33688872813614,-3.0871899436716976,177.1881626700001
2018-12-11,3497.5547337,3513.18494093,3392.2500529,3424.58807495,4696765187.88,8.138736473375708,22.270139850806352,-2.228820669636955,120.93488802999991
2018-12-12,3421.4583733,3534.22857953,3413.48135271,3486.95014412,4139364828.95,8.156782748930766,22.14380819005419,1.8210093536843885,120.74722681999992
2018-12-13,3487.87935755,3489.73939494,3298.13196161,3313.67725772,4343372456.25,8.105813805712351,22.191916946953153,-4.96918164121698,191.60743332999982
2018-12-14,3311.75191371,3329.55602092,3206.54229103,3242.48476281,4372763663.29,8.084095216969072,22.19866106339124,-2.1484438396690564,123.01372988999992
2018-12-15,3243.99754038,3275.37782696,3191.30356157,3236.76164502,3551763561.38,8.082328616683116,21.99071009493399,-0.1765040766156245,84.07426539000016
2018-12-16,3236.2747733,3305.75310795,3233.81979097,3252.83902595,3744248994.38,8.08728344045029,22.04348689825959,0.4967119205313342,71.93331697999974
2018-12-17,3253.12299273,3597.9178885,3253.12299273,3545.86476058,5409247918.12,8.173537347322538,22.41137590315768,9.008307275347605,344.79489577000004
2018-12-18,3544.76156472,3701.34942887,3487.16920219,3696.05912776,5911325472.51,8.215022430404174,22.50013591944669,4.235761297208418,214.18022668000003
2018-12-19,3706.82484989,3949.32295089,3687.23002226,3745.95076478,6810689118.78,8.228430739506019,22.64175914417327,1.3498603592480007,262.09292862999973
2018-12-20,3742.19518335,4191.22870639,3728.97463571,4134.44120304,8927129279.05,8.327107460004141,22.912360710841174,10.370943524208753,462.2540706800005
2018-12-21,4133.703587,4198.42957996,3850.94616856,3896.54371704,7206015706.48,8.267845212786954,22.698182028909127,-5.754042065589826,347.4834114000005
2018-12-22,3898.08367671,4014.18251388,3855.73893391,4014.18251388,5605823232.54,8.297588997649939,22.44707175735812,3.019054972373403,158.44357996999997
2018-12-23,4020.99467354,4085.72358463,3976.4057328,3998.98034184,6151275489.92,8.293794693065793,22.539925293996067,-0.37871153061512786,109.31785183000011
2018-12-24,4000.33178206,4271.79245,4000.33178206,4078.59919478,7240968501.11,8.31350887383264,22.70302080526906,1.9909788529584471,271.4606679399999
2018-12-25,4081.03047102,4089.56159334,3760.02039224,3815.49060966,6158207293.44,8.246824535623265,22.54105154834399,-6.450954667395115,329.54120109999985
2018-12-26,3819.66669066,3893.35973112,3769.86381605,3857.29751969,5326547918.24,8.25772209282467,22.39596919517144,1.0957151859882552,123.49591507000014
2018-12-27,3854.68857317,3874.41687968,3645.44843766,3654.83353854,5130222366.47,8.203805827655634,22.358414841480116,-5.248855710934929,228.9684420200001
2018-12-28,3653.13192864,3956.13609361,3642.63210325,3923.91859424,5631554348.36,8.274846074863536,22.451651324184112,7.362443538468,313.50399036
2018-12-29,3932.49180904,3963.75880829,3820.40868219,3820.40868219,4991655917.48,8.24811268074464,22.33103353885112,-2.637922004853621,143.35012610000013
2018-12-30,3822.38483485,3901.9090157,3797.21912198,3865.95257679,4770578574.97,8.259963392954809,22.28573342903405,1.1921210108310376,104.68989371999987
2018-12-31,3866.83899926,3868.74298842,3725.86749335,3742.70033544,4661840806.32,8.2275626447048,22.262676229898446,-3.1881467478408587,142.87549506999994
2019-01-01,3746.71338747,3850.91376479,3707.23130258,3843.51996727,4324200990.19,8.254143883850494,22.18749321811072,2.693767141208947,143.68246221000027
2019-01-02,3849.21640853,3947.9812729,3817.40949569,3943.40933686,5244856835.71,8.279800942047578,22.38051378303797,2.5989033604774114,130.57177721000016
2019-01-03,3931.04863841,3935.68513083,3826.22287069,3836.74131867,4530215218.84,8.252378670374597,22.234035284990508,-2.704969458609041,109.46226014000013
2019-01-04,3832.03996811,3865.93453193,3783.8536653,3857.71761887,4847965467.09,8.257830997129552,22.301824962563057,0.5467217739681063,82.08086662999995
2019-01-05,3851.97396457,3904.90309592,3836.90012599,3845.19446017,5137609823.76,8.254579455477526,22.359853793427874,-0.32462611153141196,68.00296992999984
2019-01-06,3836.51915828,4093.29744447,3826.51306238,4076.63268458,5597027439.6,8.3130266042253,22.445501479398555,6.0188951900177035,266.7843820899998
2019-01-07,4078.58505461,4092.61343706,4020.89395079,4025.24828708,5228625637.09,8.300341874181202,22.37741429599413,-1.2604617947151175,71.71948626999983
2019-01-08,4028.47207166,4109.02106516,3996.95525626,4030.84799935,5306593305.07,8.301732054480132,22.392215904177498,0.13911470474936571,112.06580889999987
2019-01-09,4031.55201569,4068.40358144,4022.66280883,4035.29636921,5115905224.63,8.302835027625097,22.35562019520408,0.11035816435442936,45.74077261000002
2019-01-10,4034.41144545,4064.06655088,3659.17453883,3678.92468128,6874143795.72,8.210375782288521,22.65103293393908,-8.831363432167628,404.8920120499997
2019-01-11,3674.01543102,3713.88184691,3653.06980474,3687.3654818,5538712864.66,8.212667520470818,22.43502797581275,0.22943662214534033,60.81204217000004
2019-01-12,3686.97309735,3698.9783488,3653.81085703,3661.30098975,4778170882.56,8.205573824914204,22.28732364966424,-0.7068594686002294,45.16749176999974
2019-01-13,3658.86811698,3674.75998688,3544.92722821,3552.95306759,4681302465.82,8.175534386699335,22.2668422128188,-2.959273833627052,129.83275866999975
2019-01-14,3557.31113168,3727.83629128,3552.28515158,3706.05222041,5651384489.83,8.217722497520452,22.45516639453455,4.309067694042135,175.55113970000002
2019-01-15,3704.21630768,3720.15341533,3619.94912664,3630.67522467,5537192301.96,8.197173922266538,22.434753404536334,-2.03388919683547,100.20428868999988
2019-01-16,3631.5098712,3685.77705953,3624.67338834,3655.00688578,5394457144.65,8.20385325611644,22.408637808656803,0.6701690348029476,61.10367118999966
2019-01-17,3651.87098588,3680.13601133,3621.96099215,3678.56397636,5464420383.38,8.210277731190633,22.421523893184396,0.6445156279089481,58.17501918000016
2019-01-18,3677.99058389,3682.52000204,3637.08086521,3657.83943502,5002961726.83,8.204627933788416,22.333295919379243,-0.5633867311588103,45.439136829999825
2019-01-19,3652.37783507,3758.53352345,3652.37783507,3728.56836493,5955691379.94,8.22377962258885,22.507613133760096,1.933625878512979,106.1556883799999
2019-01-20,3725.44612463,3743.38797121,3583.01948596,3601.0135915,5582489559.53,8.188970638009984,22.442900671462777,-3.4210120600107197,160.36848525000005
2019-01-21,3600.37273885,3608.84084892,3558.53714829,3576.03243928,5004347059.45,8.182009207639284,22.333572783550906,-0.6937255743484805,50.303700630000094
2019-01-22,3575.08123989,3620.74655094,3539.72132372,3604.57705248,5313623556.01,8.18995972036189,22.393539841731478,0.7982201975144099,81.02522722000003
2019-01-23,3605.55702187,3623.06775216,3565.31403323,3585.12306636,5433755648.65,8.184548080578415,22.415896379815848,-0.5397023239277265,57.753718930000105
2019-01-24,3584.5003014,3616.08741447,3569.09284671,3600.86550122,5262869046.44,8.18892951255422,22.383942161085635,0.43910444826049666,46.994567760000336
2019-01-25,3607.3903841,3612.92766233,3575.59733314,3599.7658879,5265847538.53,8.188624091190697,22.384507945556216,-0.030537472716696268,37.33032919000016
2019-01-26,3599.7153629,3654.93319305,3593.34583728,3602.46043861,5098183234.66,8.189372346164523,22.352150084714207,0.07485349864160273,61.58735577000016
2019-01-27,3604.68726747,3612.67142766,3567.24575778,3583.96576317,5570752966.31,8.184225221362253,22.44079606421068,-0.5133901053230194,45.42566987999999
2019-01-28,3584.28327917,3586.75087826,3439.23300929,3470.45054223,6908930483.47,8.152039703771884,22.65608068466703,-3.1673076262758837,147.51786896999965
2019-01-29,3468.87015541,3476.06536415,3400.81972619,3448.11702209,5897159492.97,8.145583570328894,22.497736630058245,-0.6435337391567986,75.24563795999984
2019-01-30,3443.89706175,3495.1748876,3429.38794807,3486.18175093,5955112626.76,8.15656236210755,22.507515952548797,1.103927987250497,65.78693952999993
2019-01-31,3485.40928952,3504.80488538,3447.91581548,3457.79274724,5831198270.87,8.14838573016139,22.486488351501503,-0.8143294216495289,56.88906989999987
2019-02-01,3460.54712403,3501.95413455,3431.59149165,3487.94538683,5422926707.35,8.157068127460764,22.413901489565564,0.8720198633671128,70.36264290000008
2019-02-02,3484.62588008,3523.28733174,3467.57468262,3521.06078726,5071623600.97,8.166517583209378,22.34692684016233,0.9494242815566656,55.712649119999696
2019-02-03,3516.13956776,3521.38822007,3447.92431416,3464.01332586,5043937583.95,8.150183116632201,22.341452880656504,-1.6201782600973713,73.46390591
2019-02-04,3467.2116661,3476.22377768,3442.5869204,3459.15414635,5332718886.31,8.148779371792163,22.39712705506416,-0.14027600511016258,33.63685727999973
2019-02-05,3454.9508136,3478.14811641,3451.93695191,3466.35743916,5227549544.89,8.150859592240469,22.377208466962944,0.20823856079386083,26.211164499999995
2019-02-06,3469.09170088,3469.09170088,3398.56538208,3413.7677183,5482196037.61,8.13557186304907,22.42477159442294,-1.5171465084900193,70.52631880000035
2019-02-07,3414.92953864,3427.94560955,3394.21860755,3399.47164359,5004962682.81,8.131375299584468,22.333695793703782,-0.41877701969480485,33.727002000000084
2019-02-08,3401.37643333,3695.61397521,3391.02375248,3666.78035061,7735623101.05,8.20706926734358,22.769101873777398,7.863242734324127,304.5902227299998
2019-02-09,3671.58595682,3679.94151048,3646.55933455,3671.20370545,6158833644.65,8.20827487240949,22.54115325316314,0.12063320998392246,33.3821759299999
2019-02-10,3673.20153682,3695.03601276,3640.97995463,3690.18824383,6282256902.92,8.213432750321449,22.560995132311053,0.5171202663534213,54.05605813000011
2019-02-11,3695.61303928,3695.61303928,3642.28773261,3648.43062774,6277056433.57,8.20205238911234,22.560166986773492,-1.1315849851242343,53.32530666999992
2019-02-12,3642.75185939,3668.58683348,3618.55692543,3653.52864497,6480384531.73,8.203448731619313,22.592045686866324,0.13973178470869652,50.02990805000036
2019-02-13,3653.60399078,3669.74651062,3617.2464285,3632.07060268,6438903822.53,8.197558178596124,22.585624148681788,-0.5873237731293779,52.500082120000116
2019-02-14,3631.17019256,3646.25659694,3607.69780014,3616.88097021,6271044417.92,8.193367322980967,22.5592087515503,-0.4182086234444826,38.55879679999998
2019-02-15,3617.36836687,3647.7950639,3608.20643294,3620.81075285,6091952230.59,8.194453244619119,22.530234430614048,0.10865114645373097,39.588630960000046
2019-02-16,3615.27026725,3652.84126709,3615.27026725,3629.78749138,5934744051.7,8.196929383225669,22.504089738838022,0.24792067696259856,37.57099984000024
2019-02-17,3633.35947964,3680.53728847,3619.18213016,3673.83629289,7039512502.62,8.20899170650524,22.67480475793176,1.213536649586433,61.355158310000206
2019-02-18,3671.36998898,3936.66500089,3669.98232379,3915.71447331,9908216640.36,8.272753088149944,23.016630213530284,6.58380398952747,266.6826771000001
2019-02-19,3911.66152075,4010.87942178,3908.15296756,3947.09440657,9933626654.82,8.28073499394027,23.01919147036241,0.8013846125372481,102.72645422000005
2019-02-20,3946.68498546,4000.48629461,3926.24692473,3999.82050882,8693373948.01,8.294004766300214,22.885826957259507,1.3358206523319316,74.23936988000014
2019-02-21,4000.25678662,4010.009483,3940.10818712,3954.1182433,7775128102.44,8.282512908012812,22.774195771074048,-1.142607910010518,69.9012958799999
2019-02-22,3952.4063737,4006.53838667,3950.81642747,4005.52660406,7826525254.38,8.295430337515526,22.780784475065598,1.3001219891971783,55.72195920000013
2019-02-23,3998.91627262,4166.28616128,3968.72669838,4142.52692999,8922258315.77,8.329061250182423,22.91181492590877,3.420282511446482,197.55946289999974
2019-02-24,4145.45786231,4210.64175454,3793.70900544,3810.42743065,10794227451.22,8.245496648350619,23.102277332925667,-8.01683380585293,416.9327490999999
2019-02-25,3807.00244566,3913.70726513,3807.00244566,3882.69629339,9318796066.67,8.264285112248345,22.95529927990387,1.8966077705269813,106.70481947000007
2019-02-26,3878.6973183,3891.57896247,3837.98643789,3854.35793575,7931218996.38,8.256959718494187,22.79407258037347,-0.7298628452666822,53.59252457999992
2019-02-27,3857.47978186,3888.80258758,3787.05877702,3851.04747978,8301309684.14,8.256100462946902,22.839679132570794,-0.08588864929472972,101.74381055999993
2019-02-28,3848.2620255,3906.0584282,3845.82138085,3854.78528208,8399767798.46,8.257070585893679,22.85146989937313,0.09705936682489202,60.23704735000001
2019-03-01,3853.75713203,3907.79548566,3851.69234979,3859.58375221,7661247975.11,8.258314620429108,22.759440728461357,0.12448086673744196,56.10313586999973
2019-03-02,3855.31822217,3874.60748448,3832.12797211,3864.41510673,7578786075.61,8.259565618840247,22.748618875439167,0.12517812360550717,42.479512370000066
2019-03-03,3862.26616642,3875.48371414,3836.90573367,3847.17569934,7253558152.32,8.255094573489979,22.704757965050405,-0.4461065106586726,38.57798047000006
2019-03-04,3845.09155774,3867.38181147,3733.74966077,3761.55701842,9029175787.94,8.23258825131155,22.923726925341285,-2.2254944304906044,133.63215069999978
2019-03-05,3759.83244114,3903.91675352,3745.18318172,3896.37502308,10174126414.53,8.267801918620634,23.04311370852338,3.5841010517668304,158.73357179999994
2019-03-06,3897.08106256,3919.51051824,3871.46059394,3903.9425832,9175291528.52,8.2697422402527,22.93978000460787,0.19422052741775442,48.04992429999993
2019-03-07,3903.3847998,3939.37339556,3894.11295638,3911.4842891,9584165518.68,8.27167219452497,22.983378148483396,0.19318178326839242,45.26043918000005
2019-03-08,3913.22593587,3950.43223806,3875.22842393,3901.13162355,10638638944.0,8.269021949914116,23.08775839388061,-0.26467358130133345,75.20381412999996
2019-03-09,3894.55252613,3987.23778458,3892.39046739,3963.31374243,10796103518.22,8.284835757967494,23.102451120627894,1.5939508040339945,94.84731719000001
2019-03-10,3966.1742332,3966.1742332,3924.38105934,3951.59982769,9713267606.58,8.281875795565195,22.996758582369754,-0.2955586032615698,41.793173860000024
2019-03-11,3953.74017402,3966.38473672,3889.23913266,3905.22731979,10125901902.73,8.270071273073743,23.038362522784748,-1.1735122462313785,77.1456040600001
2019-03-12,3903.75829416,3926.88908293,3863.55909997,3909.15620907,9809887079.44,8.271076826383622,23.006656599696985,0.10060590481097975,63.32998296000005
2019-03-13,3913.047443,3926.59772853,3891.90419153,3906.71716859,9469184841.22,8.27045270149282,22.9713086624268,-0.062393016537454216,34.693537000000106
2019-03-14,3905.57699911,3946.50428698,3901.2968769,3924.369118,10480789569.59,8.274960883029856,23.07280985361108,0.4518358675135614,45.207410080000045
2019-03-15,3926.66323109,3968.54286634,3914.01535654,3960.91118728,9394210604.86,8.284229375578068,22.963359443382302,0.9311578034897794,54.527509799999734
2019-03-16,3963.90011952,4077.03628216,3961.6575267,4048.72590374,9856166973.21,8.306157518937109,23.011363184869438,2.217033210489716,115.37875546000032
2019-03-17,4047.71957111,4054.12201368,4006.41114819,4025.22897966,8221625399.66,8.300337077591047,22.830033763651993,-0.5803535393268944,47.71086548999983
2019-03-18,4029.96845808,4071.55673145,4009.11722623,4032.50738522,9646954186.21,8.302143641422361,22.989908074104168,0.180819665086851,62.43950521999977
2019-03-19,4032.69200717,4082.21601126,4023.81254521,4071.19020004,9344919956.27,8.311690668128868,22.958098712410084,0.9592744941219644,58.403466050000134
2019-03-20,4070.7940175,4089.46189246,4031.11074047,4087.47629856,10175916388.28,8.315683016671267,23.043289626949885,0.4000328582005386,58.351151989999835
2019-03-21,4083.95389256,4097.35995254,4005.15127452,4029.32690706,10831212661.69,8.301354620410594,23.10569786414608,-1.4226233316749992,92.20867802000066
2019-03-22,4028.51456305,4053.90667736,4021.54243412,4023.96816173,9252935969.12,8.300023799653344,22.948206740176392,-0.13299356080070934,32.36424323999972
2019-03-23,4022.71330744,4049.88248617,4015.96469723,4035.82635079,9578850549.21,8.302966355471085,22.98282343730563,0.29468893846571476,33.91778893999981
2019-03-24,4035.16354472,4040.69962534,4006.19284731,4022.1682822,9144851065.0,8.29957640988496,22.936456832708018,-0.3384206207813323,34.50677802999962
2019-03-25,4024.11267975,4038.84089385,3934.03136241,3963.07065416,10359818882.72,8.284774421484702,23.061200591261997,-1.4692977492148929,104.80953144000023
2019-03-26,3969.22885592,3985.08080287,3944.75317214,3985.08080287,10707678814.87,8.290312867774077,23.094226967278868,0.5553811837014866,40.32763072999978
2019-03-27,3984.24481868,4087.06622992,3977.81046621,4087.06622992,10897131934.18,8.315582688453775,23.111765466253384,2.5591809073620686,109.25576370999988
2019-03-28,4087.584591,4094.90217427,4040.26644055,4069.10714977,9353915899.02,8.311178880849866,22.95906090529885,-0.4394125061768617,54.63573372000019
2019-03-29,4068.29989093,4113.50083216,4034.09716136,4098.37454059,10918665556.75,8.318345720569294,23.113739598033106,0.7192582977731288,79.40367079999987
2019-03-30,4092.13616358,4296.8066502,4053.90965067,4106.66008466,9732688060.43,8.320365345656754,22.998755960193616,0.20216659038700957,242.89699953000036
2019-03-31,4105.45617673,4113.02361297,4094.10084931,4105.40429618,9045122442.87,8.320059505753033,22.925491492779987,-0.03057931394642166,18.922763659999873
2019-04-01,4105.36242087,4164.95332383,4096.90125463,4158.18307045,10157794170.6,8.332833495935986,23.041507146332222,1.2855926106744242,68.0520692
2019-04-02,4156.91964324,4905.95443266,4155.31667828,4879.87782845,21315047816.2,8.49287546338012,23.78267913047329,17.356012127717555,750.6377543799999
2019-04-03,4879.95813337,5307.00360895,4876.62131112,4973.02181522,22899891582.39,8.51178294543747,23.85439801310195,1.9087360389836716,430.3822978299995
2019-04-04,4971.30774104,5063.1597258,4836.79382246,4922.79878778,18251810239.61,8.501632507052113,23.627530103267297,-1.0099096546548725,226.36590333999993
2019-04-05,4922.80611783,5053.50997402,4919.49163361,5036.68110011,16837325387.24,8.524502632268296,23.54686400816082,2.313365165618664,134.01834041000075
2019-04-06,5036.79302365,5205.82193076,4992.22200103,5059.81718799,16929795193.69,8.529085632773118,23.552340935776108,0.45935185135097534,213.59992973000044
2019-04-07,5062.79376134,5235.1864351,5050.41230153,5198.89699014,16655416140.27,8.556201764788698,23.536001294186246,2.748711998530684,184.77413357000023
2019-04-08,5199.83537777,5318.83648777,5148.21181354,5289.77104039,17154113634.32,8.573530242325878,23.56550384385553,1.7479486595396665,170.62467422999998
2019-04-09,5289.91798137,5289.91798137,5167.41905834,5204.95837847,14722104361.4,8.557366984565608,23.41261589936367,-1.603333325250067,122.49892302999979
2019-04-10,5204.10530845,5421.65146794,5193.38250879,5324.5518687,15504590933.27,8.580083830923625,23.464402006259462,2.297683891665536,228.26895914999932
2019-04-11,5325.08155529,5354.22546556,5017.29640976,5064.48767243,16555616019.11,8.530008261009959,23.529991217709988,-4.884245710869473,336.92905580000024
2019-04-12,5061.20088735,5103.27440858,4955.85259984,5089.53891201,13675206312.5,8.534942518409881,23.338850271977947,0.49464508949983443,147.42180874000042
2019-04-13,5088.84997329,5127.12209428,5061.58936959,5096.58656276,10823289598.31,8.536326293210623,23.104966093575836,0.13847326588600772,65.53272468999967
2019-04-14,5095.75863359,5184.01606396,5053.56858614,5167.72236684,10391952498.03,8.550187322432695,23.064297545290984,1.3957538678883497,130.44747782000013
2019-04-15,5167.32198286,5196.60679923,5024.06937381,5067.10847228,12290155060.92,8.530525612841007,23.232064377281215,-1.9469678790334233,172.53742542000055
2019-04-16,5066.57760057,5238.9452381,5055.19496077,5235.55941893,11618660197.33,8.563228978900055,23.175878280287858,3.324399853911242,183.75027733000024
2019-04-17,5236.13523984,5274.27555335,5219.20559934,5251.93818854,12438480676.61,8.566352466225478,23.244060784693406,0.3128370494809074,55.0699540100004
2019-04-18,5251.48069196,5319.98611387,5250.50665911,5298.38569881,13256489918.09,8.575157468014552,23.30775307460213,0.8843879840655822,69.4794547599995
2019-04-19,5298.15452927,5336.68000293,5233.33520521,5303.81261613,13780238655.18,8.576181202457686,23.346501421335507,0.10242586381015162,103.34479772000032
2019-04-20,5304.1605399,5358.49049306,5295.87771212,5337.8861323,13169647522.18,8.582584998208286,23.30118058865172,0.642434388921953,62.61278093999954
2019-04-21,5335.87896599,5359.92503038,5257.33953186,5314.5314532,13731844222.82,8.578200131330382,23.3429833683776,-0.4375267385094417,102.58549852000033
2019-04-22,5312.49464201,5422.68742206,5280.27672867,5399.36541009,14601631648.0,8.594036708996743,23.404399116128715,1.5962640853112164,142.41069339000023
2019-04-23,5399.36570489,5633.80205461,5389.40888788,5572.36206051,15867308107.98,8.625574311343957,23.487526735672056,3.2040181999298367,244.3931667299994
2019-04-24,5571.50817669,5642.04459312,5418.26332858,5464.86664182,17048033399.09,8.606094998084172,23.559300690861527,-1.929081734508864,223.78126453999994
2019-04-25,5466.52427676,5542.23830474,5181.33901806,5210.51555862,15330283408.05,8.558434085440883,23.45309601681189,-4.65429625040753,360.89928667999993
2019-04-26,5210.30491981,5383.63441532,5177.36851375,5279.34821147,16812108039.63,8.571557924283022,23.545365180408748,1.3210334385457712,206.2659015700001
2019-04-27,5279.47114181,5310.75014488,5233.63572083,5268.29106346,13111274675.11,8.569461312563151,23.296738359218295,-0.20944153647559638,77.11442405000071
2019-04-28,5271.74639378,5326.23201477,5255.68374555,5285.13900822,12819992055.63,8.572654200365248,23.274271668753094,0.3197990497687986,70.5482692200003
2019-04-29,5284.85852173,5311.27468235,5216.48796096,5247.35253746,13735490672.32,8.565478949815418,23.343248880087078,-0.7149569898015851,94.78672138999991
2019-04-30,5247.72588172,5363.25752308,5224.18984511,5350.72669668,13878964573.8,8.584987661820977,23.353640190813074,1.9700250456211599,139.06767797000066
2019-05-01,5350.91450555,5418.004045,5347.6461061,5402.69709069,13679528236.45,8.594653569102007,23.339166262906552,0.9712773041135936,70.35793889999968
2019-05-02,5402.42286531,5522.26255673,5394.21751696,5505.28367176,14644460907.01,8.613463577667492,23.407328005828877,1.8988031227362256,128.04503977000059
2019-05-03,5505.55237976,5865.88207851,5490.2018629,5768.28940693,18720780005.73,8.660130852277858,23.65289997410057,4.777333028616093,375.6802156099993
2019-05-04,5769.20253322,5886.8934994,5645.46932165,5831.16747167,17567780765.61,8.670972511727228,23.589332423006798,1.0900643207058636,241.42417775000013
2019-05-05,5831.06846097,5833.86291815,5708.03512399,5795.70842926,14808830722.93,8.664872996664512,23.418489510247678,-0.6080950784259409,125.82779415999994
2019-05-06,5791.69326658,5802.95753492,5653.68761092,5746.80700343,15737171804.18,8.656399675801861,23.479291381718483,-0.8437523458412532,149.26992400000017
2019-05-07,5745.59904909,5988.17834158,5741.39591074,5829.50151628,18026409032.59,8.670686772477952,23.615103688079707,1.4389645032562237,246.78243084000042
2019-05-08,5849.48135039,5989.98114696,5794.71564865,5982.45732286,15320605299.6,8.6965866860939,23.452464510896096,2.623823085950683,195.2654983100001
2019-05-09,5982.31627033,6183.03929388,5982.31627033,6174.52868876,16784645410.8,8.72818783287634,23.543730341793335,3.2105764493473465,200.7230235499992
2019-05-10,6175.82273778,6434.61766164,6161.51907243,6378.8489737,19419875367.61,8.76074294841693,23.689562882055217,3.309083093450371,273.0985892099998
2019-05-11,6379.66690526,7333.00312262,6375.69861161,7204.77169716,28867562329.3,8.882498821208479,24.08598439093925,12.947833172807211,957.3045110100002
2019-05-12,7203.50752166,7503.87183327,6815.77092608,6972.37152291,27773333679.68,8.849710693073003,24.047342177141548,-3.225642449456223,688.1009071899998
2019-05-13,6971.17820581,8047.41300187,6898.2824267,7814.91513992,28677672181.45,8.963789384181139,24.079384684162346,12.084032158090663,1149.1305751700002
2019-05-14,7807.88444936,8268.71267944,7696.39104325,7994.41615632,32031452226.82,8.986498596500205,24.189984139121936,2.296902950143065,572.3216361899995
2019-05-15,7989.37450547,8216.42381116,7899.10688404,8205.16749484,28344112919.57,9.012519417068424,24.067685188398414,2.636231769763331,317.3169271200004
2019-05-16,8194.50090343,8320.82435452,7729.60838515,7884.90929094,33167197581.02,8.97270599532843,24.22482719978267,-3.9031281701610743,591.2159693700005
2019-05-17,7886.92599261,7929.14555093,7038.12453946,7343.89571659,30066644905.13,8.901624732388779,24.126682251570454,-6.861379812848833,891.0210114700003
2019-05-18,7341.66441915,7447.2717408,7251.50451112,7271.20790408,21354286561.99,8.891677705843248,23.78451833220553,-0.9897718501884145,195.76722968000013
2019-05-19,7267.96301884,8261.94116696,7267.96301884,8197.68969114,25902422039.65,9.011607648571843,23.977602316324045,12.741786499326135,993.9781481199998
2019-05-20,8196.92393539,8200.96799673,7678.78158711,7978.30907244,23843404339.51,8.984481772306582,23.894773468424777,-2.6761273842446753,522.1864096199997
2019-05-21,7977.96936984,8062.16804044,7843.33978307,7963.32777911,25127245056.4,8.982602254176827,23.947218554812295,-0.18777529416290628,218.82825737000076
2019-05-22,7956.29214912,7997.61243859,7615.98748467,7680.06654589,24719473174.97,8.946383490933606,23.930857157616654,-3.5570711275137,381.6249539199998
2019-05-23,7677.26883391,7943.79138993,7533.196693,7881.84672105,24457107820.1,8.97231751085817,23.920186719008345,2.627323265421211,410.5946969300003
2019-05-24,7881.6953208,8140.71991773,7824.44888684,7987.37156583,25919126990.99,8.98561701916121,23.97824702696011,1.338834013330592,316.27103088999957
2019-05-25,7991.88503911,8117.92594496,7965.97621163,8052.54385907,22256813106.57,8.993743327830694,23.825914005723707,0.8159416737141267,151.94973333000053
2019-05-26,8055.20591925,8687.52079924,7924.67019111,8673.21603511,26677970091.5,9.067994939299634,24.00710397157235,7.707777652659464,762.8506081299993
2019-05-27,8674.07240318,8907.17444077,8668.70492015,8805.7783766,27949839563.94,9.08316341868126,24.053677296421565,1.5284104645079122,238.46952062000128
2019-05-28,8802.75819975,8807.01613958,8634.72130428,8719.9617362,24226919266.66,9.073370128842939,23.910730218278882,-0.9745491736203871,172.29483530000107
2019-05-29,8718.59132866,8755.85207898,8482.72893785,8659.48775584,23473479966.11,9.066410849211172,23.879137108766866,-0.6935119922481858,273.12314112999957
2019-05-30,8661.76050606,9008.31456846,8221.27336604,8319.47222898,29246528551.2,9.026354097786404,24.099026721570752,-3.926508547006058,787.0412024199995
2019-05-31,8320.28637611,8586.65937818,8172.55084356,8574.50164907,25365190957.39,9.056548153618767,23.95664363631796,3.065451906932659,414.1085346199998
2019-06-01,8573.83972489,8625.60025901,8481.57822194,8564.01647182,22488303543.95,9.055324573086986,23.836261168500723,-0.12228322623435428,144.022037069999
2019-06-02,8565.47326214,8809.30399136,8561.23513935,8742.95810038,20266216022.16,9.076003866807518,23.73222110125452,2.0894591824853315,248.06885201000114
2019-06-03,8741.74721596,8743.50012386,8204.18581516,8208.99482964,22004511436.01,9.012985762507649,23.8145133345549,-6.10735250711989,539.314308699999
2019-06-04,8210.98582388,8210.98582388,7564.48860353,7707.77077085,24609731548.79,8.949984289970349,23.926407793073302,-6.105790893913632,646.497220350001
2019-06-05,7704.34318039,7901.8489052,7668.6687003,7824.23153913,21760923463.03,8.964980804723861,23.803381696592027,1.5109526702641762,233.18020490000072
2019-06-06,7819.63337781,7937.34087946,7571.47097209,7822.02338228,19474611077.37,8.964698544607847,23.69237745815054,-0.0282220284376411,365.86990736999996
2019-06-07,7826.90126518,8126.15348327,7788.3733918,8043.95135807,19141423230.79,8.992675703891415,23.67512057918217,2.837219539547209,337.7800914700001
2019-06-08,8036.774936,8076.89110147,7837.61096128,7954.12772355,16522722809.91,8.981446283414673,23.5280024104599,-1.1166605878326963,239.28014018999966
2019-06-09,7949.67470562,7975.97432619,7583.21971271,7688.07711075,16610726547.05,8.947425980614137,23.533314501159232,-3.3448119271745735,392.75461348000044
2019-06-10,7692.28467885,8031.90989621,7586.73084679,8000.32982299,18689275117.47,8.987238047685878,23.651215673149707,4.0615189954765984,445.1790494199995
2019-06-11,8004.24354228,8026.3942184,7772.80393035,7927.71435114,17107279931.99,8.978120044979786,23.56276993687595,-0.9076559773989579,253.5902880499998
2019-06-12,7925.43410401,8196.64825685,7862.3597896,8145.85747373,19034432883.38,9.005264791582178,23.66951543297639,2.7516521525353665,334.2884672499995
2019-06-13,8145.54523047,8311.56742951,8087.06116595,8230.92383068,18669407147.43,9.015653538972835,23.650152039707166,1.0442897782625638,224.50626355999975
2019-06-14,8230.89877378,8710.63642127,8183.39293312,8693.83281543,19831162905.97,9.070369181484613,23.710520421529186,5.624022215155855,527.2434881499994
2019-06-15,8689.74641372,8859.12746691,8618.39596373,8838.37523367,18371033226.45,9.08685834164278,23.634040979907468,1.6625856662836114,240.7315031800008
2019-06-16,8841.44078361,9335.86694232,8814.55645906,8994.48801293,23348550310.97,9.104367225690751,23.873800733950656,1.7663063078074082,521.3104832600002
2019-06-17,8988.92370914,9416.40744016,8988.92370914,9320.35218253,15562951918.83,9.139955694790801,23.46815904971068,3.622931834825449,427.48373102000005
2019-06-18,9335.46690152,9348.37442796,9004.90174624,9081.76285149,15848210535.5,9.114023599391187,23.486322430927565,-2.5598746309952625,343.47268171999895
2019-06-19,9078.72760253,9299.62104446,9070.39599386,9273.52176614,15546809946.03,9.134918496459816,23.467121306360617,2.1114723846652694,229.22505060000003
2019-06-20,9273.06078283,9594.42027595,9232.48426293,9527.16035008,17846823783.9,9.161901982685112,23.605091390061677,2.735083718313991,361.93601302000025
2019-06-21,9525.07460809,10144.5567168,9525.07460809,10144.5567168,20624008643.44,9.224692556559091,23.749721702239352,6.480381814029368,619.482108709999
2019-06-22,10175.9239561,11157.3455164,10107.0352041,10701.691013,29995204860.64,9.278157046561345,24.12430336785445,5.491953091231205,1050.3103123
2019-06-23,10696.6909289,11246.1441834,10556.095932,10855.3710156,20998326501.96,9.29241526096367,23.76770858111153,1.4360347576220844,690.0482513999996
2019-06-24,10853.7438384,11065.8960178,10610.4280819,11011.1024485,19271652364.85,9.306659356266112,23.681901063742718,1.4346025822258968,455.46793590000016
2019-06-25,11007.2020736,11790.916533,11007.2020736,11790.916533,24879684533.05,9.375084728677901,23.937317425197215,7.082070920212269,783.7144594000001
2019-06-26,11778.5811328,13796.4890807,11755.597775,13016.2317442,45105733173.19,9.473952453303989,24.53227519673257,10.39202684346574,2040.891305699999
2019-06-27,13017.1248668,13311.1443049,10491.8523044,11182.8062855,39977475222.63,9.322132724647986,24.4115820130148,-14.085685432859396,2819.2920005000014
2019-06-28,11162.1678255,12445.1752203,10914.4948615,12407.331998,35087757765.86,9.42604286701127,24.281118124980352,10.950075332054698,1530.6803588000002
2019-06-29,12400.7636934,12400.910221,11508.3784271,11959.3709764,29923961127.78,9.389270432175024,24.121925371924178,-3.6104540579087407,892.5317938999997
2019-06-30,11931.990728,12178.3833598,10799.0085788,10817.1555981,27256473494.47,9.288888634115905,24.028556889272984,-9.550798119349146,1379.3747810000004
2019-07-01,10796.9306183,11206.4398606,10089.3143739,10583.1345195,29378589324.45,9.267016929917222,24.103531991714682,-2.163425278278386,1117.1254866999989
2019-07-02,10588.6836947,10912.1886159,9737.88454398,10801.6779238,31015895222.96,9.287456764359495,24.157765659148385,2.065015840980977,1174.3040719199998
2019-07-03,10818.1558221,11968.0776971,10818.1558221,11961.2693412,30796494293.77,9.389429154080357,24.150666698816924,10.73528969832549,1149.921875
2019-07-04,11972.7185797,12006.0753559,11166.5688601,11215.4375483,25920294033.34,9.325046460754116,23.978292052245003,-6.235390004395436,839.5064958000003
2019-07-05,11203.1024876,11395.6613596,10874.9649233,10978.4599518,23838480210.05,9.303690445827344,23.89456692753303,-2.1129589949517524,520.6964363000006
2019-07-06,10982.5439142,11620.9651525,10982.5439142,11208.5508454,21092024306.26,9.324432234328771,23.772160811006348,2.095839440232905,638.4212383000013
2019-07-07,11217.6159338,11541.6198726,11148.8048129,11450.8467553,19369044276.9,9.345818958675988,23.68694197277117,2.1617059443455044,392.81505970000035
2019-07-08,11446.5971553,12345.8331464,11393.3743129,12285.958217,23482551458.31,9.41621228085532,23.879523491177718,7.2930105480057295,952.4588335000008
2019-07-09,12284.3264649,12779.1320971,12233.2620314,12573.8129407,28167921522.62,9.439371592158258,24.061449632747994,2.3429570458875393,545.8700657000009
2019-07-10,12571.5371616,13129.5289339,11710.9784147,12156.5126313,33627574244.06,9.405620324198843,24.238612229382205,-3.318804815755183,1418.5505192
2019-07-11,12139.7138379,12144.6227945,11158.9228142,11358.661752,28595327690.1,9.337735881814636,24.076509173947276,-6.563155927183695,985.6999802999999
2019-07-12,11354.299624,11905.4870064,11179.1448437,11815.9866867,23534692796.61,9.377208697492572,23.881741458670348,4.02622196773732,726.3421627000007
2019-07-13,11813.1273165,11841.9572004,10908.4793185,11392.3793357,21042616383.56,9.340699931526098,23.769815569915547,-3.585035784415791,933.4778819000003
2019-07-14,11381.0208987,11451.2037673,10234.5764143,10256.0582756,22486000001.35,9.235623861242592,23.836158730334017,-9.974396275053266,1216.6273529999999
2019-07-15,10257.8385363,11052.7667966,9992.00724951,10895.0893874,25384047206.61,9.296067451787469,23.957386750924993,6.230767168321449,1060.7595470900014
2019-07-16,10896.6533265,10996.6332798,9448.1067483,9477.64204235,24151199069.75,9.156690834600788,23.90759986673375,-13.009965266455314,1548.5265314999997
2019-07-17,9471.21400074,9963.13442838,9163.13464449,9693.80272448,24569921548.67,9.179242065927982,23.924788830502077,2.280743260445006,799.9997838900017
2019-07-18,9698.50274016,10736.8430131,9376.79846015,10666.4828491,25187024648.17,9.27486166006839,23.949594803945995,10.034040843060144,1360.0445529500012
2019-07-19,10653.956443,10716.9806727,10229.6289244,10530.7326264,20727426309.59,9.262053177864477,23.754723602748232,-1.2726802697803463,487.3517482999996
2019-07-20,10525.819,11048.6623461,10451.2760142,10767.1395226,20206615154.65,9.28425413808599,23.729275870646212,2.244923545084987,597.3863318999993
2019-07-21,10777.5296892,10841.8877848,10389.5998035,10599.1053965,17130580467.04,9.268524879981966,23.56413103470015,-1.560619937610186,452.28798129999996
2019-07-22,10596.9480747,10651.7912019,10154.9215831,10343.1061684,16334414913.2,9.244075506083895,23.516540063372045,-2.4152908997823075,496.86961879999944
2019-07-23,10346.7477047,10346.7477047,9883.59513007,9900.76801058,17851916994.61,9.200367609940017,23.60537673406169,-4.276647175598192,463.15257462999944
2019-07-24,9887.73084418,9908.7972369,9614.30658327,9811.92618837,17398734321.63,9.191353882762437,23.579663300384997,-0.8973225321011746,294.49065363000045
2019-07-25,9809.09690775,10154.2540296,9773.95670972,9911.84226491,15821952090.47,9.201485509634132,23.484664185508546,1.0183125578179464,380.29731988000094
2019-07-26,9913.12718948,9916.51772964,9717.9822414,9870.30353766,14495714483.23,9.197285885516957,23.39711888980789,-0.4190818027548282,198.53548824000063
2019-07-27,9871.16499086,10167.3205575,9411.52180812,9477.67767811,16817809536.37,9.15669459457535,23.54570425330607,-3.9778499014943347,755.7987493799992
2019-07-28,9491.62688749,9575.54534858,9252.2968633,9552.86043541,13738687092.78,9.164595910659468,23.34348156552005,0.7932613858946169,323.24848528000075
2019-07-29,9548.17889422,9681.64800826,9472.94833737,9519.14591371,13791445323.24,9.161060408814356,23.34731433277653,-0.35292593174532927,208.69967088999874
2019-07-30,9522.32895542,9701.7593939,9437.3362874,9607.42368665,13829811132.08,9.17029137930571,23.35009232613648,0.927370729897703,264.42310650000036
2019-07-31,9604.05115871,10085.6277491,9598.09768275,10085.6277491,16631520647.75,9.218866694271647,23.534565566003934,4.977443256869063,487.5300663500002
2019-08-01,10077.442592,10446.9203303,9922.01981608,10399.6694229,17165337857.81,9.249529298364655,23.5661579466108,3.1137543602878237,524.9005142200003
2019-08-02,10402.0434274,10657.95271,10371.0139875,10518.1746772,17489094081.7,9.260859961465275,23.584843328277525,1.1395098197934272,286.93872249999913
2019-08-03,10519.278349,10946.7813264,10503.5043975,10821.7265103,15352685060.58,9.289311106242247,23.454556218195812,2.8859744434364787,443.2769288999989
2019-08-04,10821.6329392,11009.2069143,10620.2782517,10970.1842157,16530894786.81,9.302936345808316,23.528496878397796,1.371848616380178,388.9286626000012
2019-08-05,10960.7357349,11895.0919275,10960.7357349,11805.6537253,23875988832.34,9.376333824970693,23.896139139516904,7.615820237588333,934.3561926000002
2019-08-06,11811.5450274,12273.8213783,11290.7316542,11478.1693461,23635107659.81,9.348202192532286,23.885999056282145,-2.773962262658858,983.0897240999984
2019-08-07,11476.1934394,12036.9898905,11433.701205,11941.9683406,22194988641.22,9.387814226006455,23.823132363460257,4.0407052772538865,603.2886854999997
2019-08-08,11954.0403364,11979.4201746,11556.1684508,11966.407405,19481591729.52,9.38985862025323,23.692735842783627,0.20464854455284343,423.25172380000004
2019-08-09,11953.4695395,11970.4577149,11709.7453788,11862.93676,18339989959.51,9.381174260786235,23.632349756310568,-0.8646759340381949,260.71233609999945
2019-08-10,11861.5566954,11915.6552603,11323.8987573,11354.0242177,18125355447.05,9.337327516694753,23.620577648366584,-4.289937244005005,591.7565030000005
2019-08-11,11349.7398943,11523.5793784,11248.2948234,11523.5793784,15774371517.99,9.352150595920104,23.481652404199057,1.4933485912041355,275.2845550000002
2019-08-12,11528.1893667,11528.1893667,11320.9515001,11382.6159562,13647198229.01,9.339842554391838,23.336800079561097,-1.2232607384492389,207.23786660000042
2019-08-13,11385.0524972,11420.0498609,10830.3269144,10895.8304358,16681503536.97,9.296135466208732,23.53756636992075,-4.2765698348528725,589.7229465
2019-08-14,10889.4877427,10889.5569207,10028.1353635,10051.7039313,19990838299.88,9.21549744451901,23.718539920541414,-7.74724340171894,861.4215572000012
2019-08-15,10038.4217089,10437.4106507,9675.3164202,10311.545429,22899115082.14,9.241019461897976,23.854364104058646,2.5850492560856253,762.094230499999
2019-08-16,10319.4203458,10524.3498284,9855.47883007,10374.3393471,20228207096.36,9.247090665683457,23.730343858215356,0.6089670896798793,668.8709983299996
2019-08-17,10358.7225407,10452.6246924,10086.6979603,10231.7438454,13778035685.02,9.233250308289325,23.34634154411406,-1.3745019989138907,365.92673210000066
2019-08-18,10233.0062966,10487.070244,10119.0946079,10345.8103795,12999813869.05,9.244336922490998,23.288200876540063,1.1148298454645378,367.9756361
2019-08-19,10350.283631,10916.0538702,10313.2044338,10916.0538702,16038264603.26,9.297989816792233,23.498243241714913,5.511830101099902,602.8494363999998
2019-08-20,10916.3467171,10947.0417192,10618.9606782,10763.2326304,15053082175.36,9.283891218930192,23.434848602878503,-1.3999678053732367,328.0810410000013
2019-08-21,10764.5727493,10798.7297949,9962.7216442,10138.049355,19473084767.83,9.224050887337667,23.692299080751948,-5.808508436714577,836.0081506999995
2019-08-22,10142.52143,10232.9960286,9831.46262049,10131.0561021,17097508856.24,9.223360846704912,23.56219860892089,-0.06898026094684928,401.5334081100009
2019-08-23,10136.3095336,10442.4435166,10078.1927261,10407.965329,15627023886.22,9.250326688999245,23.472267552898835,2.7332710835803464,364.2507905000002
2019-08-24,10407.6442328,10418.0204345,9982.29685483,10159.9605385,15451030650.36,9.226209837119024,23.4609415468264,-2.382836439788849,435.7235796700006
2019-08-25,10160.7370213,10304.6222586,10008.7887534,10138.517665,14153856609.65,9.2240970795752,23.373252975818858,-0.2110527242575877,295.8335052000002
2019-08-26,10126.2995187,10512.3277534,10126.2995187,10370.8201605,18438654079.53,9.246751387826135,23.637715063231518,2.291286588195729,386.0282347000011
2019-08-27,10372.8263035,10381.3283434,10087.3005576,10185.4998997,14762609502.77,9.22872040941028,23.415363436072862,-1.786939296333001,294.02778580000086
2019-08-28,10203.4268025,10279.3659944,9716.65581044,9754.42327325,17603790323.11,9.185476130166485,23.59138007507165,-4.2322579224874035,562.71018396
2019-08-29,9756.78570735,9756.78570735,9421.63015965,9510.20054413,17045878500.79,9.160120243027924,23.559174281295547,-2.503712646853684,335.15554770000017
2019-08-30,9514.84485249,9656.12392624,9428.30239699,9598.17364826,13595263986.44,9.169328114384141,23.332987332748903,0.9250394218479396,227.821529249999
2019-08-31,9597.5394476,9673.22043974,9531.79983914,9630.66384768,11454806419.01,9.172707437793184,23.161675253451982,0.3385039759713937,141.4206006000004
2019-09-01,9630.59319616,9796.75596805,9582.94463078,9757.97031807,11445355859.37,9.185839698566483,23.160849882866252,1.3218867609076312,213.81133726999906
2019-09-02,9757.47323681,10396.5913249,9730.65071681,10346.7607927,17248102293.8,9.244428782820268,23.570967962418397,6.033944103515743,665.9406080900008
2019-09-03,10345.7251399,10736.1047208,10308.5478807,10623.5401172,19384917988.71,9.270827583618154,23.687761177403146,2.675033568914409,427.55684010000004
2019-09-04,10621.1803306,10762.6442123,10434.7103971,10594.4933536,16742664768.54,9.268089650172513,23.541226075034384,-0.27341887242438023,327.9338152
2019-09-05,10588.1840215,10627.2698685,10516.4182336,10575.533284,14551239507.98,9.266298431390037,23.400942016487377,-0.17896155075276532,110.85163490000014
2019-09-06,10578.1978276,10898.7621803,10292.3001305,10353.3025592,19536574782.88,9.245060835641226,23.69555417561004,-2.1013666056558855,606.4620498000004
2019-09-07,10353.9315807,10558.673705,10348.9192522,10517.254784,15307366476.45,9.260772500146524,23.45160001852479,1.5835741673975612,209.75445279999985
2019-09-08,10518.1141171,10595.6380804,10409.091259,10441.275979,13670567492.76,9.253522074179076,23.338511000555783,-0.7224205038332654,186.54682139999932
2019-09-09,10443.2285007,10450.3115318,10144.929455,10334.9741628,17595943367.96,9.243288972141771,23.59093422196669,-1.0180921988251268,305.3820768000005
2019-09-10,10336.4084054,10394.3539227,10020.5734003,10115.9757913,14906809639.11,9.221871214677067,23.42508396825379,-2.119002602718334,373.78052240000034
2019-09-11,10123.0347321,10215.9477875,9980.77667261,10178.3718893,15428063426.07,9.22802034502518,23.459453988385185,0.6168075061395717,235.17111488999944
2019-09-12,10176.8193616,10442.2538742,10099.2419536,10410.1268031,15323563925.02,9.2505343424282,23.45265760638565,2.2769350179043135,343.01192059999994
2019-09-13,10415.3625333,10441.4890164,10226.5969003,10360.5472773,14109864674.71,9.245760340412438,23.370140012028784,-0.47626245806376977,214.89211610000166
2019-09-14,10345.4037591,10422.1334739,10291.6944928,10358.0491621,13468713124.12,9.245519193265293,23.32363528636232,-0.02411180735089058,130.4389811000001
2019-09-15,10356.4657676,10387.0348987,10313.092448,10347.7129074,12043433567.35,9.244520799144478,23.211785416183453,-0.09978958912282287,73.94245070000034
2019-09-16,10347.2222579,10386.8668661,10189.7445857,10276.7935649,15160167778.76,9.237643580325923,23.441937284299925,-0.6853624867122488,197.122280399999
2019-09-17,10281.5133161,10296.7717172,10199.7397431,10241.2721545,15304603363.06,9.234181124715006,23.45141949349409,-0.345646822383594,97.03197409999848
2019-09-18,10247.7960832,10275.9290823,10191.4695236,10198.2484072,16169268880.2,9.22997125974166,23.506378294930656,-0.4201015913935624,84.45955869999852
2019-09-19,10200.4958846,10295.6689895,9851.69215634,10266.4149694,19937691247.04,9.236633164025502,23.715877809773495,0.6684144127326208,443.97683316000075
2019-09-20,10266.3185338,10285.8722648,10132.1861639,10181.6413094,14734189639.28,9.228341505929762,23.413436455986155,-0.8257377112913966,153.68610090000038
2019-09-21,10183.6480972,10188.0979122,10000.7080483,10019.7169101,13425266806.33,9.212310121754717,23.320404350985942,-1.5903565484133297,187.3898638999999
2019-09-22,10024.1152629,10074.4444155,9922.53339543,10070.3921064,13199651698.47,9.217354923028026,23.30345627971106,0.5057547708650301,151.91102006999972
2019-09-23,10067.9626513,10074.238246,9727.14357367,9729.32376435,15144925408.11,9.182899672698005,23.440931356230916,-3.3868427211810603,347.0946723300003
2019-09-24,9729.32139737,9804.31716645,8370.80138242,8620.56642733,25002886688.93,9.061906072326023,23.942257122705946,-11.396037010122805,1433.5157840299998
2019-09-25,8603.42867242,8744.82844926,8325.39633159,8486.99297206,21744728352.61,9.046290031886384,23.802637190510993,-1.5494742299824948,419.43211766999957
2019-09-26,8487.66958635,8515.68528527,7895.6296228,8118.96756783,19258205289.35,9.001958278252916,23.681203055659395,-4.33634628238263,620.0556624699993
2019-09-27,8113.10095,8271.52075751,7965.92265351,8251.84555744,16408941155.51,9.018192158242854,23.521092215622325,1.6366365366023317,305.5981039999997
2019-09-28,8251.27362342,8285.6167637,8125.43166316,8245.91515478,14141152736.19,9.017473223956088,23.37235501716061,-0.07186759154323985,160.18510053999944
2019-09-29,8246.03737695,8261.70737338,7990.49716007,8104.18567564,13034629108.5,9.0001359572702,23.290875430417287,-1.7187841067930587,271.21021331000065
2019-09-30,8104.22636732,8314.23099666,7830.75876126,8293.86774062,17115474183.47,9.023271694286608,23.56324881426898,2.340544412132073,483.4722354000005
2019-10-01,8299.72110496,8497.6920351,8232.67960132,8343.2766814,15305343412.83,9.029211305650758,23.4514678470424,0.5957285831556636,265.0124337800007
2019-10-02,8344.21264933,8393.04164486,8227.69570267,8393.04164486,13125712442.69,9.035158265926826,23.29783892529873,0.5964678550208324,165.34594219000064
2019-10-03,8390.77428822,8414.22717061,8146.43684146,8259.99197863,13668823409.37,9.019178895404382,23.33838341297356,-1.5852377702841758,267.7903291499997
2019-10-04,8259.49447523,8260.05563096,8151.23660841,8205.93924121,13139456229.41,9.012613468783885,23.298885466301073,-0.6543921296757071,108.81902254999932
2019-10-05,8210.14909246,8215.52593054,8071.12083379,8151.50052921,12200497197.22,9.0059573033015,23.224742541725696,-0.6634062280964748,144.40509674999976
2019-10-06,8149.87688203,8161.41016074,7958.85083002,7988.15595888,13160830305.19,8.98571521849133,23.30051085395284,-2.003858918301893,202.5593307199997
2019-10-07,7989.12044675,8308.45022135,7905.76589842,8245.622933,18009742607.44,9.01743778495962,23.614178704385285,3.2231090059500866,402.68432293000023
2019-10-08,8246.84962925,8332.71517142,8185.7629675,8228.7831528,15592264032.12,9.015393427672649,23.470040732828203,-0.20422690119148434,146.952203920001
2019-10-09,8229.84046087,8627.70620766,8169.29898629,8595.73981722,19384942333.22,9.059021989414603,23.68776243325033,4.459428054014691,458.4072213699992
2019-10-10,8585.2798473,8625.27283353,8471.93362208,8586.47342543,17618660671.42,9.057943386494536,23.592224442727716,-0.10780214370187391,153.33921145000022
2019-10-11,8585.26280768,8721.78072149,8316.18140086,8321.75671178,19604381101.23,9.026628654770446,23.699018903777723,-3.0829503631375044,405.5993206300009
2019-10-12,8315.66465289,8415.24222171,8313.34130028,8336.55527417,14532641604.53,9.028405373359387,23.399663101481984,0.17782978885996226,101.90092142999856
2019-10-13,8336.90223051,8470.98789038,8276.61224603,8321.00574668,13808286058.98,9.026538409523914,23.348534687974688,-0.18652221425529136,194.37564435000058
2019-10-14,8320.83224411,8390.20904169,8284.13119151,8374.6864467,15151387859.02,9.032968916792402,23.44135797256215,0.645122737013093,106.07785017999959
2019-10-15,8373.45825537,8410.71471368,8182.70662559,8205.36931588,15220412631.58,9.012544013587396,23.44590330015437,-2.0217727779732964,228.00808808999955
2019-10-16,8204.67452005,8216.81221666,7985.08963712,8047.52686305,16071646995.52,8.993120101228902,23.500322500275573,-1.923648366741082,231.72257954000088
2019-10-17,8047.81274259,8134.8314486,8000.94263465,8103.91137325,14313052244.08,9.000102109695224,23.384437702255713,0.700643951359603,133.88881394999953
2019-10-18,8100.93361588,8138.41371165,7902.16409743,7973.20744597,15651592610.22,8.983842130722905,23.473838512986255,-1.612849909877312,236.24961421999978
2019-10-19,7973.8037681,8082.62930791,7944.7770508,7988.56044241,13797825640.24,8.985765852616634,23.347776854393878,0.19255734337830788,137.8522571099993
2019-10-20,7997.8070221,8281.81863723,7949.43922655,8222.07826034,15504249442.11,9.014578285819237,23.46437998085278,2.923152670790241,332.37941068000055
2019-10-21,8225.11518823,8296.69397668,8196.41634287,8243.72113905,15868748865.71,9.017207115510292,23.48761753193778,0.2632288093680213,100.27763381000113
2019-10-22,8243.40209165,8296.65115115,8074.46280468,8078.20332194,16803377856.54,8.996924765643197,23.544845766034477,-2.007804659062906,222.1883464699995
2019-10-23,8076.22846601,8092.99949202,7469.32269922,7514.67201276,21942878957.54,8.92461265689132,23.8117085027629,-6.975948570760493,623.6767927999999
2019-10-24,7509.72818274,7532.86765606,7446.98855091,7493.48873154,16268708848.76,8.921789753319324,23.512509397238563,-0.28189229262475246,85.8791051499993
2019-10-25,7490.70317641,8691.53999754,7479.98432283,8660.70063696,28705065488.25,9.06655090324459,24.080339441986506,15.576348310330012,1211.55567471
2019-10-26,8667.57715496,10021.743983,8662.62237955,9244.97220867,44496255608.75,9.131835137723684,24.518670878954737,6.74623908851657,1359.1216034500012
2019-10-27,9241.70707513,9749.52966634,9112.54182017,9551.7149631,32593129500.74,9.164475994640663,24.207367351596808,3.3179413361819954,636.9878461700009
2019-10-28,9565.10188348,9805.11808945,9256.14838876,9256.14838876,30948255331.82,9.13304330037422,24.155582463949205,-3.094382270428142,548.9697006899987
2019-10-29,9248.4405622,9516.18104772,9232.64808578,9427.68758384,28426779937.41,9.151406126451398,24.07059749335288,1.8532459493443731,283.53296193999995
2019-10-30,9422.4633254,9426.87421747,9085.3703568,9205.72655905,27706531577.46,9.127581021464845,24.044934019364174,-2.3543527807440623,341.50386067
2019-10-31,9202.45758879,9383.16089153,9028.71744031,9199.58483269,26583653946.63,9.126913635137361,24.003562350558802,-0.06671636747630494,354.4434512200005
2019-11-01,9193.99198943,9275.65727074,9132.04757639,9261.104352,24324691031.33,9.133578581004421,23.914757763245316,0.6687206045581151,143.6096943499997
2019-11-02,9259.78300285,9377.48656728,9249.58772699,9324.71776331,21242676385.33,9.140423977384803,23.779278032224234,0.6868879659720273,127.89884029000132
2019-11-03,9324.78683223,9379.80687235,9141.25199093,9235.35487947,21132220847.49,9.130794319558253,23.774064767049918,-0.9583441140880056,238.55488141999922
2019-11-04,9235.60706498,9505.05167619,9191.48573922,9412.61187106,26170255634.42,9.1498057574091,23.987889321664678,1.9193305931755722,313.5659369700006
2019-11-05,9413.00494286,9457.41843455,9256.93201502,9342.52717939,26198609047.84,9.142332070575637,23.98897215652705,-0.7445828281253508,200.4864195299997
2019-11-06,9340.86427973,9423.23703723,9305.90931362,9360.87991187,23133895764.61,9.144294572731612,23.864564728086723,0.19644291236837752,117.32772360999843
2019-11-07,9352.39346741,9368.47622343,9202.35313712,9267.56114253,22700383838.52,9.134275532524569,23.845647670476712,-0.9969016825188581,166.12308630999905
2019-11-08,9265.36833744,9272.75941894,8775.53408279,8804.88071936,24333037836.15,9.083061473917478,23.915100845633095,-4.9924723026287925,497.22533615000066
2019-11-09,8809.46919831,8891.81831071,8793.16349154,8813.58248677,17578630605.92,9.084049274955033,23.589949831170607,0.0988289073679871,98.65481916999852
2019-11-10,8812.48953287,9103.82584426,8806.16233361,9055.52605732,20587919881.03,9.111130464413565,23.747970327192043,2.7451217585264587,297.6635106499998
2019-11-11,9056.91770059,9081.27928096,8700.60878725,8757.78854226,20265510765.31,9.077698702545996,23.732186301017475,-3.287909649592635,380.6704937100003
2019-11-12,8759.75190096,8853.76817777,8685.42814321,8815.66253925,20309769107.26,9.084285252444323,23.734367844047693,0.6608288920283201,168.34003456000028
2019-11-13,8812.03362864,8836.84179047,8761.6511216,8808.2625823,17545755404.6,9.083445489754247,23.588077900318346,-0.08394101880661031,75.19066887000008
2019-11-14,8811.93633174,8826.94365923,8692.55188007,8708.09509517,19084739974.57,9.072008342732339,23.672154898453986,-1.1371991490272348,134.39177916000153
2019-11-15,8705.70810061,8730.8734266,8484.84418485,8491.99201234,21796856471.09,9.046878882212718,23.805031597769986,-2.4816343926912565,246.02924174999862
2019-11-16,8491.16631667,8591.99724097,8473.97406353,8550.76055694,16495389808.41,9.053775512002701,23.526346773261032,0.6920466306916007,118.02317743999993
2019-11-17,8549.47090893,8727.78922661,8500.96788688,8577.9757816,18668638896.63,9.056953241757382,23.650110888608943,0.31827840902305393,226.82133973000055
2019-11-18,8573.98009164,8653.28015751,8273.57288734,8309.28598342,21579470673.41,9.025128961585134,23.79500826790328,-3.1323217157635974,379.7072701699999
2019-11-19,8305.13429095,8408.51612757,8099.96336899,8206.14591807,21083613815.95,9.012638654719492,23.77176197932076,-1.24126267354141,308.55275857999914
2019-11-20,8203.61317991,8237.23987375,8010.51190064,8027.26824331,20764300436.84,8.990599555202472,23.756501023928273,-2.179801292176764,226.72797311000068
2019-11-21,8023.64468729,8110.09813105,7597.38160764,7642.74994484,22514243371.47,8.941512757821636,23.83741398460429,-4.7901513542974,512.7165234100003
2019-11-22,7643.56942455,7697.38271398,6936.70659892,7296.57756843,34242315784.81,8.895160690960633,24.256728019835045,-4.529421725274663,760.6761150599996
2019-11-23,7296.16442479,7442.25893278,7151.41781411,7397.7968154,21008924417.7,8.908937507213937,23.76821315666612,1.3872153899650685,290.84111866999956
2019-11-24,7398.63390574,7408.57736944,7029.28912726,7047.91688176,30433517289.47,8.86048737437962,24.138810380421855,-4.729515318826472,379.28824218000045
2019-11-25,7039.97703454,7319.85680403,6617.1670508,7146.13390214,42685231261.74,8.874326776462656,24.477118825263044,1.393560991534759,702.68975323
2019-11-26,7145.1590862,7320.23035135,7098.57229752,7218.37133433,21129505542.49,8.884384629477958,23.773936267566548,1.010860322227769,221.65805383000043
2019-11-27,7220.88064968,7619.6935852,6974.17436987,7531.6636446,23991412764.14,8.926871231929127,23.900961801773963,4.340207724975409,645.5192153299995
2019-11-28,7536.82010358,7730.07266616,7454.12179377,7463.1061283,19050116751.27,8.917726977625211,23.67033906717593,-0.9102572756173766,275.95087238999986
2019-11-29,7466.72728957,7781.1796785,7460.75621581,7761.24360172,19709695455.78,8.956897858290938,23.704376506737482,3.9948175504227024,320.4234626899997
2019-11-30,7764.05726187,7836.10181158,7515.84946647,7569.63012202,17158194786.41,8.931899484210014,23.565741726545276,-2.4688502195387207,320.2523451099996
2019-12-01,7571.61619421,7571.61619421,7291.34195468,7424.29226516,18720708479.35,8.912512641304298,23.652896153398835,-1.9200126626691238,280.27423953000016
2019-12-02,7424.03619682,7474.81886382,7233.39953789,7321.98811242,17082040705.78,8.898637170136116,23.56129349743088,-1.3779650515656994,241.41932593
2019-12-03,7323.97540332,7418.85890799,7229.35711475,7320.1454684,14797485769.1,8.898385479490138,23.417723122818945,-0.025165897454471065,189.50179324000055
2019-12-04,7320.12506594,7539.78474641,7170.92266087,7252.03458617,21664240918.45,8.889037341053937,23.798928854296218,-0.9304580424531861,368.8620855399995
2019-12-05,7253.24189285,7743.43172474,7232.67698855,7448.30752084,18816085231.3,8.915742107153942,23.65797793837707,2.7064533730203344,510.7547361900006
2019-12-06,7450.56165667,7546.99669772,7392.17506274,7546.99669772,18104466306.77,8.928904974722828,23.61942450205873,1.324987946642553,154.82163498000045
2019-12-07,7547.26544276,7589.95176549,7525.71133898,7556.23803387,15453520564.06,8.930128730754902,23.461102682556092,0.12245051270252105,64.24042651000036
2019-12-08,7551.33900507,7634.60664192,7476.09125491,7564.3454032,15409908086.2,8.931201092828848,23.458276521705166,0.10729372597395592,158.51538700999936
2019-12-09,7561.79517117,7618.09166983,7365.98519914,7400.89935576,17872021272.39,8.909356806369697,23.606502269536087,-2.1607427837821436,252.1064706899997
2019-12-10,7397.13422776,7424.02286377,7246.04375293,7278.1197833,18249031194.89,8.892627836308172,23.627377830354334,-1.658981787996383,177.97911084000043
2019-12-11,7277.19769871,7324.15640741,7195.52739606,7217.4271152,16350490689.28,8.8842538131418,23.517523745416092,-0.8339058700196467,128.62901134999993
2019-12-12,7216.73886245,7266.6394584,7164.7412448,7243.13436273,18927080224.02,8.887809314724631,23.663859549596207,0.35618298764472645,101.89821360000042
2019-12-13,7244.66223669,7293.56066067,7227.12274448,7269.68455922,17125736940.17,8.891468180207951,23.563848253171436,0.3665567302826078,66.43791619000058
2019-12-14,7268.90271202,7308.83632746,7097.20887996,7124.67396997,17137029729.95,8.871319245489193,23.564507440463437,-1.9947301436358145,211.62744750000002
2019-12-15,7124.23952463,7181.0755288,6924.37592187,7152.30184412,16881129804.3,8.87518952011826,23.549462255408766,0.38777738134334605,256.6996069300003
2019-12-16,7153.66322803,7171.16870269,6903.68277313,6932.48038982,20213265949.62,8.843972948754594,23.729604955979884,-3.073436483678582,267.48592955999993
2019-12-17,6931.31521843,6964.07495829,6587.97426228,6640.51524608,22363804217.34,8.80094483676117,23.83070960570565,-4.211553835316084,376.1006960099994
2019-12-18,6647.69846901,7324.98487298,6540.04927709,7276.80277047,31836522778.2,8.892446864842508,24.183879982731444,9.581899910034997,784.9355958899996
2019-12-19,7277.59099229,7346.60239301,7041.3820191,7202.84436364,25904604415.96,8.882231277497796,23.977686566529496,-1.0163585459555202,305.2203739099996
2019-12-20,7208.63695894,7257.92191888,7086.12400862,7218.81638679,22633815180.05,8.884446283100358,23.842710871867443,0.22174605397038416,171.7979102600002
2019-12-21,7220.59355274,7223.22627792,7112.73608254,7191.15846913,19312552168.11,8.880607560007503,23.684021092862086,-0.38313646140955004,110.49019537999993
2019-12-22,7191.18870288,7518.03306263,7167.17911959,7511.58904232,23134537956.15,8.924202312565214,23.86459248746773,4.455896425666794,350.85394304000056
2019-12-23,7508.90255573,7656.17619127,7326.19251983,7355.62826671,27831788041.21,8.903221049742287,24.049444659116364,-2.076268745951393,329.98367144000076
2019-12-24,7354.39283808,7535.71669352,7269.52874884,7322.5324589,22991622105.41,8.898711511454099,23.858395730231603,-0.44993855874670974,266.1879446800003
2019-12-25,7325.75589098,7357.01996276,7220.99109225,7275.15572845,21559505148.81,8.892220497783097,23.79408263044226,-0.6469992549151038,136.02887051000016
2019-12-26,7274.79942782,7388.30253592,7200.38659835,7238.96702501,22787010034.35,8.887233799096967,23.84945647521043,-0.4974285746005669,187.9159375700001
2019-12-27,7238.14118032,7363.52923526,7189.93393524,7290.08851803,22777360995.57,8.894270967319931,23.84903294082573,0.7061987275723158,173.59530001999974
2019-12-28,7289.0311303,7399.04088941,7286.90517228,7317.99003408,21365673026.12,8.898090983741657,23.785051406885817,0.3827321983950416,112.13571712999965
2019-12-29,7317.64758783,7513.94840873,7279.86546765,7422.65258898,22445257701.74,8.912291764052746,23.83434519059089,1.4302090384461286,234.08294107999973
2019-12-30,7420.27278806,7454.82402731,7276.30814028,7292.99507783,22874131671.99,8.89466958806696,23.853272487693083,-1.746781350679072,178.51588703000016
2019-12-31,7294.4388956,7335.2900508,7169.77768628,7193.59897843,21167946112.3,8.880946878808299,23.77575389860054,-1.3628982103958132,165.51236452000012
2020-01-01,7194.89197053,7254.33061134,7174.94415256,7200.17439274,18565664996.79,8.881860525924706,23.6445797438526,0.09140646190755053,79.3864587800008
2020-01-02,7202.55112207,7212.15525252,6935.26997193,6985.47000061,20802083465.33,8.85158755655838,23.758318985239747,-2.9819332202076776,276.88528059000055
2020-01-03,6984.4286123,7413.71509934,6914.99590793,7344.88418341,28111481031.94,8.901759320397888,24.059443907490103,5.145168224451813,498.71919141000035
2020-01-04,7345.37527527,7427.38579435,7309.5140117,7410.65656642,18444271274.76,8.910674319819693,23.63801965920483,0.8954856382699772,117.87178264999966
2020-01-05,7410.45169373,7544.49687224,7400.5355609,7411.31732676,19725074094.54,8.910763479380382,23.70515646004848,0.008916353552179679,143.96131134000007
2020-01-06,7410.45216807,7781.86718275,7409.29318246,7769.21903905,23276261598.25,8.957924928535473,23.870699862647,4.829124115327343,372.5740002900002
2020-01-07,7768.68189098,8178.21587336,7768.22771944,8163.69223944,28767291326.97,9.00745182594333,24.082504860858574,5.077385492766795,409.9881539199996
2020-01-08,8161.93547734,8396.73788064,7956.77421957,8079.86277673,31672559264.52,8.997130168292957,24.1787165046052,-1.0268572142517418,439.96366106999903
2020-01-09,8082.29607413,8082.29607413,7842.4036134,7879.07152428,24045990465.65,8.971965349041774,23.903234102994436,-2.4850824574432107,239.8924607300005
2020-01-10,7878.30753815,8166.55414039,7726.77498918,8166.55414039,28714583843.78,9.007802329042025,24.080670978515478,3.6486864629176052,439.7791512099993
2020-01-11,8162.1911379,8218.3589373,8029.64210795,8037.53738872,25521165085.37,8.991878020319815,23.962773948196336,-1.579818727116622,188.7168293499999
2020-01-12,8033.26184596,8200.06347027,8009.0588841,8192.49400532,22903438381.39,9.010973648844903,23.854552883894524,1.9279116115524353,191.00458617000095
2020-01-13,8189.77206362,8197.78817891,8079.70074107,8144.19451744,22482910687.9,9.005060623259489,23.83602133258933,-0.5895578055795547,118.08743783999944
2020-01-14,8140.93309605,8879.51152651,8140.93309605,8827.76442606,44841784107.18,9.085657082161042,24.526406222654554,8.393339662457722,738.5784304599993
2020-01-15,8825.34368451,8890.11741953,8657.18744654,8807.01027532,40102834649.97,9.083303305526705,24.414712858285984,-0.2351008674260857,232.92997298999944
2020-01-16,8812.48149122,8846.46109861,8612.09583682,8723.78576573,31313981930.82,9.073808570134391,24.167330541803576,-0.9449802712643951,234.36526178999884
2020-01-17,8725.20996387,8958.12195167,8677.3163483,8929.0376776,36372139320.44,9.097063905196968,24.317068915233843,2.3527848732404655,280.8056033699995
2020-01-18,8927.21225983,9012.19810645,8827.33234474,8942.80890321,32337772626.8,9.098605013808584,24.199501815093296,0.15422967297527013,184.8657617099998
2020-01-19,8941.44574506,9164.36225977,8620.0799932,8706.24512993,34217320471.4,9.071795878151649,24.25599779934637,-2.6452960791221503,544.2822665699987
2020-01-20,8704.63181434,8745.59079709,8560.47404294,8657.64293942,26422375678.05,9.06619778661328,23.997477051682008,-0.5582451422475598,185.1167541499999
2020-01-21,8658.99118302,8755.70629569,8544.52045256,8745.89478833,24097418512.01,9.076339702210365,23.905370556021495,1.0193519128419037,211.18584313000065
2020-01-22,8744.21075075,8792.9938714,8636.7474349,8680.87604222,22600204050.58,9.068877729084699,23.84122477197062,-0.743420172361986,156.24643649999962
2020-01-23,8680.65055954,8687.74708842,8333.63787363,8406.5160678,25770680778.69,9.036762406471466,23.97250327875069,-3.1605102190796486,354.1092147899999
2020-01-24,8405.56773288,8514.66703526,8266.84057849,8445.43428152,24397913025.68,9.04138125261123,23.917763433853093,0.46295294514540064,247.8264567699989
2020-01-25,8440.11958702,8458.45301525,8296.21900672,8367.84777344,19647331548.68,9.03215199462872,23.701207366990793,-0.9186799102773424,162.2340085299984
2020-01-26,8364.41006958,8602.40124618,8325.49808268,8596.82983316,22177678795.56,9.05914879023189,23.822352160351542,2.7364510674632525,276.9031634999992
2020-01-27,8597.30877926,8977.7269618,8597.30877926,8909.81917753,28647338393.17,9.094909225930078,24.07832637502966,3.6407530501851637,380.4181825399992
2020-01-28,8912.52433979,9358.59031703,8908.44692853,9358.59031703,34398744402.69,9.144049950974328,24.261285900737825,5.036815344488388,450.1433885000006
2020-01-29,9357.47037892,9406.43179329,9269.46813861,9316.62950445,30682598115.46,9.139556201118271,24.14696149419698,-0.44836680695001796,136.9636546799993
2020-01-30,9316.01697842,9553.12613251,9230.89727886,9508.9935947,32378792850.88,9.159993323935263,24.20076950379929,2.064739079278821,322.22885365
2020-01-31,9508.31314184,9521.70592625,9230.77618023,9350.52936518,29432489719.13,9.143188237276865,24.105364993613243,-1.6664668867620414,290.9297460200014
2020-02-01,9346.35762761,9439.323332,9313.2387904,9392.87536841,25922656496.18,9.147706741345857,23.97838319145747,0.4528727901512042,126.08454159999928
2020-02-02,9389.82059095,9468.79761797,9217.82397728,9344.36529292,30835736946.11,9.142528798152323,24.15194014476732,-0.5164560753477931,250.97364068999923
2020-02-03,9344.68367852,9540.37173779,9248.63423233,9293.52108908,30934096508.74,9.137072779274865,24.155124859384866,-0.5441161838838027,291.73750545999974
2020-02-04,9292.84190002,9331.26581712,9112.8114171,9180.9629665,29893183716.09,9.12488737642464,24.12089632199255,-1.2111461468813811,218.45440002000032
2020-02-05,9183.41577743,9701.30003735,9163.70413921,9613.42428895,35222060874.46,9.170915764088583,24.28493845262569,4.710413537534008,537.5958981399999
2020-02-06,9617.8210448,9824.61926061,9539.8180851,9729.80223149,37628823715.51,9.182948849330112,24.351036181842076,1.2105774076129006,284.80117550999967
2020-02-07,9726.00315742,9834.71678972,9726.00315742,9795.94377253,34522718159.47,9.189723678215854,24.264883441645402,0.6797829952384316,108.71363229999952
2020-02-08,9793.07042002,9876.74934121,9678.90979138,9865.11946905,35172043761.83,9.196760528778723,24.283517392685923,0.7061667372365354,197.83954982999967
2020-02-09,9863.89488145,10129.4351603,9850.39221314,10116.673759,35807884663.42,9.221940208873654,24.30143394809833,2.5499365794728,279.04294716000004
2020-02-10,10115.559686,10165.765355,9784.563802,9856.61149362,39386548074.7,9.19589772662673,24.39669017552956,-2.5706301455915126,381.20155299999897
2020-02-11,9855.89170857,10210.0526411,9729.33489054,10208.2362609,37648059388.69,9.23095014999738,24.351547246402816,3.567400089854411,480.71775055999933
2020-02-12,10202.3876541,10393.6117227,10202.3876541,10326.0545246,43444303830.23,9.242425545747173,24.494745582946,1.1541490683485867,191.22406859999865
2020-02-13,10323.9604932,10457.6271997,10116.1614999,10214.3794638,49356071372.93,9.231551757858792,24.622326622065817,-1.0814881960380274,341.46569980000095
2020-02-14,10211.5503892,10321.9957973,10125.5337907,10312.1160909,43338264161.56,9.241074802400883,24.492301780604173,0.9568533012346059,196.46200660000068
2020-02-15,10313.8568369,10341.5559017,9874.4275077,9889.42462838,43865054831.0,9.199221245814192,24.50438382252028,-4.098978898162386,467.1283939999994
2020-02-16,9889.17970534,10053.9690091,9722.38715745,9934.43339025,43374780305.44,9.203762121678624,24.493144010196342,0.4551201264109572,331.5818516499985
2020-02-17,9936.56026014,9938.81578,9507.63799409,9690.14261814,45998298412.6,9.178864422850806,24.551870241720888,-2.459030752068414,431.17778591000024
2020-02-18,9691.23094489,10161.9353141,9632.38276334,10141.9963705,47271023953.43,9.22444013848663,24.57916334331999,4.663024788862513,529.5525507599996
2020-02-19,10143.7983568,10191.6758471,9611.22354001,9633.38688518,46992019709.92,9.172990144432188,24.57324363083398,-5.01488530206331,580.4523070899995
2020-02-20,9629.32531033,9643.21673144,9507.90006137,9608.47590343,44925260236.83,9.170400894530445,24.528266062294414,-0.25859006854922484,135.31667007000033
2020-02-21,9611.78201954,9723.01498512,9589.74360064,9686.44119763,40930547512.66,9.178482371959873,24.435142504167022,0.8114220713419051,133.27138448000005
2020-02-22,9687.70676008,9698.23112312,9600.72878571,9663.18182933,35838025154.26,9.176078254890468,24.302275321812328,-0.24012294944494306,97.50233741000011
2020-02-23,9663.31864201,9937.40410608,9657.79114467,9924.51522822,41185185761.49,9.202763260858227,24.441344459745622,2.7044238999704318,279.6129614099991
2020-02-24,9921.58346055,9951.74614899,9537.04322252,9650.17480677,45080496648.35,9.174731308860155,24.531715543101445,-2.7642702453609336,414.7029264699995
2020-02-25,9651.31279866,9652.73686506,9305.02118582,9341.70516876,42515259129.21,9.142244080808092,24.473128886772297,-3.1965186557407765,347.7156792400001
2020-02-26,9338.29028024,9354.77831023,8704.4265506,8820.52220005,50420050761.92,9.084836353603086,24.643654765487113,-5.579098882856104,650.3517596300007
2020-02-27,8825.09351775,8932.89304727,8577.19930942,8784.49384867,45470195695.09,9.0807433835567,24.540322908602747,-0.40846052606495764,355.6937378499988
2020-02-28,8788.72854689,8890.45600513,8492.93215312,8672.45534996,44605450442.74,9.06790723036827,24.521121895742056,-1.2754121141192676,397.52385200999925
2020-02-29,8671.21254207,8775.63201232,8599.50861972,8599.50861972,35792392544.01,9.059460343367345,24.30100120900133,-0.8411312286587536,176.12339260000044
2020-03-01,8599.7583441,8726.79676016,8471.21262606,8562.45405008,35349164300.14,9.055142116142067,24.288540588278003,-0.4308917088009956,255.58413409999957
2020-03-02,8563.26425933,8921.30839546,8532.63094465,8869.67031078,42857674408.88,9.09039290559142,24.48115056534425,3.58794638666855,388.67745081000066
2020-03-03,8865.38796487,8901.59868323,8704.99029396,8787.78645576,42386715820.56,9.081118133682635,24.47010084397484,-0.9231893875523145,196.60838927000077
2020-03-04,8788.54218625,8843.36574975,8712.43181192,8755.24589461,34746706368.15,9.077408330517432,24.27135062369257,-0.370293034700131,130.933937830001
2020-03-05,8760.28504049,9142.05429624,8757.25403405,9078.76279174,39698054597.43,9.113693205895292,24.404568020855262,3.6951206285270377,384.80026218999956
2020-03-06,9078.30852906,9167.69579623,9032.07958273,9122.54557333,40826885650.94,9.118504164004346,24.432606663369224,0.48225493488864846,135.6162134999995
2020-03-07,9121.60053553,9163.22109566,8890.74417157,8909.9536515,36216930369.67,9.094924318599473,24.31279253621525,-2.3304013131106527,272.47692408999865
2020-03-08,8908.20601509,8914.34415498,8105.25280434,8108.11629101,39973102120.57,9.000620850218171,24.411472617880715,-8.999343788449554,809.0913506400011
2020-03-09,8111.14639164,8177.79322362,7690.09818591,7923.6447033,46936995808.18,8.977606568764221,24.572072024643273,-2.2751472856221255,487.6950377100002
2020-03-10,7922.1470416,8136.9452227,7814.76324378,7909.72939346,42213940993.61,8.975848849488763,24.466016358731896,-0.17561753916357503,322.1819789199999
2020-03-11,7910.08980669,7950.81435628,7642.81243049,7911.43012933,38682762604.64,8.976063844587461,24.378659927024504,0.02150182117994781,308.0019257899994
2020-03-12,7913.61638784,7929.11601884,4860.35383012,4970.78790105,53980357243.05,8.51133363792429,24.71188606257754,-37.169540528180534,3068.7621887200003
2020-03-13,5017.83083939,5838.11493749,4106.98075029,5563.70689169,74156772074.96,8.624019872232648,25.029447230759402,11.92806859682658,1731.1341871999994
2020-03-14,5573.07764952,5625.22650517,5125.06934725,5200.36626392,36154506007.58,8.556484337458295,24.311067425295917,-6.5305494132462005,500.1571579199999
2020-03-15,5201.06668673,5836.64500618,5169.28339052,5392.31488002,33997889638.76,8.59273004851689,24.249564290187948,3.691059559241694,667.3616156600001
2020-03-16,5385.22952159,5385.22952159,4575.35788665,5014.47997748,45368026429.62,8.520085001595772,24.538073430218805,-7.006914672953924,809.8716349400001
2020-03-17,5002.5781383,5371.34851644,4981.90941273,5225.62919259,38622642935.25,8.5613304892176,24.377104545972163,4.2107898736911675,389.4391037099995
2020-03-18,5227.1136885,5331.83385967,5069.3361519,5238.43857664,37878801016.34,8.56377875135251,24.357657452607594,0.2451261575957986,262.4977077699996
2020-03-19,5245.4166032,6329.73594838,5236.96875288,6191.19295222,51000731797.43,8.730883069601163,24.655105818537006,18.187755027398044,1092.7671955000005
2020-03-20,6191.65372133,6844.26152806,5865.78196437,6198.77820508,54442976102.51,8.732107487916807,24.720419680805445,0.12251682217852,978.4795636899998
2020-03-21,6206.52165025,6378.13517055,5932.82338618,6185.06651501,42494390879.61,8.729893039014518,24.472637924863452,-0.22119988191805495,445.31178437000017
2020-03-22,6185.55790292,6359.69729033,5823.71407014,5830.25479765,40099664740.06,8.670815982960704,24.414633810626977,-5.736586930778165,535.9832201899999
2020-03-23,5831.37473534,6443.93454693,5785.00445322,6416.31475839,46491915999.72,8.766599206695584,24.562544284957763,10.052047141682774,658.9300937099997
2020-03-24,6436.64245088,6789.02272423,6411.06651215,6734.80378045,48221910672.25,8.815043954114188,24.599079332976018,4.963737504360144,377.9562120800001
2020-03-25,6738.71663989,6892.51135949,6536.92618369,6681.06312656,44590107887.94,8.807032404550199,24.52077787513748,-0.7979542632853054,355.5851758000008
2020-03-26,6675.17065538,6735.4638794,6590.96271561,6716.44054866,35319797641.53,8.812313612928122,24.287709483377252,0.5295178541175671,144.50116379000065
2020-03-27,6719.38897407,6793.83619652,6466.70180578,6469.79813509,34585598366.55,8.774900186867562,24.266703200180796,-3.672219113429176,327.1343907400005
2020-03-28,6467.25404592,6467.501165,6117.83774851,6242.1938684,34885225901.01,8.739086981047548,24.27532924990816,-3.5179500494080584,349.6634164899997
2020-03-29,6245.62462695,6250.46730894,5920.08601757,5922.0431227,28373690930.54,8.68643679041483,24.068728177077226,-5.128817727381174,330.3812913700003
2020-03-30,5925.53848884,6517.19578925,5903.23434726,6429.84193389,37101651525.3,8.768705234330753,24.336927321075752,8.574723295133357,613.9614419900008
2020-03-31,6430.60652809,6504.51532416,6374.16217148,6438.64476637,32786468812.08,8.770073356948137,24.21328173100296,0.13690589240775708,130.35315267999977
2020-04-01,6437.31921486,6612.57379089,6202.37351173,6606.77626829,40346426265.73,8.795851108627708,24.42076865935656,2.6112871267285342,410.2002791599998
2020-04-02,6606.77626829,7088.24732438,6595.91827654,6793.62459642,47660646124.41,8.823739892030527,24.587371865478744,2.828131611279172,492.3290478399995
2020-04-03,6797.39659183,7003.22078432,6673.33575767,6733.3873906,38976504902.97,8.81483362299589,24.386224863151753,-0.8866725702174172,329.8850266500003
2020-04-04,6738.38301967,6878.95351761,6696.48466818,6867.52731596,33185988583.8,8.834559395531231,24.22539359318044,1.9921611156260344,182.46884942999986
2020-04-05,6862.53782636,6883.41414332,6715.9292996,6791.12944093,29510409856.11,8.823372545590363,24.10800891452423,-1.1124509814828598,167.48484371999984
2020-04-06,6788.04980287,7271.7811527,6782.88974461,7271.7811527,46896904614.93,8.891756540891265,24.571217510538908,7.0776402651541614,488.89140809000037
2020-04-07,7273.64421075,7427.93933989,7136.71418613,7176.41450049,44243482667.85,8.878555164123144,24.512973913210573,-1.311462077961334,291.22515376000047
2020-04-08,7179.28341821,7356.22386412,7153.30567428,7334.09845346,37563249548.94,8.900289772792599,24.34929200375662,2.1972525828773293,202.9181898400002
2020-04-09,7337.9661825,7341.44831412,7179.0943407,7302.0895105,34815139177.59,8.895915820494325,24.273318162965847,-0.43644005003641295,162.35397341999942
2020-04-10,7303.81519824,7303.81519824,6802.47496589,6865.49337195,43622840991.71,8.834263183347314,24.49884672608295,-5.979057609773186,501.3402323500004
2020-04-11,6867.4404519,6926.0696338,6789.9207024,6859.08296343,31222085946.27,8.833329032983832,24.1643915642242,-0.09337141808615224,136.14893140000004
2020-04-12,6858.06802459,7119.94706176,6811.07790015,6971.09159108,35759567632.29,8.849527104272557,24.300083696359,1.632997125813862,308.86916161000045
2020-04-13,6965.61663772,6965.61663772,6668.25976411,6845.03769683,38619308647.44,8.831279244914105,24.37701821237381,-1.8082375278399065,297.35687360999964
2020-04-14,6843.28177662,6958.55722441,6793.82120931,6842.42786097,34110434051.86,8.830897898070804,24.25286915835786,-0.03812741398353525,164.73601510000026
2020-04-15,6845.56171696,6928.66436972,6633.40269245,6642.10989286,32288311030.76,8.801184946945863,24.197971114085334,-2.9275861168027384,295.2616772699994
2020-04-16,6640.45388894,7134.45052778,6555.50427487,7116.80421777,46783242376.7,8.870214057825764,24.568790906874113,7.146740005314833,578.9462529100001
2020-04-17,7116.55260865,7167.18298759,7050.33182989,7096.18465879,32513423567.43,8.867312546591918,24.20491887385152,-0.2897305918366344,116.85115769999993
2020-04-18,7092.29152293,7269.95653094,7089.24716763,7257.66485847,32447188385.93,8.889813411241203,24.20287963184127,2.275591848923697,180.7093633100003
2020-04-19,7260.92257873,7280.52178187,7167.05456229,7189.42482356,31311210215.32,8.880366450791957,24.16724202421483,-0.9402478102906731,113.46721958000035
2020-04-20,7186.8737411,7240.29059686,6835.50314462,6881.95869275,37747113935.85,8.836658584123487,24.354174857688374,-4.276644354113312,404.78745223999977
2020-04-21,6879.78434985,6934.55187057,6834.44232463,6880.32347375,32589741510.73,8.836420946355577,24.207263398212724,-0.02376095342919715,100.1095459399994
2020-04-22,6879.44029975,7145.86574462,6867.78168929,7117.20747869,33249153865.76,8.870270719423171,24.22729515607816,3.442919593007021,278.0840553300004
2020-04-23,7121.30605911,7491.78492971,7081.5946281,7429.72464927,43500782316.07,8.91324407770746,24.496044759156806,4.3910082924478955,410.19030161000046
2020-04-24,7434.18155636,7574.19602617,7434.18155636,7550.90102725,34636526285.8,8.929422176480074,24.2681746351792,1.6309672794119878,140.01446980999935
2020-04-25,7550.48301195,7641.36397705,7521.67241878,7569.93603405,32941541446.93,8.93193989646845,24.218000356196956,0.2520892106955941,119.69155827000031
2020-04-26,7570.13893823,7700.59429483,7561.40785333,7679.86720422,33070154490.75,8.946357534875037,24.221897035557564,1.4522073855779416,139.1864415
2020-04-27,7679.41895085,7795.60083451,7679.41895085,7795.60083451,36162144724.71,8.961314857996712,24.311278682788654,1.5069743683381098,116.18188365999958
2020-04-28,7796.97044056,7814.52714133,7730.80654225,7807.05845106,33187959920.92,8.962783533098795,24.22545299411002,0.14697541335466635,83.72059907999937
2020-04-29,7806.71256355,8871.75372738,7786.04929564,8801.03776688,60201052202.54,9.082624921567877,24.82095566755595,12.731803175945755,1085.7044317400005
2020-04-30,8797.67005044,9440.65067326,8533.25593295,8658.55417975,66964629541.31,9.066303033778645,24.9274303996461,-1.6189407533983458,907.3947403099992
2020-05-01,8672.7819143,9048.02383263,8667.76321655,8864.76680793,44068389996.94,9.0898399133603,24.509008582274785,2.381605795829933,380.26061608000055
2020-05-02,8869.05761887,9007.18780321,8811.36632956,8988.5962069,40134388683.23,9.103711964761226,24.415499376901057,1.396871476181727,195.82147364999946
2020-05-03,8983.61414879,9167.7813443,8830.97125528,8897.46850985,47101785174.26,9.093522078164822,24.575576739039487,-1.0138145596088388,336.8100890200003
2020-05-04,8895.74487399,8956.90651911,8645.02412633,8912.65460539,45718796275.55,9.095227411600424,24.545775347345106,0.17067883435821773,311.8823927800004
2020-05-05,8912.8321603,9062.41456364,8856.82715528,9003.07017834,43148462663.17,9.105320929073098,24.487912626104663,1.014462883991052,205.58740836000106
2020-05-06,9007.44125582,9411.46787039,8966.70598977,9268.76208066,49371886931.48,9.134405109260713,24.622647008690983,2.9511255278140025,444.76188062000074
2020-05-07,9261.89505826,9992.66392105,9138.32257195,9951.5187451,61112700562.08,9.205480456203183,24.835985546696147,7.3662119978742835,854.3413490999992
2020-05-08,9936.16248196,9996.74335304,9767.17307027,9842.66636785,51780748041.95,9.194481925682405,24.670284257707554,-1.0938267820034708,229.5702827699988
2020-05-09,9840.90638396,9913.86299284,9580.64449235,9593.89673363,46566121841.11,9.168882418363264,24.564139114568192,-2.5274618169785823,333.2185004900002
2020-05-10,9591.16923131,9595.58062909,8395.10745112,8756.43114193,63325279336.96,9.077543697029656,24.871550443988415,-8.729149530705149,1200.4731779699996
2020-05-11,8755.5356389,9033.47117613,8374.32297508,8601.79620238,57119858801.94,9.059726321175091,24.76841768301985,-1.7659584943177764,659.1482010500004
2020-05-12,8610.38621232,8949.89797874,8569.64398804,8804.47781074,42142717533.17,9.083015713179586,24.464327731453192,2.356270755448975,380.25399070000094
2020-05-13,8805.38781338,9317.87855411,8805.38781338,9269.98770576,45558144023.02,9.134537332319539,24.54225523771186,5.287194823208674,512.4907407299997
2020-05-14,9271.32863776,9793.26820869,9255.03484619,9733.72147137,56426907637.29,9.183351575988738,24.756211967448746,5.0025283779163265,538.233362500001
2020-05-15,9734.29077525,9755.82849814,9261.3979997,9328.19722645,48158802327.34,9.140797051854102,24.597769769019393,-4.166178846526236,494.4304984399987
2020-05-16,9333.23987276,9564.20498908,9260.69416318,9377.0140257,36164766407.63,9.146016657174078,24.311351178153934,0.5233251191514299,303.5108259000008
2020-05-17,9374.92998661,9823.0022878,9349.5460711,9670.73937122,40084250662.96,9.176860045836705,24.414249342564712,3.132397421129718,473.45621670000037
2020-05-18,9675.69498013,9906.03020325,9570.35898532,9726.5748149,41827139895.62,9.182617090070726,24.45681124558571,0.577364786048995,335.67121793000115
2020-05-19,9727.06360375,9836.04752405,9539.62405543,9729.0379192,39254288954.98,9.182870292511259,24.393326547943342,0.025323449897562966,296.42346861999977
2020-05-20,9725.32936525,9804.79388786,9447.20154126,9522.98115678,36546239702.55,9.161463225485798,24.32184413693441,-2.1179562062694,357.5923466000004
2020-05-21,9522.74008319,9555.24217533,8869.93110855,9081.76202252,39326160532.43,9.114023508112648,24.39515579676948,-4.633203899031857,685.311066780001
2020-05-22,9080.33473763,9232.93609283,9008.63827133,9182.57751787,29810773699.23,9.125063219571611,24.11813569865148,1.110087393834025,224.29782149999846
2020-05-23,9185.06272737,9302.50164919,9118.10885548,9209.28742769,27727866811.67,9.127967756841418,24.045703766520575,0.2908759525092064,184.39279370999975
2020-05-24,9212.28340427,9288.40401564,8787.251002,8790.36800074,32518803299.58,9.081411855643601,24.20508432204302,-4.548879924090709,501.1530136399997
2020-05-25,8786.10769511,8951.00563809,8719.66836224,8906.93476142,31288157264.19,9.094585438988295,24.16650550072904,1.3260737283147472,231.33727585000088
2020-05-26,8909.58607327,8991.9676255,8757.29380384,8835.05306073,29584186947.02,9.086482390477698,24.110505830764698,-0.8070307307217695,234.6738216599988
2020-05-27,8837.3812128,9203.32051535,8834.15742919,9181.01794762,32740536902.33,9.124893365007273,24.211879807726532,3.9158212691188243,369.1630861600006
2020-05-28,9184.94499772,9546.31960175,9148.45714843,9525.7510947,34367073114.46,9.161754051972617,24.26036476603419,3.7548466743752007,397.86245332
2020-05-29,9528.35562913,9573.66681733,9379.33894613,9439.12439045,32896642044.26,9.152618499588572,24.216636423984685,-0.9093950008645102,194.32787120000103
2020-05-30,9438.91400926,9704.03030928,9366.72941775,9700.41407169,32722975141.2,9.17992385138347,24.21134327184561,2.768155926670035,337.3008915299997
2020-05-31,9700.10569689,9700.34389507,9432.29679512,9461.05891806,27773290298.51,9.154939592151495,24.047340615168313,-2.4674735723760666,268.0470999499994
2020-06-01,9463.6056622,10199.5649719,9450.89911148,10167.2681012,35198901068.39,9.22692882967274,24.284280699415106,7.464377817074297,748.6658604200002
2020-06-02,10162.9731448,10182.3407084,9460.57137098,9529.80414872,39137252108.67,9.162179445410839,24.390340589721834,-6.269766333837124,721.7693374199989
2020-06-03,9533.76049336,9682.85947041,9471.84640611,9656.71776526,25007459262.16,9.175409093616668,23.94243998779739,1.3317547198181012,211.01306429999931
2020-06-04,9655.85445253,9887.6106294,9525.24667912,9800.63659532,25921805071.98,9.190202621255061,23.97835034612841,1.4903493460039607,362.3639502799997
2020-06-05,9800.21547674,9869.2369055,9663.21633712,9665.53278908,23509628646.2,9.176321515739211,23.880675903805795,-1.378520720832721,206.02056837999953
2020-06-06,9664.90477464,9773.43201601,9591.02453467,9653.67926335,20438419222.33,9.175094392481256,23.740682261831825,-0.12263706500887928,182.40748134000023
2020-06-07,9653.00332503,9768.49790176,9458.1504702,9758.8524174,25015250845.66,9.18593009230962,23.942751509646016,1.0894618640302944,310.3474315599997
2020-06-08,9760.0632524,9782.30649673,9675.88590718,9771.48948366,21486346311.91,9.187224188243794,23.790683515087025,0.12949336376342213,106.42058954999993
2020-06-09,9774.35993635,9836.36896869,9664.72013333,9795.70019463,23717842782.98,9.18969881272724,23.889493461871886,0.24776888938464747,171.6488353599998
2020-06-10,9794.11951106,9908.89655918,9728.29114041,9870.09445278,25706567600.57,9.19726470206563,23.970012344860898,0.7594582997832333,180.60541877000105
2020-06-11,9870.07852908,9938.29767389,9263.06958826,9321.78129819,30247143440.18,9.140109015832547,24.132667585234717,-5.555297947889059,675.2280856300004
2020-06-12,9320.69085457,9540.46539289,9285.85140439,9480.84378943,22610564515.31,9.15702859861199,23.84168309043058,1.7063529614332884,254.61398850000114
2020-06-13,9480.73574979,9493.21171489,9396.00939365,9475.27733834,17564322315.2,9.156441300059456,23.589135540377075,-0.05871261264959182,97.20232123999995
2020-06-14,9477.55403706,9482.27093599,9347.59379317,9386.78789214,18991732745.51,9.147058436166072,23.66726960276389,-0.9338982178594635,134.67714282000088
2020-06-15,9386.03529073,9504.86006526,8990.1759467,9450.70198692,26699704768.46,9.153844302059003,24.007918344930435,0.6808942048591282,514.6841185600006
2020-06-16,9454.26643056,9579.43037458,9400.44500832,9538.0243743,21565537208.86,9.163041654348719,23.79436237788178,0.9239777902303459,178.98536625999986
2020-06-17,9533.78375101,9540.42327076,9327.33958675,9480.25536624,20177709879.15,9.156966532253351,23.727844360751625,-0.6056705853641597,213.08368401000007
2020-06-18,9481.56706237,9482.78198635,9328.39559548,9411.84046197,17770083002.7,9.149723799211667,23.600782150047475,-0.7216567658465456,154.38639087000047
2020-06-19,9410.29434848,9440.87603373,9274.29612136,9288.01871603,19632223107.38,9.13648053845214,23.70043808932574,-1.3155954612737109,166.57991236999987
2020-06-20,9290.96027975,9394.97159448,9247.37967261,9332.340762,17130541557.31,9.141241147905424,23.564128763336708,0.4771959157824135,147.59192186999826
2020-06-21,9330.9264778,9401.10749682,9300.43050848,9303.62971409,15324301168.83,9.138159894834935,23.452705717000068,-0.30765108821257936,100.6769883399993
2020-06-22,9300.91545819,9655.07321812,9296.87166573,9648.71760979,21104009513.97,9.174580295325148,23.772728883734857,3.7091748737310137,358.20155239000087
2020-06-23,9644.07594221,9670.54076171,9547.24708412,9629.65836578,17006433272.04,9.172603028127575,23.55685753718396,-0.19753136925326764,123.29367759000161
2020-06-24,9632.14957943,9680.36714624,9278.23354695,9313.61034868,18961716075.6,9.139232087653257,23.665687839993932,-3.282027306629165,402.13359929000035
2020-06-25,9314.12688901,9340.16150568,9095.32457939,9264.81304308,18616048626.11,9.133978959679384,23.647289875003047,-0.5239354425742859,244.8369262899996
2020-06-26,9260.99499378,9310.51638223,9101.73845201,9162.91760386,18341465836.6,9.122919922658058,23.632430226240604,-1.0998110673815065,208.7779302199997
2020-06-27,9167.82427849,9207.81098342,8998.21670066,9045.39095672,17273093144.4,9.110010620413252,23.572415818128402,-1.2826334604437495,209.59428276000108
2020-06-28,9048.46083712,9197.54701677,8975.52585473,9143.58219104,14560870760.22,9.120807512287247,23.401603682886872,1.0855388649293474,222.0211620400005
2020-06-29,9140.02907078,9237.57275525,9041.87625573,9190.85446467,16460547078.04,9.125964188684815,23.524232268461958,0.516999493659287,195.69649951999963
2020-06-30,9185.58126105,9217.83601269,9084.83749244,9137.99340026,15735797743.99,9.12019609989271,23.47920406487418,-0.5751485306746962,132.9985202500011
2020-07-01,9145.98505502,9309.75486362,9104.73487906,9228.32559024,15971550355.23,9.130032901532077,23.494074873686873,0.9885342002701414,205.01998456
2020-07-02,9231.13965322,9274.96292273,9036.6234943,9123.41015432,16338916796.02,9.11859893360738,23.516815632627644,-1.1368848540732057,238.33942842999932
2020-07-03,9124.84264611,9202.34438443,9058.79478198,9087.30391103,13078970998.64,9.114633543730564,23.294271510052084,-0.3957538100257785,143.54960245000075
2020-07-04,9084.23373428,9183.29558274,9053.62967104,9132.48795051,12290528515.11,9.119593439260957,23.232094763270187,0.49722161735072934,129.66591169999992
2020-07-05,9126.090803,9162.18323157,8977.01563525,9073.94286936,12903406143.35,9.113162164122977,23.280757155581206,-0.641063875115544,185.16759631999957
2020-07-06,9072.85007426,9375.47475925,9058.6644583,9375.47475925,17889263251.96,9.145852490543067,23.607466551503883,3.323052549825767,316.81030095000096
2020-07-07,9349.16137441,9360.61757468,9201.81538154,9252.27750386,13839652594.65,9.132625016833643,23.350803685278255,-1.3140375133371518,158.80219313999987
2020-07-08,9253.02015436,9450.33567174,9249.49994806,9428.3330848,19702359882.9,9.151474592748885,23.704004256526137,1.9028350680851513,200.83572368000023
2020-07-09,9427.99387728,9431.37858131,9234.99945975,9277.96790642,18000702524.13,9.135397826200295,23.613676623199293,-1.5948225102739855,196.37912155999948
2020-07-10,9273.35699507,9287.47159361,9118.00240742,9278.8078672,16860035604.8,9.135488354942014,23.548211901309113,0.009053283956905744,169.46918619000098
2020-07-11,9277.51196283,9293.53268075,9199.48551044,9240.34632654,13249910444.07,9.1313346451606,23.307256630417687,-0.4145095060752113,94.04717031000109
2020-07-12,9241.0550437,9319.41941671,9197.4503198,9276.49985018,14452361906.81,9.135239583316444,23.39412369190622,0.39125723606441287,121.96909690999928
2020-07-13,9277.2046601,9306.40492983,9224.29284137,9243.61385509,17519821266.48,9.13168819803043,23.58659872071769,-0.35450865758772654,82.11208846000045
2020-07-14,9238.7032275,9283.84214229,9171.66111846,9243.21341642,18085038362.45,9.131644876516773,23.618350823578524,-0.004332057529421451,112.1810238299986
2020-07-15,9241.89699957,9275.32512547,9171.93355443,9192.83736784,15844731575.2,9.12617991283813,23.48610288928313,-0.5450057930125207,103.39157104000151
2020-07-16,9191.9802336,9214.31269823,9088.94740241,9132.22786293,15713967522.66,9.119564959477021,23.47781580492051,-0.6593122719872668,125.36529582000003
2020-07-17,9131.8121414,9182.25430793,9089.20245471,9151.39223963,13944570749.5,9.121661304031425,23.358356075874077,0.20985434209097598,93.05185321999852
2020-07-18,9151.18404834,9230.98350533,9100.82441002,9159.03990531,12252601474.79,9.122496638344037,23.22900411667981,0.08356833014853127,130.15909530999852
2020-07-19,9158.00603543,9201.39848305,9097.63308598,9185.81691242,12939002784.01,9.12541593353318,23.283512058444437,0.29235604808834914,103.76539706999938
2020-07-20,9187.22037014,9214.27062879,9137.50962153,9164.2313647,13755604145.72,9.123063290384756,23.344712152257358,-0.2349877852541815,76.76100726000004
2020-07-21,9162.51448207,9407.26305599,9149.3899187,9374.88752808,18069581955.55,9.145789853761848,23.61749580655964,2.2986779250405487,257.87313729000016
2020-07-22,9375.08046428,9530.5190089,9319.65339503,9525.36344997,16532254884.44,9.16171335674409,23.528579151117984,1.6050957565014956,210.86561387000074
2020-07-23,9527.14199636,9610.24712467,9483.00401906,9581.07201141,18146399001.7,9.167544765686714,23.621737975862775,0.5848444705821354,127.2431056100013
2020-07-24,9585.51480236,9623.33703153,9481.45392527,9536.89268563,16552768324.66,9.16292299709136,23.52981919515356,-0.46111046579534465,141.8831062600002
2020-07-25,9539.48551544,9704.55701308,9530.21219614,9677.11349729,16610070932.79,9.177518943373702,23.533275031049552,1.4702987260335032,174.34481693999987
2020-07-26,9680.23483128,10023.807661,9652.84720642,9905.16724705,20507998996.69,9.200811844103677,23.744080841945003,2.3566298961344767,370.96045458000117
2020-07-27,9905.21791377,11298.2217576,9903.97011125,10990.8733998,35359749590.12,9.304820516469217,24.288839992963403,10.96100778180551,1394.2516463499996
2020-07-28,11017.4638476,11204.327602,10632.6317033,10912.8230505,28766551141.78,9.297693803421016,24.082479130430766,-0.7101378249104506,571.6958986999998
2020-07-29,10912.9529611,11304.3970694,10856.1413409,11100.4681253,24617249714.51,9.314742559861601,23.92671324206024,1.7194915919708231,448.25572850000026
2020-07-30,11099.8328914,11169.3566691,10895.4554062,11111.2142899,22857247900.67,9.315710173681893,23.85253409876868,0.09680821095738867,273.901262899999
2020-07-31,11110.2109424,11415.8638958,10987.0535485,11323.4664207,23160469766.39,9.334632525791015,23.865712772968383,1.9102514384313318,428.8103472999992
2020-08-01,11322.5705008,11794.7753933,11239.6827355,11759.5927707,26075670302.8,9.372424592511207,23.98426854422575,3.8515268540270764,555.0926577999999
2020-08-02,11758.7646653,12034.1441504,11018.1300423,11053.613901,27410067336.02,9.310512703341002,24.034176203880488,-6.0034295699337825,1016.0141081000002
2020-08-03,11043.7688847,11453.0787225,11012.4147398,11246.3487749,20271713443.26,9.32779880161151,23.73249232483235,1.7436367474583436,440.6639826999999
2020-08-04,11246.2032469,11385.3815713,11094.1453896,11205.8929179,21250197042.2,9.324195072296957,23.779632004847965,-0.35972436752352843,291.2361817000001
2020-08-05,11203.8230991,11786.6168994,11158.2851945,11747.0228312,24411254471.12,9.371355111399081,23.918310111719425,4.828976300814114,628.3317048999997
2020-08-06,11749.8713321,11902.3359717,11598.7138024,11779.7732574,23400740340.13,9.374139208921859,23.876033497276676,0.2787976721473129,303.6221693000007
2020-08-07,11778.8942824,11898.0384141,11408.5940427,11601.4727146,23132312867.15,9.358887327191123,23.864496302447044,-1.5136160849954616,489.444371399999
2020-08-08,11604.5533476,11800.0648506,11558.4316317,11754.0458135,17572057837.41,9.3719527848594,23.58957585450741,1.315118370342705,241.63321890000043
2020-08-09,11737.3252342,11806.0562765,11548.7844464,11675.7393433,17489608833.29,9.365268407581276,23.584872760563297,-0.666208652258804,257.2718300999986
2020-08-10,11662.2569338,12045.1403178,11662.2569338,11878.1113253,26114112569.42,9.382452600926227,23.985741716615316,1.7332690979961818,382.88338400000066
2020-08-11,11881.64754,11932.7111738,11195.7092716,11410.5256775,27039782639.91,9.342291513442532,24.020575049624,-3.936531953561151,737.0019021999997
2020-08-12,11404.5968775,11748.3964937,11249.6054441,11584.9345762,25064548486.49,9.357460789565248,23.94472027379486,1.5284913563965885,498.7910496000004
2020-08-13,11588.4055125,11796.3961941,11216.8725398,11784.1373895,27522199497.23,9.374509617061262,24.03825877040904,1.7194988196933103,579.5236542999992
2020-08-14,11772.6593859,12150.9936677,11685.4554805,11768.8706193,24237958589.06,9.373213241470307,23.91118577797817,-0.1295535659114333,465.5381871999998
2020-08-15,11768.6971443,11963.2030649,11768.6971443,11865.69857,23354924400.34,9.38140704366431,23.87407369391558,0.8227463265779278,194.50592060000054
2020-08-16,11866.6855801,11934.9009151,11737.1885988,11892.8040631,20583375490.17,9.383688795614654,23.747749571889717,0.22843571274033803,197.71231629999966
2020-08-17,11895.6577737,12359.0570221,11806.6958823,12254.4019083,28227687026.77,9.413640490878976,24.06356914269074,3.040475932180997,552.3611397999994
2020-08-18,12251.8959698,12335.7070704,11954.5257491,11991.2332456,26043227671.88,9.391931098912377,23.983023597138573,-2.1475439166211308,381.1813213000005
2020-08-19,11990.8847804,12028.9234443,11687.3328305,11758.2835921,24502851117.26,9.372313257747713,23.922055319859442,-1.9426663523993803,341.59061380000094
2020-08-20,11761.499735,11900.4111753,11710.0633726,11878.3716211,20175242944.67,9.382474514590855,23.727722092897082,1.021305771878822,190.3478027000001
2020-08-21,11878.026439,11899.2593199,11564.9793191,11592.4890449,23762425998.95,9.358112671248994,23.891371430561474,-2.4067488820788796,334.28000079999947
2020-08-22,11585.4775342,11689.4073895,11448.8060449,11681.8255623,20224191305.96,9.36578954231106,23.730145314219364,0.7706413786890964,240.60134459999972
2020-08-23,11679.6959587,11713.4297949,11559.9212608,11664.8479948,18482062657.8,9.36433515349193,23.6400665126132,-0.14533317082554564,153.50853409999945
2020-08-24,11663.6895523,11807.6323164,11623.2504376,11774.5958414,20681511754.57,9.373699594847572,23.752505986166735,0.9408424923232905,184.38187880000078
2020-08-25,11773.58935,11778.2998953,11189.8510492,11366.1350817,26301509931.93,9.338393606504022,23.992892186342587,-3.469000254461674,588.4488461000001
2020-08-26,11366.8949329,11530.0530661,11296.993373,11488.3634896,22466660957.63,9.349089931595245,23.835298312085108,1.0753735286570087,233.0596931
2020-08-27,11485.6083964,11570.7863091,11185.9418123,11323.3970324,23240415075.98,9.334626397940228,23.869158629182845,-1.4359439214239544,384.84449680000034
2020-08-28,11325.2956031,11545.6154059,11316.4224397,11542.4997333,19807127587.51,9.35379113127523,23.709307689037118,1.934955563891938,229.19296620000023
2020-08-29,11541.0543254,11585.6406794,11466.2933646,11506.8653177,17485597759.14,9.350699120375019,23.58464339384565,-0.3087235557579837,119.34731479999937
2020-08-30,11508.7139745,11715.2648492,11492.381773,11711.506161,19760127944.66,9.368327070096951,23.706932004177357,1.7784239030348203,222.8830762000016
2020-08-31,11713.3062719,11768.8767439,11598.3184963,11680.8204905,22285928250.31,9.365703501389294,23.827221296069993,-0.26201301590211834,170.55824759999996
2020-09-01,11679.3166637,12067.0812887,11601.1286113,11970.4787405,27311555343.11,9.39019879278148,24.03057572222412,2.4797765725068643,465.9526773999987
2020-09-02,11964.8228043,11964.8228043,11290.7942647,11414.0337325,28037405298.84,9.342598906454123,24.0568053591264,-4.6484774758203,674.0285395999999
2020-09-03,11407.1910772,11443.0227947,10182.4650856,10245.296686,31927261554.77,9.234574019355694,24.18672607597292,-10.239474263793102,1260.5577090999996
2020-09-04,10230.3651615,10663.9200452,10207.9402189,10511.8138807,29965130373.75,9.260255035154788,24.123300221714775,2.6013614136151997,455.97982630000115
2020-09-05,10512.5301954,10581.5714107,9946.67532811,10169.567221,44916565291.55,9.227154933663195,24.528072501104937,-3.255828761660018,634.8960825900012
2020-09-06,10167.2167634,10353.928072,10056.8857496,10280.3517032,37071460174.47,9.237989750797468,24.3361132429872,1.0893726329989084,297.04232240000056
2020-09-07,10280.9976217,10399.1534283,9916.49293063,10369.5637386,33703098409.31,9.246630230772569,24.2408556110075,0.8677916668184738,482.66049767000004
2020-09-08,10369.3069685,10414.7752084,9945.11015892,10131.5166457,33430927462.23,9.223406304269044,24.232747280404585,-2.2956326698093,469.66504947999965
2020-09-09,10134.1515061,10350.5427324,10017.2510729,10242.3477803,24128292754.85,9.234286147733828,23.90665096210559,1.0939244189766884,333.2916594999988
2020-09-10,10242.3301347,10503.9125262,10238.1358906,10363.1390401,54406443210.51,9.24601046606806,24.71974842516435,1.179331754701085,265.7766355999993
2020-09-11,10369.0283892,10434.9225461,10140.8366858,10400.9146854,45201121774.78,9.249649031781274,24.53438774150274,0.3645193329340213,294.0858602999997
2020-09-12,10409.8617874,10578.8382504,10292.3865099,10442.1706031,36750077323.54,9.25360775200022,24.32740616664495,0.39665663018957353,286.4517405000006
2020-09-13,10452.3990309,10577.2152413,10224.3299006,10323.7557975,36506852789.3,9.242202906693967,24.32076582756453,-1.1340056593678427,352.8853407000006
2020-09-14,10328.7341116,10800.0110604,10266.008771,10680.8374328,35453581939.72,9.27620652075104,24.29149012684328,3.4588345782691876,534.0022893999994
2020-09-15,10677.7548513,10938.6320402,10656.4603435,10796.9509861,32509451925.05,9.287019057151767,24.20479671246278,1.0871203127146511,282.1716966999993
2020-09-16,10797.7620187,11100.1243423,10704.8843495,10974.9048915,30769986454.53,9.303366571983272,24.149805586063493,1.6481866559281189,395.2399927999995
2020-09-17,10973.2522347,11037.4211271,10774.6276667,10948.9899152,38151810523.05,9.301002485802583,24.364839051559954,-0.23612939297606994,262.7934604000002
2020-09-18,10951.8200208,11034.908069,10829.6568158,10944.5858045,26341903912.39,9.300600165887756,23.99442681282054,-0.04022389950223415,205.25125320000006
2020-09-19,10933.7526485,11134.0927157,10909.6183675,11094.3462761,22764204007.57,9.314190913044959,23.84845513949786,1.3683521174316482,224.47434820000126
2020-09-20,11095.8697916,11095.8697916,10814.4770514,10938.2712894,24699523787.72,9.3000230460676,23.930049800545092,-1.4067975058271287,281.39274020000084
2020-09-21,10934.9255349,10988.304783,10380.2607189,10462.2596185,28884999243.67,9.255529739002128,24.08658823999546,-4.351799825638725,608.0440641000005
2020-09-22,10459.6245084,10568.0767512,10382.7262965,10538.4603213,23621787803.58,9.262786731851639,23.885435335095973,0.7283388634827581,185.35045469999932
2020-09-23,10535.49244237,10537.82809054,10197.86492469,10246.18649281,23788661866.99,9.234660865857023,23.892474911969774,-2.7734016125606553,339.9631658500002
2020-09-24,10248.78655955,10771.05620224,10231.49011991,10760.06625677,47144380901.69,9.283596991389196,24.576480663986334,5.015327061639985,539.5660823300004
2020-09-25,10761.10978907,10777.69586388,10578.91424754,10692.71721234,39348590957.36,9.277318154352525,24.395726003223597,-0.6259166330655819,198.78161634000026
2020-09-26,10695.57508179,10772.99865956,10667.28093407,10750.72357903,46852525492.63,9.282728340967823,24.570270750103905,0.5424848103441571,105.7177254899998
2020-09-27,10746.89275768,10803.97608005,10622.92175798,10775.26937624,53745972818.15,9.285008914774531,24.70753457683373,0.228317629316388,181.05432207000013
2020-09-28,10776.6136391,10945.34790707,10703.89325099,10709.65218175,47762394730.65,9.27890068688736,24.58950444570025,-0.6089610588732808,241.45465607999904
2020-09-29,10709.65002191,10860.00069783,10649.49543862,10844.64098118,46582396602.08,9.29142631816529,24.564488551390326,1.260440555296749,210.50525921000008
2020-09-30,10843.87075063,10847.25699325,10669.32109268,10784.49157795,44171073700.19,9.285864416121886,24.51133597061779,-0.5546463302416704,177.93590056999892
2020-10-01,10795.25474253,10933.62430944,10472.35651799,10619.45190766,40023134099.57,9.270442684015906,24.412723476368253,-1.5303426137161624,461.26779145
2020-10-02,10619.8212156,10657.83798611,10416.68920469,10575.97504191,48661453917.96,9.266340202208767,24.60815305297502,-0.4094078124563083,241.1487814200009
2020-10-03,10575.10063586,10598.94080319,10511.12977968,10549.32889962,44660271563.32,9.263817525470495,24.522350164023322,-0.25194974632983813,87.81102350999936
2020-10-04,10550.44067126,10686.00009766,10534.39183687,10669.58254327,71251776994.76,9.27515221918834,24.989485596061503,1.1399174752654728,151.6082607900007
2020-10-05,10676.52895637,10793.50785056,10634.60016313,10793.33942751,47537578008.85,9.286684503187507,24.584786351195497,1.159903714490329,158.907687429999
2020-10-06,10796.30685484,10797.57808729,10528.890831,10604.40588882,42623695307.43,9.269024843630351,24.475676163458296,-1.7504641631898243,268.6872562899989
2020-10-07,10603.35546589,10680.50819786,10562.50712617,10668.96895539,37799458435.8,9.275094709391558,24.35556061237408,0.60883247252983,118.00107168999966
2020-10-08,10669.37115892,10945.73703324,10562.60610109,10915.68573098,63314794397.11,9.29795609165381,24.87138485754228,2.312470648490894,383.1309321500012
2020-10-09,10927.91292433,11102.67150545,10846.8504295,11064.45759247,22799117612.79,9.311493231172463,23.849987670964474,1.3629181451034977,255.8210759499998
2020-10-10,11059.14269142,11442.2111099,11056.94053325,11296.3614282,22877978587.76,9.332235955343679,23.853440651117992,2.095934968270141,385.2705766500003
2020-10-11,11296.08178425,11428.81376969,11288.62766113,11384.1819535,19968627059.96,9.339980122907944,23.717428231883545,0.7774231185695424,140.1861085599994
2020-10-12,11392.63621516,11698.4677363,11240.68699569,11555.3628878,26163972641.65,9.354904927477138,23.98764921139623,1.5036735621339226,457.78074061000007
2020-10-13,11548.71975926,11548.98483187,11321.22451322,11425.8994007,24241420250.86,9.343637934825905,23.911328587638224,-1.1203757801209857,227.76031865000004
2020-10-14,11429.04780192,11539.97794666,11307.8308683,11429.50688675,24103426719.26,9.34395361384159,23.905619854856496,0.031572884754949015,232.1470783599998
2020-10-15,11426.60259823,11569.91418955,11303.60351126,11495.34965037,24487233057.77,9.349697854339722,23.92141771899461,0.5760770282778438,266.3106782899995
2020-10-16,11502.82812628,11540.06192994,11223.01278163,11322.12268618,25635480771.68,9.334513850625159,23.96724319650904,-1.5069307977458868,317.0491483100013
2020-10-17,11322.1226857,11386.26157113,11285.34551243,11358.10156733,19130430173.84,9.337686562757845,23.67454610701663,0.31777505108574466,100.91605870000058
2020-10-18,11355.98226642,11483.35971184,11347.57856324,11483.35971184,18283314340.34,9.348654284883393,23.629254696184415,1.1028088080343057,135.78114859999914
2020-10-19,11495.03793859,11799.0929777,11408.29011785,11742.03715033,23860769927.72,9.370930600503472,23.895501521650466,2.252628542353241,390.80285985000046
2020-10-20,11745.97493298,11999.91801959,11681.48002079,11916.33514058,30915821592.1,9.385665438696142,24.15453391544402,1.4843931084403295,318.43799880000006
2020-10-21,11913.07748936,13184.56617255,11900.92861734,12823.68918938,43414712626.05,9.459049457359681,24.49406422120528,7.614371684714438,1283.6375552099998
2020-10-22,12801.63536307,13161.5941072,12717.09345651,12965.89129043,34729759598.05,9.470077441497263,24.27086278165281,1.108901650297045,444.50065069000084
2020-10-23,12971.54847683,13015.96144265,12752.64702492,12931.53902256,28974975002.91,9.467424491949542,24.089698363459515,-0.2649433586980221,263.31441773000006
2020-10-24,12931.57391476,13145.06668559,12885.74662851,13108.06261161,24542317939.96,9.480982786402507,23.92366472734962,1.3650624936601963,259.32005707999997
2020-10-25,13108.06314181,13329.18403245,12910.06108914,13031.17431056,24406920575.04,9.475099789661993,23.91813255915474,-0.5865725800081156,419.1229433100016
2020-10-26,13031.20124688,13225.29776076,12822.38232695,13075.24769656,29461458313.16,9.478476233041254,24.106348748220775,0.3382149985077243,402.91543380999974
2020-10-27,13075.24249433,13759.66872521,13060.83803686,13654.21844012,33749878155.99,9.521803796101317,24.242242644065545,4.427990635407397,698.8306883500009
2020-10-28,13654.21446094,13837.69545246,12932.25058412,13271.28536861,35867318894.92,9.493357985379143,24.303092380643246,-2.8045037743415047,905.4448683400005
2020-10-29,13271.29897868,13612.04801658,12980.0592813,13437.8832414,56499499598.28,9.505833104753556,24.757497618391977,1.255325826871645,631.9887352799997
2020-10-30,13437.87353717,13651.51626952,13136.19868838,13546.52226938,30581485200.68,9.51388513427892,24.14366060398149,0.8084534299665602,515.3175811399997
2020-10-31,13546.5326493,14028.21429317,13457.52983298,13780.99470249,30306464718.76,9.531045726468278,24.13462688375914,1.7308681036164675,570.6844601899993
2020-11-01,13780.99480514,13862.03362917,13628.37821941,13737.10982864,24453857900.09,9.527856196389699,23.920053827744926,-0.3184448931111694,233.6554097600001
2020-11-02,13737.03221087,13808.32287396,13243.159866,13550.4893841,30771455467.79,9.514177942563396,24.149853326682315,-1.3585131579200271,565.16300796
2020-11-03,13550.450882,13984.98192782,13325.44138201,13950.30084729,29869951617.25,9.543256353130944,24.120118849395748,2.950531540647794,659.5405458099995
2020-11-04,13950.4879059,14218.76646779,13580.47207098,14133.70715301,35116364961.76,9.556317801707582,24.281933096989743,1.3147121895627611,638.294396809999
2020-11-05,14133.73388336,15706.40445571,14102.08909494,15579.84846029,40856321438.54,9.65373359282352,24.43332739385773,10.231861263462093,1604.3153607700006
2020-11-06,15579.72923853,15903.43797604,15226.8393924,15565.88058083,39837841971.45,9.652836655694324,24.40808310081242,-0.08965350013256934,676.5985836400014
2020-11-07,15565.88058298,15737.09557115,14423.20290926,14833.7541075,35024953705.62,9.604660545881645,24.279326607416145,-4.703405435550123,1313.8926618899986
2020-11-08,14833.75408424,15637.32033788,14744.10989581,15479.56703842,26632075028.85,9.647276177658261,24.005382154459458,4.3536715401900405,893.2104420700016
2020-11-09,15479.59572319,15785.13687202,14865.52927664,15332.31559743,34149115565.7,9.637718010519613,24.254002524112465,-0.9512633048748942,919.6075953800009
2020-11-10,15332.350373,15450.32935034,15124.95988876,15290.90268148,25574938143.15,9.635013334556534,23.964878730136014,-0.27010216223922745,325.36946157999955
2020-11-11,15290.90879034,15916.26081024,15290.00681729,15701.33973237,29772374934.01,9.661501320967698,24.116846784875793,2.68419111310616,626.2539929500017
2020-11-12,15701.29906726,16305.00422517,15534.7718061,16276.34394919,34175758344.06,9.697468041190628,24.25478240933393,3.6621347389520498,770.2324190700001
2020-11-13,16276.4404772,16463.17783998,15992.1528006,16317.80819009,31599492172.18,9.700012317420947,24.17640688690951,0.2547515647828513,471.0250393799979
2020-11-14,16317.80834223,16317.80834223,15749.19296725,16068.13870685,27481710135.41,9.684593627931955,24.036786534366048,-1.5300430078080351,568.6153749800014
2020-11-15,16068.13999417,16123.11045585,15793.53391679,15955.58743887,23653867582.7,9.677564356515914,23.886792472666322,-0.7004623872957971,329.57653905999905
2020-11-16,15955.57698439,16816.18144902,15880.7056812,16716.11132377,31526766675.19,9.724128283259079,24.174102757677307,4.766505074249161,935.4757678200021
2020-11-17,16685.69093058,17782.92055432,16564.54499204,17645.40576746,39006849169.81,9.77823073201725,24.387003087395435,5.559274078107879,1218.3755622800018
2020-11-18,17645.19047404,18393.94914579,17352.906612,17804.00563217,49064800277.87,9.787178746478652,24.616407716034473,0.8988167617118403,1041.0425337900015
2020-11-19,17803.86174661,18119.54784964,17382.55398903,17817.09024754,36985055355.39,9.787913401920061,24.333779758683512,0.07349253668151867,736.9938606100004
2020-11-20,17817.08366299,18773.22751179,17765.79576896,18621.31436938,36992873939.99,9.832062137457916,24.333991134825116,4.5137792460306025,1007.4317428299983
2020-11-21,18621.31587778,18936.62068806,18444.3589249,18642.23276593,39650210707.3,9.833184864646038,24.403362099194737,0.1123357682226489,492.26176316000056
2020-11-22,18642.232992,18688.96913465,17671.38482599,18370.00252365,41280434225.93,9.818474315588041,24.443654477103397,-1.4602877546809667,1017.5843086599998
2020-11-23,18370.01733874,18711.42673061,18000.79611004,18364.12159134,42741112307.9,9.818154126526675,24.47842711148473,-0.03201378063192317,710.6306205700021
2020-11-24,18365.01468531,19348.27096299,18128.65617407,19107.46444977,51469565008.67,9.857834346577299,24.66425649921865,4.047799698628318,1219.6147889199965
2020-11-25,19104.40961035,19390.96555566,18581.14653195,18732.1207774,43710357371.46,9.837995017933725,24.500850921753894,-1.9643824190106907,809.8190237100025
2020-11-26,18729.84058731,18866.28612952,16351.03485441,17150.62357809,61396835736.94,9.749789812171553,24.840624135542534,-8.442702340559594,2515.2512751099985
2020-11-27,17153.91312468,17445.02428555,16526.42352825,17108.40172774,38886494645.12,9.74732495093573,24.383912845930027,-0.24618259597239955,918.6007572999988
2020-11-28,17112.93423773,17853.93919131,16910.65271094,17717.4150112,32601040733.64,9.78230333378847,24.207610049154287,3.559732189784426,943.2864803699995
2020-11-29,17719.63461354,18283.62817317,17559.11762249,18177.48341979,31133957704.27,9.807938932395615,24.161564948053012,2.596701653707223,724.5105506799991
2020-11-30,18178.32211783,19749.26369425,18178.32211783,19625.83502949,47728480399.28,9.88460209101879,24.588794130023494,7.967833479760822,1570.9415764199985
2020-12-01,19633.77044727,19845.97548328,18321.92093045,18802.99829969,49633658712.12,9.84177162012788,24.62793504359728,-4.192620230240385,1524.054552829999
2020-12-02,18801.74359314,19308.33066301,18347.71783787,19201.09115697,37387697138.68,9.862722387493235,24.344607533738593,2.117177542299542,960.6128251400005
2020-12-03,19205.92540409,19566.19188355,18925.78443384,19445.39847988,31930317405.27,9.875365739045343,24.186821784283573,1.2723616637865698,640.407449710001
2020-12-04,19446.96642246,19511.40471415,18697.19291384,18699.76561337,33872388057.72,9.836266268719742,24.24586600786635,-3.834495175203023,814.2118003100004
2020-12-05,18698.38527851,19160.44926489,18590.19367526,19154.231131,27242455063.89,9.860278916992156,24.02804244132841,2.4303273475527742,570.25558963
2020-12-06,19154.18059333,19390.49989515,18897.89407205,19345.12095871,25293775713.52,9.870195519826877,23.953824183183734,0.9965935275838556,492.6058230999988
2020-12-07,19343.12879819,19411.82767631,18931.14291942,19191.63128698,26896357742.24,9.862229592526937,24.01525671447008,-0.7934283381200169,480.68475689000115
2020-12-08,19191.52946283,19283.47833933,18269.94544375,18321.14491611,31692288756.38,9.815811131696215,24.17933923134136,-4.5357601855375185,1013.5328955799996
2020-12-09,18320.88478403,18626.29265152,17935.54781966,18553.91537685,34420373070.86,9.828436117291423,24.261914466452588,1.2705017170369315,690.74483186
2020-12-10,18553.29972814,18553.29972814,17957.06521319,18264.99210672,25547132265.47,9.812741507075991,23.963790907197712,-1.5572091618488937,596.2345149499997
2020-12-11,18263.92925463,18268.4528447,17619.53238938,18058.90334725,27919640985.34,9.801394102383643,24.05259625606665,-1.128326572855054,648.9204553199997
2020-12-12,18051.31998973,18919.55122775,18046.04072366,18803.65687045,21752580801.79,9.841806644288209,23.80299824499542,4.124024083186684,873.510504089998
2020-12-13,18806.76647897,19381.53577302,18734.33288842,19142.3825335,25450468636.54,9.859660136544264,23.959999993782837,1.8013818555810301,647.202884600003
2020-12-14,19144.49245994,19305.10044332,19012.70940762,19246.64434137,22473997681.14,9.865092004591615,23.83562481925244,0.5446647390288994,292.3910356999986
2020-12-15,19246.91998427,19525.0075905,19079.84237737,19417.07603342,26741982541.5,9.873908165803854,24.00950054728922,0.8855138019236986,445.16521312999976
2020-12-16,19418.81840055,21458.90789704,19298.31727724,21310.59813054,44409011479.22,9.966959792767275,24.516708247034437,9.75183953475247,2160.590619800001
2020-12-17,21308.35140371,23642.66010576,21234.67652917,22805.16149213,71378606373.62,10.034742170555939,24.991264030772157,7.013239855751197,2407.983576589999
2020-12-18,22806.79637266,23238.60062331,22399.81280236,23137.96056165,40387896274.68,10.049229862103417,24.421795979863933,1.4593146802966084,838.7878209500013
2020-12-19,23132.86511797,24085.85537123,22826.47216789,23869.83196434,38487546579.56,10.080370679691004,24.373600560447937,3.163076541426202,1259.383203340003
2020-12-20,23861.7657379,24209.65988828,23147.71102921,23477.29519711,37844228421.87,10.063789071271962,24.356744319651114,-1.6444890262169554,1061.9488590699984
2020-12-21,23474.45540815,24059.98230987,22159.36806298,22803.0814087,45852713980.89,10.034650955315046,24.548700226500998,-2.871769438299665,1900.6142468899998
2020-12-22,22794.03960022,23789.90284154,22430.60469165,23783.02850288,44171632680.6,10.07672751717702,24.511348625435215,4.297432775055232,1359.2981498899971
2020-12-23,23781.97438638,24024.48959027,22802.64570202,23241.34486501,51146161904.32,10.053688077837569,24.657953290445022,-2.2776058053515125,1221.8438882500013
2020-12-24,23240.20362271,23768.3385448,22777.59680778,23735.94972763,41080759712.62,10.074746043988553,24.438805715327003,2.1281249664886204,990.7417370200019
2020-12-25,23733.56954677,24710.10155607,23463.67427254,24664.79027412,42068395845.63,10.113132010656622,24.462562603221187,3.9132225891461925,1246.4272835299998
2020-12-26,24677.01605649,26718.07089319,24522.68948211,26437.0375091,48332647295.43,10.18252124188999,24.601373096710486,7.185332675784228,2195.3814110800013
2020-12-27,26439.37328852,28288.84002225,25922.76976496,26272.29456706,66479895605.09,10.176270224394688,24.920165417171823,-0.6231520531878587,2366.0702572899972
2020-12-28,26280.82141511,27389.11206428,26207.63993146,27084.80788628,49056742892.61,10.206728255073674,24.61624348328766,3.092662185048445,1181.472132820003
2020-12-29,27081.80972919,27370.7200843,25987.29807483,27362.4365573,45265946774.4,10.216926423228156,24.53582085991267,1.0250346695670487,1383.4220094699995
2020-12-30,27360.08970906,28937.74000401,27360.08970906,28840.95341968,51287442703.98,10.269551649787264,24.6607117775604,5.403454693385301,1577.650294949999
2020-12-31,28841.57375811,29244.87668786,28201.99199364,29001.71982218,46754964848.19,10.27511041142329,24.568186287003574,0.5574240218781945,1042.8846942199998
2021-01-01,28994.00891641,29600.6269503,28803.58501355,29374.15188907,40730301358.64,10.287870379168213,24.43023815751479,1.2841723496865631,797.0419367499999
2021-01-02,29376.45583414,33155.11881942,29091.18119088,32127.26793922,67865420765.46,10.377460417035453,24.94079247471337,9.372580561804833,4063.9376285399994
2021-01-03,32129.4073556,34608.55673797,32052.31707551,32782.02446581,78665235201.84,10.397635609567434,25.088467156551573,2.038008733978569,2556.2396624600005
2021-01-04,32810.94764381,33440.21856853,28722.75527058,31971.91352155,81163475344.18,10.372613093923974,25.119731171886446,-2.471204745469291,4717.463297949998
2021-01-05,31977.04113228,34437.5905918,30221.1867389,33992.42934365,67547324781.68,10.433893112441227,24.936094297040324,6.319658724017607,4216.403852899999
2021-01-06,34013.614533,36879.69856854,33514.03374162,36824.36441009,75289433810.59,10.513914981442301,25.044605640665807,8.331075834004853,3365.6648269200014
2021-01-07,36833.87435728,40180.3679073,36491.18981083,39371.04235311,84762141031.49,10.58078585940925,25.163114829955397,6.915741748205728,3689.178096470001
2021-01-08,39381.76584266,41946.73935079,36838.63599637,40797.61071993,88107519479.5,10.616378797891475,25.201823717886484,3.6233949663446285,5108.103354419996
2021-01-09,40788.64052286,41436.35000639,38980.87690625,40254.54649816,61984162837.07,10.602978232943633,24.850144751249857,-1.33111771053962,2455.4731001399996
2021-01-10,40254.21779758,41420.19103255,35984.62712175,38356.43950662,79980747690.35,10.554677706822481,25.10505178878788,-4.715261148518368,5435.563910799996
2021-01-11,38346.52950301,38346.52950301,30549.59876946,35566.65594049,123320567398.62,10.479163847042214,25.538053040980536,-7.2733121270249885,7796.930733550002
2021-01-12,35516.36114084,36568.52697414,32697.97662163,33922.9605815,74773277909.46,10.43184736739127,25.037726410899126,-4.621450388083225,3870.5503525099957
2021-01-13,33915.11958124,37599.96059774,32584.66767186,37316.35939997,69364315979.28,10.527187099291037,24.96263839325092,10.003250778531992,5015.2929258799995
2021-01-14,37325.10763475,39966.40524241,36868.5632453,39187.32812109,63615990033.01,10.576108711300968,24.876130691306244,5.01380293041529,3097.841997110001
2021-01-15,39156.7080858,39577.71118833,34659.58974449,36825.36585131,67760757880.72,10.513942176143939,24.939249072008064,-6.02736237204401,4918.121443840006
2021-01-16,36821.64873201,37864.36887891,35633.55401669,36178.13890106,57706187875.1,10.496210317633391,24.778630246913202,-1.7575574207824851,2230.814862219995
2021-01-17,36163.64923243,36722.34987621,34069.32218533,35791.27792129,52359854336.21,10.485459509221814,24.681405996017283,-1.0693225011601415,2653.0276908800006
2021-01-18,35792.23666766,37299.28580604,34883.84404829,36630.07568284,49511702429.35,10.508624921914324,24.625474891294115,2.3435814820432777,2415.441757750006
2021-01-19,36642.23272357,37755.89185872,36069.80639361,36069.80639361,57244195485.5,10.493211406364743,24.770592085340994,-1.5295335288986744,1686.0854651100017
2021-01-20,36050.11269824,36378.32670045,33570.47780293,35547.7508855,66834573161.3,10.478632166999333,24.92548634589475,-1.44734768579875,2807.8488975200016
2021-01-21,35549.39740902,35552.67949732,30250.74963896,30825.69850603,75643067687.74,10.33610398814985,25.04929163633601,-13.283688171102082,5301.929858360003
2021-01-22,30817.62519242,33811.85156014,28953.372751,33005.76356216,77207272511.13,10.404437478597275,25.069759493052317,7.07223246118347,4858.4788091400005
2021-01-23,32985.75691326,33360.97818593,31493.15966789,32067.64288212,48354737975.29,10.375602790831655,24.601830047328864,-2.8422935232909508,1867.8185180399996
2021-01-24,32064.37631516,32944.00894195,31106.68577002,32289.37808687,48643830599.36,10.382493603327447,24.607790825602066,0.6914608771374287,1837.3231719299984
2021-01-25,32285.79891345,34802.74297839,32087.78796567,32366.39304887,59897054837.94,10.384875911884636,24.815893172878063,0.23851485089865232,2714.955012720002
2021-01-26,32358.6131737,32794.5495902,31030.26596571,32569.84955679,60255421470.41,10.391142279186537,24.821858388180324,0.6286042056425689,1764.2836244899954
2021-01-27,32564.03024112,32564.03024112,29367.13921776,30432.54707881,62576762015.47,10.323267942273764,24.85965983232518,-6.562211699054121,3196.89102336
2021-01-28,30441.0418168,33858.31099229,30023.2068317,33466.09635821,76517157706.32,10.418288156337113,25.06078083637381,9.968108392452768,3835.1041605899954
2021-01-29,34318.6716924,38406.26096472,32064.81418675,34316.38765032,117894572510.68,10.443378293118153,25.49305660874546,2.540754329422712,6341.446777969999
2021-01-30,34295.9350435,34834.70830094,32940.18691419,34269.52154165,65141828798.26,10.442011653336994,24.89983271128926,-0.13657063542806824,1894.5213867499988
2021-01-31,34270.87759214,34288.33147504,32270.17602471,33114.35774753,52754542671.38,10.407722236122215,24.68891572258772,-3.3708197318017885,2018.155450330003
2021-02-01,33114.57724298,34638.21348502,32384.22810648,33537.1768196,61400400660.27,10.420409858298333,24.84068219748978,1.276845153675188,2253.985378540001
2021-02-02,33533.20067102,35896.88214463,33489.21867158,35510.28903716,63088585433.12,10.477577765502993,24.867805693665815,5.883358125740812,2407.663473050001
2021-02-03,35510.82121346,37480.18789413,35443.98272623,37472.09010368,61166818158.83,10.531351670954757,24.836870692480975,5.524598981627715,2036.2051678999997
2021-02-04,37475.10402915,38592.17637724,36317.49880728,36926.06446515,68838074391.61,10.5166729347471,24.955022835667403,-1.45715287569822,2274.677569960004
2021-02-05,36931.54564785,38225.90594551,36658.76353663,38144.30686267,58598066402.24,10.549131795240344,24.793967536436174,3.299139551331698,1567.1424088799977
2021-02-06,38138.38833975,40846.54690329,38138.38833975,39266.01073494,71326033652.98,10.578114556848867,24.990527226096308,2.9406849003927205,2708.158563539997
2021-02-07,39250.1905137,39621.8354917,37446.15388489,38903.44147971,65500641143.12,10.56883799560873,24.90532576798429,-0.9233666686373376,2175.6816068100015
2021-02-08,38886.82728995,46203.93143652,38076.32280719,46196.46371944,101467222686.67,10.740658531271011,25.343001654080023,18.74647065230375,8127.608629329996
2021-02-09,46184.99146609,48003.72396182,45166.96004492,46481.10423596,91809846885.69,10.746801148471649,25.242985393370425,0.6161521761680389,2836.763916899996
2021-02-10,46469.76120204,47145.56819859,43881.1525986,44918.18449192,87301089896.44,10.7125979915601,25.19262878420934,-3.362484109899555,3264.415599990003
2021-02-11,44898.71161149,48463.46712511,44187.7623505,47909.33119483,81388911809.85,10.777065570164412,25.122504882124105,6.659099731530915,4275.70477461
2021-02-12,47877.03437451,48745.73380014,46424.97781781,47504.85118326,76555041195.79,10.768587114981695,25.0612758118235,-0.8442614444462371,2320.755982329996
2021-02-13,47491.20255503,48047.74459107,46392.28233345,47105.51747252,70250456155.05,10.760145416933945,24.975332638449505,-0.8406166965969186,1655.4622576199981
2021-02-14,47114.50958649,49487.64087275,47114.50958649,48717.2902111,71248675228.22,10.793789281196144,24.989442062634172,3.4216219777656987,2373.1312862600025
2021-02-15,48696.53665993,48875.57161074,46347.47709171,47945.05683234,77069903166.39,10.777810984952394,25.06797868029839,-1.5851320453452722,2528.094519029997
2021-02-16,47944.45800728,50341.10325246,47201.30375472,49199.87134362,77049582885.51,10.803646287509908,25.06771498514188,2.6171926663221656,3139.7994977400012
2021-02-17,49207.27643233,52533.91431173,49072.3771403,52149.00753587,80820545404.32,10.861860429296149,25.115497044957042,5.994194927163021,3461.537171429998
2021-02-18,52140.97271656,52474.10724863,51015.76455379,51679.79669449,52054723578.67,10.8528222045186,24.675561378680754,-0.8997502801127211,1458.342694840001
2021-02-19,51675.98128513,56113.65054685,50937.27572157,55888.13368221,63495496917.85,10.931107359010007,24.874234825650966,8.143098961085272,5176.374825280007
2021-02-20,55887.33571358,57505.22818745,54626.5597762,56099.52051348,68145460025.92,10.934882544477471,24.9449103754953,0.378232045593041,2878.6684112499934
2021-02-21,56068.56824551,58330.57214185,55672.60951328,57539.9436679,51897585190.58,10.960234658097413,24.672538097915943,2.567621151189492,2657.962628570007
2021-02-22,57532.73886407,57533.38932549,48967.56518819,54207.31906543,92052420331.57,10.900571216418477,25.24562403794164,-5.79184543819633,8565.824137300006
2021-02-23,54204.92975578,54204.92975578,45290.59026818,48824.42686909,106102492824.11,10.795986017203685,25.387671377333795,-9.93019446293345,8914.339487600002
2021-02-24,48835.08766112,51290.13669492,47213.49816173,49705.33331637,63695521388.34,10.813867516515925,24.87738008917746,1.8042330525290584,4076.638533190002
2021-02-25,49709.08242476,51948.96698227,47093.85301914,47093.85301914,54506565949.11,10.759897762339678,24.7215870074894,-5.253923720032539,4855.113963130003
2021-02-26,47180.4640539,48370.78525976,44454.84211387,46339.76008289,350967941479.06,10.74375562065078,26.583960721423505,-1.6012555522766703,3915.94314589
2021-02-27,46344.77223734,48253.27010115,45269.0257658,46188.45127539,45910946381.8,10.740485073427369,24.549969408843914,-0.3265204809635436,2984.2443353500057
2021-02-28,46194.01635186,46716.43099302,43241.61822653,45137.77046805,53443887450.79,10.717474657659702,24.701898107742956,-2.2747695112691813,3474.812766490002
2021-03-01,45159.50305253,49784.01528954,45115.09311478,49631.24137077,53891300112.16,10.812375780776637,24.710234893896036,9.955012966138032,4668.922174760002
2021-03-02,49612.10703748,50127.50988383,47228.84534569,48378.98805435,47530897720.12,10.78682086733406,24.584645814836,-2.5231150417235226,2898.664538139994
2021-03-03,48415.8149783,52535.1357839,48274.32049678,50538.24341445,53220811974.56,10.830485623995669,24.697715359323574,4.4632090230458,4260.81528712
2021-03-04,50522.30503036,51735.09105293,47656.92904603,48561.1661539,52343816679.73,10.790579440146432,24.68109965228645,-3.912041905248953,4078.1620068999982
2021-03-05,48527.03198074,49396.43086209,46542.51494044,48927.3045548,48625928883.43,10.798090894983234,24.607422741703694,0.7539736581688272,2853.9159216499975
2021-03-06,48899.23078213,49147.21821972,47257.5269076,48912.38173056,34363564660.53,10.797785848535883,24.26026267316712,-0.030499992541555,1889.691312120005
2021-03-07,48918.6802649,51384.36601025,48918.6802649,51206.69295308,43137459377.73,10.8436255242241,24.487657583677365,4.690655292883705,2465.685745349998
2021-03-08,51174.1169466,52314.06880137,49506.05345768,52246.52230995,48597428048.17,10.863728608950687,24.606836445632958,2.0306512623706974,2808.01534369
2021-03-09,52272.96978194,54824.11781138,51981.83131223,54824.11781138,50912227384.88,10.911885482164926,24.653368955325316,4.933525500775993,2842.2864991499955
2021-03-10,54824.01119917,57258.25497592,53290.89116852,56008.54940114,57295577613.75,10.933259625942231,24.771489278172908,2.1604206999463083,3967.3638073999973
2021-03-11,55963.18008858,58091.0627026,54484.59308946,57805.12301924,56772343594.84,10.964832684283612,24.76231513555351,3.207677465868164,3606.469613139998
2021-03-12,57821.21874746,57996.61948977,55376.6500885,57332.08896391,55689944702.29,10.956615762774094,24.743065441591668,-0.8183254885082758,2619.9694012699983
2021-03-13,57343.37024739,61683.86401412,56217.97238151,61243.08476552,60669829814.23,11.022606220245658,24.828712373790864,6.8216523630805215,5465.891632610001
2021-03-14,61221.13429704,61597.91839583,59302.31697742,59302.31697742,43901225563.85,10.990403656354394,24.505208073809843,-3.168958251418219,2295.6014184099986
2021-03-15,59267.4290492,60540.99271158,55393.16536281,55907.20022619,66419369889.68,10.931448456325937,24.919254566094217,-5.725099666042944,5147.827348769999
2021-03-16,55840.78651437,56833.17978025,53555.02773503,56804.90123161,59749798598.67,10.947377890275444,24.813431657018793,1.6056983747854803,3278.1520452199984
2021-03-17,56825.82889756,58969.81634559,54528.62716687,58870.89333325,60258313191.17,10.983102076584428,24.821906378075727,3.6369962042823722,4441.18917872
2021-03-18,58893.078058,60116.24964434,54253.58000473,57858.92070527,55746041000.38,10.965762924800496,24.744072231318967,-1.718969376346191,5862.6696396100015
2021-03-19,57850.44063985,59498.37646021,56643.70148588,58346.65297359,49063873785.5,10.974157274862801,24.616388832820594,0.8429681410831558,2854.674974329995
2021-03-20,58332.26220538,60031.2869743,58213.29736375,58313.64260857,50361731221.71,10.973591351971276,24.64249742245206,-0.0565762787369084,1817.9896105499938
2021-03-21,58309.91303265,58767.89678899,56005.61700987,57523.42098673,51943414539.37,10.959947465360903,24.673420781092812,-1.355123066388353,2762.279779119999
2021-03-22,57517.89148833,58471.47864713,54288.1580282,54529.14561107,56521454974.29,10.906490619560975,24.757886137076305,-5.205315199092109,4183.320618930004
2021-03-23,54511.66203198,55985.44014058,53470.6933802,54738.94493032,56435023913.75,10.910330708209433,24.75635579409361,0.3847471235775446,2514.7467603800033
2021-03-24,54710.48908407,57262.38293272,52514.33339864,52774.26369049,70567223786.51,10.873778920757326,24.979831621331414,-3.58918361019005,4748.049534079997
2021-03-25,52726.7455686,53392.38600133,50856.5686854,51704.1619252,67999812841.02,10.853293558710998,24.942770789780788,-2.0276962490010653,2535.8173159299986
2021-03-26,51683.0100897,55137.31372578,51579.85505711,55137.31372578,56652197977.51,10.917581966049383,24.76019662291771,6.639991197510775,3557.4586686699986
2021-03-27,55137.56723702,56568.2160496,54242.90967619,55973.51084173,47266542233.37,10.932633837124317,24.57906852979254,1.5165720987220244,2325.3063734099997
2021-03-28,55974.94118696,56610.31196825,55071.11199378,55950.7457745,47686580917.99,10.932227042954185,24.587915872788113,-0.04067114406021144,1539.1999744699933
2021-03-29,55947.8989665,58342.09641112,55139.34175909,57750.19987147,57625587027.04,10.963882089355886,24.777232525231554,3.216139610046298,3202.754652030002
2021-03-30,57750.13284273,59447.22403098,57251.5506051,58917.6930451,54414116432.02,10.983896715789323,24.719889450381423,2.02162620428743,2195.673425880006
2021-03-31,58930.27778393,59930.02716002,57726.41877444,58918.83271375,65520826225.39,10.983916059004725,24.90563388668934,0.0019343402483995575,2203.6083855800025
2021-04-01,58926.56414734,59586.0722493,58505.27905354,59095.80797806,61669163792.39,10.986915269881175,24.845049866467416,0.3003713009214204,1080.7931957600013
2021-04-02,59098.87907036,60267.18765009,58869.27996831,59384.3133586,58727860620.12,10.991785385602132,24.796180078439857,0.48819940095767844,1397.9076817800014
2021-04-03,59397.40846193,60110.26846076,57603.88917376,57603.88917376,59641344483.62,10.961345364782362,24.811614869909107,-2.9981388756466276,2506.3792870000034
2021-04-04,57604.83861776,58913.74779189,57168.67578229,58758.55629127,50749662969.7,10.981192060402416,24.650170813855123,2.0044950680794926,1745.0720095999932
2021-04-05,58760.87326121,59891.2969082,57694.82602134,59057.87896588,60706272114.62,10.98627324144408,24.829312859403863,0.5094112134516049,2196.470886859999
2021-04-06,59171.93202224,59479.57855171,57646.80889002,58192.35868406,66058027987.88,10.97150933101139,24.913799404629994,-1.465545828897863,1832.7696616899993
2021-04-07,58186.50853398,58731.14290107,55604.02359245,56048.93781271,75645303583.61,10.933980477610836,25.049321194402523,-3.6833373312587847,3127.11930862
2021-04-08,56099.91311078,58338.73822544,55879.08419515,58323.95357975,53053855641.35,10.9737681555328,24.69457337874993,4.058981054452926,2459.654030290003
2021-04-09,58326.56361984,58937.04651601,57807.86384217,58245.00300108,46655208545.71,10.972413582358985,24.566050409576537,-0.13536561536769964,1129.1826738399977
2021-04-10,58253.77680886,61276.66536564,58038.70627787,59793.23541009,58238470525.26,10.998647813307539,24.787811978904493,2.658137744419542,3237.959087770003
2021-04-11,59846.23078558,60790.55531507,59289.79563078,60204.96491379,46280252580.42,11.005510101547145,24.55798119691516,0.6885887690742276,1500.759684290002
2021-04-12,60175.94475711,61253.0369158,59589.87375623,59893.45188869,51828688519.48,11.00032246074382,24.67120966532567,-0.5174208232594624,1663.1631595700019
2021-04-13,59890.01779033,63742.28333718,59869.95629306,63503.45793019,69983454361.84,11.058849638991674,24.971524684797433,6.0273801687187545,3872.32704412
2021-04-14,63523.75486927,64863.0989077,61554.79669042,63109.69593464,77451779687.04,11.052629696544813,25.072921382073886,-0.6200638648416024,3308.3022172799974
2021-04-15,63075.19622093,63821.67219266,62208.96436559,63314.01084504,60954381579.31,11.055861924004084,24.83339157838355,0.3237456739002553,1612.7078270700003
2021-04-16,63258.50517438,63594.72091303,60222.53207871,61572.78960116,84293007467.97,11.027975324677492,25.157564750328422,-2.7501357450590347,3372.1888343200044
2021-04-17,61529.92099734,62572.17605057,60361.35217909,60683.82123331,66138759198.01,11.013432405001637,24.91502078408837,-1.4437682190596268,2210.8238714800027
2021-04-18,60701.88609331,61057.45650886,52829.53592647,56216.18500243,97468872758.37,10.936959983787887,25.302798910217575,-7.362153766987345,8227.920582389997
2021-04-19,56191.5841095,57520.05477733,54368.59365509,55724.26709807,65344865158.77,10.928171006046808,24.90294469946539,-0.8750467580443955,3151.461122239998
2021-04-20,55681.79251074,57062.1502465,53448.04838457,56473.0322808,67849323955.2,10.941518498423752,24.940555259363354,1.343696780098047,3614.101861930001
2021-04-21,56471.12771923,56757.97158884,53695.4703347,53906.08804584,54926612465.71,10.89499870127633,24.729263812377603,-4.545433689829903,3062.501254139999
2021-04-22,53857.10689483,55410.22866494,50583.81405608,51762.27205146,74798630777.5,10.854416824105126,25.038065416645665,-3.9769459667653217,4826.4146088599955
2021-04-23,51739.80692966,52120.79164545,47714.66215249,51093.65070999,86668667320.38,10.84141551622116,25.18535826349331,-1.2917155970381011,4406.129492960004
2021-04-24,51143.22627463,51167.56335742,48805.2846976,50050.86821565,49014494780.62,10.820795131558944,24.615381903162728,-2.0409238327064982,2362.2786598199964
2021-04-25,50052.83164893,50506.01909839,47159.48584083,49004.25326318,46117114240.1,10.799662374615137,24.55444995970664,-2.091102491889929,3346.533257560004
2021-04-26,49077.79236302,54288.00215537,48852.79684295,54021.75478737,58284039824.62,10.897142110850297,24.788594133383423,10.238910278345115,5435.205312419996
2021-04-27,54030.30371848,55416.96405761,53319.18665411,55033.11801332,49448222756.59,10.915690428694358,24.62419195415875,1.872140640248987,2097.7774034999966
2021-04-28,55036.63741947,56227.20564809,53887.91781682,54824.70489507,48000572954.78,10.911896190600741,24.59447878434098,-0.37870490674281054,2339.2878312699977
2021-04-29,54858.09149222,55115.84415438,52418.02844504,53555.10849133,46088929779.74,10.888466467989415,24.553838623182287,-2.3157377794735035,2697.8157093400005
2021-04-30,53568.66358369,57900.71998842,53129.6008774,57750.17734563,52395931984.68,10.963881699299325,24.68209479137959,7.833181506819531,4771.119111020002
2021-05-01,57714.66485835,58448.33881062,57052.2741756,57828.05063222,42836427359.73,10.965229241993766,24.48065468408412,0.13484510380623593,1396.0646350199968
2021-05-02,57825.86281955,57902.59217082,56141.90651506,56631.07741255,38177405335.16,10.944313184400116,24.36550969419087,-2.0698833984265086,1760.6856557599967
2021-05-03,56620.27262011,58973.30843091,56590.86914497,57200.29122289,51713139031.03,10.954314268664195,24.668977726037912,1.005126224587527,2382.439285940003
2021-05-04,57214.17876121,57214.17876121,53191.42503284,53333.53775274,68564706967.26,10.884320638404384,24.951043763594303,-6.76002409687494,4022.7537283700003
2021-05-05,53252.16476125,57911.36359718,52969.05536281,57424.00594813,69241316746.83,10.958217716970031,24.96086358421441,7.669598469829331,4942.308234370001
2021-05-06,57441.30708417,58363.3146181,55382.50610418,56396.51416376,69523285105.78,10.940162629969013,24.964927570897867,-1.7893070457294602,2980.8085139199975
2021-05-07,56413.95355125,58606.63396719,55321.84671038,57356.40187692,68434023376.24,10.95703974452145,24.949135955684987,1.702033764662736,3284.7872568099992
2021-05-08,57352.7659529,59464.61249257,56975.21065264,58803.77580865,65382980633.81,10.981961346257883,24.903527826585538,2.523474075022869,2489.4018399299966
2021-05-09,58877.3886984,59210.88178942,56482.00354511,58232.3161419,65906690347.3,10.972195739789745,24.911505796022578,-0.9718077774623746,2728.878244309999
2021-05-10,58250.87253094,59519.35442559,54071.45537889,55859.79754454,71776546298.3,10.930600215155685,24.996823606410782,-4.074230177585014,5447.899046699997
2021-05-11,55847.24104211,56872.54492059,54608.65245902,56704.5730585,61308396325.32,10.945610140052583,24.839182641558164,1.512313955822009,2263.8924615700016
2021-05-12,56714.53316738,57939.36241484,49150.53387514,49150.53387514,75215403906.65,10.802642987675831,25.0436218861097,-13.321745982580236,8788.8285397
2021-05-13,49735.43206467,51330.84358607,46980.01875184,49716.19160254,96721152925.69,10.814085945799162,25.295097963422702,1.150867921062626,4350.824834229999
2021-05-14,49682.9818555,51438.11908462,48868.57828576,49880.53342038,55737497452.61,10.817386093810168,24.743918961196663,0.33055994947048806,2569.540798859998
2021-05-15,49855.49465011,50639.66532796,46664.141871,46760.18656071,59161047474.43,10.752787405328046,24.803529180420465,-6.2556405188624264,3975.5234569599997
2021-05-16,46716.63798759,49720.04462248,43963.35018635,46456.05847448,64047871555.0,10.746262165757827,24.88289663374558,-0.6503996425145542,5756.694436130005
2021-05-17,46415.89925412,46623.55822816,42207.28810587,43537.51138918,74903638449.84,10.68137817626894,25.039468303724185,-6.28238206412467,4416.27012229
2021-05-18,43488.05798819,45812.45840792,42367.83145309,42909.40092517,56187365083.94,10.666846216694218,24.75195774799966,-1.4426880268726183,3444.626954829997
2021-05-19,42944.97544731,43546.1164845,30681.49691178,37002.4404659,126358098746.69,10.51873914798903,25.562385766444606,-13.76612194975918,12864.619572720003
2021-05-20,36753.66970802,42462.98498552,35050.61582451,40782.73826245,88281943358.63,10.616014189065199,25.203801431670247,10.21634721643232,7412.3691610099995
2021-05-21,40596.94832252,42172.17361572,33616.45388421,37304.69067136,82051616861.13,10.52687435298972,25.13061436009128,-8.528234589614003,8555.719731509998
2021-05-22,37371.02990629,38831.05443914,35383.68375136,37536.63111241,57377273240.44,10.533072564835141,24.772914125290647,0.6217460509009731,3447.370687780007
2021-05-23,37531.4484526,38289.21812026,31227.33943257,34770.58362292,78469274360.73,10.456527010104637,25.085972975696663,-7.368928450735468,7061.878687689998
2021-05-24,34700.363568,39835.13982978,34551.08054976,38705.97863723,67359584098.36,10.563749353836153,24.933311032549664,11.318173594635539,5284.059280019996
2021-05-25,38795.7802497,39776.34979796,36581.42891576,38402.22385137,56211915803.14,10.55587064969503,24.752394596338842,-0.784774850177361,3194.9208822
2021-05-26,38392.62365582,40782.07818311,37905.8348536,39294.19738214,51346735160.35,10.578832137646705,24.661867191170174,2.322713221563033,2876.2433295100054
2021-05-27,39316.88967818,40379.61767161,37247.90367644,38436.96853505,43210968720.58,10.556774997722878,24.489360205536894,-2.1815659924374176,3131.713995170001
2021-05-28,38507.08307537,38856.96788502,34779.0394272,35697.60639024,55200191951.77,10.482838917627483,24.73423226761055,-7.126894365542968,4077.928457820002
2021-05-29,35684.1568817,37234.49847965,33693.92945797,34616.06800347,45231013334.6,10.452073246412555,24.53504882422234,-3.029722427175685,3540.5690216799994
2021-05-30,34607.40597914,36400.66888165,33520.73795924,35678.12920411,31646080921.32,10.482293152699073,24.17788015231887,3.0681162301089193,2879.9309224099998
2021-05-31,35658.59295707,37468.24899082,34241.94356094,37332.85368874,39009847639.28,10.527629013903555,24.38707995477368,4.637923908968222,3226.305429879998
2021-06-01,37293.79237447,37896.73619262,35787.08596532,36684.92451667,34639423297.36,10.51012117353851,24.268258272042473,-1.7355468656965356,2109.6502273000006
2021-06-02,36699.92291982,38231.3391761,35966.30715642,37575.17957566,33070867189.76,10.53409899373577,24.22191858644964,2.426759958536806,2265.032019680002
2021-06-03,37599.40994043,39478.95118167,37243.97372784,39208.76599489,35460750427.01,10.576655623097432,24.291692300002783,4.347514603198821,2234.9774538300044
2021-06-04,39242.48626197,39242.48626197,35717.72230304,36894.40532994,41831090186.61,10.515815201458791,24.45690568437527,-5.902661321327041,3524.7639589300015
2021-06-05,36880.15597053,37917.71414924,34900.41223702,35551.95872588,35959473399.07,10.478750531487963,24.3056584023678,-3.6386183543405504,3017.3019122199985
2021-06-06,35538.60872998,36436.42096405,35304.58007817,35862.37772747,28913440584.92,10.487444050802315,24.087572396094828,0.8731417697220412,1131.8408858799958
2021-06-07,35835.26550975,36790.57215572,33480.64124099,33560.70783776,33683936663.24,10.421111252067893,24.240286903790576,-6.418062704043626,3309.930914730001
2021-06-08,33589.52085635,34017.38797859,31114.44247046,33472.63174808,49902050441.89,10.418483421173349,24.63332792987951,-0.2624381169365586,2902.9455081300002
2021-06-09,33416.97785088,37537.37115028,32475.86603066,37345.12148619,53972919007.62,10.527957565863664,24.711748257858684,11.56912240201169,5061.50511962
2021-06-10,37389.51565087,38334.32544308,35847.5936407,36702.59937466,43576032853.66,10.510602859181914,24.497773130966824,-1.7204981158452037,2486.7318023800035
2021-06-11,36697.03129279,37608.69429327,36044.44991066,37334.39952553,38699736985.32,10.527670419920883,24.37909864071409,1.7214043736264895,1564.2443826099989
2021-06-12,37340.14284419,37408.92559512,34728.19010076,35552.51714847,37924228550.01,10.478766238588905,24.358856020510967,-4.772762920270135,2680.7354943600003
2021-06-13,35555.79014042,39322.78021188,34864.10993969,39097.86089667,40669112837.87,10.573823035951827,24.428734742953417,9.972131462293877,4458.67027219
2021-06-14,39016.9701778,40978.36447697,38757.28412199,40218.47785943,43148914673.17,10.602081817245745,24.487923101741675,2.8661848424946568,2221.0803549799966
2021-06-15,40427.16992116,41295.26857449,39609.4691963,40406.26898673,46420149185.33,10.606740224850027,24.56099945160335,0.46692748531249606,1685.7993781900004
2021-06-16,40168.69037027,40516.77682766,38176.03417592,38347.06322666,39211635099.63,10.55443322567957,24.39223935346841,-5.096253159989283,2340.7426517400017
2021-06-17,38341.42380252,39513.67016412,37439.67410798,38053.50417253,37096670046.76,10.546748452939857,24.336793046379455,-0.7655320366903751,2073.9960561400003
2021-06-18,38099.47705463,38187.26016042,35255.85491821,35787.24478177,36200887274.95,10.485346817890058,24.312349465835496,-5.955455194047454,2931.4052422099994
2021-06-19,35854.52922288,36457.79628009,34933.06225074,35615.86927002,31207279718.5,10.480546583527767,24.16391722885686,-0.4788731649922995,1524.734029350002
2021-06-20,35563.13941499,36059.48351685,33432.07604413,35698.29644336,36664034054.41,10.482858247955768,24.32506211297699,0.23143383842489929,2627.4074727199986
2021-06-21,35641.14606474,35721.63963385,31295.93552923,31676.69373254,52809038593.79,10.363336475978851,24.68994819849651,-11.265531163933263,4425.704104619999
2021-06-22,31622.37708528,33292.45476399,28893.62165844,32505.6598245,58964353058.3,10.389169501601902,24.800198912806007,2.6169590139656584,4398.833105549998
2021-06-23,32515.71430319,34753.40850285,31772.63235532,33723.0289781,46317108924.69,10.425936235427347,24.55877725299316,3.7450990386678873,2980.776147529996
2021-06-24,33682.80040376,35228.85261084,32385.21469567,34662.43589358,33123368116.18,10.453411840476381,24.223504855622057,2.785654029150386,2843.637915169995
2021-06-25,34659.10449948,35487.2480035,31350.88385819,31637.78005541,40230904226.0,10.36210725682242,24.417901299066155,-8.72603370246754,4136.364145309995
2021-06-26,31594.66357132,32637.58719331,30184.50179358,32186.27767093,38585385521.38,10.379295481412935,24.37613942828928,1.7336792106126708,2453.08539973
2021-06-27,32287.52321108,34656.12735553,32071.75714808,34649.64458753,35511640893.97,10.453042747351303,24.293126392182423,7.653469412602698,2584.3702074499997
2021-06-28,34679.12222205,35219.89179129,33902.0758922,34434.33531428,33892523752.03,10.446809465172493,24.24646028872247,-0.6213895577084405,1317.8158990899974
2021-06-29,34475.55969665,36542.11101765,34252.48489199,35867.77773549,37901460044.3,10.487594615317208,24.358255471889084,4.162828781584049,2289.6261256599973
2021-06-30,35908.38805414,36074.75975718,34086.15187806,35040.83724889,34059036099.04,10.464269438854195,24.25136121169359,-2.3055247322495087,1988.607879119998
2021-07-01,35035.98271227,35035.98271227,32883.78122635,33572.11765253,37838957079.15,10.421451169680374,24.356605019417024,-4.191451208565288,2152.201485919999
2021-07-02,33549.6001774,33939.58869924,32770.68078046,33897.04858963,38728974942.25,10.431083227325601,24.37985386335933,0.9678595209960283,1168.9079187799944
2021-07-03,33854.42136155,34909.25989883,33402.69653615,34668.54840182,24383958643.26,10.45358816880398,23.917191320388678,2.276008809882102,1506.5633626800045
2021-07-04,34665.56486608,35937.56714724,34396.47745754,35287.77976616,24924307911.11,10.47129200072472,23.939109385552637,1.7861473666647365,1541.0896896999984
2021-07-05,35284.34443007,35284.34443007,33213.66103397,33746.00245614,26721554282.07,10.426617243541425,24.008736353162238,-4.369153628357547,2070.683396100001
2021-07-06,33723.50965515,35038.53636342,33599.91616924,34235.19345116,26501259869.76,10.441009442223,24.000458111063583,1.4496265021488153,1438.6201941799955
2021-07-07,34225.68033425,34997.66476097,33839.28915746,33855.32688833,24796027476.65,10.42985163341382,23.933949294893633,-1.10957913344909,1158.3756035100014
2021-07-08,33889.6063474,33907.90804895,32133.18272686,32877.37262842,29910396945.88,10.400539938082542,24.121471980843566,-2.8886274326510697,1774.7253220899984
2021-07-09,32861.67129399,34042.29177067,32318.8803578,33798.01020742,27436021028.14,10.428157210135268,24.035122623026552,2.800216396258426,1723.411412870002
2021-07-10,33811.24302026,34209.07019715,33116.01310594,33520.51995283,22971873467.75,10.419913066194987,23.857536411825595,-0.8210254180261667,1093.057091210001
2021-07-11,33509.0772617,34584.70454995,33346.73772241,34240.18701074,20108729370.08,10.44115529200303,23.724419854750693,2.1469447935852815,1237.9668275400036
2021-07-12,34254.01659458,34592.15560419,32697.3086512,33155.84813085,24321499537.02,10.408974394258472,23.914626550738138,-3.1668602731342643,1894.8469529899958
2021-07-13,33125.46869395,33327.10141663,32261.42048386,32702.02592354,19120856668.82,10.39519230981454,23.674045548420562,-1.3687546327241673,1065.6809327699993
2021-07-14,32723.84605182,33061.39895615,31639.1241064,32822.34873678,21376531209.58,10.398864926275444,23.78555948473944,0.367936878043329,1422.2748497499997
2021-07-15,32827.87454891,33159.64094791,31175.70974736,31780.73137404,21300524236.7,10.366615453483544,23.781997521410563,-3.1735003825999364,1983.931200549996
2021-07-16,31841.55132445,32218.40661205,31100.67337243,31421.53845398,23699476918.2,10.355248874773224,23.888718813881905,-1.1302223219236684,1117.73323962
2021-07-17,31397.30860013,31935.94439173,31223.99087263,31533.06753327,18895018941.74,10.35879203715885,23.662164176221033,0.354944680551994,711.9535191000032
2021-07-18,31533.8847205,32398.99518648,31215.4923102,31796.81013825,18787986666.5,10.367121253618947,23.656483495429196,0.8364000892134182,1183.5028762799993
2021-07-19,31800.01263521,31885.85993224,30563.73534679,30817.83165619,20434789544.65,10.335848751311142,23.740504655140352,-3.078857526284806,1322.1245854500012
2021-07-20,30838.28525375,31006.18663047,29360.95583827,29807.34767271,23148267244.64,10.302510208299369,23.865185765633697,-3.2788938389733735,1645.2307922
2021-07-21,29796.28568986,32752.32636341,29526.18371065,32110.69326387,28203024558.74,10.376944377129846,24.062695062995225,7.7274422952727795,3226.1426527600015
2021-07-22,32138.87280774,32576.40000828,31745.29924353,32313.10632477,19555230517.6,10.383228195477676,23.696508633251117,0.6303602953591447,831.100764750001
2021-07-23,32305.95885214,33581.55060854,32057.89353952,33581.55060854,22552046192.46,10.42173210611516,23.83909163902058,3.9254792498784274,1523.6570690199987
2021-07-24,33593.72941224,34490.39124375,33424.85900496,34292.44590612,21664706865.41,10.44268037292535,23.798950361717186,2.116922192983006,1065.5322387899942
2021-07-25,34290.29138518,35364.92558378,33881.83744908,35350.18697353,20856685287.16,10.4730589605195,23.760940371071936,3.0844725112513016,1483.0881347000031
2021-07-26,35384.02988451,40499.6772793,35287.3117098,37337.5333134,51022126212.27,10.527754354747604,24.655525222885622,5.6218835316433236,5212.365569499998
2021-07-27,37276.03602972,39406.9409837,36441.72630845,39406.9409837,35097370560.07,10.581697246869409,24.281392051793606,5.542432739008252,2965.2146752499975
2021-07-28,39503.18569435,40816.06972357,38862.43592287,39995.90646862,38702404695.37,10.596532389574653,24.379167571883002,1.4945729615592818,1953.6338007000013
2021-07-29,39995.45199088,40593.07226017,39352.05976929,40008.42084653,27167146026.5,10.596845232102853,24.025274213516685,0.031289146852619965,1241.0124908800062
2021-07-30,40027.4833199,42235.54770874,38397.3545099,42235.54770874,33072782960.21,10.651017508202052,24.221976514019293,5.56664525888968,3838.193198840003
2021-07-31,42196.30388672,42231.44828319,41110.83251138,41626.19567624,25802845343.24,10.636484951824906,23.973750607414786,-1.4427468460978532,1120.6157718100003
2021-08-01,41460.84408133,42541.67948122,39540.94008121,39974.89602594,26688438115.4,10.596006936721661,24.007496279182547,-3.9669722958674214,3000.739400010003
2021-08-02,39907.2628498,40419.18086385,38746.34716686,39201.945189,25595265436.38,10.576481646715783,23.96567322743629,-1.9335906125645064,1672.8336969899974
2021-08-03,39178.40356586,39750.03090553,37782.05245092,38152.9820898,26189830449.73,10.549359201149166,23.98863702158979,-2.6757934947940543,1967.9784546100054
2021-08-04,38213.33196989,39952.29786644,37589.16562212,39747.50501675,25372562723.91,10.590302351238341,23.956934219405976,4.179287802974341,2363.132244319997
2021-08-05,39744.51415501,41341.93499214,37458.00399335,40869.55432742,35185031016.54,10.618140671860257,24.28388657389189,2.822942748726387,3883.930998789998
2021-08-06,40865.86692448,43271.65861284,39932.17941979,42816.49896809,38226483045.67,10.664678797196387,24.366794385802773,4.763801985880156,3339.4791930499996
2021-08-07,42832.79664244,44689.86095933,42618.56614164,44555.8006644,40030862141.25,10.704497630133366,24.412916547097183,4.062223064072223,2071.2948176899954
2021-08-08,44574.43858612,45282.35328436,43331.9098211,43798.11767796,36302664749.76,10.687346120052029,24.3151569846072,-1.700526026110416,1950.443463259995
2021-08-09,43791.92742356,46456.83291829,42848.68794765,46365.40065035,38734079049.1,10.744308784420975,24.379985645069304,5.861628555059806,3608.1449706399944
2021-08-10,46280.84767425,46637.98783478,44705.55657645,45585.03077231,33546019517.4,10.727334669072192,24.236184050028857,-1.6830866704353853,1932.431258329998
2021-08-11,45599.70402605,46735.63156351,45351.71114676,45593.63593071,34319709072.92,10.72752342283964,24.258985634633973,0.018877158256147553,1383.9204167500066
2021-08-12,45576.88033369,46228.91094271,43861.44704055,44428.28846681,33723620826.37,10.701631673171532,24.2414643435078,-2.5559432585525954,2367.463902159994
2021-08-13,44439.69278522,47831.97604291,44282.41741653,47793.32117908,31744259538.78,10.77464118443017,24.180977744010285,7.574076851472311,3549.5586263799996
2021-08-14,47810.68928692,48098.68409454,46177.63332621,47096.94566198,31211354441.65,10.759963429960814,24.16404778996928,-1.4570561323635656,1921.050768330002
2021-08-15,47096.66856627,47357.10642699,45579.59012016,47047.00454195,30988958445.96,10.758902477565968,24.156896798822114,-0.10603897838392662,1777.5163068300026
2021-08-16,47019.96132369,47998.09667927,45700.3218682,46004.4840786,32776876609.7,10.736494150689934,24.212989122308674,-2.215912518767116,2297.7748110699977
2021-08-17,45936.45633673,47139.57060006,44512.41753396,44695.35761921,33451362599.74,10.7076249188147,24.23335835810922,-2.8456496917850793,2627.1530660999997
2021-08-18,44686.75080965,45952.06217021,44364.02745071,44801.18871714,32194123075.34,10.709989951915793,24.195049759651017,0.23678319979369977,1588.0347195000068
2021-08-19,44741.88334742,46970.76087419,43998.31551257,46717.5787452,37204312298.94,10.751875791356076,24.339690513521592,4.277542812891544,2972.445361619997
2021-08-20,46723.12114785,49342.15226511,46650.70851286,49339.17603688,34706867451.71,10.806473690245488,24.27020341358895,5.611586392304968,2691.443752250001
2021-08-21,49327.07373292,49717.0189234,48312.19763872,48905.49058555,40585205312.32,10.79764495107291,24.426669435969472,-0.8789880297267905,1404.8212846800016
2021-08-22,48869.10424226,49471.61043116,48199.94100421,49321.65404941,25370975377.73,10.806118493808585,23.956871655925386,0.8509544815464176,1271.6694269500003
2021-08-23,49291.67737487,50482.07640834,49074.60540097,49546.14770729,34305053718.87,10.810659791171512,24.258558519007586,0.45516246810195504,1407.471007369997
2021-08-24,49562.34672915,49878.77128666,47687.11799659,47706.11855498,35361168833.64,10.772814940243208,24.288880129419542,-3.713768350226887,2191.6532900699967
2021-08-25,47727.25669296,49202.87847317,47163.61431922,48960.78728025,32646349930.89,10.79877499712739,24.208998892572286,2.6299954036797857,2039.2641539499964
2021-08-26,49002.64180701,49347.58357137,46405.78243211,46942.21786802,32666549568.27,10.756672717287964,24.209617442297652,-4.122828745942686,2941.801139260002
2021-08-27,46894.55507054,49112.78526466,46394.28309076,49058.66973026,34511076994.88,10.800772202285053,24.264546181766402,4.5086320126383805,2718.5021739000003
2021-08-28,49072.58522066,49283.50564795,48499.23890806,48902.40220635,28568103400.7,10.79758179913061,24.075556666690844,-0.3185319226330585,784.2667398900012
2021-08-29,48911.24836282,49644.11465849,47925.8555808,48829.8326,25889650240.45,10.796096728829474,23.977109121172873,-0.14839681299045893,1718.259077689996
2021-08-30,48834.85267752,48925.60651985,46950.27228064,47054.98479356,31847007016.12,10.759072086129729,24.18420924331259,-3.6347611940000912,1975.3342392100021
2021-08-31,47024.34166315,48189.55018777,46750.09395271,47166.68794545,34730363427.12,10.761443158537501,24.270880168004684,0.23738856229593708,1439.4562350600027
2021-09-01,47099.77486941,49111.08878787,46562.43744881,48847.02907417,39139399124.64,10.79644883830664,24.390395446845552,3.562559089718942,2548.651339060001
2021-09-02,48807.8488618,50343.42070496,48652.31979053,49327.72318398,39508070319.03,10.80624153836797,24.399770799858835,0.9840805447555612,1691.1009144300042
2021-09-03,49288.24911201,50982.27157262,48386.0861629,50025.37460546,43206179618.68,10.820285647788914,24.48924936869497,1.4143191220846285,2596.1854097199976
2021-09-04,50009.32509557,50545.58101197,49548.78045079,49944.62690568,37471327793.79,10.818670208834835,24.34684188530751,-0.1614134834908021,996.8005611800036
2021-09-05,49937.85801546,51868.68163043,49538.59838076,51753.41192621,30322676318.63,10.854245639895522,24.135161662909198,3.621580803768687,2330.0832496700023
2021-09-06,51769.00432067,52700.94145826,51053.67850996,52633.53620235,38884105425.88,10.871108765951034,24.383851403193606,1.700611116026285,1647.2629482999982
2021-09-07,52660.47935083,52853.7637963,43285.20858869,46811.12952948,65210059683.34,10.753876264092288,24.900879583599377,-11.06216130051706,9568.55520761
2021-09-08,46827.76337359,47334.0556378,44561.39446278,46091.38930192,49007762487.62,10.738381428500004,24.615244540624907,-1.537540825855821,2772.6611750199954
2021-09-09,45774.74222293,47261.94853026,45669.73965231,46391.4229753,38672657013.28,10.744869871457283,24.378398650142618,0.6509538504353651,1592.2088779499973
2021-09-10,46396.66247161,47031.74238084,44344.48542484,44883.9101072,39154666596.52,10.71183466000225,24.390785450147412,-3.24955082516577,2687.2569559999974
2021-09-11,44869.84026079,45969.29281653,44818.26641318,45201.45898324,34499835245.04,10.718884643689652,24.264220385466235,0.7074893325505149,1151.0264033500061
2021-09-12,45206.62926911,46364.87885382,44790.46204888,46063.27035709,27881980160.72,10.737771172962049,24.051246444732687,1.9066007895221837,1574.4168049400032
2021-09-13,46057.21532739,46598.67898470733,43591.32078490879,44963.07263282951,40969943252.55,10.713596823709926,24.4361045434066,-2.388449008790672,3007.3581997985384
2021-09-14,44960.04935902961,47218.125354846954,44752.33134929017,47092.49383326693,38652152880.49,10.759868900706998,24.377868312381715,4.735933457720676,2465.7940055567815
2021-09-15,47097.99812341768,48450.46846574889,46773.32654258819,48176.34639274429,30484496466.48,10.782623440847283,24.140484078750717,2.30153995096285,1677.1419231606997
2021-09-16,48158.907204666175,48486.82941062649,47079.55712299215,47783.35780464393,31764293754.0,10.774432694773946,24.181608657953234,-0.8157293309389524,1407.2722876343396
2021-09-17,47771.00310765417,48160.92074812783,46832.52459850905,47267.52002306911,28727713710.9,10.76357865833376,24.08112812831302,-1.0795343928816203,1328.3961496187767
2021-09-18,47273.52581288287,48791.779372223245,47087.284194537155,48278.36351532978,28575630451.13,10.784738778931315,24.07582010941557,2.138558341472785,1704.4951776860908
2021-09-19,48268.85742046013,48328.36733569379,46919.80475676159,47260.21733146774,26967722648.45,10.763424149364852,24.017906530356655,-2.10890782066121,1408.5625789322003
2021-09-20,47261.406498921686,47328.19884178188,42598.91584909948,42843.80244093855,43909845642.16,10.665316279748376,24.5054044061907,-9.34488908409774,4729.282992682398
2021-09-21,43012.2344357601,43607.60998213147,39787.60979796041,40693.67719158998,48701090087.97,10.613828007804397,24.608967250520994,-5.018521062206316,3820.000184171062
2021-09-22,40677.95483393797,43978.61922345792,40625.63419051004,43574.50943280896,38139709245.54,10.682227612328498,24.364521813742485,7.079311676985411,3352.9850329478795
2021-09-23,43560.29537289927,44942.174654396345,43109.33828780285,44895.09660157076,34244064430.34,10.712083860674852,24.256779085332298,3.030641505667697,1832.8363665934958
2021-09-24,44894.30212326092,45080.49106253164,40936.557169121676,42839.75169596445,42839345714.34,10.665221728465626,24.48072280963482,-4.578105542007904,4143.933893409965
2021-09-25,42840.89050861673,42996.25970447862,41759.920425131764,42716.59314672847,31604717235.76,10.662342722015996,24.176572226010844,-0.28748660848934016,1236.3392793468593
2021-09-26,42721.628660246955,43919.300969729826,40848.461659869834,43208.53910453539,30661222077.4,10.673793419155995,24.146264568610732,1.1516507323445113,3070.8393098599918
2021-09-27,43234.18492941265,44313.245882393734,42190.63257626218,42235.73184664342,30980029059.26,10.651021867977455,24.15660860993534,-2.2514236260995357,2122.613306131556
2021-09-28,42200.89661383886,42775.14614153188,40931.66249955052,41034.54466522939,30214940550.45,10.622169543748548,24.13160235920711,-2.844007026504247,1843.4836419813582
2021-09-29,41064.98395394628,42545.258549501974,40829.66927627647,41564.36348149087,30602359904.85,10.634998432038016,24.144342964004597,1.2911531505561458,1715.5892732255015
2021-09-30,41551.270839196986,44092.600563026455,41444.581604469466,43790.89562548486,31141681925.44,10.687181212326296,24.16181301362907,5.356829643224281,2648.0189585569897
2021-10-01,43816.740644298894,48436.011271354095,43320.02297853755,48116.941218027736,42850641581.55,10.781389602358082,24.48098645460973,9.878869867245331,5115.988292816546
2021-10-02,48137.46873272134,48282.0608812222,47465.495758190824,47711.48646346977,30614346491.65,10.772927454249285,24.144734575630206,-0.8426444913045561,816.5651230313742
2021-10-03,47680.02840718254,49130.692210181594,47157.287605521204,48199.95155726554,26638115879.34,10.783113295002202,24.00560895486745,1.0237893010727195,1973.4046046603908
2021-10-04,48208.90763250835,49456.77578224745,47045.00374713232,49112.90128239323,33383173001.66,10.801877034510724,24.231317807632514,1.8940884702820293,2411.7720351151293
2021-10-05,49174.959615548825,51839.98571963284,49072.839248793025,51514.814060276665,35873904236.33,10.849624696943879,24.303275966624668,4.890594355386857,2767.1464708398125
2021-10-06,51486.66574167223,55568.46354624718,50488.19074713721,55361.44942960792,49034730167.78,10.921638771842018,24.61579466292616,7.467046983476178,5080.272799109967
2021-10-07,55338.623744574164,55338.623744574164,53525.46834628189,53805.98516429891,36807860412.83,10.893139988369274,24.328977257487182,-2.8096523507513793,1813.1553982922778
2021-10-08,53802.14603683171,55922.98102185477,53688.0552869081,53967.84676725268,34800873923.86,10.896143717971368,24.272908336166118,0.30082453180537705,2234.9257349466716
2021-10-09,53929.78146840719,55397.9434699833,53735.14288192665,54968.22445041543,32491211414.21,10.914510559994953,24.20423547168825,1.8536549873428898,1662.8005880566488
2021-10-10,54952.821250516485,56401.30424077445,54264.25638853357,54771.579183854585,39527792363.58,10.910926710370221,24.400269865581407,-0.3577435300611387,2137.047852240881
2021-10-11,54734.124840616,57793.03924920704,54519.7655195754,57484.7894651936,42637331697.95,10.959275660750823,24.475996037405753,4.95368277082433,3273.273729631641
2021-10-12,57526.83201141932,57627.87860225571,54477.97446785474,56041.0568380579,41083758949.31,10.933839858910842,24.438878720968372,-2.5115037222322334,3149.9041344009675
2021-10-13,56038.25678811077,57688.66010360205,54370.97322790752,57401.09752733619,41684252783.19,10.95781870281016,24.453389263332028,2.4268648130751913,3317.6868756945332
2021-10-14,57372.832078895444,58478.735498872185,56957.076136221294,57321.52527966035,36615791365.79,10.956431491491427,24.32374544238415,-0.1386249585871524,1521.6593626508911
2021-10-15,57345.901979185575,62757.12970297238,56868.14269296361,61593.950060618336,51780081800.67,11.028318931396718,24.670271391042018,7.453438756407249,5888.987010008772
2021-10-16,61609.52714620337,62274.47708576495,60206.12006281065,60892.18069270075,34250964237.12,11.016860049603974,24.256980554166972,-1.139347885996811,2068.3570229542966
2021-10-17,60887.65305206833,61645.5224773273,59164.46837606796,61553.61738469951,29032367510.53,11.027663901367339,24.091677165585615,1.0862424115450464,2481.0541012593385
2021-10-18,61548.803434206464,62614.65904694762,60012.7569251342,62026.07783109295,38055562075.08,11.035310185774481,24.36231308862843,0.7675591889923394,2601.902121813422
2021-10-19,62043.16583539526,64434.53337332829,61622.93371791293,64261.99119285591,40471196345.95,11.070723618695471,24.423856356700693,3.6047956600636644,2811.5996554153608
2021-10-20,64284.586188483045,66930.38727098986,63610.674991689106,65992.8370361176,40788955581.64,11.097301485362989,24.431677185183176,2.6934208093043255,3319.712279300751
2021-10-21,66002.23220375569,66600.54680827727,62117.40871370067,62210.17307563477,45908121369.65,11.038273819624385,24.54990787451951,-5.73193111611886,4483.1380945765995
2021-10-22,62237.89106678509,63715.021682356724,60122.797816531944,60692.26443309548,38434082774.64,11.013571529603535,24.372210475137003,-2.439968525234326,3592.2238658247807
2021-10-23,60694.62797663025,61743.87800599312,59826.521738339674,61393.61719151695,26882546034.26,11.025061154196033,24.0147430666523,1.1555883850644655,1917.3562676534493
2021-10-24,61368.34317142168,61505.8033499327,59643.34537811252,60930.836442179556,27316183881.53,11.017494671068542,24.030745179664493,-0.7537929356625894,1862.4579718201785
2021-10-25,60893.92757572503,63729.32570805201,60691.79895440064,63039.8255141733,31064911613.92,11.051521956669005,24.15934477525989,3.461283637547097,3037.526753651371
2021-10-26,63032.76251241394,63229.02640452481,59991.16068671486,60363.79205035724,34878965587.2,11.00814473480436,24.275149779217156,-4.244988690862428,3237.865717809953
2021-10-27,60351.998619297934,61435.18459666256,58208.18905353113,58482.387940045504,43657076893.23,10.976480927038109,24.499631234228822,-3.1167758790604294,3226.99554313143
2021-10-28,58470.72957834805,62128.63294631658,58206.91785547681,60622.13670884834,45257083247.08,11.012415397579664,24.535625030688962,3.658791722041932,3921.7150908397743
2021-10-29,60624.87076486328,62927.60964090372,60329.96506898058,62227.96459381882,36856881766.69,11.038559769231771,24.33030818893813,2.648913370841477,2597.6445719231415
2021-10-30,62239.36221013832,62330.145530435664,60918.385284029144,61888.831219032596,32157938615.83,11.033095009743851,24.19392518143635,-0.544985485223326,1411.7602464065203
2021-10-31,61850.48945609283,62406.17045156975,60074.32959260729,61318.957766605985,32241199927.48,11.023844336210614,24.196510972486536,-0.92080176859336,2331.8408589624596
2021-11-01,61320.44949159524,62419.00478547046,59695.18309314882,61004.40802134929,36150572843.25,11.0187014031897,24.31095863171194,-0.5129730783323794,2723.8216923216387
2021-11-02,60963.2541524674,64242.794890784164,60673.055415022725,63226.40109708796,37746665647.11,11.054477231784329,24.354162981511493,3.6423483938423873,3569.7394757614384
2021-11-03,63254.334880972434,63516.93758361721,61184.24017816589,62970.047426018544,36124731509.48,11.050414454635094,24.310243551087858,-0.40545352356172737,2332.6974054513194
2021-11-04,62941.80403493862,63123.28891505452,60799.66247532921,61452.2305873208,32615846901.02,11.026015413559477,24.208064108468413,-2.410379062332735,2323.626439725311
2021-11-05,61460.07904015772,62541.46768614855,60844.60760778878,61125.67426890355,30605102446.15,11.02068725770044,24.144432578610285,-0.5313986413450489,1696.8600783597722
2021-11-06,61068.87344706671,61590.68242934496,60163.78154896681,61527.481793398685,29094934221.43,11.027239212412361,24.093829914232074,0.657346572125328,1426.9008803781544
2021-11-07,61554.92180501453,63326.98902809924,61432.48911421684,63326.98902809924,24726754301.5,11.056066884216301,23.931151664476094,2.9247210876321317,1894.4999138823987
2021-11-08,63344.067222010075,67673.73912296213,63344.067222010075,67566.8300878775,41125608330.4,11.120872462435226,24.439896838151114,6.695156559388882,4329.671900952053
2021-11-09,67549.73558078487,68530.33968606162,66382.06100821143,66971.82809746113,42357991721.09,11.11202733379092,24.469422946760883,-0.8806125574375989,2148.2786778501904
2021-11-10,66953.33937367408,68789.62593892214,63208.11499840693,64995.22939074326,48730828378.26,11.082069152195738,24.609577693005996,-2.951388311875569,5581.510940515211
2021-11-11,64978.89029642256,65579.01476027582,64180.48892767775,64949.96191476004,35880633235.64,11.081372435720745,24.303463522689185,-0.06964738244260582,1398.5258325980758
2021-11-12,64863.98034642406,65460.81498300306,62333.913107848,64155.94183643273,36084893887.38,11.069071989860946,24.309140162836698,-1.2225104602361037,3126.901875155061
2021-11-13,64158.122680802655,64915.67487503434,63303.73382503543,64469.52902338505,30474228777.23,11.073947972917116,24.14014720525784,0.488789000638179,1611.9410499989099
2021-11-14,64455.371640342,65495.18048964447,63647.80824724336,65466.8410240344,25122092190.66,11.08929904953076,23.947013462922914,1.546950963900473,1847.3722424011066
2021-11-15,65521.289342096235,66281.56971124028,63548.143417140454,63557.87151837094,30558763548.22,11.059706132336164,24.142917340616656,-2.9159334340916665,2733.4262940998306
2021-11-16,63721.195194032895,63721.195194032895,59016.3371572465,60161.2470371667,46844335591.65,11.004783687085194,24.570095933126982,-5.344144478190205,4704.858036786398
2021-11-17,60139.62010926292,60823.61051804563,58515.409892466094,60368.011816764934,39178392930.24,11.008214637949582,24.39139123101666,0.3436843313279425,2308.200625579535
2021-11-18,60360.13768997755,60948.49843615724,56550.79164360376,56942.136244057234,41388338699.24,10.949790877586244,24.446265004168726,-5.674984929280535,4397.706792553479
2021-11-19,56896.12868016403,58351.11326592489,55705.18068471588,58119.57619379246,38702407772.13,10.970257825740779,24.3791676513809,2.067783239969523,2645.93258120901
2021-11-20,58115.080346469724,59859.88044204033,57469.725660868986,59697.19713425886,30624264862.85,10.997040349103653,24.145058501044822,2.7144398562130245,2390.1547811713463
2021-11-21,59730.50797421915,60004.42638275681,58618.9314315245,58730.47663865068,26123447605.05,10.980714064244754,23.986099123649574,-1.6193733408187083,1385.4949512323074
2021-11-22,58706.849383944165,59266.358468189974,55679.840403672526,56289.287322638556,35036121783.1,10.938259517561411,24.2796454171831,-4.1565971463708,3586.518064517448
2021-11-23,56304.55538766307,57875.51639658305,55632.759912335874,57569.07487572713,37485803898.95,10.960740807985886,24.347228135555163,2.2735899030895457,2242.7564842471766
2021-11-24,57565.85010775674,57803.06652501975,55964.22106983417,56280.42710822074,36635566788.68,10.938102100187104,24.32428537567327,-2.238437512307012,1838.8454551855757
2021-11-25,57165.41727228777,59367.96799431321,57146.68520201811,57274.67944716527,34284016247.69,10.95561391057387,24.25794508389759,1.7666041109330788,2221.2827922950964
2021-11-26,58960.28518286405,59183.48147055832,53569.76396309677,53569.76396309677,41810748221.23,10.888740082725608,24.456419277902903,-6.468679562818346,5613.717507461552
2021-11-27,53736.4315256188,55329.259649575484,53668.355219128505,54815.07930492795,30560857714.07,10.911720604881797,24.142985867410754,2.324660871548856,1660.904430446979
2021-11-28,54813.024701786526,57393.84375116775,53576.73581756842,57248.45837582401,28116886356.83,10.955155993120718,24.05963617076068,4.439251209251283,3817.107933599327
2021-11-29,57291.904734500975,58872.88057761949,56792.525407978785,57806.56621525592,32370840356.0,10.964857650548279,24.200523865499083,0.9748871065977882,2080.3551696407085
2021-11-30,57830.11381927063,59113.40090139977,56057.28223400635,57005.42547359979,36708594617.63,10.950901726034367,24.326276750356215,-1.385899205071106,3056.1186673934208
2021-12-01,56907.96673382658,59041.68524348552,56553.080774468355,57229.82989944917,36858195306.81,10.954830543171738,24.330343827240963,0.39365450566333227,2488.604469017162
2021-12-02,57217.37104847201,57349.23497932623,55895.132861981125,56477.8174777821,32379968685.55,10.941603229029944,24.200805818103092,-1.3140217662508058,1454.1021173451081
2021-12-03,56509.16535639055,57482.16926596985,52496.58536174191,53598.24647029791,39789134214.89,10.88927163141736,24.406859702286745,-5.0985876156014465,4985.58390422794
2021-12-04,53727.87808734998,53904.67951179671,42874.61685839051,49200.70461743719,61385677468.79,10.803663223870474,24.840442378908147,-8.204637544061576,11030.062653406203
2021-12-05,49201.518401015586,49768.14897629845,47857.49687209026,49368.84709922548,37198201161.44,10.80707487872635,24.339526241181062,0.34174811742166966,1910.6521042081877
2021-12-06,49413.479099212935,50929.519093832285,47281.03537975852,50582.62539664405,37707308001.13,10.831363424702204,24.353119758798453,2.4585915384635504,3648.4837140737654
2021-12-07,50581.83004951807,51934.78189551239,50175.80752105663,50700.08433648292,33676814851.61,10.833682853019369,24.240075450934235,0.23221202718881617,1758.9743744557563
2021-12-08,50667.64768306087,51171.37531040532,48765.98692100967,50504.795538708415,28479699445.97,10.82982357191747,24.072457370273334,-0.3851843647407427,2405.3883893956445
2021-12-09,50450.08205241094,50797.16544089217,47358.35327050096,47672.12239108743,29603577250.59,10.772102069781454,24.111161044034755,-5.608721146984818,3438.812170391211
2021-12-10,47642.14355318415,50015.25298738731,47023.698021046774,47243.30568491641,30966005122.3,10.763066244258416,24.156155830757953,-0.89951251310596,2991.55496634054
2021-12-11,47264.634703397795,49458.21278787934,46942.347820725285,49362.50833645898,25775869261.33,10.806946474477321,23.972704591259618,4.485720507528268,2515.864967154055
2021-12-12,49354.854935162286,50724.86573999367,48725.853022635834,50098.33513638934,21939223598.97,10.821743055710208,23.81154190370016,1.4906592568491472,1999.0127173578367
2021-12-13,50114.74099112629,50204.99826327091,45894.84739484313,46737.482243749975,32166727776.26,10.75230173937088,24.19419845640154,-6.708512136161149,4310.15086842778
2021-12-14,46709.8224590995,48431.39956649362,46424.49602199481,46612.63350690285,34638619079.14,10.749626888669681,24.268235054925118,-0.2671276475613382,2006.9035444988112
2021-12-15,48379.75422773965,49473.955789617285,46671.96674485966,48896.72082911439,36541828519.8,10.79746561450511,24.321723428237007,4.900146484693457,2801.9890447576254
2021-12-16,48900.46291062604,49425.57314325848,47529.880765521484,47665.42607788397,27268150946.58,10.771961593897146,24.028985226099078,-2.5181540405001535,1895.6923777369957
2021-12-17,47653.729852491706,48004.89375037717,45618.216083973144,46202.14337914699,32902725329.31,10.740781469481716,24.216821328044105,-3.069903741856861,2386.6776664040226
2021-12-18,46219.25541631027,47313.828780620126,45598.4426124471,46848.7767655561,26098292689.86,10.754680177732453,23.98513573495385,1.3995744333821447,1715.3861681730268
2021-12-19,46853.868003043426,48089.6643521108,46502.954546756206,46707.01487699963,25154053860.63,10.751649643875293,23.948284907804275,-0.3025946424724868,1586.7098053545924
2021-12-20,46707.06445122794,47401.71794820032,45579.81014253655,46880.27896372307,30961902128.91,10.755352374824552,24.15602332205297,0.3709594526212445,1821.9078056637663
2021-12-21,46886.077457385276,49300.91970607458,46698.77411525426,48936.61415144679,27055803927.85,10.798281150938605,24.021167382175506,4.386354418485761,2602.1455908203206
2021-12-22,48937.09633911408,49544.79644160876,48450.93972971039,48628.50992513397,24447979558.59,10.791965261865954,23.91981341381229,-0.6295985769659285,1093.8567118983701
2021-12-23,48626.343782202304,51332.340378308974,48065.83752640367,50784.5381788605,28223878107.92,10.835347220679807,24.063434198022804,4.433671229173686,3266.502851905301
2021-12-24,50806.05050297992,51814.02850549826,50514.49429089663,50822.19652323034,24367912228.26,10.836088477570005,23.916533031166434,0.07415316889800572,1299.5342146016264
2021-12-25,50854.9186725144,51176.5987876064,50236.70650013308,50429.8577970562,19030650914.0,10.828338695258273,23.669316722293782,-0.7719830172920772,939.8922874733253
2021-12-26,50428.69269638934,51196.377286971096,49623.104207223216,50809.515012889526,20964372925.86,10.835838919430818,23.7660903065976,0.7528421304719535,1573.2730797478798
2021-12-27,50802.60893278534,51956.3263547044,50499.46867595765,50640.41880437812,24324345757.98,10.832505327012495,23.91474356878751,-0.3328042168253553,1456.8576787467464
2021-12-28,50679.85937702978,50679.85937702978,47414.209925318886,47588.85477745916,33430376883.39,10.770353869472991,24.232730811122526,-6.025945477874162,3265.649451710895
2021-12-29,47623.8704633248,48119.74094987764,46201.494370962726,46444.71049053977,30049226299.49,10.746017862419478,24.126102750491007,-2.4042274021297105,1918.2465789149137
2021-12-30,46490.606049355396,47879.96549998205,46060.313166020685,47178.125843439775,26686491018.4,10.761685628633874,24.007423319947474,1.579114919985103,1819.6523339613632
2021-12-31,47169.37285862106,48472.52749022501,45819.95455328177,46306.44612269956,36974172399.58,10.74303645549571,24.333485462590414,-1.8476353292050551,2652.5729369432374
2022-01-01,46311.744663040976,47827.310994600855,46288.48609504679,47686.81150917818,24582667004.25,10.772410150369314,23.925307438219022,2.9809357056272967,1538.8248995540634
2022-01-02,47680.926624830136,47881.406233160575,46856.936309742916,47345.22056425304,27951569547.04,10.76522115506665,24.053739190500014,-0.7163216287995988,1024.4699234176587
2022-01-03,47343.54376514904,47510.72617492852,45835.96302540625,46458.11695889139,33071628361.52,10.746306475130474,24.22194160256821,-1.873691990002968,1674.7631495222668
2022-01-04,46458.85144441394,47406.54830217716,45752.46356205306,45897.57582677831,42494677904.76,10.734167580422506,24.472644679265027,-1.2065515539708138,1654.0847401240972
2022-01-05,45899.35873958258,46929.04579448634,42798.22425915639,43569.003347649836,36851084858.53,10.682101244111502,24.330150894999974,-5.073410604335016,4130.821535329946
2022-01-06,43565.51172706792,43748.72031099312,42645.54095167677,43160.928419605385,30208048288.93,10.672690930252976,24.13137422545596,-0.9366175415772116,1103.179359316353
2022-01-07,43153.57087575333,43153.57087575333,41077.446201548206,41557.901160970876,84196607519.83,10.634842942517588,25.156420466644636,-3.7140703810864983,2076.1246742051226
2022-01-08,41561.46586768905,42228.94203543531,40672.27544835678,41733.94309889255,28066355845.13,10.639070059869114,24.057837395063718,0.42360642141139326,1556.6665870785364
2022-01-09,41734.72756293196,42663.950482400825,41338.15970640347,41911.60153633568,21294384372.18,10.643317953893018,23.78170923040288,0.42569291145613253,1325.7907759973532
2022-01-10,41910.2308272178,42199.48504221731,39796.571708349016,41821.26313900311,32104232330.73,10.641160176711162,24.1922537067005,-0.21554508542044326,2402.913333868295
2022-01-11,41819.506970621274,43001.15712132047,41407.75387307927,42735.85411950772,26327648900.42,10.662793521816859,23.993885512902207,2.186904248838073,1593.4032482412003
2022-01-12,42742.17840595137,44135.36850871346,42528.98644526586,43949.10068678188,33499938688.54,10.690787440714706,24.234809445582922,2.83894306612289,1606.3820634475996
2022-01-13,43946.741717735065,44278.42325661266,42447.044152064336,42591.57225803064,47691135081.85,10.659411678367142,24.58801137022828,-3.0888650906104487,1831.379104548323
2022-01-14,42598.87288897501,43346.688565720644,41982.6166524365,43099.69982832971,23577403398.89,10.671271311527672,23.883554607200345,1.1930237447462577,1364.0719132841405
2022-01-15,43101.89961076399,43724.67318452965,42669.0352201934,43177.396790080275,18371348297.75,10.673072414851724,23.634058130200234,0.18027262848707704,1055.6379643362525
2022-01-16,43172.038894674435,43436.80750035015,42691.024234079094,43113.88011377783,17902097844.6,10.671600268649868,23.608183740948316,-0.14710631261827256,745.7832662710571
2022-01-17,43118.12010150989,43179.39110302975,41680.3215634165,42250.54937324005,21690904261.18,10.651372635617706,23.80015885115039,-2.0024426895919434,1499.0695396132505
2022-01-18,42250.07314461258,42534.40391854775,41392.216698751,42375.63284306859,22417209226.95,10.654328778920936,23.833094769900065,0.29605170035436057,1142.1872197967532
2022-01-19,42374.04061202849,42478.30484434323,41242.91311568182,41744.3298424627,23091543257.9,10.639318908899114,23.862732294714252,-1.4897783425295907,1235.3917286614087
2022-01-20,41744.02805917337,43413.02394236423,40672.8238483266,40680.419913600264,20382033939.59,10.61350217246911,23.73791966052619,-2.5486333901573732,2740.200094037624
2022-01-21,40699.60698392732,41060.5273749856,35791.4265480389,36457.318100136144,43011992031.18,10.503897488207823,24.484744798204982,-10.381165736325782,5269.100826946698
2022-01-22,36471.58999992482,36688.81082378707,34349.24919495158,35030.25176759585,39714385404.71,10.463967303365129,24.404979311769125,-3.914348084026964,2339.5616288354868
2022-01-23,35047.360289671895,36433.31265657471,34784.9671633865,36276.80469436993,26017975950.79,10.49893382687656,23.982053518795656,3.5585040468569584,1648.345493188208
2022-01-24,36275.732948124925,37247.52132807993,33184.05956566154,36654.329182687645,41856658596.7,10.50928682264962,24.457516727479124,1.040677346029617,4063.4617624183884
2022-01-25,36654.80592442568,37444.56934799371,35779.42880382785,36954.00201362759,26428189593.82,10.51742922940521,23.997697065063647,0.8175646304870554,1665.1405441658644
2022-01-26,36950.51482868812,38825.40869289119,36374.9079053597,36852.122594585955,31324598033.71,10.514668496897173,24.167669505522028,-0.275692519051296,2450.5007875314914
2022-01-27,36841.88060894733,37148.322279089225,35629.27988787525,37138.23431595358,25041426629.34,10.522402292472146,23.943797355570528,0.7763778616368233,1519.042391213974
2022-01-28,37128.444198943034,37952.87783586475,36211.10819862756,37784.33326406649,22238830522.98,10.539649831780187,23.825105720547803,1.7397136940227709,1741.7696372371865
2022-01-29,37780.713786273285,38576.26364490159,37406.47368744183,38138.17856577545,17194183074.9,10.548971121479564,23.567836970245793,0.9364868217629052,1169.7899574597614
2022-01-30,38151.918823373366,38266.339795389365,37437.709209056906,37917.60273361001,14643548443.91,10.543170735320182,23.407265696158774,-0.5783596397636703,828.6305863324596
2022-01-31,37920.28099097226,38647.260982957094,36733.57287451939,38483.126309273044,20734730465.05,10.55797514652292,23.75507593152723,1.4914539287626427,1913.6881084377019
2022-02-01,38481.765368511944,39115.13228129207,38113.663094542324,38743.272569369816,20288500327.54,10.564712408596302,23.733320076152072,0.6760008477639801,1001.4691867497459
2022-02-02,38743.71342572458,38834.61783097103,36832.72866723168,36952.984932759464,19155189415.69,10.51740170613819,23.675839503627003,-4.620899366218589,2001.8891637393535
2022-02-03,36944.805239029825,37154.60024460736,36375.53733969708,37154.60024460736,18591534769.08,10.52284287140591,23.645972194125115,0.5455995292795945,779.062904910279
2022-02-04,37149.26414150606,41527.7855761899,37093.62956799564,41500.87538231141,29412210791.81,10.633469799545997,24.104675758118912,11.69781160096015,4434.156008194259
2022-02-05,41501.480571936794,41847.16328514942,41038.09585661601,41441.1648206042,19652846214.68,10.632029985143639,23.70148801030337,-0.1438778366893434,809.0674285334098
2022-02-06,41441.12079033813,42500.7869325403,41244.90763490041,42412.43423591741,16142097333.9,10.655196858508729,23.50469643768421,2.343730972615665,1255.8792976398909
2022-02-07,42406.7813264058,44401.86351018092,41748.155311541545,43840.28657610548,28641855926.25,10.688308458464252,24.078134978833507,3.3665889871958177,2653.708198639375
2022-02-08,43854.6536157814,45293.86624420329,42807.83573791916,44118.44625972839,33079398868.46,10.69463325651271,24.22217653488298,0.6344841818952007,2486.030506284129
2022-02-09,44096.704492042554,44727.799891547955,43232.96716225857,44338.79775741671,23245887299.61,10.699615368626269,23.86939406299348,0.4994543470345558,1494.8327292893882
2022-02-10,44347.79883452384,45661.1731433747,43402.80824410734,43565.112172844536,32142048537.32,10.682011929500694,24.193430933162375,-1.7449403766090055,2258.364899267355
2022-02-11,43571.13046337891,43810.83038345513,42114.53964298382,42407.93793801922,26954925781.36,10.655090839216731,24.01743189241869,-2.656194778597676,1696.2907404713114
2022-02-12,42412.30031147502,42992.551560549764,41852.572721957906,42244.469986888595,18152390303.98,10.65122873633446,23.622068086174938,-0.38546545547566424,1139.9788385918582
2022-02-13,42236.56642632817,42693.05285475678,41950.94173570745,42197.515340527556,14741589014.5,10.650116620104164,23.4139385207806,-0.11114980582218603,742.111119049332
2022-02-14,42157.39915316259,42775.77832154969,41681.95611311458,42586.91968609005,20827783011.84,10.659302435485776,23.75955365409408,0.9228134462895721,1093.8222084351073
2022-02-15,42586.464611620926,44667.21697982024,42491.033760384526,44575.20333414411,22721659050.67,10.704933004339425,23.846584449729807,4.668766050021422,2176.183219435712
2022-02-16,44578.276206938615,44578.276206938615,43456.69293506654,43961.85938827947,19792547656.71,10.691077704899657,23.708571322823563,-1.3759756545963509,1121.5832718720776
2022-02-17,43937.07161828148,44132.97417691996,40249.37300295736,40538.0128343685,26246662812.84,10.60999540139879,23.990804686962793,-7.788220520135203,3883.6011739625974
2022-02-18,40552.13257469959,40929.15323211681,39637.618604758165,40030.97559908853,23310007703.81,10.597408823388074,23.872148620487803,-1.2507698326300165,1291.5346273586474
2022-02-19,40026.02250608061,40418.879215173474,39713.058328724495,40122.15476569747,13736557862.99,10.599683948652029,23.343326572922336,0.227771532530463,705.8208864489789
2022-02-20,40118.100621485086,40119.89006208543,38112.81394419498,38431.3781154647,18340576451.97,10.556629543323536,23.6323817346859,-4.214072399915835,2007.0761178904504
2022-02-21,38423.209871915555,39394.43582634885,36950.47571861194,37075.279353375714,29280402797.54,10.520705701795702,24.100184282691483,-3.528623818835408,2443.960107736908
2022-02-22,37068.771436199466,38359.853663799135,36488.93225594501,38286.027087969574,25493150449.85,10.552840280612465,23.96167564321891,3.265646963988744,1870.9214078541263
2022-02-23,38285.28261421084,39122.39390456852,37201.81601362011,37296.5720003887,21849073843.24,10.52665669793369,23.807424370552585,-2.5843765019217257,1920.577890948407
2022-02-24,37278.5650718651,38968.841216900575,34459.21772828672,38332.609830700356,46383802092.57,10.554056244517431,24.56021614239899,2.7778366073451854,4509.623488613855
2022-02-25,38333.74714480872,39630.32241664578,38111.34188794657,39214.22062504251,26545599158.94,10.57679473104005,24.00212981416977,2.2998976543362692,1518.9805286992123
2022-02-26,39213.08378308136,40005.348726433665,38702.53370623648,39105.147815551434,17467554129.06,10.574009394994082,23.583610947230216,-0.2781460596501528,1302.8150201971876
2022-02-27,39098.69891124532,39778.94237294012,37268.97751705011,37709.78375343292,23450127611.88,10.537674855773826,23.87814177369511,-3.568236255492685,2509.964855890008
2022-02-28,37706.001266645675,43760.45701816791,37518.214603646804,43193.2340330233,35690014104.01,10.67343914236013,24.298136769629405,14.541187282971846,6242.242414521104
2022-03-01,43194.504211304244,44793.600448404046,42952.58405280174,44354.63750736122,32479047644.8,10.699972548389699,24.20386103052922,2.6888550958003687,1841.0163956023025
2022-03-02,44357.615244967536,45077.5769494305,43432.851778910444,43924.11643805577,29183112629.72,10.690218797612363,24.096856044322056,-0.9706337228750916,1644.7251705200542
2022-03-03,43925.195064951615,44021.57833671519,41914.74909761815,42451.7895866188,24967782593.19,10.656124348368412,23.940852134459085,-3.3519782999239744,2106.829239097038
2022-03-04,42458.1411201421,42479.6131422293,38805.84954302073,39137.60363875836,28516271426.66,10.574839013699078,24.073740688555286,-7.8069404850369395,3673.7635992085634
2022-03-05,39148.44970501965,39566.33618922075,38777.03641648265,39400.584138040096,16975917449.62,10.581535921014705,23.555061556036424,0.6719381741127073,789.2997727380935
2022-03-06,39404.19892431593,39640.176751120496,38211.647962292154,38419.983377392564,19745229901.83,10.556333003667394,23.706177775163958,-2.488797519376851,1428.528788828342
2022-03-07,38429.30278301694,39430.22805907617,37260.20171383846,38062.040205582,28546143502.55,10.54697274439458,24.07478768520469,-0.9316588409072235,2170.026345237711
2022-03-08,38059.904292538864,39304.442853072534,37957.386526600145,38737.2684954927,25776583476.27,10.564557425840462,23.972732299541264,1.7740202213639478,1347.0563264723896
2022-03-09,38742.81608045671,42465.67291118054,38706.0947800838,41982.92635480721,32284121034.04,10.645018299254003,24.19784133744252,8.378644094877675,3759.578131096743
2022-03-10,41974.06923817848,42004.727151859945,38832.94126502495,39437.45977362875,31078064710.78,10.582471399279974,24.159768092514206,-6.063099460161858,3171.785886834994
2022-03-11,39439.96953161491,40081.6792542572,38347.43316239842,38794.97313747885,26364890465.25,10.56604595890556,23.995299055368726,-1.6291278389576114,1734.2460918587822
2022-03-12,38794.46318889842,39308.59906103982,38772.53587861972,38904.013398030336,14616450657.2,10.568852696470524,23.40541348868855,0.28106801405707316,536.0631824201046
2022-03-13,38884.7248489191,39209.350427012694,37728.144356335404,37849.66279952727,17300745309.73,10.541377349962694,23.57401541900945,-2.7101332392519772,1481.20607067729
2022-03-14,37846.316439623675,39742.50072233807,37680.73446757749,39666.75581897766,24322159070.49,10.588268730960284,23.914653667673374,4.800816929531759,2061.7662547605796
2022-03-15,39664.25002606368,39794.63026359776,38310.21257971258,39338.785492032424,23934000867.75,10.579966219377845,23.89856591535369,-0.8268140919866385,1484.4176838851854
2022-03-16,39335.569403715985,41465.45171392856,39022.34708714592,41143.92804034744,39616916192.41,10.624831638482473,24.40252204056892,4.588709401515767,2443.1046267826387
2022-03-17,41140.84481577167,41287.535203645595,40662.87060094859,40951.37987550552,22009601092.64,10.62014078530704,23.814744608405956,-0.46798683065238933,624.6646026970047
2022-03-18,40944.84167953429,42195.74476003573,40302.39804880724,41801.15449609347,34421564941.56,10.640679237655203,24.261949092749713,2.075081775440335,1893.3467112284925
2022-03-19,41794.64783390654,42316.55446040123,41602.66838045373,42190.65346170694,19664853187.34,10.649953993543281,23.702098777119122,0.9317899716139832,713.8860799475005
2022-03-20,42191.40531212776,42241.16478331302,41004.75956246816,41247.82344683423,20127946682.25,10.627353625445478,23.725375068526613,-2.234689291381664,1236.4052208448556
2022-03-21,41246.13284847771,41454.41043229754,40668.04169654666,41077.99799180382,24615543270.67,10.623227928478203,23.926643920628845,-0.4117197971652997,786.3687357508825
2022-03-22,41074.10451849765,43124.70806932684,40948.280743583644,42358.808425408446,32004652375.66,10.653931669607902,24.189147115917883,3.1179962418328655,2176.4273257431996
2022-03-23,42364.3780528832,42893.50667956705,41877.50940012538,42892.95748224282,25242943069.35,10.666462930187095,23.951812471203315,1.2610105824269802,1015.9972794416681
2022-03-24,42886.65421682143,44131.854552052,42726.16253143749,43960.93305895402,31042992291.34,10.691056633473245,24.158638928753668,2.489862297682155,1405.6920206145078
2022-03-25,43964.54622463837,44999.49305881161,43706.286031839605,44348.73090483442,30574413034.44,10.699839371879241,24.14342932077004,0.8821419812913067,1293.2070269720061
2022-03-26,44349.85843334273,44735.995596139575,44166.27514315357,44500.82841551288,16950455994.89,10.703263084059996,23.5535605727644,0.34295797777130765,569.7204529860028
2022-03-27,44505.35710237063,46827.54619454887,44437.29364740723,46820.4934636771,28160889721.88,10.754076280580927,24.06119996297435,5.212633406517875,2390.2525471416448
2022-03-28,46821.85024693429,48086.836749156784,46690.20413375594,47128.00516225025,36362175703.48,10.760622692738316,24.316794942294962,0.6567886748389595,1396.632615400842
2022-03-29,47100.43859807688,48022.2888818255,47100.43859807688,47465.72988771132,31397059068.97,10.767763253585455,24.16998006525034,0.716611544024337,921.850283748623
2022-03-30,47456.89702971699,47655.14942974676,46746.211368980075,47062.664166927236,29333883961.6,10.759235272810848,24.102009133998507,-0.8491720694859373,908.9380607666826
2022-03-31,47062.14656183097,47512.0283138768,45390.53714831033,45538.676922338804,33327427106.32,10.726317286106942,24.229646531756554,-3.238208613058924,2121.491165566469
2022-04-01,45554.16381205456,46616.2437719152,44403.14100934132,46281.64398145087,38162644286.97,10.742500703179964,24.365122975857645,1.6315077848640946,2213.102762573879
2022-04-02,46285.49805877043,47028.28078788789,45782.51301843445,45868.94915592036,29336594194.19,10.73354367814895,24.102101522289082,-0.8917030382410651,1245.767769453436
2022-04-03,45859.12870068277,47313.476854472145,45634.10380046333,46453.56707631718,25414397610.22,10.746208535186211,23.95858168542863,1.2745395984755437,1679.3730540088145
2022-04-04,46445.271619629675,46791.08904515544,45235.81535402031,46622.674413745226,32499785455.18,10.74984227717657,24.204499324881237,0.36403520347580987,1555.273691135124
2022-04-05,46624.50707545264,47106.13974053111,45544.807506170655,45555.99340419705,29640604054.7,10.726697472609725,24.11241101687986,-2.2879018052076816,1561.3322343604523
2022-04-06,45544.35561952329,45544.35561952329,43193.95400050059,43206.737672573465,39393395787.79,10.673751726713885,24.396864019601324,-5.156853261391392,2350.4016190226976
2022-04-07,43207.49887037383,43860.69755850556,42899.90660895607,43503.84916613646,26101973106.2,10.680604699739918,23.985276746356377,0.6876508377340329,960.7909495494896
2022-04-08,43505.13680265104,43903.01956516628,42183.2871213171,42287.663511680774,27215995394.34,10.652250679748489,24.027070703373713,-2.7955817192432897,1719.7324438491778
2022-04-09,42282.07939459544,42786.81783693025,42183.253908147766,42782.13531729363,16050772496.25,10.66387589530597,23.49902281597167,1.1693050988174525,603.5639287824815
2022-04-10,42781.09046341356,43376.380660251634,42021.206801934924,42207.67096373395,17654475582.4,10.650357259896577,23.5942551622549,-1.3427669032860634,1355.1738583167098
2022-04-11,42201.038230331425,42424.59103711382,39373.058328450235,39521.90132656629,33949912165.86,10.58461026119457,24.24815210378606,-6.363226342138983,3051.532708663588
2022-04-12,39533.71330624112,40617.5860956274,39388.327446179916,40127.18208492876,30991500853.81,10.59980924113257,24.15697883783506,1.5315071847406436,1229.2586494474817
2022-04-13,40123.569761918385,41430.054155109836,39712.74681178494,41166.73181224617,27691105227.77,10.62538572886452,24.044377087661726,2.5906372521180554,1717.3073433248937
2022-04-14,41160.21914540542,41451.48013533586,39695.744431167535,39935.51699921352,24342001973.22,10.595021357285306,23.915469171461133,-2.99080048095145,1755.735704168328
2022-04-15,39939.40395993831,40617.72080256418,39866.830396352045,40553.46327188841,21756855752.62,10.610376463341394,23.80319475183082,1.5473601423190875,750.8904062121364
2022-04-16,40552.31769418768,40633.68070547016,40078.42550458377,40424.48329332248,16833150693.09,10.60719090250394,23.54661603458531,-0.31804923219797,555.2552008863859
2022-04-17,40417.77626722159,40570.72778471566,39620.89360089835,39716.95422583571,19087633042.29,10.589533434097,23.672306477593395,-1.7502488834622798,949.8341838173073
2022-04-18,39721.202915300324,40986.31882987122,38696.19151822743,40826.21438560206,33705182071.98,10.617079663522457,24.240917433165126,2.7929134582147297,2290.127311643788
2022-04-19,40828.174203435905,41672.961756564466,40618.6341947153,41502.7504194207,25303206546.84,10.633514979189451,23.954196965630743,1.6571118434562049,1054.327561849168
2022-04-20,41501.744242424924,42126.300130217234,40961.09755199008,41374.37820120313,27819532341.16,10.630417084196724,24.049004213133628,-0.30931014672583856,1165.2025782271521
2022-04-21,41371.51504679231,42893.58020438128,40063.8286699322,40527.36408353853,35372786395.42,10.609732681325287,24.289208615557403,-2.047194796609586,2829.751534449082
2022-04-22,40525.861918239076,40777.758643666486,39315.41841144436,39740.3198538771,28011716744.78,10.590121564736656,24.055888714764382,-1.9420069561866926,1462.3402322221227
2022-04-23,39738.723269661496,39935.860651406445,39352.20302435144,39486.728711324504,16138021249.44,10.583719912442834,23.504443893105037,-0.6381205372403609,583.6576270550067
2022-04-24,39478.37343720399,39845.9247429991,39233.540939626706,39469.293555833974,17964398167.08,10.583278270240674,23.61165775664905,-0.044154469259771734,612.383803372395
2022-04-25,39472.60737229702,40491.75379870282,38338.376963269766,40458.308964552205,35445730570.23,10.608027314607368,24.291268647417198,2.505784420283974,2153.376835433053
2022-04-26,40448.42267445845,40713.88956797172,37884.986010577886,38117.46250783485,34569088415.86,10.548427789651031,24.266225721306352,-5.785823769273957,2828.903557393831
2022-04-27,38120.302630877784,39397.917135592856,37997.31163135793,39241.12275076347,30981015184.24,10.57748052567475,24.156640440418254,2.947888366644702,1400.6055042349253
2022-04-28,39241.42852522164,40269.465120737244,38941.42258133039,39773.82836756587,33903704906.51,10.59096439626845,24.246790134638758,1.3575187952338474,1328.0425394068516
2022-04-29,39768.61581999673,39887.26821136156,38235.536550855366,38609.82319333789,30882994649.3,10.561262009950669,24.153471534386128,-2.9265605600520495,1651.7316605061933
2022-04-30,38605.858805370524,38771.20999187337,37697.94277909221,37714.87554529895,23895713731.28,10.537809872409529,23.89696493801277,-2.3179273408156065,1073.2672127811602
2022-05-01,37713.26508974102,38627.85750486399,37585.787372875384,38469.09390254249,27002760109.78,10.557610442116799,24.019204924014137,1.9997901261470608,1042.0701319886066
2022-05-02,38472.1871454262,39074.9717589518,38156.561903313595,38529.327800897685,32922642425.83,10.559174991345456,24.2174264776333,0.15657737743393074,918.4098556382014
2022-05-03,38528.110038067374,38629.99497421899,37585.62031266239,37750.45391529953,27326943244.26,10.538752778851226,24.031138984464288,-2.0215091465468293,1044.3746615566051
2022-05-04,37748.0118484619,39902.95021365111,37732.06019665954,39698.370619674235,36754404490.11,10.589065423507437,24.327523905494832,5.159982205102054,2170.890016991565
2022-05-05,39695.74635071903,39789.2830202912,35856.51610610817,36575.142132703,43106256317.32,10.507124111942373,24.48693398169616,-7.867397170762946,3932.766914183034
2022-05-06,36573.18235500367,36624.35959600261,35482.13274405791,36040.92235015236,37795577489.27,10.492410303796358,24.355457935088836,-1.4606089037531689,1142.2268519446952
2022-05-07,36042.503693993414,36129.92552042527,34940.82467333436,35501.9541442019,24375896405.9,10.47734302026406,23.916860628780782,-1.4954339978154763,1189.1008470909073
2022-05-08,35502.940203830294,35502.940203830294,33878.96456920589,34059.26425058788,36763041910.24,10.435857352415185,24.327758881560857,-4.063691502034228,1623.975634624403
2022-05-09,34060.01548161972,34222.07332341665,30296.953400053055,30296.953400053055,63355494961.42,10.318802438589152,24.87202747967438,-11.046365602186746,3925.1199233635925
2022-05-10,30273.65421884102,32596.30783592046,29944.802737422022,31022.905412225315,59811038817.27,10.342481094892028,24.814456076473846,2.3961221532293964,2651.5050984984373
2022-05-11,31016.18275233353,32013.401492754638,28170.41308586389,28936.35503111219,70388855817.93,10.272854043086392,24.977300789539182,-6.725838065092605,3842.9884068907486
2022-05-12,28936.7339259087,30032.43894846538,26350.49017422479,29047.751003853846,66989173272.36,10.276696341171377,24.92779685032998,0.38496891754984386,3681.948774240591
2022-05-13,29030.910391071633,30924.80271762161,28782.329657733702,29283.103811543002,42841124537.45,10.284765966949758,24.48076433188849,0.8102272966259205,2142.473059887907
2022-05-14,29285.643002871293,30192.803193508684,28702.909534184142,30101.266445984806,28579868619.98,10.312322524469291,24.075968412515945,2.7939751185777517,1489.8936593245417
2022-05-15,30098.5866261369,31308.191358262855,29527.740370719108,31305.1125686764,25835372064.61,10.35153670404186,23.975010400153757,3.999320509825832,1780.450987543747
2022-05-16,31304.37414424804,31305.342598683896,29251.885558139827,29862.918241291864,32613897286.17,10.304372797104573,24.208004331602048,-4.60689711375637,2053.457040544068
2022-05-17,29862.408192941577,30694.490950877018,29570.3019001848,30425.85727679598,29101473475.43,10.323048094181729,24.094054644736456,1.8850771078552375,1124.1890506922173
2022-05-18,30424.479222550304,30618.715981160993,28720.271399745423,28720.271399745423,31285268318.53,10.265358472969371,24.16641316294714,-5.60571181785996,1898.4445814155697
2022-05-19,28720.358563128946,30430.75223095906,28708.955041826557,30314.33495349838,33773447706.67,10.319375980396098,24.242940759904364,5.5503081136172305,1721.7971891325033
2022-05-20,30311.1193461763,30664.976367000887,28793.606033677137,29200.74008778331,30749382604.8,10.281949333407214,24.14913575310469,-3.6734926476972185,1871.37033332375
2022-05-21,29199.859006567556,29588.86881493893,29027.39381829347,29432.22596348109,17274840441.5,10.289845474231392,23.572516970175435,0.7927397559167604,561.4749966454619
2022-05-22,29432.47239860644,30425.860513000865,29275.182764065477,30323.721895269387,21631532269.67,10.319685586024438,23.79741791442407,3.0289789596425587,1150.677748935388
2022-05-23,30309.39648000864,30590.58648372533,28975.559609371285,29098.909745734014,31483454556.82,10.278455986675388,24.172727992620313,-4.039122089846259,1615.0268743540437
2022-05-24,29101.125294324578,29774.354720265386,28786.58945179277,29655.586132840046,26616506244.9,10.29740578913702,24.004797395804065,1.9130489491539837,987.7652684726163
2022-05-25,29653.13529361965,30157.784534524566,29384.94934912083,29562.361265546424,27525063551.25,10.29425725230307,24.038362828408076,-0.31435853898158506,772.8351854037355
2022-05-26,29564.77651079689,29834.1592888614,28261.905708844828,29267.224671230382,36774325352.43,10.284223556988502,24.32806575798841,-0.9983525729387877,1572.2535800165715
2022-05-27,29251.14086372044,29346.94302479706,28326.6136487276,28627.574853158603,36582005748.16,10.26212568801322,24.32282231023096,-2.185549963336819,1020.3293760694578
2022-05-28,28842.10384461052,29135.918257859845,28554.566019387643,29023.488039265318,19252320707.98,10.275860713538828,23.680897446672585,1.3829784329881134,581.3522384722019
2022-05-29,29019.867414131473,29498.008838957343,28841.1064887385,29445.957623920815,18093886409.16,10.290311917312751,23.618839950712193,1.4556127233361638,656.9023502188429
2022-05-30,29443.365710983147,31949.631618311843,29303.57163307404,31726.390685865343,39277993273.94,10.364904127267708,24.393930231397,7.744469006815358,2646.0599852378036
2022-05-31,31723.865101541804,32249.8639341789,31286.154345562893,31792.30994327541,33538210634.3,10.366979713840559,24.23595124171854,0.20777420937274638,963.7095886160059
2022-06-01,31792.553808712884,31957.28431704381,29501.58852322552,29799.07971351946,41135817340.95,10.302232789919971,24.440145047090336,-6.269535725187381,2455.6957938182895
2022-06-02,29794.890079780234,30604.734858675947,29652.704983348918,30467.487741434237,29083562061.06,10.324415418348655,24.09343897389358,2.243049229508687,952.029875327029
2022-06-03,30467.806839606732,30633.0344757636,29375.68930208833,29704.39135706927,26175547451.56,10.299050171001381,23.988091508539117,-2.5046252281811676,1257.3451736752722
2022-06-04,29706.13957253697,29930.56394690468,29500.006349806423,29832.91422532441,16588370958.43,10.30336756718301,23.531967742139937,0.4326729563659315,430.55759709825725
2022-06-05,29835.118131770243,30117.743447499455,29574.44953148884,29906.66174779145,17264085440.89,10.305836535491817,23.571894194528372,0.24720187210016675,543.2939160106143
2022-06-06,29910.283723596356,31693.290111480805,29894.187330177796,31370.67194769253,31947336828.66,10.353628721028398,24.18735465995025,4.895264514131847,1799.1027813030087
2022-06-07,31371.741259994265,31489.68325235748,29311.683556257496,31155.478701849763,40770974039.33,10.346745390029586,24.431236244572148,-0.6859695138235478,2177.999696099985
2022-06-08,31151.47989466442,31253.690860741604,29944.403480882345,30214.356242025027,30242059107.41,10.316072462661852,24.132499478115832,-3.0207286135162437,1309.287379859259
2022-06-09,30215.278974580273,30609.310488057887,30020.264843224537,30111.99792242348,21692004719.49,10.312678973390135,23.80020958349343,-0.33877378945832426,589.0456448333498
2022-06-10,30110.329519902793,30245.80862377711,28978.147053164477,29083.80472095406,29867476526.98,10.277936759435553,24.120035983750263,-3.4145632053984576,1267.6615706126322
2022-06-11,29084.666534527954,29401.916296204832,28236.21191690781,28360.81135854195,27246574438.64,10.2527635894943,24.028193641479906,-2.485896770896745,1165.7043792970217
2022-06-12,28373.514252249453,28502.685070937976,26762.649037903913,26762.649037903913,34163220273.81,10.194762501790565,24.254415471734212,-5.635107897421587,1740.0360330340627
2022-06-13,26737.577660148556,26795.589817594573,22141.257540705854,22487.387925845906,68204556439.95,10.020709894404053,24.945777209534082,-15.974730700249296,4654.332276888719
2022-06-14,22487.98717509208,23018.95076541317,20950.818279717838,22206.79279005828,50913575242.48,10.008153502591725,24.653395429118113,-1.2477889237865747,2068.1324856953324
2022-06-15,22196.730183479227,22642.672354628117,20178.376040590578,22572.839823190214,54912007015.02,10.024502684811484,24.728997868562118,1.6483561430618243,2464.2963140375396
2022-06-16,22576.30534618698,22868.921135556324,20265.225711910054,20381.651212902376,31183975653.76,9.922390324736202,24.163170198982733,-9.707190709946556,2603.69542364627
2022-06-17,20385.718710143447,21243.312042088248,20326.518564526363,20471.48189249138,27132421513.81,9.926788069415197,24.023995215579994,0.4407428949237513,916.7934775618851
2022-06-18,20473.424978931507,20736.04106091547,17708.62371258959,19017.64235502154,42009436760.13,9.853122372318479,24.46116011475694,-7.101779661603724,3027.417348325882
2022-06-19,19010.902084120167,20683.821565938004,18067.151918689964,20553.271821747236,35329942624.94,9.93077541998847,24.287996674340487,8.074762570767447,2616.66964724804
2022-06-20,20553.37025443907,20913.32190242419,19689.169511010365,20599.537964795574,30818458597.14,9.933023925632723,24.151379652516304,0.22510354287916812,1224.152391413827
2022-06-21,20594.29483720139,21620.628520289953,20415.061882275015,20710.59710173896,28970212744.12,9.93840078554035,24.08953399230167,0.5391341161786523,1205.5666380149378
2022-06-22,20719.413927210015,20835.7503482133,19848.078667628237,19987.029049379726,28574793477.85,9.90283879460719,24.07579081922934,-3.4937092774523615,987.6716805850629
2022-06-23,19986.60710158103,21135.762237054718,19950.11622522559,21085.877161242155,26188097172.81,9.956358766512516,23.988570838103755,5.497806147915374,1185.6460118291288
2022-06-24,21084.648061790565,21472.917912877045,20777.51158032888,21231.65577144455,24957784918.21,9.963248543716585,23.940451631245523,0.6913566321554487,695.4063325481657
2022-06-25,21233.60987142278,21520.914637649694,20964.585007603713,21502.338688026244,18372538715.34,9.975916984387322,23.63412292560906,1.2749025299559902,556.3296300459806
2022-06-26,21496.494739785347,21783.724765832852,21016.268806192104,21027.29530880669,18027170496.51,9.953576649337029,23.61514592876316,-2.209263774103265,767.4559596407489
2022-06-27,21028.238226728357,21478.089363806357,20620.198507384866,20735.4779474249,20965695707.02,9.939601422688515,23.76615340123129,-1.3878026493477247,857.8908564214908
2022-06-28,20731.544346385122,21164.424097254392,20228.81157923465,20280.635650145767,21381535160.78,9.917421800909466,23.785793543556764,-2.1935462420128116,935.6125180197414
2022-06-29,20281.16946117985,20364.156096733765,19937.791078366947,20104.023177781735,23552740327.93,9.908675232116801,23.882508012759462,-0.8708428838755999,426.3650183668178
2022-06-30,20108.312337630447,20141.160360999285,18729.656227933654,19784.72649462487,26267239923.25,9.892665529848557,23.9915883693932,-1.588222816564111,1411.5041330656313
2022-07-01,19820.4704741998,20632.67126128102,19073.70840475144,19269.366685909754,30767551158.55,9.86627189558083,24.14972643775579,-2.6048366595066597,1558.9628565295789
2022-07-02,19274.836282974753,19371.747657421627,19027.081355102553,19242.255580240962,18100418739.96,9.8648639512486,23.619200909755005,-0.1406953643609654,344.666302319074
2022-07-03,19242.094762817593,19558.268865803522,18966.9506341661,19297.07608279282,16390821947.43,9.86770886511506,23.5199873777693,0.2848964474214233,591.3182316374223
2022-07-04,19297.314185582756,20258.74720981727,19063.06619536857,20231.26151180262,21594638208.11,9.914984286685334,23.795710889716073,4.841072424660275,1195.681014448699
2022-07-05,20225.353436423593,20635.467741024517,19341.2331538775,20190.11466952338,26715546990.31,9.912948390811477,24.008511517172177,-0.20338248435587403,1294.234587147017
2022-07-06,20194.61949892409,20595.5296078308,19823.511202801477,20548.245871969462,24598943708.23,9.930530857252842,23.925969340273,1.7737947916991015,772.018405029321
2022-07-07,20547.81424115234,21771.816553089335,20296.10312229111,21637.587750243652,25814972520.24,9.982187254946775,23.974220490789367,5.301386235407057,1475.7134307982233
2022-07-08,21637.15505158262,22314.94053740856,21257.453547475034,21731.116583397274,49899834488.21,9.986500456348072,24.633283522828844,0.43225166424833983,1057.486989933528
2022-07-09,21716.82858548147,21877.13932171291,21445.956235320387,21592.206074330286,29641127858.06,9.98008769866537,24.112428688541705,-0.6392239834243751,431.1830863925243
2022-07-10,21591.080802162654,21591.080802162654,20727.123494757994,20860.449393062256,28688807249.03,9.945610271614285,24.079772892322598,-3.3889852604638393,863.9573074046602
2022-07-11,20856.35296768496,20856.35296768496,19924.53979689857,19970.55659323297,24150249024.63,9.902014297490311,23.907560528570713,-4.265933025034663,931.8131707863904
2022-07-12,19970.475022939816,20043.445406663748,19308.53061690194,19323.914856106,25810220017.7,9.86909871954298,23.974036375154355,-3.237975537176996,734.9147897618095
2022-07-13,19325.972724650128,20223.05264789267,18999.953131778995,20212.073498093006,33042430345.48,9.91403540276443,24.221058340565868,4.596163089108041,1223.0995161136743
2022-07-14,20211.465955545355,20789.893672194154,19689.258743333994,20569.920061528435,31158743333.4,9.931585096471656,24.1623607276556,1.7704594408346708,1100.6349288601596
2022-07-15,20573.156297917543,21138.243327044824,20396.999134385405,20836.32864452433,25905575358.62,9.944453311658926,23.97772404729734,1.2951366957140165,741.2441926594183
2022-07-16,20834.10412942899,21514.403330219422,20518.898781973472,21190.315667621857,24302954056.04,9.96129954816044,23.913863745996537,1.6988934525687283,995.50454824595
2022-07-17,21195.041213834647,21600.640119359858,20778.17987522355,20779.344539850914,22927802082.64,9.941714721318915,23.855616075870056,-1.9394290024612237,822.4602441363058
2022-07-18,20781.911503996675,22633.03343622373,20781.911503996675,22485.68925217611,39974475561.94,10.020634352600947,24.411506976429404,8.211735019132792,1851.1219322270554
2022-07-19,22467.85009614443,23666.962253708287,21683.406376392304,23389.43284647952,48765202697.15,10.060039611592048,24.61028283597305,4.0191945382147765,1983.5558773159828
2022-07-20,23393.192011630057,24196.81921397772,23009.94976320096,23231.731965117207,42932549127.33,10.053274380243797,24.482896096113954,-0.6742398689075113,1186.8694507767614
2022-07-21,23233.20197091283,23388.322172163498,22431.149394530777,23164.62875470473,33631012203.97,10.050381771592596,24.238714460490367,-0.2888429089713762,957.1727776327207
2022-07-22,23163.75206257678,23671.928528423792,22603.415100676466,22714.979148228704,31421555645.94,10.03077986021944,24.170759979876696,-1.941104307077235,1068.5134277473262
2022-07-23,22706.983427210867,22977.21100155044,22002.91061482952,22465.477627424836,24021799168.58,10.0197350822364,23.90222755373155,-1.0984008357468489,974.300386720919
2022-07-24,22465.509266066096,22974.002672175862,22306.840180484956,22609.164770669046,23565495302.99,10.026110623885094,23.88304941568768,0.6395908674952988,667.1624916909059
2022-07-25,22607.155546771657,22649.12136656825,21361.64345454413,21361.700521903997,35574561406.16,9.969354902353917,24.294896652136842,-5.517515845536181,1287.477912024122
2022-07-26,21361.12187130348,21361.12187130348,20776.81608248064,21239.754379825084,28624673855.33,9.963629911250644,24.077534905055643,-0.5708634570261384,584.3057888228395
2022-07-27,21244.16955918891,22986.529403004854,21070.8061258165,22930.548445700042,31758955233.31,10.040225293825836,24.181440577107633,7.960516094672854,1915.7232771883537
2022-07-28,22933.641248968772,24110.469919684925,22722.265123275796,23843.88620773817,40212386157.74,10.079283119963817,24.417440898490824,3.983061130007104,1388.204796409129
2022-07-29,23845.212373894152,24294.78645683116,23481.173139669118,23804.633234567213,35887249745.78,10.077635514434407,24.303647909071614,-0.16462489725445062,813.6133171620422
2022-07-30,23796.81861062155,24572.579421746883,23580.508484479444,23656.207025584175,28148218300.58,10.071380812998253,24.0607498964768,-0.6235181509434251,992.0709372674391
2022-07-31,23652.069662121907,24121.64257825973,23275.702500450712,23336.895604984285,23553591896.25,10.057790889495735,23.88254416791228,-1.3497997386248572,845.9400778090167
2022-08-01,23336.71805186043,23464.78627722442,22890.796021169328,23314.199432537094,25849159140.74,10.056817871639685,23.975543908967147,-0.09725446276729333,573.9902560550909
2022-08-02,23308.43417279304,23415.04132917102,22710.083979637155,22978.116592947506,28389250717.43,10.042297589512522,24.06927641460079,-1.4415371223107654,704.9573495338664
2022-08-03,22981.302705754573,23578.65044450395,22747.836440439187,22846.50705797548,26288169966.18,10.036553520653893,23.992384863762876,-0.5727603236743151,830.8140040647631
2022-08-04,22848.214384500436,23198.01010723992,22485.700655571534,22630.956732133352,25120229769.19,10.027074014894042,23.946939325367236,-0.9434716882328886,712.309451668385
2022-08-05,22626.833391275144,23422.827696113807,22612.178514574123,23289.314277414138,28881249043.31,10.055749919654648,24.0864583994579,2.9091016923115554,810.6491815396839
2022-08-06,23291.42406079369,23326.561622217032,22961.278967129132,22961.278967129132,15978259884.75,10.041564553025339,23.494494878035457,-1.4085228374591252,365.2826550878999
2022-08-07,22963.506243621858,23359.00907631459,22894.556235250388,23175.89084908056,15886817042.79,10.05086782978503,23.488755485459492,0.9346686752887745,464.4528410642015
2022-08-08,23179.527049985405,24203.6888656304,23176.547253281602,23809.487114518823,28575544847.49,10.077839398489509,24.07581711372425,2.7338593781105924,1027.141612348798
2022-08-09,23811.483521591905,23898.615369544197,22981.999927379937,23164.317986281327,23555719218.86,10.050368355858145,23.88263448222854,-2.709714514782968,916.6154421642605
2022-08-10,23162.89884942404,24127.414416091215,22771.520469828967,23947.643425349972,32837431721.55,10.083625202396643,24.214834912673076,3.381603721432924,1355.8939462622475
2022-08-11,23948.34612720597,24822.62968261603,23900.996865780264,23957.530194268213,37127036580.1,10.084037966543459,24.337611289941094,0.04128493456594384,921.632816835765
2022-08-12,23957.20306053137,24412.566105595215,23657.265304318324,24402.818505755808,27265804687.74,10.10245391714121,24.028899178468233,1.8586569979326617,755.3008012768914
2022-08-13,24402.18747061798,24860.050358193625,24346.114712721206,24424.06783115068,22987346288.83,10.103324311644345,23.858209740126053,0.08707734063531092,513.9356454724184
2022-08-14,24429.05743708156,24974.914208849306,24206.259772394627,24319.333922599963,22994133555.22,10.099026947654055,23.858504957524985,-0.42881435342699836,768.654436454679
2022-08-15,24318.31548303852,25135.590396068576,23839.77497510362,24136.972424664084,35123501684.8,10.091500069415106,24.28213630703,-0.7498622228564011,1295.8154209649547
2022-08-16,24126.136482577618,24228.415611524542,23733.499329500355,23883.290546734555,27753685645.65,10.080934353103054,24.04663448437904,-1.0510095196127667,494.91628202418724
2022-08-17,23881.315512357407,24407.0579067141,23243.3544559916,23335.99822236052,30931623076.08,10.057752435371711,24.155044898053198,-2.2915281430885837,1163.7034507224998
2022-08-18,23341.038978010583,23563.831593730618,23177.602469968748,23212.739077042832,23747613147.14,10.052456505103574,23.890747863308903,-0.5281931552410746,386.22912376187014
2022-08-19,23213.31324159989,23213.31324159989,20868.84743863899,20877.553692219353,40509610259.78,9.946429874798445,24.424805073274936,-10.059930355797409,2344.465802960902
2022-08-20,20872.842173501398,21350.806299165055,20856.731335579087,21166.060396104986,27595671000.41,9.960154253098763,24.04092474955638,1.3818989913226831,494.07496358596836
2022-08-21,21160.392783176445,21668.84590773835,21103.196808425557,21534.121230814173,23102307723.19,9.977393990099491,23.863198350921138,1.7389198926075045,565.6490993127918
2022-08-22,21531.46384880662,21531.46384880662,20939.18417270787,21398.9083503016,31666498757.58,9.971095188040653,24.178525137472572,-0.6279006190375247,592.2796760987476
2022-08-23,21401.045669959727,21646.203761836543,20955.138156081837,21528.08737168398,31878280659.1,9.977113750912254,24.185190757767263,0.6036710811024193,691.0656057547058
2022-08-24,21526.455593085484,21783.07572274634,21195.006694910768,21395.02007149252,31962253368.02,9.97091346698988,24.18782146124204,-0.6181101827303359,588.0690278355723
2022-08-25,21395.458389989148,21789.636836285154,21362.441259908275,21600.905141669937,31028679593.0,9.98049049750122,24.158177761907048,0.9623037019336422,427.1955763768783
2022-08-26,21596.085314556974,21804.908008099064,20199.48338389128,20260.018649424077,42326789563.56,9.916404698306895,24.46868604554986,-6.207547709004002,1605.424624207786
2022-08-27,20262.480311022402,20340.774563673953,19890.523328250318,20041.73845305508,30116729775.56,9.905572300590755,24.128346660795028,-1.0773938570644015,450.2512354236351
2022-08-28,20041.03480395418,20139.05423328289,19616.814984443863,19616.814984443863,24366810590.82,9.884142384796005,23.91648782161659,-2.1201926649553893,522.2392488390287
2022-08-29,19615.153362859797,20357.463233457594,19600.785034825636,20297.994635306477,32637854077.72,9.918277373712073,24.208738619713117,3.4724273609288314,756.6781986319584
2022-08-30,20298.61208082999,20542.644969647983,19617.64095004422,19796.80940241047,34483360282.77,9.893276062405572,24.263742733990185,-2.4691366901055556,925.0040196037626
2022-08-31,19799.581315787203,20420.990420175203,19799.581315787203,20049.76318937261,33225232872.06,9.905972621661105,24.226575450462015,1.2777502769276694,621.4091043879998
2022-09-01,20050.498669841865,20198.391198499645,19653.968458882307,20127.140269430896,30182031009.86,9.90982444542373,24.130512584571175,0.3859251569579669,544.4227396173374
2022-09-02,20126.072780901522,20401.56763327601,19814.766048983613,19969.771177460185,29123998927.55,9.901974968029752,24.094828376655293,-0.7818750695036569,586.801584292396
2022-09-03,19969.718346916892,20037.010648596926,19698.35519233295,19832.08772933853,23613051457.08,9.895056497330621,23.885065423956807,-0.6894593177765418,338.6554562639758
2022-09-04,19832.47129556646,19999.689645047867,19636.81657365489,19986.713839219963,25245861651.62,9.902823023746771,23.951928084250184,0.7796764112367516,362.87307139297627
2022-09-05,19988.789818433175,20031.160251574245,19673.04733875358,19812.37147875423,28813460025.44,9.894061843721838,24.084108476903154,-0.8722912724332899,358.1129128206667
2022-09-06,19817.724065572373,20155.268716860086,18800.171655066068,18837.66771237502,43403978910.41,9.843613746007263,24.493816953813784,-4.919672374528372,1355.0970617940184
2022-09-07,18837.683320773453,19427.172670784956,18644.467227058507,19290.32387359376,35239757133.88,9.867358895473384,24.285440746216523,2.4029310216645117,782.7054437264487
2022-09-08,19289.940569121,19417.35159322524,19076.714523463485,19329.834933426577,32194477849.95,9.869405032767395,24.1950607794466,0.20482320614068072,340.6370697617567
2022-09-09,19328.139929463316,21439.409317162346,19310.962575438858,21381.15285528657,48469528170.65,9.970265105262174,24.60420115229479,10.612185406263897,2128.4467417234882
2022-09-10,21376.91171453879,21760.275770575212,21168.721721800943,21680.53941342801,36913738894.15,9.984170335937238,24.331849646450856,1.4002358065899,591.5540487742692
2022-09-11,21678.543569706628,21770.55319063439,21406.944641111553,21769.256339556683,34493951963.3,9.988253993771758,24.26404984020434,0.40920073267975976,363.60854952283626
2022-09-12,21770.14813305873,22439.181008979318,21603.895779278708,22370.448649932,50212088965.2,10.015496110158427,24.63952165069241,2.76165754584321,835.2852297006102
2022-09-13,22371.48063978407,22673.819766285604,20062.670699488786,20296.70781387527,51091116621.52,9.918213975221432,24.65687647602053,-9.270001100594982,2611.1490667968174
2022-09-14,20184.555325164954,20467.201432782444,19793.396718166267,20241.089801830654,37872380889.0,9.915469965915833,24.35748794693933,-0.2740247953246566,673.8047146161771
2022-09-15,20242.289908387913,20318.166391880794,19636.733774286808,19701.209962566052,36389011503.32,9.888435332259581,24.317532684236706,-2.6672468950548978,681.4326175939859
2022-09-16,19704.005440526256,19870.62976581665,19400.075449303535,19772.58420556779,30123362272.94,9.892051621105848,24.1285668628957,0.36228355079386265,470.55431651311665
2022-09-17,19777.03402833151,20162.532021771345,19777.03402833151,20127.576657178884,24957448100.3,9.909846126746135,23.940438135649504,1.795377113686203,385.49799343983614
2022-09-18,20127.23394762749,20127.23394762749,19387.491347831052,19419.506190766973,31254779143.63,9.874033313652145,24.165438134031984,-3.5179121583887474,739.7425997964383
2022-09-19,19418.571421509565,19639.47973254867,18390.3187095743,19544.12924967429,40177002623.56,9.880430226181891,24.416560594833804,0.6417416472030091,1249.1610229743674
2022-09-20,19545.591275415263,19602.45674588385,18813.455010972895,18890.78909636913,36791346508.26,9.84642973285596,24.328528505237315,-3.3428972197164897,789.0017349109548
2022-09-21,18891.282889531798,19674.630331478547,18290.31518822502,18547.39975982615,46363793974.56,9.828084883537748,24.55978468931193,-1.8177606810981906,1384.315143253527
2022-09-22,18534.64959547727,19456.91090106223,18415.591496855097,19413.55162082187,41135767926.23,9.873726638343665,24.44014384583185,4.669936876390701,1041.3194042071336
2022-09-23,19412.39992542163,19464.67234839256,18617.55300989774,19297.637840008694,38896078052.07,9.867737975693107,24.384159261204456,-0.5970766353172174,847.1193384948201
2022-09-24,19296.990703569038,19310.19760761166,18861.973998958467,18937.01117567154,26149643167.68,9.848873549412783,23.98710138176883,-1.868760660382407,448.22360865319206
2022-09-25,18936.31151524196,19134.73319426829,18696.46830381677,18802.097975676545,23359966112.45,9.841723737042724,23.87428954423972,-0.7124313269050608,438.264890451519
2022-09-26,18803.90063289787,19274.87349825737,18721.285851353183,19222.67218417039,44148798320.6,9.863845704294773,24.510831545519505,2.2368472339518997,553.5876469041868
2022-09-27,19221.84071275122,20338.455461136455,18915.668722274404,19110.546550991752,58571439618.96,9.857995637086551,24.793513036205823,-0.5832988884395207,1422.7867388620507
2022-09-28,19104.620789502645,19688.344373336102,18553.297357607673,19426.721331678913,53071298733.51,9.874404785553283,24.694902105571007,1.6544517962556737,1135.047015728429
2022-09-29,19427.780190523128,19589.26621148917,18924.353453070675,19573.05031400065,41037843771.3,9.881908915081178,24.437760496742996,0.7532356068912227,664.9127584184935
2022-09-30,19573.431421230798,20109.85030130757,19265.66239970878,19431.78944659943,43975248084.73,9.874665635228052,24.506892769048832,-0.7217110523656034,844.1879015987906
2022-10-01,19431.10494591723,19471.15486711021,19231.0818744273,19312.094732131416,18719537669.88,9.868486848675914,23.652833610569083,-0.6159737104858287,240.07299268291172
2022-10-02,19311.848708225836,19370.309280933485,18970.620583252872,19044.107272371097,20765955327.49,9.854513003168273,23.756580719592094,-1.3876664519175241,399.6886976806127
2022-10-03,19044.067849811498,19653.542952904896,19025.226285446846,19623.580334555998,30484729488.71,9.884487200393513,24.14049172268014,3.0427945710303383,628.3166674580498
2022-10-04,19623.584689448744,20380.344182520283,19523.840123958253,20336.842949206013,35887278684.83,9.920189443652284,24.303648715459357,3.634722117421152,856.50405856203
2022-10-05,20335.899579376473,20343.748520269062,19801.800661202462,20160.716171606804,33223790572.36,9.911491245939587,24.2265320397503,-0.8660477835183644,541.9478590666004
2022-10-06,20161.03843820979,20408.391839881628,19900.088532978476,19955.443672368598,34711412966.17,9.9012572508798,24.270334373746394,-1.0181805918546671,508.3033069031517
2022-10-07,19957.55908041741,20041.085579829185,19395.79324021193,19546.849710149883,29227315390.11,9.880569412283258,24.09836956751737,-2.047531334943331,645.2923396172555
2022-10-08,19546.328837739784,19601.695455117493,19299.41361902811,19416.567849523348,16437423166.71,9.873881993451953,23.522826472604876,-0.6665107808082493,302.28183608938343
2022-10-09,19417.479411166132,19542.538653542095,19349.25895339935,19446.426194132677,16837262532.25,9.875418588931483,23.546860275079354,0.15377766472801646,193.27970014274615
2022-10-10,19446.416225133773,19515.467287660194,19102.979239623415,19141.483505012173,27425022773.59,9.859613170102207,24.03472167350262,-1.5681168666997092,412.4880480367792
2022-10-11,19138.999877483147,19241.96023569531,18925.603221817615,19051.41826947727,28711532910.3,9.854896827624922,24.080564722558943,-0.47052379984716675,316.35701387769586
2022-10-12,19052.64578600759,19203.198651051654,19029.758329129058,19157.446286852537,24950173846.05,9.860446759074613,23.94014662689722,0.5565360850070533,173.44032192259692
2022-10-13,19156.96661332697,19453.32797149125,18319.822629614115,19382.904033633087,44219840003.89,9.872146721155518,24.51243939418486,1.176867435276474,1133.505341877135
2022-10-14,19382.53397217804,19889.146270975412,19115.407318499372,19185.65670032703,38452356726.7,9.861918231979354,24.372685824301893,-1.017635607975964,773.7389524760401
2022-10-15,19185.437303811446,19212.54160761659,19019.250125219165,19067.635082288427,16192235531.97,9.855747678439073,23.50779767613947,-0.6151554772508283,193.29148239742426
2022-10-16,19068.91355993786,19389.6035200638,19068.91355993786,19268.092800861934,17988916650.36,9.866205784058938,23.61302166354917,1.0512982743188237,320.68996012593925
2022-10-17,19268.562102307453,19635.802281363132,19173.33472358563,19550.75729991318,27472552998.34,9.88076930123172,24.036453270424996,1.467008187954133,462.4675577775015
2022-10-18,19550.466742932043,19666.995005967685,19144.770176278835,19334.41514998285,30580012344.21,9.869641955328563,24.143612441116638,-1.106566597966463,522.2248296888501
2022-10-19,19335.02644145188,19348.416809620576,19127.688369957425,19139.534351389357,22425387183.91,9.859511336152451,23.83345951046842,-1.0079477298989725,220.72843966315122
2022-10-20,19138.08505687014,19315.19896864566,18971.458649274926,19053.740240536765,24493974419.53,9.855018699368967,23.921692982188386,-0.4482559986960344,343.74031937073596
2022-10-21,19053.203045616505,19237.385606151693,18770.97006051153,19172.46921726924,32459287865.69,9.861230634070859,24.20325245996564,0.6231268781542454,466.41554564016405
2022-10-22,19172.380608580974,19248.067672211775,19132.243193413342,19208.190246004346,16104440957.47,9.863092042371216,23.50236090676881,0.18631417962027275,115.82447879843312
2022-10-23,19207.734650775248,19646.651541546595,19124.19696484497,19567.00739805294,22128794335.13,9.881600130866286,23.82014550850986,1.8680424727844258,522.4545767016243
2022-10-24,19567.769580384924,19589.124575528083,19206.324306708124,19345.57234828513,30202235804.59,9.870218853064747,24.13118179185148,-1.1316756071234724,382.80026881995946
2022-10-25,19344.96442021395,20348.41158417784,19261.44712585322,20095.85645544717,47761524909.94,9.908268926300892,24.589486234121136,3.878324681505463,1086.964458324619
2022-10-26,20092.23718809519,20938.133812687523,20076.11777157532,20770.441271629403,58895950537.09,9.941286162269384,24.79903817374793,3.3568353639358284,862.0160411122051
2022-10-27,20772.803027102687,20854.044215933114,20255.373144335506,20285.836775701682,49625110402.03,9.91767822574867,24.627762800677335,-2.3331449225859613,598.6710715976078
2022-10-28,20287.956094786256,20724.98029964302,20086.06823011306,20595.35193660123,43994715910.3,9.932820695172888,24.50733537070521,1.5257697492187416,638.9120695299607
2022-10-29,20595.103841969667,20988.394470423613,20566.484616724767,20818.47616443884,40369840645.23,9.943596148541229,24.421348824447264,1.0833717652626529,421.90985369884584
2022-10-30,20817.982251842404,20917.006239851922,20547.46342477446,20635.603747684276,31486345555.64,9.934773200187752,24.172819814376673,-0.8784140362152915,369.54281507746055
2022-10-31,20633.696071095317,20795.321223177747,20287.459087988613,20495.774232032527,45668466815.41,9.927974008854951,24.544673892645054,-0.6776129129124286,507.8621351891343
2022-11-01,20494.897622939236,20647.289720357683,20359.845479716354,20485.273243090294,39819303159.15,9.927461528583263,24.407617635659122,-0.051234897610363817,287.4442406413291
2022-11-02,20482.959693755372,20742.811011066202,20087.134483620648,20159.503067104524,55552169483.42,9.911431072432322,24.74058840687646,-1.590265221849807,655.6765274455538
2022-11-03,20162.689227896553,20382.096320645098,20086.24090339057,20209.987415003863,43228750179.43,9.913932187686134,24.48977162425336,0.25042456518542533,295.8554172545264
2022-11-04,20208.7694981217,21209.561042305395,20188.0187146493,21147.229732238487,64072727949.72,9.959264193968284,24.883284649336016,4.637520538675921,1021.5423276560941
2022-11-05,21144.83146578881,21446.886096690843,21097.635417108453,21282.69129591641,37846047609.23,9.965649406131604,24.35679238890005,0.6405641088365055,349.25067958239015
2022-11-06,21285.056663911386,21345.37679278884,20920.19068403618,20926.485973821505,35082693210.3,9.948770907116879,24.280973774887162,-1.6736855181621269,425.1861087526595
2022-11-07,20924.62048404909,21053.246149529263,20489.973343695598,20602.816725269906,53510852236.18,9.933183079666803,24.703150315814074,-1.5466966071441823,563.2728058336652
2022-11-08,20600.67274715879,20664.60652029959,17603.54436900462,18541.271853223814,118992465606.57,9.82775443726445,25.502326013823005,-10.006131198155789,3061.062151294969
2022-11-09,18543.761249619893,18590.459569580897,15682.692842780652,15880.779849172332,102905151606.28,9.67286484248527,25.357073542734216,-14.349026458985314,2907.766726800244
2022-11-10,15883.15822691518,18054.311779066138,15834.018093252147,17586.77144954725,83202283720.96,9.774902276231854,25.1445406329661,10.742492601607534,2220.293685813991
2022-11-11,17583.252430510052,17650.94405254207,16543.482390135327,17034.29313471333,55871616488.33,9.742983834353787,24.746322333027912,-3.141442512168102,1107.461662406742
2022-11-12,17036.875408441774,17066.675491252296,16651.774769724314,16799.184738399876,29717699419.42,9.729085636737656,24.115008645301124,-1.3802063546408005,414.90072152798166
2022-11-13,16799.722291055714,16920.766400155015,16320.635153276064,16353.365717176099,27209183682.26,9.702189009401854,24.02682038863957,-2.653813433009733,600.1312468789511
2022-11-14,16352.028563420386,17109.323354054974,15872.941612674758,16618.199228890797,49630243054.06,9.718253712893633,24.627866223855147,1.6194434607216035,1236.3817413802153
2022-11-15,16617.484737989726,17051.96196720474,16542.55126721595,16884.613907054605,36599436182.62,9.734158066526527,24.323298672388628,1.6031501036565032,509.41069998879175
2022-11-16,16884.341187944265,16960.29517836233,16430.111281780155,16669.44014477405,33925512988.62,9.721332390584227,24.24743316380932,-1.274377746894484,530.1838965821735
2022-11-17,16670.426756200326,16726.438844788194,16460.68348704278,16687.51795054106,27868914021.95,9.72241629082988,24.050777711837878,0.10844878778173417,265.75535774541277
2022-11-18,16687.911575071244,16947.05840111188,16564.61168003081,16697.77766778654,26862218608.57,9.723030915764507,24.013986623609174,0.061481385523531884,382.4467210810726
2022-11-19,16696.219905182574,16797.87699736105,16570.410748351132,16711.547793796504,16106223491.51,9.723855244097958,23.50247158651245,0.08246681854273685,227.4662490099181
2022-11-20,16712.920458367662,16746.780157269564,16248.692829299347,16291.8324676929,21313378651.69,9.69841918561286,23.782600818199104,-2.5115287421755506,498.0873279702173
2022-11-21,16291.223799578982,16291.223799578982,15599.047175382899,15787.284094521752,37429485517.93,9.666960090842146,24.345724613588747,-3.096940593832398,692.1766241960831
2022-11-22,15782.301230536288,16253.047746702146,15656.606060116139,16189.769531934091,30726828760.3,9.69213481135937,24.14840201089739,2.5494279763547345,596.4416865860076
2022-11-23,16195.588669774414,16638.19248653868,16170.502495775037,16610.7064149352,32958875628.23,9.717802731199386,24.218526428184635,2.6000177591831486,467.6899907636416
2022-11-24,16611.637672358618,16771.47524317893,16501.76805488462,16604.46501795427,26129037414.48,9.717426915162008,23.986313077472026,-0.03757454273780603,269.7071882943128
2022-11-25,16602.269516497403,16603.31699288261,16388.40495351409,16521.84101896077,18678255975.67,9.712438482691503,23.650625902201664,-0.49760109045463574,214.9120393685189
2022-11-26,16521.577024910126,16666.862927005834,16416.228690260028,16464.281079365555,18000008764.22,9.708948530289954,23.61363808174357,-0.34838695959583665,250.63423674580554
2022-11-27,16463.883171590274,16594.405472441995,16437.02533441152,16444.626834548457,20443898508.94,9.707754066638634,23.74095031349557,-0.11937505635597478,157.3801380304758
2022-11-28,16440.222087898794,16482.933543310384,16054.53021534078,16217.322467641055,27743025156.05,9.693835238065125,24.046250299818297,-1.3822409544122838,428.403327969605
2022-11-29,16217.639903770933,16522.257470665474,16139.396275247083,16444.98327002905,23581685467.5,9.707775741293911,23.883736208190722,1.4038125149342884,382.8611954183907
2022-11-30,16445.47748855228,17190.93827300782,16445.47748855228,17168.56554848644,29523576583.08,9.750835406341325,24.108454987303066,4.400018331281119,745.460784455543
2022-12-01,17168.002137625317,17197.49725344472,16888.38788761444,16967.13366710075,22895392882.21,9.739033438075252,23.854201543083384,-1.1732598207859546,309.10936583027797
2022-12-02,16968.683261479262,17088.660409402313,16877.88159587772,17088.660409402313,19539705127.46,9.746170388567098,23.695714392733773,0.7162479219292361,210.77881352459372
2022-12-03,17090.098485075916,17116.04080553255,16888.140807160373,16908.236795124038,16217776703.79,9.735556166504868,23.50937380495557,-1.0558089982232066,227.89999837217692
2022-12-04,16908.170477079635,17157.767239586625,16903.439827645885,17130.485947216774,16824520830.08,9.748614959112922,23.546103232433016,1.3144431012276137,254.3274119407397
2022-12-05,17128.894080449645,17378.15331028325,16922.431868759784,16974.825665133598,22209086834.09,9.739486682278937,23.823767358928254,-0.9086740595847909,455.72144152346664
2022-12-06,16975.23912418603,17091.86417510719,16939.922348926935,17089.503706009797,19889922369.03,9.746219735665134,23.713479026789592,0.6755771348612383,151.94182618025297
2022-12-07,17089.506270186645,17109.377493895725,16750.55813442861,16848.127628900518,19675404388.75,9.731994809659673,23.702635184469408,-1.4124229776455999,358.8193594671138
2022-12-08,16847.350249703974,17267.91576301951,16788.783823541482,17233.474019915124,20496603769.86,9.754608935426527,23.743525039603096,2.287176352781173,479.1319394780294
2022-12-09,17232.148002630023,17280.546164948628,17100.836249754095,17133.1520141413,20328426366.41,9.748770579886928,23.735286057085617,-0.5821345461622718,179.7099151945331
2022-12-10,17134.221365280508,17216.82559261347,17120.684322763056,17128.723710215563,12706781968.8,9.748512082425433,23.26540170116794,-0.025846405390439475,96.14126985041366
2022-12-11,17129.71133330881,17245.635283908436,17091.819989740216,17104.192805716193,14122486832.21,9.747078905752518,23.37103417476531,-0.14321501656739954,153.81529416822013
2022-12-12,17102.50064945091,17212.56387663098,16899.39378501017,17206.438300671838,19617581340.83,9.753038912567865,23.699692008297564,0.5977802993513581,313.1700916208101
2022-12-13,17206.440483921902,17930.086838900843,17111.76315246234,17781.318835459824,26634741631.05,9.785903681539763,24.00548227691353,3.3410780589352873,818.3236864385035
2022-12-14,17782.066878037138,18318.53058436097,17652.09831268358,17652.09831268358,25900123362.05,9.77860993986654,23.977513568654075,-0.7267206891231726,666.4322716773895
2022-12-15,17813.644122701808,17846.744460573012,17322.590067121728,17364.864911262914,20964448340.77,9.762204185779238,23.766093903880222,-1.6271912626629859,524.1543934512847
2022-12-16,17364.546443268817,17505.5250524957,16584.70139828051,16647.48347882862,24031608959.5,9.720014341572728,23.90263584073713,-4.131223802201866,920.8236542151899
2022-12-17,16646.982567247887,16800.590192749856,16614.02894738076,16795.09096721353,14463581825.22,9.728841918358818,23.39489972875821,0.8866654745303126,186.56124536909556
2022-12-18,16795.6092258732,16815.386575543896,16697.82003455788,16757.977403246638,10924354698.17,9.72662968675644,23.114260509654507,-0.22097864214813967,117.56654098601575
2022-12-19,16759.04092682387,16807.526574065127,16398.136251675314,16439.679646162964,17221074813.55,9.707453182177183,23.569399750580626,-1.899380512483606,409.39032238981235
2022-12-20,16441.786800099886,17012.984705296407,16427.867238763847,16906.30521042145,22722096614.76,9.73544192070468,23.846603707120995,2.8384103236914315,585.1174665325598
2022-12-21,16904.527354049867,16916.79988236787,16755.91221318602,16817.53438655099,14882945044.81,9.730177334586298,23.42348176644593,-0.525075247167206,160.88766918185138
2022-12-22,16818.380287653727,16866.674326763485,16592.40745444739,16830.341423934446,16441573050.1,9.730938573606203,23.523078906309646,0.076152883586178,274.2668723160932
2022-12-23,16829.643586035916,16905.219359989063,16794.459352221234,16796.952171216344,15329265212.56,9.728952730553067,23.453029597341533,-0.1983872571391765,110.76000776782894
2022-12-24,16796.976619520563,16864.702878905566,16793.528184511397,16847.755265154647,9744636213.3,9.731972708220926,22.999982838608823,0.3024542394385099,71.17469439416891
2022-12-25,16847.505364105884,16860.553971121557,16755.253233558044,16841.98705228377,11656379938.06,9.731630276814187,23.179119501229493,-0.034237278379789515,105.3007375635134
2022-12-26,16842.249310575324,16920.123640467442,16812.370075923343,16919.80517492847,11886957803.69,9.736240118609789,23.198707653152276,0.46204834621428326,107.75356454409848
2022-12-27,16919.291650123574,16959.846476047544,16642.073182208023,16717.17398012714,15748580239.21,9.724191852025823,23.48001605461266,-1.197597683344409,317.7732938395202
2022-12-28,16716.40022056822,16768.170355524755,16497.557038840765,16552.571736514474,17005713920.05,9.714296760667542,23.556815237473444,-0.9846296019191958,270.61331668399
2022-12-29,16552.322490686318,16651.75666380368,16508.683153231756,16642.342671885614,14472237478.79,9.71970549003589,23.395497994439733,0.5423382952215672,143.073510571925
2022-12-30,16641.329824264532,16643.427409572592,16408.475176826076,16602.585155770088,15929162909.56,9.71731369449493,23.49141741143745,-0.238893747709501,234.95223274651653
2022-12-31,16603.67470264306,16628.986997303513,16517.519222395018,16547.49536601617,11239186456.23,9.713990031951713,23.142672299453476,-0.33181452910525655,111.4677749084949
2023-01-01,16547.914397871536,16630.43900271543,16521.233430528962,16625.08055070908,9244361699.89,9.71866771066775,22.947279656664243,0.46886361335534144,109.20557218646718
2023-01-02,16625.51039411775,16759.344022918354,16572.228849744886,16688.47135739323,12097775226.69,9.722473422131285,23.21628740708095,0.38129623787865885,187.11517317346807
2023-01-03,16688.84726385924,16760.44746598456,16622.370328256326,16679.85707981374,13903079206.51,9.72195710751954,23.355376178198075,-0.05161813442952079,138.07713772823263
2023-01-04,16680.204971419756,16964.585185463384,16667.763725134693,16863.238258283258,18421743322.29,9.732891280627078,23.636797506199123,1.099416964977773,296.8214603286906
2023-01-05,16863.472056826773,16884.02211647721,16790.283040692182,16836.736645223573,13692758566.46,9.731318483104312,23.340132958245935,-0.15715613249233096,93.73907578502622
2023-01-06,16836.473439155277,16991.99412117054,16716.422270521653,16951.969516629335,14413662912.72,9.738139301729749,23.3914424070728,0.6844133387241103,275.57185064888836
2023-01-07,16952.11698101385,16975.016620564034,16914.192080111883,16955.077435158768,7714767174.32,9.738322621648027,22.766402143993783,0.018333672240178345,60.82454045215127
2023-01-08,16954.145725849703,17091.14445130325,16924.050073925267,17091.14445130325,9768827914.24,9.746315740005787,23.002462327968153,0.8025148611962685,167.09437737798362
2023-01-09,17093.99249812248,17389.957551426294,17093.99249812248,17196.554059639464,18624736865.86,9.752464297359932,23.647756473104717,0.6167498533322435,295.9650533038148
2023-01-10,17192.95009444573,17484.720892404555,17162.99116698699,17446.292509299026,15808338948.79,9.766882441406489,23.483803419320612,1.452258683881924,321.7297254175646
2023-01-11,17446.360272066515,17987.633549359143,17337.99499776178,17943.897629468323,18307186523.32,9.79500537118312,23.63055952589724,2.852211264393678,649.6385515973634
2023-01-12,17944.068733941822,19030.087636638204,17919.231705835675,18869.588055265584,34971338710.34,9.845306807454753,24.277794668968696,5.158803538184742,1110.8559308025287
2023-01-13,18868.90593784208,19964.32272796427,18753.164262209666,19909.574624750632,29225029693.63,9.89895603192547,24.09829136033927,5.5114428912762525,1211.1584657546045
2023-01-14,19910.53665706548,21075.141829957553,19907.828463560887,20976.299796392123,38967784639.05,9.951148498254136,24.386001106825084,5.357850138673426,1167.3133663966655
2023-01-15,20977.484195216995,20993.74869585351,20606.98723839924,20880.79920218209,19298407543.31,9.946585317230644,23.68328841874373,-0.4552785531147796,386.76145745426766
2023-01-16,20882.22387661832,21360.87427947748,20715.74621411983,21169.6327806964,26792494049.72,9.960323017766674,24.011387612463878,1.3832496338747724,645.1280653576505
2023-01-17,21175.83326020336,21438.659357857345,20978.533624201336,21161.519219916157,24999983362.13,9.959939680177397,23.94214099629959,-0.038326412481004546,460.1257336560084
2023-01-18,21161.050899700425,21564.502212963143,20541.54454877403,20688.780729864848,30005625417.91,9.937346838595431,24.12465071496036,-2.2339534564531305,1022.9576641891144
2023-01-19,20686.74590606124,21163.012288227077,20685.38118086059,21086.793304844312,21152848260.91,9.956402213777874,23.77504040291814,1.9238087549785954,477.6311073664874
2023-01-20,21085.37233777419,22692.35783082474,20919.125983682126,22676.55175888814,28799154319.0,10.029086707432882,24.083611859733573,7.539119064057087,1773.2318471426152
2023-01-21,22677.42738242082,23282.347721556718,22511.833134019824,22777.625809132605,32442278429.47,10.03353400896789,24.202728298914362,0.44572054569473885,770.5145875368944
2023-01-22,22777.986661421615,23056.72965007116,22387.900462859576,22720.41562863912,24746386230.08,10.031019166181808,23.93194530439462,-0.25116832181231175,668.8291872115842
2023-01-23,22721.088671950587,23126.486345437213,22654.304469693496,22934.431464358633,26518700511.88,10.04039461772723,24.001116000757335,0.9419538762739377,472.1818757437177
2023-01-24,22929.627735671096,23134.012046600146,22549.74451310499,22636.469311191635,26405069714.63,10.027317571003472,23.996821863307463,-1.2991913648701003,584.2675334951564
2023-01-25,22639.26716752375,23722.09880874052,22406.075502425076,23117.85968190475,30685366708.98,10.048360744188969,24.14705172347311,2.1266141998350863,1316.0233063154446
2023-01-26,23108.954486797436,23237.07716893849,22911.373351233604,23032.777598708428,26357839322.09,10.044673593388843,23.995031575166905,-0.3680361606438809,325.7038177048853
2023-01-27,23030.717285647723,23417.72097245481,22654.59340843538,23078.727879912283,25383335641.41,10.046666601248237,23.957358718548292,0.1994995219613882,763.127564019429
2023-01-28,23079.96433256669,23165.895884287078,22908.846464031027,23031.08977562008,14712928379.05,10.044600311522368,23.411992425781822,-0.20641564188496053,257.04942025605123
2023-01-29,23031.4492355484,23919.889761409202,22985.0701306067,23774.56592331162,27423687259.16,10.076371629552348,24.03467297538631,3.228141416384722,934.8196308025035
2023-01-30,23774.64896664247,23789.347177699183,22657.582167625576,22840.13890737995,27205595568.34,10.036274745510646,24.02668850851529,-3.9303641502679842,1131.7650100736064
2023-01-31,22840.796090600143,23225.02140388607,22765.56849944083,23139.283909912327,22837828665.18,10.049287054284056,23.851684150016276,1.3097337268632714,459.45290444523926
2023-02-01,23137.835136150523,23764.53929417068,22877.75065255435,23723.769653484665,26683255504.12,10.074232763481564,24.007302070944252,2.525945685475417,886.788641616331
2023-02-02,23720.82351727543,24167.210232201985,23468.595282557166,23471.870441279425,32066936882.0,10.063557980653803,24.191091332588055,-1.061800952734504,698.6149496448197
2023-02-03,23469.412507140038,23678.10257647552,23279.9557414819,23449.32162150656,27083066007.24,10.062596844735578,24.022174498937527,-0.09606741750418646,398.1468349936222
2023-02-04,23446.320726972564,23556.94880508433,23291.795658887062,23331.84713709607,15639298538.02,10.057574536210375,23.473052720547532,-0.5009717820695814,265.1531461972663
2023-02-05,23332.247600951167,23423.435611538534,22841.760312501065,22955.666016297437,19564262605.21,10.041320070259264,23.696970402412703,-1.6123074979371377,581.6752990374698
2023-02-06,22954.021964172887,23119.27995032012,22692.02598404982,22760.109263300423,23825006541.98,10.032764688900995,23.89400156107132,-0.8518888228212451,427.25396627030204
2023-02-07,22757.26754187948,23310.975071816956,22756.258276985336,23264.291187691553,27187964470.79,10.054674896919783,24.026040229632464,2.215199929659817,554.7167948316201
2023-02-08,23263.415126044525,23367.95928740589,22731.09821330102,22939.398700684054,25371367757.61,10.040611178512627,23.956887121505247,-1.3965286300207103,636.8610741048724
2023-02-09,22946.56551860676,22996.43751078374,21773.974614057337,21819.039914736517,32572572185.34,9.9905382581778,24.206736427182584,-4.8839936938457225,1222.4628967264034
2023-02-10,21819.006420404912,21941.185603316964,21539.39283051438,21651.183782936125,27078406593.87,9.982815410131503,24.022002442560265,-0.7693103475511887,401.7927728025825
2023-02-11,21651.841862003555,21891.410562977795,21618.449727617524,21870.874064054547,16356226232.0,9.992911079221267,23.517874471096853,1.0146802286698398,272.9608353602707
2023-02-12,21870.902501849163,22060.99460655736,21682.828774706803,21788.203986260593,17821046405.57,9.989124000781228,23.603645978116365,-0.37799165022776027,378.1658318505579
2023-02-13,21786.9992632743,21898.413839675686,21460.088503864434,21808.10177360093,23918742607.37,9.99003682072664,23.89792819806565,0.09132366923352286,438.32533581125244
2023-02-14,21801.823146444163,22293.140093450103,21632.393983859154,22220.80414369751,26792596580.6,10.008784252624173,24.011391439307456,1.8924268346737216,660.7461095909493
2023-02-15,22220.585338474528,24307.841328484352,22082.76908076793,24307.841328484352,32483312909.3,10.098554265690925,24.20399234547744,9.392266685266604,2225.0722477164236
2023-02-16,24307.350197799304,25134.11735019613,23602.522501390988,23623.474480806268,39316664596.38,10.069996178036062,24.394914301475264,-2.8154159739233187,1531.5948488051436
2023-02-17,23621.282494263785,24924.04006030843,23460.756026631254,24565.601988946673,41358451254.72,10.109102450264082,24.44554262095999,3.988098824776487,1463.284033677177
2023-02-18,24565.295999850914,24798.835570650936,24468.373630858852,24641.276948425817,19625427157.74,10.112178240510222,23.700091866377498,0.3080525342435969,330.4619397920833
2023-02-19,24640.02722142087,25093.05514954421,24327.641672282658,24327.641672282658,25555105669.92,10.099368500223845,23.96410296415791,-1.2728044768118063,765.4134772615507
2023-02-20,24336.623340482118,25020.45951252541,23927.909253473492,24829.14756994915,28987376572.9,10.119773547262445,24.09012628157678,2.0614653258308913,1092.5502590519172
2023-02-21,24833.048914297397,25126.851685722035,24200.364116338482,24436.354484576015,31252098713.68,10.103827240317573,24.165352369711528,-1.5819837723649144,926.4875693835529
2023-02-22,24437.418479922784,24472.33975721861,23644.317715789413,24188.842976694308,30199996780.9,10.09364677181502,24.131107654734514,-1.012882294034223,828.022041429198
2023-02-23,24190.71898354621,24572.089421454446,23693.919485258688,23947.49252317601,30476264066.0,10.08361890103969,24.140213990239417,-0.9977759322793434,878.169936195758
2023-02-24,23946.007863671563,24103.704483456677,23007.07132664495,23198.12748788315,26811744927.57,10.05182684266786,24.012105872028602,-3.129200414480293,1096.6331568117275
2023-02-25,23200.125853429145,23210.211072334423,22861.558664814136,23175.375635842458,16100721565.07,10.050845598969039,23.502129925638755,-0.09807624366482415,348.65240752028694
2023-02-26,23174.15076871508,23654.367374645797,23084.221639724135,23561.212910916336,16644534841.91,10.067357118228001,23.535347761767948,1.6648587756961764,570.1457349216616
2023-02-27,23561.450681524497,23857.891125262795,23205.879245350094,23522.871914506002,22660763494.22,10.065728499766918,23.843900785457034,-0.16272929817026105,652.0118799127013
2023-02-28,23521.838822394886,23585.38406953924,23077.6503704068,23147.35338990846,20535363433.98,10.049635728568845,23.74541428246859,-1.5963974380439838,507.7336991324373
2023-03-01,23150.92995817847,23880.63246286755,23088.626699901255,23646.549899144964,24662841199.56,10.070972501635397,23.928563542950993,2.1566029637502204,792.0057629662952
2023-03-02,23647.019473129796,23739.138076779185,23245.021433240236,23475.466737662264,20386398516.25,10.063711186207344,23.73813377602751,-0.7235015772380615,494.1166435389496
2023-03-03,23476.633731258356,23479.34809376563,22213.23759376628,22362.6793319333,26062404610.39,10.015148747099893,23.983759676465734,-4.7402141911142115,1266.1104999993513
2023-03-04,22362.92302679091,22405.1769535758,22198.981009392606,22353.350073930676,11166012913.03,10.014731480260151,23.1361404402937,-0.04171797960409451,206.1959441831932
2023-03-05,22354.14359815582,22613.685230682047,22307.143313422126,22435.514196973487,13317001732.58,10.01840043755789,23.312307381569287,0.367569616057839,306.5419172599213
2023-03-06,22436.81677589737,22584.293808702274,22331.314828369683,22429.75753334634,17353192895.19,10.018143817529225,23.577042354949313,-0.02565871045614454,252.97898033259116
2023-03-07,22428.32238968881,22527.41864168071,22011.262496656873,22219.76907094175,22765452203.97,10.008737670292708,23.84850996953631,-0.936204781047667,516.1561450238369
2023-03-08,22216.442321102208,22268.896252187904,21708.050506040505,21718.079830432067,22536575684.49,9.985900364542816,23.838405412299377,-2.2578508305280964,560.845746147399
2023-03-09,21720.07931756107,21802.71668117176,20210.3067467507,20363.021111725368,30364664170.83,9.92147584431889,24.13654540648936,-6.23931180512537,1592.4099344210626
2023-03-10,20367.00177713576,20370.595398116,19628.254309420507,20187.243647616287,39578257695.31,9.912806181314293,24.401545756326513,-0.8632189847697203,742.3410886954916
2023-03-11,20187.877074733235,20792.525692444524,20068.66031241524,20632.409629392565,30180288175.61,9.93461840144477,24.13045483880282,2.2051845687652394,723.865380029285
2023-03-12,20628.029034458348,22185.03111087706,20448.80626107676,22163.94995191503,29279035521.01,10.006222371904698,24.100137585640777,7.422983306519182,1736.2248498002991
2023-03-13,22156.406675322058,24550.837485761334,21918.199930890016,24197.5329977753,49466362688.47,10.094005964707625,24.624558733880907,9.175183350766236,2632.6375548713186
2023-03-14,24201.76600614591,26514.717165528455,24081.18265166227,24746.074658847734,54622230163.97,10.116422155776068,24.72370678269614,2.266932174957126,2433.5345138661833
2023-03-15,24770.925668702967,25240.615818348535,23964.909846876988,24375.961357831246,43655701450.2,10.10135273540958,24.499599728118117,-1.4956444855150353,1275.705971471547
2023-03-16,24373.456617017335,25190.32698449262,24225.110958628262,25052.78972174803,33866061746.62,10.128740466449909,24.245679221450757,2.7766222385290362,965.2160258643598
2023-03-17,25055.123219270015,27787.812225225498,24955.169055285627,27423.930634049197,50730261335.05,10.219171292005786,24.649788440000997,9.4645783509004,2832.643169939871
2023-03-18,27448.117269610462,27725.953416209864,26636.260945975282,26965.879757026636,35723036817.12,10.20232763312551,24.299061606617542,-1.6702597564692279,1089.6924702345823
2023-03-19,26969.503787812773,28440.561217258273,26907.71627371266,28038.674946765103,37769448858.69,10.241340084210433,24.35476638152539,3.9783430001349096,1532.8449435456132
2023-03-20,28041.601917494194,28527.72422274135,27242.880702919123,27767.236331826196,44774027663.55,10.231612055428576,24.52489406860044,-0.9680864572033654,1284.8435198222287
2023-03-21,27768.39203181537,28439.561588710232,27439.647094150285,28175.816835424946,36102192830.48,10.246219329984624,24.309619443667046,1.4714482158616704,999.9144945599473
2023-03-22,28158.719991806116,28803.33592066941,26759.99623312224,27307.436768413274,33382021889.86,10.214914353175816,24.231283325240845,-3.0820049409175376,2043.33968754717
2023-03-23,27301.957494354938,28729.843469678315,27183.363740707282,28333.972711378767,24220433689.12,10.251816812833686,23.910462481150514,3.759180884208413,1546.4797289710332
2023-03-24,28324.11169520493,28388.437745563944,27039.265431502597,27493.285143623496,25980310960.02,10.221697077243196,23.980604817325087,-2.967065636431754,1349.1723140613467
2023-03-25,27487.337738386257,27791.825602760004,27196.233829504792,27494.706878377543,13383005987.37,10.221748787978651,23.317251529146784,0.005171207247944842,595.5917732552116
2023-03-26,27495.52395825096,28178.144437213232,27445.046354925245,27994.32951422271,13878363191.96,10.239757251298744,23.353596859419998,1.8171593465434732,733.0980822879865
2023-03-27,27994.067923252504,28037.925860641368,26606.689001139537,27139.88853052214,18188895177.73,10.208759826177852,23.624077089739025,-3.0521930638362504,1431.2368595018306
2023-03-28,27132.888921445134,27460.7194594252,26677.81872811284,27268.131482914527,17783600384.84,10.213473954347041,23.60154254286776,0.47252571523335174,782.9007313123584
2023-03-29,27267.03217460021,28619.543388800823,27259.66118041008,28348.442342812003,20684945905.97,10.252327363830275,23.75267202172318,3.9618074328795494,1359.8822083907435
2023-03-30,28350.141491187987,29159.90261786623,27720.15933761617,28033.563150395665,22435349950.56,10.241157755252038,23.833903674673028,-1.1107460106928202,1439.7432802500625
2023-03-31,28032.2622677886,28639.896083757507,27583.715260068304,28478.484605680438,19001327597.88,10.25690415504005,23.66777468724444,1.5871027628483692,1056.180823689203
2023-04-01,28473.331801197142,28802.45747844686,28297.172497645388,28411.03424309244,10876469900.68,10.254532878377537,23.109867568068346,-0.23684674069540668,505.28498080147256
2023-04-02,28462.844801116054,28518.958407845254,27884.087091328583,28199.308383774474,12284641999.34,10.247052731227384,23.23161570121207,-0.7452240474823291,634.87131651667
2023-04-03,28183.0803582438,28475.622507498865,27276.719948809692,27790.220854773645,19556501326.93,10.23243946998002,23.6965736167878,-1.4507005754659352,1198.902558689173
2023-04-04,27795.274323998936,28433.742975997215,27681.305056614092,28168.0898164027,15284538858.55,10.24594504942689,23.450107622292066,1.3597191746108184,752.4379193831228
2023-04-05,28169.726952853987,28739.238110653572,27843.76449542776,28177.9835569508,17052315986.14,10.246296227070955,23.559551866415426,0.0351239314152485,895.473615225812
2023-04-06,28175.22707737488,28178.384312375736,27738.759361405984,28044.139754944128,13837809380.28,10.241534967731361,23.350670492836375,-0.47499425122510264,439.6249509697518
2023-04-07,28038.9669696205,28111.59328412164,27794.03182581009,27925.859408412933,10861680497.27,10.237308399056069,23.108506881402636,-0.42176493044449037,317.561458311553
2023-04-08,27920.512778528697,28159.862779875504,27883.386552621025,27947.79454969423,9373255556.0,10.238093568482242,22.9611263174623,0.07854777523763623,276.47622725447945
2023-04-09,27952.367615612475,28532.829969278082,27828.481410543493,28333.050047624925,12175322950.95,10.25178424843524,23.222677031308642,1.3784826464416255,704.3485587345895
2023-04-10,28336.028237401144,29771.463928909954,28189.270771369433,29652.98009708406,19282400094.3,10.29731790855169,23.682458604599923,4.658623223551528,1582.1931575405215
2023-04-11,29653.679647445995,30509.083666456423,29609.301368034943,30235.058938955266,20121259843.07,10.316757422067255,23.725042796672394,1.9629691179958275,899.7822984214799
2023-04-12,30231.581623239563,30462.480941487043,29725.573350158436,30139.052871052005,18651929926.37,10.313577047368616,23.64921545898912,-0.3175322664232261,736.9075913286069
2023-04-13,29892.73945987711,30539.846481282515,29878.622163408105,30399.066385491835,17487721001.39,10.322167175919162,23.584764814535927,0.8627129576774806,661.2243178744102
2023-04-14,30409.5616914944,31005.608044472887,30044.497509619017,30485.700029255324,22659995079.31,10.325013001150447,23.843866875393115,0.28498784358994556,961.1105348538695
2023-04-15,30490.74927242369,30601.740164292667,30245.881938715993,30318.496953064554,11940685377.62,10.319513265739428,23.203217345074165,-0.5484639553309134,355.85822557667416
2023-04-16,30315.976416622234,30555.53763344086,30157.832325260348,30315.35545612029,12854816416.5,10.319409643857517,23.276984396465437,-0.010361651334911404,397.7053081805134
2023-04-17,30317.145697415202,30319.196576603867,29275.371057633616,29445.044904962764,17872186762.03,10.29028092042294,23.606511529197952,-2.8708571549400097,1043.8255189702504
2023-04-18,29449.0917046267,30470.302014738132,29154.84937086217,30397.55273552258,19480529496.02,10.322117382032875,23.692681316311923,3.234866286107363,1315.4526438759603
2023-04-19,30394.187904359267,30411.053790876467,28669.898268151563,28822.680472900887,24571565420.76,10.268917872615855,23.924855734138575,-5.180917938769769,1741.1555227249046
2023-04-20,28823.682862437203,29076.401048519936,28037.25725722351,28245.98731049337,21340360359.79,10.248706684379222,23.783865969265538,-2.000831126548852,1039.1437912964248
2023-04-21,28249.231270723743,28349.967857708452,27177.365299574205,27276.909687575568,20759504329.87,10.213795824293364,23.756270018748555,-3.4308505922106325,1172.6025581342474
2023-04-22,27265.89501625829,27872.143167903887,27169.57112040993,27817.500917437257,13125734602.38,10.233420631012434,23.297840613562997,1.9818639136673255,702.5720474939553
2023-04-23,27816.144792576142,27820.24449092755,27400.313735867676,27591.38463190681,12785446832.04,10.225258851958102,23.27157339478865,-0.8128562166729636,419.9307550598751
2023-04-24,27591.729521890473,27979.98190066292,27070.849499552543,27525.33949959111,17703288330.24,10.222862295741558,23.597016240640464,-0.23936867684170027,909.1324011103752
2023-04-25,27514.87239121884,28371.077696197786,27207.932556740943,28307.59809066535,17733373139.17,10.250885531365105,23.59871418931342,2.841958011402035,1163.145139456843
2023-04-26,28300.05927438531,29995.83849111743,27324.549006523932,28422.70087849232,31854242019.49,10.254943431565314,24.184436397521043,0.4066144625139545,2671.289484593497
2023-04-27,28428.464278678897,29871.54635164288,28402.88738665169,29473.786183672837,27153445027.31,10.291256543342092,24.024769763943706,3.698048646657237,1468.6589649911875
2023-04-28,29481.013535027447,29572.791692792915,28929.60854188226,29340.262498158005,17544464887.25,10.286715998424436,23.588004346072186,-0.45302522276150503,643.183150910656
2023-04-29,29336.567035251155,29452.455244901885,29088.042336489525,29248.488372917574,10662634332.91,10.283583171766194,23.090011348316498,-0.3127924477369315,364.4129084123597
2023-04-30,29245.515512462294,29952.02855265972,29114.021236277837,29268.807043162557,14652199272.27,10.284277621874221,23.407856282116523,0.06946912943301964,838.0073163818852
2023-05-01,29227.10398190992,29329.93622110556,27680.792639691088,28091.56880389237,18655599976.36,10.243224767733953,23.649412204794128,-4.022159965502247,1649.1435814144716
2023-05-02,28087.17496979201,28881.298380463573,27924.12367498072,28680.53696791293,16432924526.63,10.263974017268865,23.522552752341856,2.0966011835513942,957.174705482852
2023-05-03,28680.494409624953,29259.533287999457,28178.3892452007,29006.30767090857,19122972518.31,10.275268591211033,23.67415619892482,1.1358598458602875,1081.1440427987582
2023-05-04,29031.304447754515,29353.18465956154,28694.039024689486,28847.711590655163,15548678513.55,10.269785947842346,23.467241488908943,-0.5467641109401455,659.145634872053
2023-05-05,28851.479661785383,29668.90767712088,28845.51053371511,29534.384019704954,17936566518.34,10.29331042358022,23.610107288322673,2.3803358782615858,823.3971434057676
2023-05-06,29538.85900462101,29820.12662207653,28468.967409856246,28904.623949070778,15913866714.47,10.271756859539913,23.490456686503478,-2.132294583201766,1351.159212220282
2023-05-07,28901.62282413254,29157.51818533471,28441.368038323788,28454.978285513487,11301355486.45,10.256078407920205,23.148188510023832,-1.5556184517382277,716.1501470109215
2023-05-08,28450.457477963737,28663.272331845226,27310.135612373655,27694.272896273116,19122903752.39,10.228980916151562,23.674152602933475,-2.6733648559051915,1353.1367194715713
2023-05-09,27695.068069254914,27821.400606356445,27375.600690258794,27658.77467251895,14128593255.78,10.227698304617787,23.371466471417055,-0.12817893391576796,445.79991609765057
2023-05-10,27654.63677657879,28322.688327886328,26883.669882565664,27621.756227331287,20656025025.55,10.226359010290528,23.751272882588985,-0.13383978728618295,1439.018445320664
2023-05-11,27621.08687181673,27621.941986176353,26781.82700214609,27000.788270733763,16724343943.18,10.203621339772656,23.54013121607355,-2.2481117836493203,840.1149840302642
2023-05-12,26987.662513638646,27055.647228128175,25878.428829536035,26804.99067068782,19313599897.31,10.196343368217848,23.68407534259416,-0.725155125408572,1177.2183985921401
2023-05-13,26807.769044398643,27030.482960302434,26710.873803047674,26784.078560882408,9999171605.08,10.19556290641223,23.025768087017077,-0.07801573245194149,319.60915725475934
2023-05-14,26788.974291770766,27150.976791699217,26661.3549036476,26930.63784556426,10014858959.48,10.201019870841314,23.027335723037417,0.5471880779796434,489.62188805161713
2023-05-15,26931.384631905392,27646.34811866989,26766.09691604433,27192.693221164922,14413231792.03,10.210703584621346,23.391412496068202,0.9730752650696228,880.2512026255572
2023-05-16,27171.514579396786,27299.30481164118,26878.947971817197,27036.65070994403,12732238815.9,10.20494865820787,23.267403103329837,-0.573839854521796,420.35683982398405
2023-05-17,27035.470129713845,27465.927904294607,26600.14484430804,27398.802027965245,15140006925.18,10.218254569813237,23.44060654236512,1.339482918599888,865.7830599865665
2023-05-18,27401.650207988976,27466.527590184734,26415.10148304567,26832.20930048602,15222938600.41,10.197358284438277,23.44606924567177,-2.0679470836021063,1051.4261071390647
2023-05-19,26826.754786389298,27128.618843259585,26700.21014229994,26890.12824240825,11258983300.89,10.199514518400226,23.144432162587513,0.2158560306145807,428.4087009596442
2023-05-20,26888.84139105379,27155.159026372767,26843.277380862277,27129.586255031238,7044911360.48,10.208380155077094,22.675571400313004,0.8905052830701754,311.88164551048976
2023-05-21,27118.423228280295,27265.917991795977,26706.921353513324,26753.82563905467,8647416920.95,10.194432756642648,22.880526491438324,-1.3850584098269558,558.9966382826533
2023-05-22,26749.893205403107,27045.73508578749,26549.734792438765,26851.277627891304,11056770492.11,10.198068682711499,23.126308791495557,0.36425440664595854,496.0002933487267
2023-05-23,26855.960682040175,27434.684328204352,26816.179718120926,27225.726590634808,13697203142.64,10.211917635806275,23.340457498766746,1.3945294072508219,618.5046100834261
2023-05-24,27224.60370246231,27224.60370246231,26106.576623117977,26334.818214436535,16299104428.23,10.178647229081307,23.51437600019633,-3.2723033974223825,1118.0270793443342
2023-05-25,26329.461512587262,26591.519183094402,25890.594475345944,26476.207531973054,13851122696.86,10.184001779702315,23.351632127439608,0.5368911848383728,700.9247077484579
2023-05-26,26474.182469275427,26916.669912854042,26343.949157498468,26719.29098461734,12711619225.45,10.193141092291686,23.265782311787106,0.9181203627850909,572.7207553555745
2023-05-27,26720.18251355914,26888.88337077603,26621.14140510269,26868.35381843118,7892015141.24,10.198704435067027,22.78911734366044,0.5578846905019308,267.74196567334
2023-05-28,26871.158775260013,28193.44853283095,26802.751730160704,28085.64736074923,14545229578.02,10.243013954754266,23.400528912751135,4.530584756119338,1390.6968026702452
2023-05-29,28075.592141166908,28432.038716970947,27563.877211181793,27745.884443552008,15181308983.6,10.230842799835344,23.443330835999923,-1.2097386000511245,868.161505789154
2023-05-30,27745.123603261192,28044.75979798264,27588.502765755577,27702.348774779613,13251081851.39,10.229272481894023,23.30734503520704,-0.1569085637221801,456.25703222706215
2023-05-31,27700.530088711763,27831.67780370857,26866.45394440047,27219.658608110938,15656371534.37,10.211694734176437,23.47414379787575,-1.7424160333585847,965.223859308102
2023-06-01,27218.412375564356,27346.105483136533,26671.72115584082,26819.97321970769,14678970414.58,10.196902158315696,23.409681722426594,-1.4683703207216237,674.3843272957129
2023-06-02,26824.556981119476,27303.861687267836,26574.644421230823,27249.588949088356,14837414999.85,10.212793715540494,23.420417868127792,1.6018499566024191,729.2172660370125
2023-06-03,27252.323332614993,27317.051854088637,26958.003739925192,27075.129398442477,8385597470.09,10.206370851116958,22.849781484315173,-0.6402281919621999,359.04811416344455
2023-06-04,27075.122073387673,27407.018569538297,26968.224140905622,27119.067193126313,9360912318.14,10.207992345929101,22.959808592572784,0.16228101456963184,438.7944286326747
2023-06-05,27123.10996380917,27129.98258376833,25445.1675071202,25760.096999536112,21513292646.48,10.156581945721143,23.791936843661407,-5.011124401559986,1684.8150766481303
2023-06-06,25732.108862845296,27313.820682417092,25434.86713154732,27238.783726217396,21929670692.82,10.21239710898089,23.811106382976185,5.74022188933494,1878.9535508697736
2023-06-07,27235.649518401624,27332.180956518452,26146.98886820858,26345.99885126687,19530045081.91,10.179071696187968,23.69521989017386,-3.277623861344503,1185.192088309872
2023-06-08,26347.65345388678,26797.51278671825,26246.663756236292,26508.215902156466,11904824295.26,10.18520999796733,23.200209557873343,0.6157179760212239,550.849030481957
2023-06-09,26505.92400824293,26770.289117335557,26339.31522115061,26480.37509359513,11015551640.28,10.184159175116598,23.122573896771044,-0.10502709297411927,430.9738961849471
2023-06-10,26481.762544708385,26531.04516335344,25501.83624158554,25851.241003169685,19872933188.93,10.160113886643797,23.71262450158533,-2.375850372971544,1029.2089217678986
2023-06-11,25854.031918451117,26203.43980788956,25668.98560722756,25940.16808034339,10732609602.85,10.163547937430915,23.096552570249372,0.3439953894778247,534.4542006619995
2023-06-12,25934.285597359547,26087.919073186164,25675.19759436772,25902.499869783027,11677889997.4,10.16209476309871,23.180963147119616,-0.14521189856477879,412.72147881844285
2023-06-13,25902.940909862198,26376.35206932344,25728.365567508503,25918.728401268156,14143474486.27,10.162721090669748,23.372519187617375,0.06265237551090763,647.9865018149358
2023-06-14,25920.258089139683,26041.800109474858,24902.152701215833,25124.676679840817,14265717765.8,10.13160577681453,23.38112513691106,-3.0636214444397125,1139.6474082590248
2023-06-15,25121.673946191986,25735.308541637325,24797.167848615383,25576.394008263604,15837384409.1,10.149425096011367,23.48563908400981,1.7979030503713078,938.1406930219418
2023-06-16,25575.28259536865,26463.173064552917,25245.357683111808,26327.46239421728,16324646965.41,10.17836787086962,23.515941886479055,2.9365687192299594,1217.815381441109
2023-06-17,26328.679439009575,26769.39450192045,26174.491649574386,26510.67644688794,11090276850.25,10.185302815626253,23.129334601951104,0.69590471701102,594.9028523460656
2023-06-18,26510.457605282787,26675.925532231984,26325.890181020062,26336.213003281027,9565695128.64,10.178700191357251,22.98144911138931,-0.6580874839479778,350.0353512119218
2023-06-19,26335.442369620123,26984.611526472378,26312.83180762957,26851.028545521316,12826986222.15,10.198059406299079,23.274817087134757,1.9547819657144805,671.7797188428085
2023-06-20,26841.663530099617,28388.968417499313,26668.7916991755,28327.488264328193,22211859146.73,10.25158792896916,23.82389217899151,5.498708238694805,1720.1767183238117
2023-06-21,28311.31096035663,30737.329223589204,28283.410778834826,30027.296453500956,33346760979.13,10.30986212873615,24.230226482526323,6.000560915643449,2453.9184447543776
2023-06-22,29995.935766599723,30495.998447137208,29679.157402267716,29912.28171476797,20653160490.91,10.306024434731347,23.751134195049698,-0.383033946832656,816.8410448694922
2023-06-23,29896.383424039625,31389.538128135737,29845.21450520376,30695.46940748955,24115570084.62,10.331870346381562,23.906123530437558,2.6182813474069144,1544.3236229319773
2023-06-24,30708.738453966012,30804.14936626635,30290.14647599631,30548.694824738708,12147822495.52,10.327077241092628,23.220415772195697,-0.4781636690495694,514.0028902700396
2023-06-25,30545.150233460405,31041.272067035912,30327.94278399382,30480.26160573749,12703464114.44,10.324834592629154,23.265140558133904,-0.22401356062452527,713.3292830420905
2023-06-26,30480.523973068975,30636.029429573337,29955.743293732452,30271.131016739706,16493186997.21,10.317949765597213,23.526213223322443,-0.6861180907922981,680.2861358408845
2023-06-27,30274.321187966107,31006.78657697437,30236.651293804374,30688.163854246024,16428827943.78,10.331632317027815,23.52230343010167,1.3776585925240115,770.1352831699951
2023-06-28,30696.56148684194,30703.27997632466,29921.82283255985,30086.24618852492,14571500779.44,10.311823409051017,23.402333456614855,-1.9614000647934504,781.4571437648083
2023-06-29,30086.186717423134,30796.250239651657,30057.203020300094,30445.3512260882,13180860821.04,10.323688592388947,23.30203167656174,1.1935853855382206,739.0472193515634
2023-06-30,30441.35375917607,31256.862699554396,29600.275939419127,30477.251282244626,26387306196.78,10.324735824705309,23.996148905585304,0.104778085559043,1656.5867601352693
2023-07-01,30471.847563048803,30641.2893232817,30328.86474880932,30590.0790715004,9086606733.0,10.3284310220223,22.930067378743573,0.3702032975706926,312.4245744723812
2023-07-02,30587.269955877855,30766.139746690114,30264.018714366975,30620.77026344812,10533418042.02,10.32943382446184,23.077818710802756,0.10033054140194952,502.12103232313893
2023-07-03,30624.516311271615,31375.61325200148,30586.51343339069,31156.43949157535,15271884873.11,10.346776228102094,23.44927938491229,1.749365621826482,789.09981861079
2023-07-04,31156.864921655437,31325.198166376776,30659.355893337084,30777.581511167722,12810828427.35,10.334541830919456,23.273556621127014,-1.2159861222591606,665.8422730396924
2023-07-05,30778.725362745445,30877.32925104366,30225.61269853897,30514.166392819956,12481622279.55,10.325946326657558,23.24752318178824,-0.8558668531254976,651.7165525046876
2023-07-06,30507.15111094327,31460.053612687978,29892.226031563314,29909.337761100734,21129219508.8,10.305926010325742,23.773922730305795,-1.9821240532447826,1567.827581124664
2023-07-07,29907.998902423325,30434.643694359656,29777.284410084438,30342.264752095933,13384770154.9,10.320296895868017,23.317383341929677,1.4474643151686672,657.3592842752187
2023-07-08,30346.92165283586,30374.436525061985,30080.159610240178,30292.541172641984,7509378699.36,10.31865679527425,22.739418569521195,-0.16387563637784153,294.2769148218067
2023-07-09,30291.610530287548,30427.590660312413,30085.592193241242,30171.23357175826,7903327692.27,10.31464421868079,22.790549734597874,-0.4004536964805072,341.99846707117104
2023-07-10,30172.422955372138,31026.083799965392,29985.394700634453,30414.471520592702,14828209155.42,10.322673810986315,23.419797227572428,0.8061915939099107,1040.689099330939
2023-07-11,30417.63362402037,30788.314619575805,30358.097742207156,30620.950938004094,12151839151.9,10.329439724836696,23.220746365804356,0.6788854354138341,430.2168773686499
2023-07-12,30622.24694556371,30959.9655594585,30228.83522031634,30391.646143934307,14805659716.84,10.321923051733554,23.41827535791515,-0.7488493565534382,731.130339142157
2023-07-13,30387.489196646333,31814.51481206781,30268.35248661994,31476.049385444207,23686079547.52,10.356982198640942,23.888153351659394,3.5680964314146912,1546.162325447869
2023-07-14,31474.721363624696,31582.254827237728,29966.38713650077,30334.069007690672,20917902659.76,10.32002674953757,23.76387121584764,-3.6280931058699895,1615.867690736959
2023-07-15,30331.78227697352,30407.781109318264,30263.46341666242,30295.807483728026,8011667755.87,10.318764615050219,22.80416478557637,-0.12613383306059323,144.31769265584444
2023-07-16,30297.472110816725,30437.560732332422,30089.67038375998,30249.132810296705,8516564469.72,10.31722279561986,22.86527886521453,-0.15406314374155627,347.8903485724404
2023-07-17,30249.62661714303,30336.400133499996,29685.782686655515,30145.889625508702,13240156074.07,10.313803862032541,23.306520175457546,-0.34130956889071307,650.6174468444806
2023-07-18,30147.070861420925,30233.65534901887,29556.428372971015,29856.563223120636,13138897269.16,10.304159968123496,23.29884292480393,-0.9597540692355078,677.2269760478557
2023-07-19,29862.047207949952,30184.181151316767,29794.26886313251,29913.92319985428,12128602811.7,10.30607930985134,23.218832368742156,0.19211848431779366,389.9122881842559
2023-07-20,29915.250325865425,30195.531036727476,29638.096674876015,29792.016378050812,14655207120.53,10.301995729823245,23.40806154410595,-0.407525355296956,557.4343618514613
2023-07-21,29805.111530493545,30045.99751264125,29733.850999420774,29908.743898772045,10972789817.7,10.305906154713117,23.118684392274222,0.3918080577024474,312.14651322047575
2023-07-22,29908.69698861633,29991.61595644289,29664.12094534707,29771.80282777146,7873300597.52,10.301317010717426,22.786743201230237,-0.45786299640022676,327.4950110958198
2023-07-23,29790.111646404206,30330.64039201111,29741.527314547297,30084.539240756265,9220145049.89,10.311766672288918,22.944656606483356,1.0504449958706585,589.113077463815
2023-07-24,30081.66164457886,30093.3942473004,28934.294160245703,29176.915484832643,15395817395.41,10.281133110006678,23.45736171177601,-3.0169109410658423,1159.100087054696
2023-07-25,29178.970044592083,29353.161104588005,29062.43429310641,29227.390799951987,10266772792.7,10.282861589665012,23.052178575155704,0.1729974340350715,290.7268114815961
2023-07-26,29225.76011533686,29675.552617399644,29113.91132357975,29354.972883148803,13497554655.35,10.28721724474207,23.32577436934283,0.4365154730028964,561.6412938198955
2023-07-27,29353.798829215375,29560.96626199313,29099.35225113293,29210.689277337366,10770779216.98,10.282289992410371,23.100102676192044,-0.49151333365483607,461.61401086020123
2023-07-28,29212.164302427616,29521.5143305549,29125.845592149624,29319.24540303486,11218474951.63,10.285999419074404,23.14082780548807,0.3716315101873091,395.6687384052748
2023-07-29,29319.446037681606,29396.84375418112,29264.166273900406,29356.91853756984,6481775958.74,10.287283522777905,22.592260377467692,0.12849285176719238,132.67748028071583
2023-07-30,29357.093643392607,29443.169489786003,29059.502628570783,29275.307946896966,8678454526.64,10.284499707518943,22.884109299839633,-0.2779944038351023,383.6668612152207
2023-07-31,29278.31405437211,29489.872868720275,29131.57903377326,29230.110878649015,11656781981.62,10.282954651414862,23.1791539919229,-0.15438631193883667,358.29383494701324
2023-08-01,29230.872404990292,29675.732498060763,28657.02381974255,29675.732498060763,18272392391.28,10.29808490318538,23.628657145193806,1.5245293500999013,1018.7086783182131
2023-08-02,29704.146838200217,29987.997112196714,28946.510378230032,29151.95968913307,19212655598.47,10.28027741727652,23.678835044592645,-1.7649869601767065,1041.4867339666816
2023-08-03,29161.81194570409,29375.70702796135,28959.48820890262,29178.678779687,12780357745.55,10.281193542768168,23.27117527811356,0.0916545262783508,416.2188190587294
2023-08-04,29174.38183697726,29302.0782223191,28885.33539940102,29074.091727772346,12036639987.62,10.277602737957297,23.211221167083906,-0.3584365580920901,416.7428229180805
2023-08-05,29075.388956476294,29102.465652594947,28957.7976155422,29042.126150075645,6598366352.73,10.276502680792964,22.61008793302645,-0.10994523232574771,144.6680370527465
2023-08-06,29043.701980163052,29160.82154415018,28963.834688306848,29041.85617094027,7269806993.78,10.276493384628184,22.70699557982856,-0.0009296121571078508,196.98685584333361
2023-08-07,29038.51284594314,29244.2808643985,28724.14053106778,29180.578921522465,13618163710.33,10.281258661548323,23.334670305548233,0.47766489085845354,520.1403333307208
2023-08-08,29180.01886208521,30176.79623748381,29113.814464067458,29765.492673562196,17570561357.26,10.301105037560776,23.589490688393713,2.0044624666727184,1062.9817734163516
2023-08-09,29766.695595897992,30093.43518921235,29376.8005464538,29561.49450732431,18379521212.63,10.29422793221862,23.634502904167416,-0.6853512168440545,716.6346427585486
2023-08-10,29563.971836560333,29688.564816471524,29354.446435792423,29429.592488566137,11865344788.64,10.289755994327917,23.19688778571576,-0.44619536649438407,334.1183806791014
2023-08-11,29424.902574842985,29517.773668269485,29253.51798779874,29397.715497007066,10195168196.66,10.288672246124213,23.0451797387926,-0.1083161160707724,264.2556804707456
2023-08-12,29399.786654848744,29465.11378374591,29357.587981112123,29415.96451621951,6194358007.75,10.289292816705547,22.546904715947235,0.06207631750942966,107.52580263378695
2023-08-13,29416.593599244316,29441.43338891422,29265.80759688342,29282.91437939815,7329897179.69,10.284759497937497,22.715227325419164,-0.4523058788298395,175.62579203080168
2023-08-14,29283.262942771038,29660.25433927243,29124.105547239265,29408.442550403204,14013695304.04,10.289037073682119,23.3633009244035,0.42867376306428007,536.1487920331638
2023-08-15,29408.048589906968,29439.12042188584,29088.85327688286,29170.347205994203,12640195779.03,10.28090796563612,23.26014771439248,-0.809615619735482,350.2671450029811
2023-08-16,29169.074019916276,29221.97574297547,28701.77952453054,28701.77952453054,14949271904.13,10.264714404164566,23.42792843353224,-1.606315064249142,520.196218444933
2023-08-17,28699.80283965744,28745.946525171366,25409.11160276864,26664.549993120152,31120851211.44,10.191090246579533,24.161143888435227,-7.097920634744015,3336.834922402726
2023-08-18,26636.07840210928,26808.195784726875,25668.922816845883,26049.55690088067,24026236529.35,10.167756037473726,23.9024122589216,-2.306407167562019,1139.272967880992
2023-08-19,26047.83297901064,26249.4483843828,25802.40788860038,26096.204550688082,10631443812.07,10.169545163222475,23.0870818443545,0.1790727189138197,447.04049578241757
2023-08-20,26096.861225500263,26260.680935384178,26004.31529959161,26189.584668660435,9036580419.74,10.173117078981985,22.924546667634882,0.35783026528235506,256.36563579256836
2023-08-21,26188.690650818713,26220.201684153268,25846.08797027676,26124.141253131012,13371557892.6,10.170615118033309,23.316395742783005,-0.24988336530489264,374.113713876508
2023-08-22,26130.748016041613,26135.50820329062,25520.728490708952,26031.656479448156,14503820706.42,10.167068633284172,23.39767794865819,-0.3540203399863828,614.7797125816687
2023-08-23,26040.473651602013,26786.897605490947,25804.998186529647,26431.639982699646,16985265785.29,10.1823170557187,23.555612086672618,1.5365272800341057,981.8994189613004
2023-08-24,26431.51989246775,26554.90981737716,25914.925558946263,26162.37249495053,12871532023.01,10.172077493161893,23.278283889776866,-1.0187316713051509,639.9842584308972
2023-08-25,26163.68005367363,26248.103427603295,25786.812461626567,26047.66885104809,12406045117.51,10.167683555693511,23.241449700239876,-0.43842982483557336,461.29096597672833
2023-08-26,26047.235239637183,26107.384290580063,25983.878273926643,26008.46265966795,6034817316.31,10.166177250954552,22.52081142033517,-0.15051708313835732,123.50601665342037
2023-08-27,26008.2418008294,26165.372438276096,25965.097538994913,26089.69347166345,6913768611.22,10.169295629179556,22.65678071118348,0.31232454243235175,200.27489928118302
2023-08-28,26089.614922885765,26198.579064448368,25880.600248890478,26106.1500439649,11002805166.45,10.169926199421871,23.121416092365767,0.06307690935243304,317.9788155578899
2023-08-29,26102.485832002574,28089.33802715427,25912.628908674877,27727.393009042426,29368391711.99,10.230176120812807,24.10318482110668,6.210195537630869,2176.7091184793935
2023-08-30,27726.08403402729,27760.159396603736,27069.207424583645,27297.265348320634,16343655235.34,10.214541805764476,23.517105599974684,-1.5512733583771032,690.9519720200915
2023-08-31,27301.929316804566,27456.079001362155,25752.929946929373,25931.472893357368,20181001451.19,10.163212679594292,23.728007476566713,-5.0034039583649825,1703.1490544327826
2023-09-01,25934.02080615863,26125.869773720562,25362.609128156906,25800.72437260772,17202862221.48,10.158157846973236,23.568341615147087,-0.5042078453751819,763.260645563656
2023-09-02,25800.909609110324,25970.28448931195,25753.09384693841,25868.798140193212,10100387473.24,10.160792816435372,23.035839623744888,0.2638444045305999,217.19064237354178
2023-09-03,25869.47279272437,26087.149164750943,25817.031798422275,25969.56735263164,8962524522.99,10.164680645012117,22.916317779045812,0.3895395986018402,270.11736632866814
2023-09-04,25968.17013346548,26081.524605151673,25657.025567293684,25812.415268672812,10680635105.81,10.158610867128425,23.09169813554652,-0.6051393996092225,424.4990378579896
2023-09-05,25814.95780798914,25858.374312520144,25589.98858554394,25779.98179498475,11094740039.8,10.157353570324766,23.129736962664403,-0.12565067371833605,268.38572697620475
2023-09-06,25783.930744879006,25953.015656649026,25404.359679913214,25753.236258310782,12752705326.81,10.15631557812922,23.269009268538227,-0.10374536679916835,548.6559767358121
2023-09-07,25748.312009430218,26409.303011092205,25608.20159567896,26240.19489212002,11088307100.27,10.175047670321602,23.12915697564371,1.8908638468770667,801.1014154132463
2023-09-08,26245.208208078435,26414.00597477302,25677.479580690466,25905.65375151327,10817356399.67,10.16221651542971,23.104417755158472,-1.2749186581202387,736.5263940825535
2023-09-09,25905.424912482402,25921.97622636704,25810.495089688124,25895.678220958398,5481314132.31,10.161831369708613,22.42461071432373,-0.03850715620056233,111.48113667891812
2023-09-10,25895.2099714338,25978.130167624386,25640.261707720892,25832.226246911396,7899553047.41,10.15937807079676,22.790072018541675,-0.245029203350422,337.8684599034932
2023-09-11,25831.71550073221,25883.947002717247,24930.297494168444,25162.655272247557,14600006466.65,10.13311624070884,23.404287808581838,-2.5919987238571585,953.6495085488023
2023-09-12,25160.657925189484,26451.93849753749,25133.078908691517,25833.343060491483,18657279324.05,10.159421303208411,23.649502219165715,2.6654094370701875,1318.8595888459713
2023-09-13,25837.554963292874,26376.11346939332,25781.12372763362,26228.32408751368,13072077070.22,10.17459517785413,23.29374427087134,1.5289582385729528,594.9897417596985
2023-09-14,26228.277860325095,26774.623356585485,26171.45185228815,26539.674442452662,13811359124.32,10.186396041136232,23.348757215478738,1.1870768177948632,603.1715042973337
2023-09-15,26533.818837729646,26840.49792522151,26240.700625430905,26608.693364912444,11479735788.3,10.188993259606137,23.163849212616537,0.2600594163633785,599.7972997906036
2023-09-16,26606.198652256913,26754.77018331882,26473.89077657253,26568.281287659884,7402031416.6,10.187473350461387,22.725020315240737,-0.15187546678203656,280.8794067462877
2023-09-17,26567.927583002078,26617.997627579007,26445.075125456697,26534.187516849965,6774210669.73,10.186189275492291,22.636388690611874,-0.12832508975939572,172.9225021223101
2023-09-18,26567.153299953825,26639.61370903516,26455.16658291257,26543.263740906474,7535117877.488,10.186531274737916,22.742840312895602,0.03420577340362829,184.4471261225881
2023-09-19,26566.379016905572,26661.229790491307,26465.258040368444,26552.33996496298,8296025085.246,10.186873157060047,22.839042331645103,0.034194077055116345,195.97175012286243
2023-09-20,26565.604733857323,26682.84587194746,26475.349497824318,26561.41618901949,9056932293.004,10.1872149225386,22.926796300657532,0.03418238870278589,207.4963741231404
2023-09-21,26564.83045080907,26704.461953403606,26485.44095528019,26570.492413075994,9817839500.762001,10.187556571253415,23.00746692500131,0.034170708338421285,219.02099812341476
2023-09-22,26564.056167760817,26726.07803485976,26495.532412736065,26579.568637132503,10578746708.52,10.18789810328425,23.08211279780781,0.03415903595389569,230.54562212369274
2023-09-23,26571.715076916036,26721.068248648517,26358.291208662027,26418.197211938525,9385807197.245,10.18180834001532,22.962464512582514,-0.6071258243391386,362.7770399864894
2023-09-24,26579.37398607126,26716.05846243727,26221.050004587993,26256.825786744543,8192867685.97,10.175681264189057,22.826529818332084,-0.6108343574672714,495.0084578492788
2023-09-25,26253.775299437562,26421.508355599428,26011.46961577542,26298.47955117476,11997833256.53,10.177266404752288,23.207991908475307,0.15863975626195792,410.0387398240091
2023-09-26,26294.75867274134,26389.88478475173,26090.71240283964,26217.249335750654,9985498161.06,10.174172844711224,23.02439969351209,-0.30887799146730455,299.17238191209253
2023-09-27,26209.49834944303,26817.842315275753,26111.464381993235,26352.717618908846,11718380997.24,10.179326684093875,23.18442447138581,0.5167143258368645,706.3779332825179
2023-09-28,26355.81239456195,27259.49922340818,26327.32171243625,27021.546764738454,14079002707.33,10.204389855054817,23.3679503547224,2.537989271169905,932.177510971931
2023-09-29,27024.84171393561,27225.93842991725,26721.762796688006,26911.72160276557,10396435377.43,10.200317217994344,23.064728832170594,-0.4064355121084273,504.1756332292425
2023-09-30,26911.6891847171,27091.79550783723,26888.967803714917,26967.916301063717,5331172801.03,10.20240315327009,22.396837088636115,0.2088112352216509,202.82770412231184
2023-10-01,26967.39743314936,28047.237710026937,26965.094292320064,27983.75038178473,9503917434.43,10.239379277185177,22.974969912074208,3.766824508725364,1082.1434177068732
2023-10-02,27976.799152029067,28494.45963843138,27347.787579633296,27530.784889745028,19793041321.84,10.223060108073323,23.708596264482523,-1.6186732866747766,1146.6720587980853
2023-10-03,27508.251818807486,27667.192031153318,27216.001322534754,27429.979016663234,11407814186.59,10.219391818953712,23.15756441249394,-0.3661569166498513,451.1907086185638
2023-10-04,27429.074995008952,27826.657948194268,27248.10624655641,27799.39409587958,11143355313.54,10.232769504328965,23.134109221206717,1.3467566963574207,578.5517016378581
2023-10-05,27798.647126999644,28091.861237067216,27375.6014238251,27415.91198216774,11877253669.95,10.218878853094365,23.197890951593283,-1.3794621292435916,716.2598132421153
2023-10-06,27412.122423691733,28252.537569906584,27215.552446207737,27946.596779928914,13492391598.97,10.23805071016544,23.325391778255444,1.9356817241985125,1036.985123698847
2023-10-07,27946.781632976956,28028.09208690548,27870.423458053087,27968.838870789834,6553044316.48,10.238846271955317,22.60319555975826,0.07958783330961339,157.66862885239243
2023-10-08,27971.67810720863,28102.17039092581,27740.6630244878,27935.089580661173,7916875289.67,10.237638868641685,22.7922624307911,-0.12066746955272656,361.50736643801065
2023-10-09,27934.47216233954,27989.470901969704,27302.561918923322,27583.678594954847,12007668568.18,10.2249795215305,23.20881132997894,-1.2579554638321278,686.9089830463818
2023-10-10,27589.20110159883,27715.848347420426,27301.655078145017,27391.01951743658,9973350678.17,10.217970483814725,23.02318244050439,-0.6984531698883134,414.19326927540897
2023-10-11,27392.07554608154,27474.116186528725,26561.099365503007,26873.321120758894,13648094333.06,10.198889293553387,23.33686573953146,-1.890029673222382,913.016821025718
2023-10-12,26873.29249139075,26921.438902881455,26558.320783999003,26756.798638828568,9392909295.17,10.194543874754876,22.963220911271048,-0.4335991126914185,363.1181188824521
2023-10-13,26752.8795584136,27092.696746124435,26686.32230944192,26862.375445622496,15165312851.42,10.198481904201905,23.44227660770733,0.39457936735645127,406.3744366825158
2023-10-14,26866.203244946537,26968.999218177312,26814.586586246372,26861.706202559675,5388116781.76,10.198456990120834,22.407461769676864,-0.0024913770719003914,154.41263193093982
2023-10-15,26858.011725691675,27289.170319398087,26817.894010481687,27159.65291878015,7098201979.78,10.209487802459172,22.683107346637932,1.109187606973694,471.2763089164
2023-10-16,27162.628228881622,29448.13903714385,27130.47347816684,28519.46667944904,27833876539.05,10.258342174474322,24.049519696317724,5.006742040243872,2317.665558977009
2023-10-17,28522.09816591931,28618.752389829486,28110.186117224013,28415.74813970713,14872527507.52,10.25469878242587,23.422781556580517,-0.36367629488894826,508.5662726054725
2023-10-18,28413.53080769047,28889.009589156663,28174.252550951336,28328.34115199262,12724128585.67,10.251618036644691,23.266765916540656,-0.3076005153366812,714.7570382053273
2023-10-19,28332.415305722483,28892.473676820835,28177.987543782026,28719.80613290645,14448058194.96,10.265342272892388,23.393825861503295,1.381884589759319,714.4861330388085
2023-10-20,28732.811547629823,30104.08561297428,28601.670157124805,29682.949273603557,21536125230.44,10.298328061401262,23.792997605326814,3.353585105136059,1502.4154558494738
2023-10-21,29683.38181721833,30287.481648650417,29481.75231422402,29918.411667928853,11541146995.56,10.306229344714358,23.169184486116666,0.7932580827966662,805.7293344263962
2023-10-22,29918.655035349915,30199.43311179201,29720.31344961577,29993.896524372045,10446520039.78,10.3087491907581,23.069534749349536,0.2523023524143353,479.1196621762392
2023-10-23,30140.68486297176,34370.438769449385,30097.82874227834,33086.23296857776,38363572311.35,10.406872552445979,24.3703742085733,10.309885685219268,4272.610027171046
2023-10-24,33077.3039477251,35150.43349875471,32880.761730370104,33901.52656336352,44934999644.84,10.431215323722315,24.528482830152885,2.464147537013517,2269.6717683846073
2023-10-25,33916.044054764105,35133.75756928053,33709.11030997213,34502.820891545154,25254318008.32,10.448796364649201,23.952262988277692,1.773649711784464,1424.6472593084036
2023-10-26,34504.28742231323,34832.90854019843,33762.32328945471,34156.64982838871,19427195375.76,10.4387125701536,23.689939744871207,-1.0033123501541619,1070.5852507437157
2023-10-27,34156.50068624584,34238.210771029786,33416.88548599963,33909.799284311055,16418032871.14,10.431459316031422,23.521646133010815,-0.722701275792248,821.3252850301578
2023-10-28,33907.723653860434,34399.38897762545,33874.80478363995,34089.575872222245,10160330824.97,10.436746923641302,23.041756840079426,0.530161167879184,524.5841939855018
2023-10-29,34089.37173931879,34743.26241563235,33947.567177942576,34538.48208811027,11160323986.4,10.449829404241372,23.13563082451761,1.316843065371831,795.6952376897752
2023-10-30,34531.74137398919,34843.93549965057,34110.97396275001,34502.36466323515,17184860315.15,10.448783141633964,23.567294618914328,-0.1045715465519903,732.9615369005624
2023-10-31,34500.077738404965,34719.25404921463,34083.30945920267,34667.779360546745,15758270810.39,10.453565985879152,23.48063119520353,0.47943003016213126,635.9445900119608
2023-11-01,34657.27532449595,35527.931560767465,34170.69259009812,35437.25318108723,22446272004.73,10.475518895538261,23.8343903796498,2.2195647795548723,1357.238970669343
2023-11-02,34683.62468655447,35437.298622684306,34319.359505366956,35318.90119434234,18151279424.393333,10.472173544221013,23.62200688687496,-0.3339761864163182,1117.9391173173499
2023-11-03,34709.97404861299,35346.66568460115,34468.0264206358,35200.54920759744,13856286844.056665,10.468816963953035,23.35200489034614,-0.3350953250036537,878.6392639653495
2023-11-04,34736.3234106715,35256.03274651799,34616.69333590463,35082.19722085255,9561294263.72,10.46544907909856,22.980988938080547,-0.33622198917097057,639.3394106133564
2023-11-05,35090.01302136603,35340.33971907179,34594.242577125166,35049.355924023635,12412743995.66,10.464512516374457,23.241989523378077,-0.09361242861205543,746.0971419466223
2023-11-06,35245.765749831364,35497.34110446649,34633.60454368288,35103.60976752379,13684372835.528889,10.466059246545637,23.339520349783037,0.15479269752562974,863.7365607836109
2023-11-07,35401.51847829669,35654.3424898612,34672.9665102406,35157.86361102395,14956001675.397778,10.467603588036763,23.428378506083053,0.15455346005570636,981.3759796205995
2023-11-08,35557.27120676202,35811.3438752559,34712.32847679831,35212.11745452411,16227630515.266666,10.469145548214337,23.50998121368452,0.15431496094415742,1099.0153984575882
2023-11-09,35713.02393522736,35968.34526065061,34751.690443356034,35266.37129802426,17499259355.135555,10.470685134410836,23.58542439441657,0.15407719677813514,1216.6548172945768
2023-11-10,35868.77666369268,36125.34664604531,34791.05240991375,35320.625141524426,18770888195.004444,10.472222353924924,23.655573006350927,0.15384016416568613,1334.2942361315654
2023-11-11,36024.529392158016,36282.34803144002,34830.41437647147,35374.87898502458,20042517034.873333,10.473757214021655,23.721121705818568,0.1536038597356848,1451.933654968554
2023-11-12,36180.28212062335,36439.349416834724,34869.77634302918,35429.13282852474,21314145874.74222,10.475289721932684,23.782636814802746,0.15336828013778891,1569.5730738055427
2023-11-13,36336.034849088675,36596.35080222943,34909.1383095869,35483.3866720249,22585774714.61111,10.47681988485647,23.840586107639172,0.15313342204210656,1687.2124926425313
2023-11-14,36491.78757755401,36753.352187624136,34948.500276144616,35537.640515525054,23857403554.48,10.478347709958474,23.895360427681442,0.1528992821390629,1804.85191147952
2023-11-15,35548.11279337034,37964.89283231469,35383.78096689331,37880.5831724307,27365821678.5,10.542193942441031,24.0325606877131,6.592848098292015,2581.1118654213788
2023-11-16,37879.97993703658,37934.625198058966,35545.47334288098,36154.76924136849,26007385365.73,10.495564148106828,23.981646387160687,-4.555932846140143,2389.151855177988
2023-11-17,36164.823604233476,36704.4828037394,35901.23556302705,36596.6819231214,22445028429.93,10.507712857441575,23.834334975828202,1.222280465414416,803.2472407123569
2023-11-18,36625.37147632968,36839.28286851213,36233.311731251146,36585.70292986443,11886022717.42,10.507412812741983,23.198628985164504,-0.02999996906833946,605.9711372609818
2023-11-19,36585.76569941759,37509.35625987837,36414.5982759999,37386.547774872015,12915986552.51,10.52906623353655,23.281731648692162,2.1889557419269012,1094.757983878466
2023-11-20,37374.07468470207,37756.819289240615,36882.53198128876,37476.95585928785,20888209067.56,10.531481512650597,23.76245067727247,0.24181982503503896,874.287307951854
2023-11-21,37469.159707143444,37631.139641792564,35813.811363629546,35813.811363629546,25172163755.87,10.486088890270238,23.949004608067057,-4.437779049885481,1817.3282781630187
2023-11-22,35756.55325773877,37856.979911771865,35670.97187751927,37432.33830672268,24397247860.33,10.530290270406542,23.917736170274576,4.5192814768014955,2186.008034252598
2023-11-23,37420.43387556987,37643.918419055015,36923.86436380836,37289.62066062905,14214948217.22,10.526470300437538,23.377559939216148,-0.38126831651337234,720.0540552466555
2023-11-24,37296.316833016084,38415.33819823755,37261.6060502206,37720.28115213977,22922957822.74,10.537953190381858,23.8554047703245,1.1549071400595246,1153.7321480169485
2023-11-25,37721.413447934894,37892.429965573516,37617.416834631484,37796.792344848036,9099571165.44,10.53997951940508,22.93149312468189,0.20283834152685642,275.01313094203215
2023-11-26,37796.82886433745,37820.30134246359,37162.749153516874,37479.122293661945,13744796068.31,10.531539318086208,23.343926121662722,-0.8404682817730991,657.5521889467127
2023-11-27,37454.191955258146,37559.35455034673,36750.12710453502,37254.168854249416,19002925719.53,10.525519133095948,23.667858789496762,-0.600209998649226,809.2274458117099
2023-11-28,37247.991174823546,38368.47995486516,36891.08936198884,37831.08686845,21696137014.15,10.540886447546114,23.80040006386467,1.548599880076984,1477.3905928763197
2023-11-29,37826.10552174302,38366.112996583346,37612.63162335785,37858.49405482494,20728546657.66,10.541610647290344,23.75477765276757,0.07244620401798407,753.4813732254988
2023-11-30,37861.11888270345,38141.75354720202,37531.14162854772,37712.747771632465,18115982627.42,10.53775345345919,23.620060403676572,-0.38497644143323795,610.6119186543001
2023-12-01,38563.21911164038,38832.80952530787,38208.525578752466,38380.88533172125,18032896798.957775,10.555314836823552,23.615463526755917,1.771649109565443,624.2839465554061
2023-12-02,39265.319340577305,39523.86550341373,38885.90952895722,39049.022891810026,17949810970.495552,10.572573132978082,23.610845420933636,1.7408080983910335,637.9559744565049
2023-12-03,39967.41956951423,40214.92148151958,39563.29347916197,39717.16045189881,17866725142.033333,10.589538626477225,23.6062058892247,1.711022480485469,651.628002357611
2023-12-04,40669.51979845116,40905.977459625436,40240.67742936672,40385.298011987594,17783639313.57111,10.606221087123346,23.60154473188954,1.682238993137397,665.300030258717
2023-12-05,41371.62002738809,41597.03343773129,40918.061379571474,41053.43557207637,17700553485.108887,10.622629803755576,23.596861746382423,1.6544078983655286,678.9720581598158
2023-12-06,42073.72025632502,42288.089415837145,41595.44532977622,41721.573132165155,17617467656.646664,10.638773615310944,23.59215672729867,1.6274826960967825,692.6440860609218
2023-12-07,42775.820485261946,42979.145393943,42272.82927998097,42389.71069225394,17534381828.184444,10.654660939417848,23.587429466320575,1.6014198649036304,706.3161139620279
2023-12-08,43477.92071419887,43670.201372048854,42950.21323018573,43057.848252342716,17451295999.72222,10.670299798753433,23.582679752162072,1.576178627260294,719.9881418631267
2023-12-09,44180.0209431358,44361.25735015471,43627.597180390476,43725.9858124315,17368210171.26,10.685697845371507,23.577907370512058,1.551720736654394,733.6601697642327
2023-12-10,43728.38348009053,44034.624968777265,43593.28379530635,43779.697287995696,13000481418.42,10.686925456662719,23.288252225908426,0.12283651143876195,441.34117347091524
2023-12-11,43792.01785836507,43808.373055668526,40234.57833453312,41243.83331462401,40632672038.1,10.627256885184222,24.42783830993498,-5.792328705906824,3573.794721135404
2023-12-12,41238.73338997509,42048.30378185716,40667.56185095765,41450.222190466484,24779520131.83,10.632248520994587,23.93328334781987,0.5004114779246116,1380.7419308995086
2023-12-13,41468.46586209618,43429.780621333666,40676.8681612393,42890.74073359007,26797884673.86,10.666411247904811,24.011588791268228,3.4752975183204304,2752.9124600943687
2023-12-14,42884.26269172501,43390.86037350178,41767.0905401243,43023.97197419326,25578530177.94,10.669512727109058,23.965019171631532,0.3106293767009882,1623.7698333774824
2023-12-15,43028.25069052711,43087.82377286698,41692.968038325074,41929.75839290097,19639442461.7,10.64375107799464,23.700805751572638,-2.5432649081043035,1394.855734541903
2023-12-16,41937.74096800421,42664.94513555632,41723.11346624134,42240.119082050114,14386729589.96,10.651125737553492,23.38957206238156,0.7401919329964146,941.8316693149827
2023-12-17,42236.10834491327,42359.49611908532,41274.54351788462,41364.665918236955,16678702876.0,10.630182315155961,23.537398465625323,-2.072563200195099,1084.9526012007045
2023-12-18,41348.202089156875,42720.29712722866,40530.2585192877,42623.5383250276,25224642007.51,10.660161922502898,23.951087211113524,3.0433520465969144,2190.038607940958
2023-12-19,42641.510213260655,43354.29659651157,41826.33515168842,42270.526139511014,23171001281.0,10.651845340597424,23.866167389001646,-0.8282094809320517,1527.9614448231514
2023-12-20,42261.30013864567,44275.58751248132,42223.81786147004,43652.24866801767,27868908174.14,10.684010075817545,24.05077750200514,3.2687611314474285,2051.76965101128
2023-12-21,43648.124930630205,44240.66912781174,43330.05264638347,43869.15085699366,22452766168.52,10.688966638080379,23.834679658177784,0.49688663378046893,910.6164814282747
2023-12-22,43868.98642235633,44367.95577178414,43441.96795230248,43997.901409954924,21028503216.23,10.691897216534647,23.7691446503872,0.29348767971590917,925.9878194816556
2023-12-23,44012.19863207335,44015.69864113365,43351.355701980894,43739.542137223485,13507796558.22,10.686007826348433,23.326532878519775,-0.5872081723265588,664.3429391527534
2023-12-24,43728.36598968946,43945.5215615407,42786.91785562841,43016.11762118305,18830554084.77,10.66933015284469,23.65874660482089,-1.6539371028869931,1158.60370591229
2023-12-25,43010.57292053332,43765.09214347553,42765.77113905394,43613.142084662155,21115795370.27,10.683113807878192,23.77328719311779,1.3879087572168602,999.3210044215884
2023-12-26,43599.847590419355,43603.17544166627,41676.48996845665,42520.401511268676,30026850981.84,10.657739275291561,24.125357851033613,-2.505530491869268,1926.6854732096253
2023-12-27,42518.46852809159,43683.159808131255,42167.58348638977,43442.8545582321,25260941031.66,10.67920166511532,23.952525207001454,2.1694363509689785,1515.576321741486
2023-12-28,43468.19806267353,43804.78141757612,42318.54886190448,42627.85353136838,22992093013.71,10.66026315736254,23.85841621175637,-1.8760300978179711,1486.232555671646
2023-12-29,42614.64389242392,43124.32585971283,41424.06064114939,42099.40280858003,26000021055.12,10.647788834500506,23.981363184779873,-1.2396841009118198,1700.265218563436
2023-12-30,42091.75264367748,42584.123639534315,41556.22599229604,42156.901149763864,16013925944.56,10.649153678373503,23.496724552167528,0.136577569627927,1027.8976472382783
2023-12-31,42152.09845351626,42860.93739178426,41998.255345687416,42265.18565486596,16397498809.56,10.651718991991874,23.52039464853329,0.2568606850807509,862.6820460968447
2024-01-01,42280.23527619226,44175.43605251685,42214.97675463072,44167.33021407736,18426978443.25,10.695740659342409,23.637081647452572,4.500499713272643,1960.4592978861328
2024-01-02,44187.13903948764,45899.70635458977,44176.950442724454,44957.970054141806,39335274535.93,10.713483333506948,24.395387524134556,1.7901010458007072,1722.7559118653153
2024-01-03,44961.60318680246,45503.2417949492,40813.53486816679,42848.17564096547,46342323118.41,10.66541834764618,24.55932148672709,-4.692815112950077,4689.706926782412
2024-01-04,42855.81476135893,44770.023413751536,42675.174006957976,44179.92170082684,30448091209.81,10.696025704696098,24.139289143088533,3.108057787618246,2094.849406793561
2024-01-05,44192.97869877169,44353.28585929925,42784.71826590677,44162.69163022688,32336029346.8,10.695635630864935,24.199447905165403,-0.03899977622557893,1568.5675933924795
2024-01-06,44178.95460684357,44227.63130727937,43475.156430587216,43989.19409345742,16092503467.55,10.691699293953475,23.501619377367174,-0.39285996927485023,752.4748766921548
2024-01-07,43998.46424256272,44495.57147077709,43662.22862707944,43943.0972289695,19330573863.32,10.690650831141523,23.684953817430067,-0.10479133668598317,833.3428436976465
2024-01-08,43948.70695530909,47218.00112500118,43244.0816061893,46970.502314490135,42746192015.18,10.757275073332393,24.478545952693402,6.889375752797,3973.919518811883
2024-01-09,46987.63874100883,47893.701008309035,45244.71514804479,46139.73037485253,39821290991.56,10.739429688079387,24.407667555738993,-1.7687099321935906,2648.985860264249
2024-01-10,46121.53982467068,47647.22098531946,44483.150861210546,46627.77911196135,50114613298.1,10.749951760788246,24.63757848510294,1.0577624384533024,3164.070124108912
2024-01-11,46656.07308396605,48969.37139952968,45678.645397764056,46368.58538201935,45833734549.23,10.744377469739202,24.548286219147997,-0.5558783516573351,3290.7260017656226
2024-01-12,46354.79318800117,46498.1348211579,41903.770750755255,42853.16665806203,43332698900.4,10.66553482230033,24.492173357866708,-7.581466406608383,4594.3640704026475
2024-01-13,42799.446487781825,43234.66177719859,42464.143203822154,42842.382191236,20601860468.7,10.665283129720544,23.748647222678443,-0.025166090786432616,770.5185733764374
2024-01-14,42842.26366522521,43065.59885210593,41724.613724590556,41796.26960642449,17521429522.39,10.640562370664934,23.58669051286979,-2.4417703482079167,1340.9851275153778
2024-01-15,41715.06652745808,43319.72118323356,41705.41832777538,42511.967720331144,22320220557.74,10.657540908692079,23.828758856029875,1.7123492614198321,1614.3028554581833
2024-01-16,42499.337536169114,43566.274923518606,42085.99602800387,43154.94423438237,24062872739.52,10.672552272436086,23.903935939347996,1.5124600166266156,1480.2788955147334
2024-01-17,43132.10033916552,43189.89051053628,42189.31052799276,42742.65283731412,20851232595.16,10.66295259614005,23.760678900717725,-0.9553746491456905,1000.579982543517
2024-01-18,42742.31162383286,42876.34660253938,40631.17049462201,41262.05836418456,25218357242.1,10.627698673024728,23.950838028252235,-3.463974215088983,2245.1761079173666
2024-01-19,41278.459185400294,42134.158975029684,40297.4578577579,41618.40736540423,25752407154.41,10.636297833127143,23.971793941411672,0.8636239086147413,1836.701117271783
2024-01-20,41624.58902858508,41877.893917696936,41446.8230903601,41665.58483621092,11586690904.11,10.637430763348322,23.17312294051249,0.11335722290493067,431.0708273368364
2024-01-21,41671.48852548597,41855.36872140593,41497.009664244244,41545.78351439019,9344043641.69,10.6345513153361,22.958004933578952,-0.2875306377953635,358.3590571616878
2024-01-22,41553.65269124886,41651.206792798585,39450.118992593925,39507.36882382201,31338708142.69,10.584242485992283,24.168119852306436,-4.906429770092391,2201.0878002046593
2024-01-23,39518.715452676064,40127.35342734341,38521.89388822049,39845.55114679985,29244553045.3,10.592766038006227,24.09895917260955,0.8559980911052811,1605.4595391229232
2024-01-24,39877.595558297166,40483.783877777794,39508.79846362341,40077.07326977895,22359526178.02,10.598559710881391,23.83051829440145,0.581048865721856,974.9854141543838
2024-01-25,40075.54902132352,40254.48232326979,39545.66445845511,39933.80775216996,18491782013.19,10.594978556196175,23.640592254834512,-0.35747499984492004,708.8178648146786
2024-01-26,39936.81688333336,42209.385174861374,39825.69223135218,41816.87284400344,25598119893.13,10.641055193620565,23.965784744060347,4.715465911790373,2383.692943509195
2024-01-27,41815.625020172025,42195.63155698074,41431.2798936061,42120.05635168487,11422941934.26,10.648279304131274,23.15888962045498,0.7250267345730199,764.3516633746403
2024-01-28,42126.12595712528,42797.17735928749,41696.90834256771,42035.59437217007,16858971687.07,10.646272023404485,23.54814879638309,-0.20052674861016362,1100.2690167197798
2024-01-29,42030.91537962321,43305.86885959104,41818.33108637566,43288.245336083455,20668476578.33,10.675636406837546,23.751875505859612,2.9799768092317436,1487.5377732153793
2024-01-30,43300.22809350412,43838.946844106074,42711.371764431016,42952.60821024885,23842814517.72,10.667852652233313,23.894748730804384,-0.7753539632497697,1127.575079675058
2024-01-31,42946.251373978004,43717.40465647828,42298.94715637576,42582.60638953673,24673628793.16,10.659201148164929,23.929000850029244,-0.861418749941778,1418.457500102515
2024-02-01,42569.76139843987,43243.168180141285,41879.189991181454,43075.77459993694,21423953779.18,10.670716043821491,23.78777546846105,1.1581447267196676,1363.9781889598307
2024-02-02,43077.639176132805,43422.48806668365,42584.33723022704,43185.85943223562,18603843039.33,10.673268392691204,23.646634011341366,0.25556088850655634,838.1508364566034
2024-02-03,43184.963678953376,43359.94192631182,42890.80667581766,42992.249629221566,11169245236.24,10.668775137249412,23.13642987713038,-0.4483175871904499,469.1352504941606
2024-02-04,42994.940795710405,43097.644016457016,42374.83390242908,42583.58292012941,14802225490.25,10.659224080518733,23.418043377374737,-0.9505590254444085,722.8101140279323
2024-02-05,42577.622981148364,43494.24863158719,42264.81729690154,42658.66604833,18715487317.32,10.660985722158339,23.65261721682674,0.17631942418141477,1229.4313346856434
2024-02-06,42657.39107387418,43344.14821775096,42529.02142341317,43084.67186353385,16798476725.59,10.670922571619192,23.544554048148918,0.998638388554407,815.1267943377898
2024-02-07,43090.0212972066,44341.94833267358,42775.95847134382,44318.22445073532,21126587774.95,10.699151258586516,23.773798168309586,2.863089200513391,1565.9898613297555
2024-02-08,44332.125602333734,45575.84172114869,44332.125602333734,45301.56662887088,26154524080.46,10.721096894291916,23.987288017482616,2.2188212418768227,1243.7161188149548
2024-02-09,45297.38425295077,48152.49462769897,45260.82457218673,47147.20031261109,39316770843.67,10.761029907987107,24.394917003819106,4.074105645971127,2891.6700555122443
2024-02-10,47153.528424877404,48146.170430978476,46905.32168581425,47771.27736709971,16398681569.88,10.774179845969975,23.52046677646446,1.3236778649647452,1240.8487451642286
2024-02-11,47768.9681304591,48535.93590978461,47617.40536518721,48293.916750573015,19315867135.91,10.785060884515545,23.68419272648665,1.094045234455554,918.5305445974009
2024-02-12,48296.38519636961,50280.47527432468,47745.76026107301,49958.22421902288,34511985804.6,10.818942419553023,24.264572515275326,3.446205196082208,2534.715013251669
2024-02-13,49941.361161847526,50358.39208570784,48406.49556355304,49742.440989849856,35593051468.37,10.814613791140188,24.29541627228087,-0.4319273403854407,1951.8965221547987
2024-02-14,49733.44479850706,52021.37077870941,49296.83092330245,51826.695996087685,39105608049.68,10.855660662211596,24.38953172203343,4.190093941435502,2724.5398554069616
2024-02-15,51836.78357506893,52820.06693457754,51371.62748371256,51938.5563164417,38564360532.5,10.85781668961369,24.37559438464427,0.21583533004392308,1448.4394508649784
2024-02-16,51937.72691394199,52537.97022794169,51641.367218626416,52160.20282901989,28180567297.56,10.862075085186147,24.061898474426524,0.42674754228395617,896.6030093152731
2024-02-17,52161.675475789845,52191.914089508304,50669.66867530073,51662.99536965269,20009091006.1,10.85249704734702,23.719452557528708,-0.9532314531004227,1522.245414207573
2024-02-18,51661.97011455379,52356.96316464694,51233.70883070325,52122.545455589316,17595377310.88,10.861352868411332,23.590902051700322,0.8895149858201279,1123.2543339436888
2024-02-19,52134.81221429748,52483.3255526759,51711.81922778137,51779.144062050684,21362184346.21,10.854742722887918,23.784888109209206,-0.6588346569359804,771.5063248945298
2024-02-20,51777.728511209716,52945.052565851234,50792.311252353415,52284.873557053805,33353758255.74,10.864462383689013,24.23043629428539,0.9767050115719655,2152.7413134978196
2024-02-21,52273.53577706472,52368.81674371989,50671.758662654065,51839.180531431,28624907019.65,10.85590152325135,24.077543050593704,-0.8524320617060765,1697.0580810658284
2024-02-22,51854.64521968274,52009.6124946062,50926.293385668396,51304.974356676415,25413900610.68,10.845542992475044,23.958562129411316,-1.030506596127001,1083.3191089378015
2024-02-23,51283.9045735482,51497.93219252695,50561.77586179065,50731.94919085718,21427078269.5,10.834311152666224,23.78792129880287,-1.1168998191783852,936.1563307362958
2024-02-24,50736.37006726715,51684.19451884958,50585.44588950246,51571.10311234394,15174077878.77,10.850716777398816,23.44285440623149,1.6540935936244061,1098.748629347123
2024-02-25,51565.215363947784,51950.02723825974,51306.17017274986,51733.236601700744,15413239244.6,10.853855728248911,23.458492668250955,0.3143882515051377,643.8570655098811
2024-02-26,51730.539793060314,54938.1743804336,50931.031607866826,54522.401536787394,34074411896.32,10.906366933570862,24.251812555284545,5.391437146221301,4007.1427725667745
2024-02-27,54519.3620670787,57537.839658662924,54484.20013851576,57085.3723068546,49756832031.01,10.952303186062613,24.63041361837897,4.700766469976414,3053.639520147168
2024-02-28,57071.0980532704,63913.13181357741,56738.42420349704,62504.78925351582,83239156760.06,11.042998460844967,25.1449837081954,9.493530001923922,7174.707610080375
2024-02-29,62499.181768234106,63585.643428507065,60498.73044585243,61198.382897302996,65496611843.55,11.021876044904634,24.90526425067031,-2.090090010405621,3086.912982654634
2024-03-01,61168.06242937161,63155.10234644898,60802.526358078074,62440.63254180103,40186368422.95,11.04197150497205,24.416793681109564,2.029873316395725,2352.5759883709034
2024-03-02,62431.65248172238,62458.69852236295,61657.28870638732,62029.84605757175,23888473684.9,11.035370936222535,23.896661906954716,-0.6578832845011373,801.4098159756322
2024-03-03,62031.5785228643,63230.209563398654,61435.023421254526,63167.37035753327,26253811449.72,11.053543154999257,23.991077013528393,1.8338338271962629,1795.186142144128
2024-03-04,63137.00468154272,68537.02933310063,62386.51835293776,68330.41560809381,70670471104.67,11.132110270122693,24.981293657888028,8.173595356807194,6150.510980162864
2024-03-05,68341.05778181224,69170.62820565855,59323.90894213258,63801.1975606416,102802940877.32,11.063527239699688,25.35607979731431,-6.628406994374725,9846.71926352597
2024-03-06,63776.051425797086,67637.92985878071,62848.67151931773,66106.80278722926,68750229073.49,11.099026937143762,24.953745905465578,3.6137334638526752,4789.258339462984
2024-03-07,66099.74165249406,68029.91869232443,65655.53420028764,66925.48320221141,46989543159.21,11.111335088417945,24.57319092792854,1.2384208288171994,2374.3844920367846
2024-03-08,66938.09348483397,70083.05162441582,66230.45213985477,68300.09569130713,59202881172.24,11.131666446601928,24.8042360461021,2.053944810442987,3852.599484561055
2024-03-09,68299.2597262835,68673.05803419338,68053.12521897067,68498.8813040087,21609650379.03,11.13457269278862,23.796405828668433,0.2910473414268866,619.9328152227099
2024-03-10,68500.25585420713,70005.19990059972,68239.98038650025,69019.78636380575,35683977531.52,11.142148501367657,24.297967616346366,0.7604577620548225,1765.2195140994736
2024-03-11,69020.5497746578,72850.71357996788,67194.8861518091,72123.90354650209,65716656764.81,11.186140801566626,24.908618257926957,4.4974308763206405,5655.82742815878
2024-03-12,72125.12162670451,72825.65737054772,68728.85433313914,71481.29159395555,62554434520.34,11.177191038415595,24.85930296695531,-0.8909833230701492,4096.803037408579
2024-03-13,71482.1170682073,73637.47478595813,71334.09238242297,73083.5013282129,48212536929.31,11.199357920239338,24.59888492645008,2.241439261280531,2303.382403535157
2024-03-14,73079.3733787985,73750.07385037997,68563.02276810657,71396.58989198315,59594605698.01,11.176005386570619,24.81083089849893,-2.3081973435480907,5187.051082273392
2024-03-15,71387.87320287335,72357.13088200819,65630.69408282978,69403.77183216462,78320453975.56,11.14769649418467,25.084074631571173,-2.7911950176240707,6726.436799178409
2024-03-16,69392.48750025756,70046.27392538515,64801.39554772608,65315.11747411937,46842198370.83,11.086978796497005,24.570050308196056,-5.8911126155111955,5244.878377659064
2024-03-17,65316.34488265153,68845.716235111,64545.31810286335,68390.62280322092,44716864318.25,11.132991000692304,24.523616545227753,4.708718973551873,4300.398132247654
2024-03-18,68371.3072649579,68897.13441419146,66594.23035076485,67548.59156640709,49261579492.09,11.120602492932738,24.620410293519594,-1.2312086106257336,2302.904063426613
2024-03-19,67556.13115580649,68106.92740675979,61536.18024645478,61912.77315244712,74215844794.11,11.033481788797879,25.030243506022558,-8.34335444051324,6570.747160305007
2024-03-20,61930.15489598999,68115.25886631622,60807.78595994801,67913.67302504343,66792634382.18,11.12599266330466,24.924858647669698,9.692507001455697,7307.47290636821
2024-03-21,67911.58386688108,68199.99043819706,64580.91673868454,65491.38992535785,44480350564.9,11.08967396146158,24.518313368262806,-3.5667090171847438,3619.073699512519
2024-03-22,65489.92845968356,66623.74929920815,62355.36970781919,63778.76255754781,41401116964.03,11.063175538644064,24.44657369722122,-2.6150420227177396,4268.379591388963
2024-03-23,63802.72196330339,65976.40153744606,63038.49308471016,64062.202327084415,24738964812.32,11.06760980170246,23.931645360364346,0.44441089505438125,2937.908452735901
2024-03-24,64070.75213117397,67622.76088644924,63825.85333771331,67234.17235298763,27206630673.06,11.11593691441776,24.02672655528498,4.9513908524530414,3796.9075487359223
2024-03-25,67234.09757567824,71162.59343702058,66414.83223024731,69958.81358201512,42700139522.64,11.155661970469803,24.477468024684786,4.052464890506546,4747.76120677327
2024-03-26,69931.326350589,71535.74080173354,69335.61290568703,69987.83890251114,36010437368.41,11.15607677597457,24.307074660282115,0.0414891548467855,2200.1278960465133
2024-03-27,69991.8965149852,71727.68376261859,68381.92584710347,69455.3409809589,40827113309.13,11.148439249199022,24.43261223953678,-0.7608434978167655,3345.757915515118
2024-03-28,69452.77110540151,71546.01959983919,68895.5052267084,70744.95206404004,34374900617.48,11.166836464041866,24.260592501801113,1.8567486169777547,2650.514373130791
2024-03-29,70744.7965151497,70913.0957242694,69076.6541876152,69892.82906768043,25230851762.56,11.154718334514145,23.95133335894074,-1.2045000689070329,1836.4415366541944
2024-03-30,69893.44428826064,70355.49478984882,69601.06505911633,69645.30579154269,17130241882.57,11.151170579830314,23.564111269589635,-0.3541468837926942,754.4297307324887
2024-03-31,69647.77903042674,71377.77949814998,69624.8686769617,71333.64792586438,20050941372.83,11.175123415501822,23.721541940860156,2.4242009064833647,1752.9108211882703
2024-04-01,71333.4847168797,71342.09145444409,68110.69601999271,69702.14611343828,34873527352.32,11.151986386998239,24.274993849739605,-2.2871419867965814,3231.395434451377
2024-04-02,69705.02432247385,69708.38125797037,64586.594303617465,65446.97423293791,50705240709.24,11.088995540062184,24.649295109247696,-6.104793206187942,5121.786954352901
2024-04-03,65446.67176390298,66914.32256430504,64559.89994765631,65980.80865039252,34488018367.47,11.09711920070008,24.263877806966782,0.8156747102693984,2354.422616648728
2024-04-04,65975.69666720922,69291.25480578914,65113.7965341332,68508.8418444563,34439527441.54,11.134718093941725,24.262470795202166,3.8314674308689955,4177.458271655938
2024-04-05,68515.75426045065,68725.7583568213,66011.47949221771,67837.64253199386,33748230055.84,11.124872519449148,24.242193810099852,-0.9797265497296648,2714.2788646035915
2024-04-06,67840.573581488,69629.60204854626,67491.71523520295,68896.10998427868,19967785808.97,11.140354996544009,23.717386102361655,1.5602951588207459,2137.8868133433134
2024-04-07,68897.11112989445,70284.42626499038,68851.63008999119,69362.55127760154,21204930368.78,11.147102393903683,23.777499556150527,0.6770212330265091,1432.7961749991955
2024-04-08,69362.55400451658,72715.35960855047,69064.24489830654,71631.35694645872,37261432669.09,11.17928820325789,24.34122465197351,3.270937454098255,3651.114710243928
2024-04-09,71632.50266223135,71742.50632355156,68212.91930162068,69139.01583169759,36426900409.13,11.143874478947021,24.31857336087549,-3.479399554896112,3529.587021930871
2024-04-10,69140.24064345585,71093.43316108927,67503.56561315045,70587.87943914336,38318601774.43,11.164613729410503,24.36920130124218,2.095580317447232,3589.8675479388185
2024-04-11,70575.73216400378,71256.23812999082,69571.81497465394,70060.60706073901,30153382941.04,11.157115961583179,24.129562957508163,-0.7469729684384863,1684.4231553368736
2024-04-12,70061.37960145625,71222.7429794419,65254.83434485446,67195.86417899924,44129299406.24,11.115366979661903,24.51038978442181,-4.088949556569199,5967.908634587438
2024-04-13,67188.37642732695,67931.42936373789,60919.10616166999,63821.473884691826,52869738184.63,11.063844993966876,24.69109695512231,-5.021723190163263,7012.323202067899
2024-04-14,63836.23183658272,65824.42708307113,62205.85171911094,65738.72388687795,49084320047.0,11.093443435512889,24.616805473433065,3.0040829292818927,3618.57536396019
2024-04-15,65739.64453920526,66878.64690496725,62332.0715244205,63426.21001840606,43595917653.69,11.057632462226472,24.49822935112157,-3.5177346497495487,4546.575380546747
2024-04-16,63419.29848794903,64355.66926316423,61716.40232860616,63811.8639407202,42847528078.04,11.063694407229061,24.480913792532498,0.6080355774091162,2639.2669345580725
2024-04-17,63831.84722219373,64486.36470978769,59768.587792180006,61276.693258627725,41915247048.65,11.023154841774243,24.45891548905799,-3.9728829805811494,4717.776917607684
2024-04-18,61275.315409318995,64125.68641542282,60833.47922104505,63512.75349494311,36006307334.72,11.05899600715469,24.30695996379836,3.6491202729849403,3292.20719437777
2024-04-19,63510.75031986513,65481.59705405732,59651.39026456164,63843.568502441994,49920425400.63,11.064191128156121,24.63369608261851,0.5208639041688334,5830.206789495678
2024-04-20,63851.100036447584,65442.45895414527,63172.403908603366,64994.44006809921,23097485494.81,11.082057007805382,23.862989595510708,1.8026429171376757,2270.055045541907
2024-04-21,64992.816609587564,65723.23982845205,64277.72142865756,64926.64321172796,20506644853.02,11.081013345594236,23.74401480974073,-0.1043117785155423,1445.5183997944841
2024-04-22,64935.633169605586,67233.95703639062,64548.17858403538,66837.676090911,28282686673.3,11.110022213865987,24.06551567605426,2.9433723732660733,2685.7784523552473
2024-04-23,66839.89451188289,67199.24194618812,65864.86765878834,66407.27179941391,24310975583.48,11.103561844519604,23.914193755422733,-0.6439546026580367,1334.3742873997835
2024-04-24,66408.72206614932,67075.36964581044,63589.87192932021,64276.89741539647,30276655120.02,11.070955551969032,24.133642794421217,-3.2080438275680634,3485.4977164902302
2024-04-25,64275.021018685664,65275.20751787354,62783.63327315686,64481.70664447665,32155786816.01,11.074136844641606,24.19385826571015,0.3186358354489105,2491.5742447166776
2024-04-26,64485.369931877336,64789.657505821386,63322.399636672104,63755.32133168477,24139372950.15,11.062807931406654,23.907110076725402,-1.126498274614296,1467.2578691492818
2024-04-27,63750.99014611589,63898.36159189246,62424.72068167892,63419.14119643295,19530783038.96,11.057521006474838,23.69525767519203,-0.5272973741326625,1473.640910213544
2024-04-28,63423.513926563486,64321.48280796197,62793.59876613651,63113.23168256257,17334827992.62,11.052685720406565,23.57598349348557,-0.48236148913286536,1527.8840418254622
2024-04-29,63106.36420066942,64174.8777212994,61795.457200694225,63841.120164190404,26635912073.23,11.064152778401308,24.005526220139256,1.1533056733473268,2379.4205206051774
2024-04-30,63839.41986591798,64703.332363218964,59120.06804656826,60636.85678001473,37840840057.21,11.01265818487016,24.35665478112706,-5.0191214940069395,5583.264316650704
2024-05-01,60609.49794568893,60780.499677369706,56555.29405462516,58254.009853143245,48439780271.06,10.972568207739245,24.60358721951573,-3.9297006035722615,4225.205622744543
2024-05-02,58253.70470017975,59602.29802784076,56937.204167508076,59123.43224667501,32711813559.09,10.987382609530208,24.211002120527176,1.4924678931520052,2665.0938603326867
2024-05-03,59122.3008516113,63320.5033894935,58848.31205916059,62889.836744085405,33172023048.2,11.049139851637939,24.224972678344002,6.370409081962958,4472.191330332906
2024-05-04,62891.03054784349,64494.95842575885,62599.35314683951,63891.472918470885,20620477991.84,11.064941187305777,23.749550496248123,1.5926836930128863,1895.6052789193418
2024-05-05,63892.454987449404,64610.890214732804,62955.306476291786,64031.1328085695,18296164805.46,11.067124694197197,23.629957301358065,0.21858924785913558,1655.5837384410188
2024-05-06,64038.31355541844,65494.90172479997,62746.23845454712,63161.950257630386,28697928697.49,11.053457345942741,24.080090786288384,-1.3574374102323983,2748.6632702528514
2024-05-07,63162.76339886452,64390.45674141014,62285.979181028386,62334.8183461472,25930730981.56,11.040275430619815,23.97869462667272,-1.3095414377000902,2104.4775603817543
2024-05-08,62332.64250814569,62986.08424243854,60877.12752418428,61187.94140072091,26088172222.01,11.021705413150354,23.984747876991293,-1.8398657056440615,2108.9567182542596
2024-05-09,61191.20053093916,63404.915300535125,60648.075424127484,63049.959257227514,25453338160.85,11.051682695195037,23.960112736797303,3.043112439936846,2756.839876407641
2024-05-10,63055.19099541475,63446.74251486596,60208.78154744212,60792.77679056924,27804954694.22,11.015226258109958,24.048480068173355,-3.5799903651793863,3237.960967423838
2024-05-11,60793.357006914615,61451.15373108203,60492.62537429969,60793.709599396556,13842272967.56,11.015241602065608,23.350993005411492,0.001534407336789556,958.5283567823353
2024-05-12,60793.50202531665,61818.15488274637,60632.60244482041,61448.39467179746,13800459404.7,11.025952990516203,23.347967718751118,1.0768960747995049,1185.5524379259587
2024-05-13,61451.21851298531,63422.660380215086,60769.84066894192,62901.44745522263,27889181179.46,11.04932445443048,24.051504679225463,2.3646716748030316,2652.819711273165
2024-05-14,62900.774007267304,63092.12516108286,61123.766533449736,61552.79013533723,28186271527.17,11.027650461784802,24.06210087107492,-2.1440799448144143,1968.3586276331262
2024-05-15,61553.98984667321,66454.44996517057,61330.40877972555,66267.49146747417,39815167073.5,11.101454731151307,24.407513758892147,7.659606204317693,5124.041185445021
2024-05-16,66256.11181705639,66712.42937910612,64613.05604616955,65231.58031330925,31573077993.8,11.085698991283573,24.175570632191683,-1.5632267514960607,2099.3733329365714
2024-05-17,65231.29868032397,67459.45950186103,65119.31497679523,67051.87491272173,28031279309.72,11.113221851222997,24.056586841813676,2.7905112687283573,2340.1445250658
2024-05-18,67066.21104279193,67387.33036614326,66663.4965205979,66940.80440997487,16712277405.88,11.11156399157353,23.53940946026588,-0.16564861592824887,723.8338455453631
2024-05-19,66937.93007407765,67694.29877979572,65937.17780597275,66278.37008205023,19249094537.72,11.101618879838762,23.68072985957237,-0.9895822641562524,1757.1209738229663
2024-05-20,66278.74467116107,71483.56621594734,66086.1741180514,71448.19519137863,43850655717.06,11.176727923296205,24.504055509291568,7.800169350767594,5397.39209789595
2024-05-21,71443.06344072857,71946.46268848103,69191.12353203287,70136.53144288927,46932005990.29,11.15819907055934,24.571965710145427,-1.8358248867952232,2755.339156448157
2024-05-22,70135.31862635245,70623.6942738307,68977.69141190697,69122.33900568419,32802561717.06,11.143633242686695,24.213772450416652,-1.446025938751938,1646.0028619237273
2024-05-23,69121.30293908763,70041.2713763247,66356.95362544186,67929.56303900517,41895680979.35,11.126226609645965,24.45844857930968,-1.7256012800448417,3684.3177508828376
2024-05-24,67928.13028620872,69220.293943924,66622.66867896804,68526.09777359462,29197308152.62,11.134969941087828,24.097342355417098,0.8781666006697719,2597.625264955961
2024-05-25,68526.9222212624,69579.3213302478,68515.81882927465,69265.94273815972,15473071741.05,11.145708617598645,23.462367042974574,1.0796543048598783,1063.502500973147
2024-05-26,69264.28525458577,69506.2285421786,68183.8928078913,68518.08996507595,15628433736.91,11.134853076466863,23.47235776758761,-1.0796832375628118,1322.3357342872914
2024-05-27,68512.18026551609,70597.87951133269,68232.50113182965,69394.55337386676,25870990716.7,11.14756366177048,23.97638812837938,1.2791708134852309,2365.3783795030467
2024-05-28,69392.19676704348,69514.6393490426,67227.1543961515,68296.22198842763,32722265965.17,11.131609729071817,24.211321599497307,-1.582734281063547,2287.4849528911
2024-05-29,68296.34813436166,68852.46330491612,67101.49432795445,67578.09292022653,26707072905.64,11.121039140281857,24.00819427010501,-1.0514916452081136,1750.968976961667
2024-05-30,67576.08789526467,69500.54270310677,67118.07742480171,68364.9895474297,29509712533.79,11.13261612384958,24.107985284538664,1.16442561960437,2382.465278305055
2024-05-31,68362.51594290051,68999.5652381306,66633.4183418303,67491.41701083753,27387283769.48,11.11975571338069,24.033344646610175,-1.2778068750908034,2366.146896300299
2024-06-01,67489.61177704977,67839.76839947277,67386.19760538025,67706.93731358687,11641495603.74,11.122943925047679,23.177841759289603,0.31932994193133446,453.5707940925204
2024-06-02,67710.27089222496,68409.16583004242,67315.52631408806,67751.60257546179,17110588415.4,11.123603392712548,23.562963314405298,0.06596851614784072,1093.6395159543608
2024-06-03,67753.89541396756,70230.82084976339,67589.83641542563,68804.78008518812,32401285323.51,11.139028499490337,24.201463929436546,1.554468779617868,2640.9844343377627
2024-06-04,68804.5672232513,71047.40601371361,68564.64322128607,70567.76890441465,33149696544.76,11.164328788140342,24.22429939953216,2.5623057250437453,2482.762792427544
2024-06-05,70568.35029211969,71735.41097991847,70390.71269113474,71082.82270400989,32810771409.33,11.171600993129086,24.214022695052055,0.7298711686533288,1344.698288783722
2024-06-06,71082.84043136197,71625.73724870979,70119.1230339739,70757.16585186339,25223152007.14,11.167009094501871,23.951028140131353,-0.45813719793111884,1506.6142147358914
2024-06-07,70759.18448427138,71907.8489829092,68507.26094127247,69342.58673611461,36188381096.17,11.146814523650127,24.312003940063907,-1.9992026231100524,3400.588041636729
2024-06-08,69324.17654684478,69533.31696557403,69210.74155766291,69305.77431876527,14262185861.29,11.14628350520989,23.3808775263909,-0.05308774748976619,322.57540791112115
2024-06-09,69297.49481683817,69817.52229641717,69160.84174393133,69647.99300287476,13534028500.18,11.15120916332795,23.328472980575125,0.4937809114367475,656.6805524858355
2024-06-10,69644.31273596507,70146.06832632402,69232.42544621186,69512.28027800027,20597699540.57,11.14925871059171,23.74844523371821,-0.19485518393744794,913.6428801121656
2024-06-11,69508.07972608221,69549.41672666582,66123.59915877687,67332.03046417648,37116136345.4,11.117391337986094,24.337317653924508,-3.1364958897971973,3425.817567888953
2024-06-12,67321.37410258228,69977.89055246659,66902.45506539386,68241.1840753497,34497940693.82,11.130803533646759,24.264165469168002,1.3502542622072289,3075.4354870727257
2024-06-13,68243.10443524634,68365.7836010418,66304.56560457624,66756.3970935791,28955204145.83,11.108805408278387,24.089015788051046,-2.175793110698576,2061.2179964655516
2024-06-14,66747.5695108031,67294.6510506943,65056.89301424467,66011.09372732633,27403884779.06,11.097578093661234,24.03395062054823,-1.1164523531849824,2237.7580364496316
2024-06-15,66006.74024660952,66402.18735066416,65871.77605364844,66191.00047037876,14121265575.81,11.10029978812759,23.37094769500985,0.2725401639239289,530.4112970157148
2024-06-16,66189.35779031787,66894.84124474376,66018.2491743433,66639.04653569942,13281140540.78,11.107045969050784,23.30961086140175,0.6768987658997139,876.5920704004529
2024-06-17,66636.5154989442,67188.31747385605,65094.96412593804,66490.29417526737,30006354475.77,11.104811263740261,24.124675012037756,-0.22322102155584167,2093.3533479180114
2024-06-18,66490.97700800239,66556.69942396386,64066.955665597314,65140.744589459726,39481285949.68,11.084305509367594,24.399092623161575,-2.029694111820668,2489.743758366545
2024-06-19,65146.659119671356,65695.35417807795,64693.30230021546,64960.2953009057,21103423504.4,11.081531520713554,23.772701115660464,-0.27701447026938775,1002.0518778624901
2024-06-20,64960.2953009057,66438.96387823591,64547.8493233898,64828.655811570155,25641109124.03,11.079503003904577,23.96746272563077,-0.20264607592340722,1891.1145548461136
2024-06-21,64837.98758941159,65007.546371961624,63378.894709032524,64096.1981877808,26188171739.19,11.06814033050677,23.988573685438304,-1.1298362037897358,1628.6516629291
2024-06-22,64113.86490195061,64475.47049490177,63929.75706268443,64252.57874674413,9858198792.61,11.070577138088128,23.011569310638976,0.2439779010062093,545.713432217337
2024-06-23,64248.96317414937,64491.70321593821,63180.79820640023,63180.79820640023,11170471802.36,11.053755708122427,23.136539687484657,-1.668073968779371,1310.905009537979
2024-06-24,63173.35271284749,63292.527156600074,58601.70007229666,60277.41465637685,43152133650.56,11.006712762908547,24.48799770054329,-4.5953575017184,4690.8270843034115
2024-06-25,60266.28306634738,62258.26133499351,60239.74835116229,61804.641168070666,29201215430.56,11.031733740432902,24.097476169688626,2.5336629322940674,2018.5129838312205
2024-06-26,61789.675447231144,62434.13651040035,60695.186830309736,60811.27845018744,22506003064.37,11.015530551576559,23.83704791343212,-1.607262333554993,1738.9496800906127
2024-06-27,60811.22702188472,62293.86200301104,60585.33080670774,61604.80176407296,21231745044.69,11.028495097199082,23.778763306395685,1.3048949703228452,1708.5311963033018
2024-06-28,61612.805785341305,62126.09656788706,59985.40426020806,60320.13552647825,24952866877.23,11.007421249471061,23.940254557441875,-2.085334585629506,2140.6923076790044
2024-06-29,60319.87320215123,61097.62182437599,60300.96510197161,60887.380834742224,12652903395.87,11.01678122097459,23.26115254324492,0.9403913026935662,796.6567224043756
2024-06-30,60888.44556156059,62892.82719897968,60632.9504386712,62678.29207945703,17333226408.92,11.045770447845,23.575891098124547,2.941350441030832,2259.876760308478
2024-07-01,62673.60633865282,63777.227541782995,62495.51010390968,62851.980067927616,25468379421.26,11.048537718182875,23.960703496950796,0.2771102764740352,1281.717437873318
2024-07-02,62844.41155408985,63203.35944803762,61752.74663662572,62029.01681018313,20151616991.74,11.035357567610742,23.726550369848457,-1.3093672734813877,1450.6128114118983
2024-07-03,62034.33013659047,62187.70484286806,59419.388391252076,60173.923581498166,29756701684.52,11.00499437435664,24.11632021027587,-2.99068617250825,2768.3164516159814
2024-07-04,60147.13764200602,60399.67477325115,56777.80494677929,56977.70145909115,41149609229.76,10.950415267804953,24.440480267785276,-5.311639880151953,3621.8698264718623
2024-07-05,57022.8092189746,57497.15142569448,53717.37543342065,56662.37327447946,55417544033.35,10.94486565874944,24.73816205986969,-0.5534238421991966,3779.775992273826
2024-07-06,56659.07523402401,58472.548739206526,56038.96164041549,58303.538580916575,20610320576.89,10.973418066567262,23.749057786162066,2.896393517594298,2433.5870987910384
2024-07-07,58239.43047367341,58371.12038688615,55793.32594322506,55849.11063860938,20553359505.21,10.930408880263295,23.746290244099587,-4.209740955775465,2577.794443661085
2024-07-08,55849.573769415314,58131.33730149607,54321.01906396675,56705.09842707021,39766159898.66,10.945619405022022,24.406282133763504,1.5326793545554995,3810.318237529318
2024-07-09,56704.596935641515,58239.19699810916,56316.8751540777,58009.22631622933,27849512607.28,10.96835735129531,24.0500813025303,2.2998423868999973,1922.3218440314595
2024-07-10,58033.8844856386,59359.432391786606,57178.412524914864,57742.494620679594,26175260525.73,10.963748656659806,23.988080546880987,-0.45980908984319946,2181.019866871742
2024-07-11,57729.89080403108,59299.43428624372,57120.37750878177,57344.91478508699,28707803842.25,10.95683944879328,24.080434833630715,-0.6885394166018854,2179.0567774619485
2024-07-12,57341.19493424505,58532.553057550685,56590.1744886772,57899.46551711132,25604805220.57,10.966463432380506,23.966045874746264,0.9670443039328402,1942.378568873486
2024-07-13,57908.738544075924,59787.07821951896,57796.44245449481,59231.95324056479,17080061806.26,10.989216425944306,23.561177643933778,2.301381733929264,1990.635765024148
2024-07-14,59225.25039871754,61329.5291439691,59225.25039871754,60787.792370136944,22223416060.82,11.01514426440867,23.824412347452114,2.626688880667616,2104.278745251562
2024-07-15,60815.45789781541,64870.15281513105,60704.929198666614,64870.15281513105,38094526099.38,11.08014290191777,24.363336436824984,6.7157570390722565,4165.223616464435
2024-07-16,64784.418842829175,65354.33820010377,62487.96710992882,65097.14683084429,41617346767.84,11.083635999753017,24.45178290690916,0.34992058113403335,2866.371090174951
2024-07-17,65091.830708729336,66066.73302742474,63896.0871928785,64118.79266942549,32525071310.74,11.068492777310807,24.20527705383266,-1.5029140431623955,2170.645834546238
2024-07-18,64104.73767914492,65104.66141899838,63246.16443869034,63974.06668410818,27239305336.94,11.066233072162028,24.027926816321788,-0.2257153937122225,1858.4969803080385
2024-07-19,63972.32549922539,67442.6381157797,63329.34202548582,66710.15431304576,37003855409.78,11.108112458892997,24.33428794442649,4.276869942390671,4113.296090293879
2024-07-20,66709.92561502931,67610.73437340824,66299.6183732209,67163.64492371288,19029581249.82,11.114887381959901,23.669260513273528,0.6797924773776831,1311.1160001873359
2024-07-21,67164.91192182037,68372.90516558966,65842.29879954703,68154.52290586598,26652190003.57,11.129532801846423,24.006137160676147,1.4753189516122367,2530.60636604263
2024-07-22,68152.97613294167,68480.06279108635,66611.29986838588,67585.24997209052,42649109453.15,11.12114504254378,24.476272230317917,-0.8352680196466622,1868.76292270048
2024-07-23,67584.80435452731,67779.0175541407,65484.462081029866,65927.67236140305,35605668665.85,11.096313546788277,24.295770694315095,-2.4525730264694845,2294.5554731108277
2024-07-24,65927.85807516616,67113.98431326986,65146.99497555471,65372.133233673594,27470942308.81,11.087851349295581,24.03639463966183,-0.8426493880810737,1966.9893377151457
2024-07-25,65375.8734846053,66112.42003531994,63473.47328464731,65777.22394002022,38315761669.6,11.094028916663703,24.369127180320348,0.6196687889909125,2638.9467506726287
2024-07-26,65771.81041660522,68207.60002672914,65743.76943492418,67912.06309622004,30488630457.22,11.12596895750531,24.140619679168637,3.2455598280439757,2463.830591804959
2024-07-27,67911.8142625278,69398.51130847962,66705.21957648515,67813.33941633134,34691905492.17,11.124514201129982,24.269772225568264,-0.14536987302068427,2693.291731994468
2024-07-28,67808.65558848101,68301.85410992116,67085.82818666838,68255.86576902054,18043166944.55,11.131018654687752,23.61603288742357,0.6525653455470959,1216.025923252775
2024-07-29,68259.05493292028,69987.54220800994,66532.59311011192,66819.91618636361,40780682628.04,11.10975646159035,24.431474341237564,-2.1037746228525167,3454.9490978980175
2024-07-30,66819.05265758414,66987.6723080417,65323.1919785809,66201.0162264011,31380492109.35,11.100451092659258,24.169452266389328,-0.9262207965606728,1664.480329460799
2024-07-31,66201.27107746959,66810.21269249411,64532.04629770663,64619.24964921848,31292785993.69,11.076267627568864,24.166653428493227,-2.389338815847075,2278.166394787484
2024-08-01,64625.84044471442,65593.244771184,62248.93999110255,65357.5015625505,40975554493.51,11.087627503016089,24.436241493968208,1.1424643853643834,3344.30478008146
2024-08-02,65353.498473817686,65523.22357075688,61184.893197739875,61415.0645726852,43060875727.45,11.02541043538818,24.485880666052743,-6.032110921639466,4338.330373017008
2024-08-03,61414.808493862736,62148.37176188543,59836.52737163643,60680.09469877956,31753030589.34,11.01337099408715,24.18125400936265,-1.1967257203414627,2311.844390248996
2024-08-04,60676.09417709457,61062.98955435014,57210.803328650385,58116.97696104029,31758917219.16,10.970213102584731,24.18143938014846,-4.223984406192471,3852.1862256997556
2024-08-05,58110.298455776305,58268.827408869365,49121.23737759431,53991.45779650419,108991085584.42,10.896581124079594,25.414531932201918,-7.098647211643005,9147.590031275053
2024-08-06,53991.3475883934,57059.918616757175,53973.272275554235,56034.31659146047,49300484106.29,10.933719578310399,24.621199737547048,3.7836703773694857,3086.6463412029407
2024-08-07,56040.632123227755,57726.88105177443,54620.50952114269,55027.46069178669,41637562184.67,10.915587624918386,24.452268533942608,-1.796855857125279,3106.371530631739
2024-08-08,55030.029025690725,62673.76397655646,54766.728423144945,61710.137564450146,45298472566.63,11.030203500521024,24.53653915069099,12.144258137030306,7907.035553411515
2024-08-09,61728.20897982758,61751.86444076369,59587.85979049336,60880.11220321532,33425553115.27,11.01666183555646,24.232586507748735,-1.3450389093168758,2164.0046502703262
2024-08-10,60881.22947814781,61464.51165289157,60287.566532109835,60945.81313610534,15745822278.31,11.017740439130808,23.47984091486168,0.10791854763787523,1176.9451207817328
2024-08-11,60944.89255632786,61778.66037339881,58348.82334212605,58719.48316932698,22759754812.06,10.980526861637383,23.848259673389926,-3.6529662206761904,3429.8370312727566
2024-08-12,58719.39521925147,60680.33081274361,57688.89772695432,59354.51372127969,37078637820.19,10.991283449737027,24.336306840728444,1.0814648182810194,2991.433085789293
2024-08-13,59356.20778439832,61572.39697225551,58506.25337344937,60609.566984536745,30327698167.09,11.012208030629045,24.135327262825573,2.1145034885646785,3066.143598806142
2024-08-14,60611.050048446574,61687.756592205005,58472.874130095115,58737.27062700192,29961696179.78,10.980829738351341,24.12318560880529,-3.089110268701478,3214.88246210989
2024-08-15,58733.262987622475,59838.64867314052,56161.592869726395,57560.0976318307,35682112440.15,10.960584857174826,24.29791534806682,-2.004132951029669,3677.0558034141213
2024-08-16,57560.27330137632,59847.35834661108,57110.01931863181,58894.10416021727,29350938673.14,10.983496265482009,24.102590364758164,2.3175890647705755,2737.339027979273
2024-08-17,58893.530843347966,59694.668928026746,58814.83132632978,59478.971047195286,13589684021.38,10.993378101285174,23.33257681402091,0.9930822368686032,879.8376016969632
2024-08-18,59468.1314945541,60262.7170016644,58445.401719872105,58483.96498190154,17740625837.21,10.97650789277341,23.59912309151505,-1.6728703401816203,1817.3152817922964
2024-08-19,58480.712727746315,59612.66125467168,57864.709509692555,59493.45248218813,25911207712.1,10.993621543162455,23.977941442248103,1.7260927856019848,1747.9517449791238
2024-08-20,59493.451967522735,61396.328100001156,58610.88336824362,59012.79115265765,31613400007.92,10.985509498587893,24.176846918538654,-0.8079230730043463,2785.4447317575323
2024-08-21,59014.98762627093,61834.35077717777,58823.44361414666,61175.192009917955,32731154072.02,11.021497027005054,24.211593185211225,3.6642917832279576,3010.9071630311155
2024-08-22,61168.315762736034,61408.107572816465,59815.254982479426,60381.91246067756,27625734376.65,11.008444876503473,24.04201358020112,-1.2967340570206765,1592.8525903370391
2024-08-23,60380.95286026633,64947.061761100325,60372.0499574361,64094.35720662687,42530509233.24,11.068111607935933,24.473487519646973,6.148272876197747,4575.011803664223
2024-08-24,64103.86958972077,64513.79049700147,63619.917214370915,64178.99065006225,21430585163.21,11.069431187679198,23.78808495185518,0.13204507717043956,893.8732826305568
2024-08-25,64176.36706695918,64996.42010379024,63833.51889518345,64333.5441834656,18827683555.12,11.071836456676738,23.658594153201513,0.24081639776176722,1162.9012086067887
2024-08-26,64342.22544212248,64489.70638032014,62849.559823622556,62880.65865426983,27682040631.48,11.048993901829872,24.044049687214077,-2.2583638872008205,1640.1465566975821
2024-08-27,62879.70840215829,63210.795103046126,58116.75132620198,59504.132682713374,39103882197.72,10.993801045974031,24.389487587953155,-5.369736964940608,5094.043776844148
2024-08-28,59507.924638734126,60236.44800673822,57890.67690510173,59027.62658703009,40289564698.25,10.985760860532126,24.419358331878097,-0.8007949602830022,2345.7711016364847
2024-08-29,59027.46834402855,61184.0806151523,58786.2269878956,59388.18085241217,32224990582.03,10.991850510003859,24.196008093514987,0.610822908236841,2397.8536272567
2024-08-30,59388.60188049718,59896.8875637952,57768.53005770661,59119.47477701244,32292756404.79,10.98731567156727,24.198108782111387,-0.45245715821387034,2128.3575060885923
2024-08-31,59117.47950581847,59432.59194765267,58768.783963705304,58969.89836604308,12403470760.22,10.984782395507276,23.24124217041044,-0.2530070024023834,663.8079839473648
2024-09-01,58969.799453605876,59062.070811666665,57217.82386287529,57325.48768919063,24592449996.84,10.956500615133278,23.92570532208044,-2.7885594556143256,1844.2469487913768
2024-09-02,57326.96728778504,59403.069793467555,57136.0264168139,59112.47950553887,27036454524.41,10.98719734024941,24.020451959864847,3.1172727671101796,2267.043376653659
2024-09-03,59106.1912871102,59815.05694619101,57425.16731174133,57431.0229886572,26666961052.67,10.958339906491917,24.006691222366374,-2.8445034465592323,2389.8896344496825
2024-09-04,57430.34857339168,58511.56932145767,55673.162833355025,57971.540816685294,35627680311.93,10.967707493533512,24.296388709531183,0.941160021013121,2838.4064881026425
2024-09-05,57971.70332131813,58300.58102257744,55712.454088555714,56160.487264456766,31030280656.27,10.935968715023463,24.15822936004095,-3.124039014169644,2588.126934021726
2024-09-06,56160.189464974974,56976.108907217014,52598.69966238412,53948.752242637376,49361693566.14,10.895789842386153,24.622440526452117,-3.9382404419043726,4377.409244832896
2024-09-07,53949.08715374058,54838.14567169524,53740.06853649412,54139.68944922965,19061486526.14,10.899322827082939,23.67093572405885,0.3539233043491352,1098.0771352011216
2024-09-08,54147.93256541225,55300.8596875448,53653.759221114364,54841.566354228846,18268287531.02,10.91220369552636,23.628432471745693,1.2964184171344373,1647.1004664304346
2024-09-09,54851.887351990634,58041.12485615643,54598.43372843306,57019.53475757055,34618096173.33,10.951149203148399,24.2676423930775,3.971382562769854,3442.6911277233667
2024-09-10,57020.09841457318,58029.97743604642,56419.41285265962,57648.71240947666,28857630506.88,10.962123190833328,24.085640283902787,1.1034422756712736,1610.5645833868039
2024-09-11,57650.289070623534,57991.32051268634,55567.341285239716,57343.170536416845,37049062671.53,10.956809031533016,24.335508889354447,-0.530006413481654,2423.9792274466236
2024-09-12,57343.172588589914,58534.35837942474,57330.10075447463,58127.010836944006,33835707948.72,10.97038573733546,24.244782529973698,1.3669287784311868,1204.2576249501071
2024-09-13,58130.32248136667,60648.024269699454,57650.111670672995,60571.299158594484,32490528355.5,11.011576448623861,24.204214448591223,4.205081745055006,2997.9125990264583
2024-09-14,60569.116234306406,60656.72112803161,59517.88193330164,60005.119155757144,16428405496.29,11.002185156827375,23.522277715977513,-0.9347331338476095,1138.8391947299679
2024-09-15,60000.72831750864,60381.91666729981,58696.309418002216,59182.8353338828,18120960866.97,10.988386835145889,23.620335164133788,-1.3703561186836688,1685.6072492975945
2024-09-16,59185.22685956004,59205.510357825115,57501.33917276734,58192.506871442085,32032822113.39,10.97151187751744,24.19002690512793,-1.6733373060849988,1704.1711850577776
2024-09-17,58192.509343855716,61316.09138395457,57628.07176619407,60308.537594765505,38075570117.66,11.007228958012515,24.362838709158805,3.6362597816899767,3688.0196177604957
2024-09-18,60309.00187951354,61664.067333861465,59218.25244210036,61649.678726651364,40990702890.6,11.029223297332381,24.43661111917121,2.223799789173242,2445.8148917611034
2024-09-19,61651.15533817128,63872.44072204158,61609.86702145455,62940.456765713985,42710252572.5,11.049944427753076,24.477704835444207,2.093730357924173,2262.5737005870324
2024-09-20,62941.42759521907,64119.53035962101,62364.60653320853,63192.97508287596,35177164222.14,11.05394842020495,24.283662965336013,0.40120191390082827,1754.9238264124797
2024-09-21,63184.34126760265,63543.36012323982,62783.105379521236,63394.838742556014,14408616220.03,11.0571377292654,23.391092213202406,0.31944003176826996,760.2547437185858
2024-09-22,63396.80355250726,63993.42310339686,62440.726268075974,63648.70989025194,20183348802.13,11.06113433497027,23.728123784691476,0.4004602783625577,1552.6968353208867
2024-09-23,63643.1020803622,64733.55766834819,62628.07866411991,63329.802386614996,31400285425.2,11.056111309130035,24.170082819793826,-0.5010431541924931,2105.479004228284
2024-09-24,63326.84125114562,64695.21546688736,62737.417901137196,64301.96726594291,29938335243.03,11.071345504873443,24.122405611286773,1.5350827614983853,1957.7975657501665
2024-09-25,64302.59121924677,64804.50313781471,62945.3765459511,63143.14597387205,25078377699.65,11.053159586240902,23.945271865597036,-1.802155270426109,1859.1265918636127
2024-09-26,63138.54848376027,65790.7954495908,62669.268449450385,65181.020697244305,36873129847.33,11.084923611938232,24.330748934315686,3.2273886451832823,3121.5270001404206
2024-09-27,65180.66514007467,66480.69471010724,64852.99108914313,65790.66164973442,32058813449.4,11.09423318702498,24.190837973131003,0.9353043968455266,1627.7036209641155
2024-09-28,65792.18194760938,66255.53187445877,65458.03450153796,65887.64878212822,15243637983.9,11.095706279284657,23.447428071571863,0.14741777930453726,797.4973729208141
2024-09-29,65888.89527143848,66069.3458132303,65450.014367164375,65635.30814614859,14788214574.54,11.091869064071442,23.417096387960157,-0.3829862510560278,619.3314460659312
2024-09-30,65634.66012986275,65635.05287705804,62873.61586843297,63329.49812947661,37112957474.81,11.056106504790565,24.337232003664525,-3.513063443745368,2761.437008625071
2024-10-01,63335.60358371904,64110.98199903229,60189.27869688801,60837.00970073598,50220923499.58,11.015953594947304,24.63969757958642,-3.9357463778486923,3921.7033021442767
2024-10-02,60836.324630086616,62357.68672795532,59996.94734200484,60632.786273794474,40762722397.63,11.0125910533751,24.431033833983918,-0.33568945605003675,2360.739385950481
2024-10-03,60632.486235043114,61469.03714793023,59878.80342568439,60759.40132687676,36106447278.67,11.014677103581457,24.30973728131607,0.20882275228213398,1590.2337222458373
2024-10-04,60754.62512575234,62465.99075844506,60459.93981736208,62067.4774474519,29585472513.07,11.035977418134808,24.11054928432052,2.152878553786075,2006.0509410829836
2024-10-05,62067.61049705527,62371.023678877595,61689.58116489975,62089.94845914431,13305410748.72,11.036339394259453,23.311436612656024,0.03620416459075848,681.4425139778468
2024-10-06,62084.986500641135,62959.56854063348,61833.15004284858,62818.95447613739,14776233666.91,11.048012129785361,23.416285893667283,1.1741127752308733,1126.4184977849
2024-10-07,62819.109333004766,64443.706411796426,62152.551707740284,62236.65936840091,34253562610.48,11.038699484024932,24.2570564140694,-0.9269417369206168,2291.154704056142
2024-10-08,62221.64514873764,63174.306200117106,61843.56366112832,62131.967854414805,28134475156.91,11.037015915731994,24.060261535202706,-0.1682151886822858,1330.7425389887867
2024-10-09,62131.72610331155,62508.83573688935,60314.6143862386,60582.10096953885,27670982363.46,11.011754764890043,24.043650132950596,-2.494475772129967,2194.221350650747
2024-10-10,60581.92968687734,61236.72317070693,58895.20780781969,60274.49806378606,30452813570.16,11.006664375578548,24.139444226510577,-0.5077455235622419,2341.515362887243
2024-10-11,60275.46083465714,63400.86987994728,60046.12582838696,62445.08860709735,30327141594.18,11.042042867258424,24.13530891069037,3.6011756431621356,3354.7440515603157
2024-10-12,62444.61740615012,63448.7832440021,62443.27135299873,63193.02307028749,16744110885.86,11.053949179583556,23.541312444491737,1.1977474608069194,1005.5118910033707
2024-10-13,63192.94357547868,63272.65296301294,62035.63669025611,62851.37491696019,18177529689.88,11.048528089943954,23.623452035818467,-0.5406422049904158,1237.016272756824
2024-10-14,62848.39948809247,66482.49438571981,62442.15399984285,66046.12806875478,43706958055.79,11.098108687017264,24.500773149617903,5.0830282647206015,4040.3403858769598
2024-10-15,66050.36872702917,67881.67958655674,64809.1969471504,67041.10716533381,48863870878.62,11.113061250015623,24.61230412351475,1.506491183772729,3072.482639406342
2024-10-16,67042.46182181769,68375.2929488011,66758.72550926538,67612.72077760416,38195189533.82,11.121551421511443,24.36597541619526,0.8526315218223557,1616.56743953572
2024-10-17,67617.07957133748,67912.20763980645,66647.39121127402,67399.83349243981,32790898510.76,11.118397826458768,24.213416829402533,-0.31486276948474723,1264.816428532431
2024-10-18,67419.10872525488,68969.74692404066,67177.81819895803,68418.78904890522,36857165014.36,11.13340275958668,24.33031587397734,1.5118072310663866,1791.928725082631
2024-10-19,68418.97666199035,68668.00581048461,68024.63823485367,68362.73310984847,14443497907.64,11.132583117557402,23.39351017844755,-0.08193062145060992,643.3675756309385
2024-10-20,68364.17846030444,69359.0070607416,68105.72050551325,69001.7066212849,18975847518.28,11.141886516915335,23.666432824225648,0.9346810497024682,1253.2865552283474
2024-10-21,69002.00014689766,69462.73678222443,66829.85346773361,67367.85255614088,37498611780.2,11.11792321807397,24.347569750042883,-2.3678458767859456,2632.883314490813
2024-10-22,67360.70272554606,67801.5769977652,66581.3679788567,67361.40266452722,31808472565.82,11.117827472103906,24.182998524133026,-0.009574138656531783,1220.2090189084993
2024-10-23,67362.37442147365,67402.74462355101,65188.035292419474,66432.19824717593,32263980353.23,11.103937131293119,24.197217285579466,-1.3794315150753578,2214.7093311315402
2024-10-24,66653.70415718127,68798.96198672114,66454.09955675148,68161.053337619,31414428647.2,11.12962861528078,24.17053313537507,2.6024354696355,2344.8624299696676
2024-10-25,68165.29737243893,68722.15949274252,65521.79345068811,66642.41073042627,41469984305.66,11.107096451612975,24.448235732754185,-2.2280210366915965,3200.366042054411
2024-10-26,66628.73700387057,67317.91815961192,66360.5955044004,67014.69772830943,19588098156.32,11.11266724339447,23.698187981817423,0.5586337495939064,957.3226552115229
2024-10-27,67023.47941862229,68221.31474087753,66847.22309955803,67929.298795622,16721307878.1,11.126222719676926,23.539949663918158,1.3647768300329322,1374.0916413194936
2024-10-28,67922.67427268038,70212.2690406726,67535.13101284287,69907.75467389214,38799856657.22,11.154931861609226,24.381682389167267,2.9125221566362436,2677.1380278297293
2024-10-29,69910.04536594635,73577.20965821155,69729.9178301829,72720.49357487491,58541874401.85,11.19437851616159,24.793008136861367,4.023500560279358,3847.291828028654
2024-10-30,72715.36648543099,72905.29852007538,71411.73503398847,72339.54218084493,40646637831.37,11.18912617677228,24.428181959344155,-0.5238569972544793,1493.5634860869031
2024-10-31,72335.04408263316,72662.3097987825,69590.5028708254,70215.1856325839,40627912076.23,11.159319886172678,24.427721156903722,-2.936646382071717,3071.8069279571064
2024-11-01,70216.89696788251,71559.01656988062,68779.70034144845,69482.46985079674,49989795365.09,11.148829767374314,24.635084728846607,-1.043528939197369,2779.3162284321734
2024-11-02,69486.02390462357,69867.35185376265,69033.72225809676,69289.27666562302,18184612091.32,11.146045435335058,23.623841583913418,-0.27804593818926415,833.6295956658869
2024-11-03,69296.38205620978,69361.65800374754,67482.52543669505,68741.11549197351,34868307655.18,11.138102777970346,24.27484416348173,-0.7911197807632386,1879.132567052482
2024-11-04,68742.13466780161,69433.17641784942,66803.649995796,67811.50914184513,41184819348.33,11.124487210877003,24.44133556298376,-1.352329451559342,2629.5264220534154
2024-11-05,67811.17433259141,70522.7868214104,67458.86967701234,69359.56616617786,46046889204.13,11.147059356621972,24.552926044795484,2.282882425009247,3063.9171443980595
2024-11-06,69358.50198946046,76460.15337242365,69322.03189628755,75639.07794648844,118592653963.0,11.233728332672824,25.498960381987988,9.05356265531645,7138.121476136104
2024-11-07,75637.08497351439,76943.11802218763,74480.41931066937,75904.8584618969,63467654989.4,11.237235972690772,24.873796242826295,0.35137989862394914,2462.6987115182565
2024-11-08,75902.83256650098,77252.74766486383,75648.74119860801,76545.4766431325,55176858002.62,11.245640309113055,24.733809463241215,0.8439752002925793,1604.0064662558143
2024-11-09,76556.19113132334,76783.49257847611,75773.78851677204,76583.52154442579,27677345636.67,11.246137209145399,24.043880068468724,0.04970235076158236,1009.7040617040766
2024-11-10,76775.54380156849,81474.42388787834,76565.429933246,80474.185602194,82570594494.54,11.295691736230049,25.136919455235258,5.0802887870744495,4908.993954632329
2024-11-11,80471.41319204982,89604.49783558243,80283.24762192268,88701.48808420602,117966845037.02,11.393031944754533,25.49366944766887,10.223529968581268,9321.250213659747
2024-11-12,88705.56448656591,89956.88236150604,85155.11150524838,87955.80982163973,133673285374.5,11.384589806217495,25.618664490876426,-0.840660375233393,4801.770856257659
2024-11-13,87929.96677324477,93434.35534034466,86256.93196784332,90584.16667337868,123559027868.7,11.414034715979142,25.539984837279697,2.988269742577354,7177.423372501333
2024-11-14,90574.88205537519,91765.22136943895,86682.81582273384,87250.43127459324,87616705247.88,11.376537783027738,25.196237515884693,-3.680262811056112,5082.405546705108
2024-11-15,87284.18309810244,91868.74443611101,87124.9008601843,91066.00695527585,78243109518.27,11.419339873715856,25.0830866052149,4.373131026337607,4743.843575926716
2024-11-16,91064.36622561036,91763.94788438726,90094.22536905966,90558.47523581985,44333192813.6,11.413751056234972,24.514999506876986,-0.5573229094202659,1669.7225153276086
2024-11-17,90558.4631117088,91433.04050284997,88741.66583216935,89845.85120882805,46350159305.48,11.405850716508207,24.559490565963802,-0.7869214064570751,2691.3746706806123
2024-11-18,89843.71547893283,92596.78891943477,89393.59057396546,90542.64399626656,75535775084.26,11.413576223084732,25.047872223149266,0.77554252985923,3203.198345469311
2024-11-19,90536.81152645548,94002.87010769191,90426.98538087067,92343.79205490072,74521048294.81,11.433273761439366,25.034347449875675,1.989281491170547,3575.884726821241
2024-11-20,92341.89415735347,94902.02357614852,91619.49639738389,94339.49502700852,71730956426.31,11.454655204131628,24.996188240695986,2.16116636289021,3282.5271787646343
2024-11-21,94334.64328093239,99014.21491206095,94132.60096667588,98504.72758981539,106024505581.86,11.497859821844106,25.386936089073934,4.415152489012586,4881.613945385077
2024-11-22,98496.42948671861,99655.50107863353,97222.6670416634,98997.66208043598,78473580550.87,11.502851513488748,25.086027851595833,0.5004170892926263,2432.8340369701327
2024-11-23,99006.74227474716,99014.67786349209,97232.89311510696,97777.279763055,44414644676.69,11.490447515772807,24.51683508706155,-1.2327385230465504,1781.7847483851365
2024-11-24,97778.09735864386,98647.17758070615,95788.07699557066,98013.82090787888,51712020622.89,11.492863777381194,24.668956098647755,0.2419183121038726,2859.1005851354857
2024-11-25,98033.44270031633,98935.0318069042,92642.91486127705,93102.29521358515,80909462490.0,11.441454116168417,25.116596619436713,-5.011054205212517,6292.1169456271455
2024-11-26,93087.27999159305,94991.74996936525,90770.81504065242,91985.31683041027,91656519855.42,11.429384243624341,25.24131394733168,-1.1997323810464922,4220.934928712828
2024-11-27,91978.13858183147,97361.1819357048,91778.66121194026,95962.5284193169,71133452438.22,11.471713065286345,24.987823561533776,4.323746143353802,5582.520723764537
2024-11-28,95954.94488167026,96650.2037683052,94677.35429618707,95652.46515870912,52260008260.61,11.468476747235808,24.679497255106412,-0.32310868181061325,1972.8494721181341
2024-11-29,95653.95259357632,98693.16816725572,95407.88637209559,97461.52371298426,54968682476.36,11.48721295051481,24.730029450482988,1.891282729905086,3285.281795160132
2024-11-30,97468.8124452958,97499.34240171542,96144.21982832043,96449.05581277318,31634227866.46,11.476770228890139,24.177505531675397,-1.0388385709961923,1355.1225733949832
2024-12-01,96461.33680023858,97888.12726960558,95770.18446505058,97279.79292235582,36590695296.24,11.485346568521287,24.32305981815391,0.8613221794470105,2117.942804555001
2024-12-02,97276.01011705669,98152.5982470177,94482.86334343207,95865.30163237524,72680784305.11,11.470699377176116,25.009342871625705,-1.4540443061073938,3669.7349035856314
2024-12-03,95854.59743429389,96297.2000609749,93629.55989378091,96002.16214403199,67067810961.23,11.472125992530016,24.928970048404505,0.1427633453672028,2667.640167193982
2024-12-04,95988.52871237136,99207.32507281279,94660.52325117677,98768.52755534554,77199817111.98,11.50053428597841,25.069662924958532,2.8815657371999315,4546.8018216360215
2024-12-05,98741.5393815507,103900.47214723364,91998.78170143602,96593.57227220977,149218945579.65,11.478267478361593,25.728680497751505,-2.202073207902211,11901.69044579762
2024-12-06,97074.22483222859,102039.88179589069,96514.87608179661,99920.71473032853,94534772657.92,11.512132297799582,25.272233568397798,3.4444760451995293,5525.005714094077
2024-12-07,99916.71446386413,100563.37975103865,99030.88649219023,99923.33661926458,44177510896.8,11.5121585371489,24.511481693305953,0.0026239693572183143,1532.4932588484226
2024-12-08,99921.91679671711,101399.98870892462,98771.51416793927,101236.0131403532,44125751925.28,11.525209833602652,24.510309392854225,1.3136836353756731,2628.4745409853494
2024-12-09,101237.06152133417,101272.5042134275,94355.91104197215,97432.72126036789,110676473908.41,11.486917380444694,25.42987713292261,-3.7568566382720325,6916.593171455344
2024-12-10,97441.23446645589,98270.1527701471,94321.25879198995,96675.43353993687,104823780633.61,11.479114600974745,25.37554649753501,-0.7772416808592753,3948.8939781571535
2024-12-11,96656.06161812134,101913.36246571534,95747.22886501107,101173.03264511093,85391409935.84,11.524587524485682,25.170511346450418,4.652266807074712,6166.13360070427
2024-12-12,101167.80700433685,102524.91027534557,99339.9499287061,100042.99791501161,72073983532.97,11.5133553517058,25.000958977464318,-1.1169327443837584,3184.960346639462
2024-12-13,100046.65053812141,101888.80840895079,99233.27804867584,101459.25440126852,56894751583.19,11.52741256239733,24.764468934513143,1.4156477872244944,2655.530360274948
2024-12-14,101451.43995018033,102618.88457543126,100634.05754816136,101372.9660786534,40422968793.07,11.526561727873936,24.42266399484095,-0.08504726663361994,1984.827027269901
2024-12-15,101373.53296067957,105047.54188420314,101227.02779299507,104298.69579792189,51145914137.43,11.555014136576283,24.657948446142324,2.886104483712626,3820.514091208068
2024-12-16,104293.57646069665,107780.5795522059,103322.98281885192,106029.72058609633,91020417816.32,11.57147471668197,25.234349689903627,1.6596801857698074,4457.596733353988
2024-12-17,106030.69058245214,108268.44708043612,105291.73786758128,106140.59823843016,68589364867.85,11.572519892680589,24.951403328578788,0.10457223853928,2976.7092128548393
2024-12-18,106147.29525968335,106470.60636489633,100041.54270290484,100041.54270290484,93865656139.45,11.513340805733359,25.265130406944404,-5.74620422039136,6429.063661991488
2024-12-19,100070.68742894281,102748.15084662643,95587.68150193944,97490.94998277504,97221662391.74,11.487514831988346,25.30025938769484,-2.5495335749712966,7160.469344686993
2024-12-20,97484.69730951732,98098.91130519815,92175.1804504625,97755.93016037508,105634083408.08,11.49022914260977,25.383246915689128,0.27179976977027565,5923.7308547356515
2024-12-21,97756.19220181568,99507.09859091845,96426.52073874239,97224.7263442974,51765334293.97,11.484780344356036,24.669986540058638,-0.543398047776944,3080.577852176066
2024-12-22,97218.3182689266,97360.26470124356,94202.18624773364,95104.93437105967,43147981313.7,11.46273613331846,24.487901470384966,-2.180301300855314,3158.078453509923
2024-12-23,95099.39195482891,96416.21392829776,92403.1313832204,94686.23943843246,65239002918.62,11.458323961735768,24.90132333129948,-0.4402452253356781,4013.0825450773555
2024-12-24,94684.34755333756,99404.06132486906,93448.01394041946,98676.09739682809,47114953674.13,11.499598021795055,24.575856275353665,4.213767472505814,5956.047384449601
2024-12-25,98675.91086276277,99478.74901584994,97593.47016509304,99299.19274921237,33700394629.11,11.505892720586447,24.240775384298775,0.6314552042714805,1885.2788507569057
2024-12-26,99297.69700878458,99884.57216657004,95137.88529505664,95795.51659759833,47054980873.26,11.469971163256282,24.57458256078083,-3.528403458890994,4746.686871513404
2024-12-27,95704.97458625567,97294.84642042585,93310.74380422963,94164.86034835255,52419934565.08,11.452802358575154,24.68255278655932,-1.7022260614717122,3984.102616196222
2024-12-28,94160.18622270311,95525.89852152087,94014.28649733186,95163.93192640484,24107436184.88,11.463356282672203,23.905786185238806,1.06098131973682,1511.612024189002
2024-12-29,95174.05511728884,95174.8784017898,92881.79186993359,93530.2284378695,29635885266.64,11.446039961827726,24.112251804074784,-1.7167255024716277,2293.0865318562137
2024-12-30,93527.19749747452,94903.32389571554,91317.13546005113,92643.21460401456,56188003691.42,11.436510992161772,24.75196911361273,-0.9483712898703867,3586.188435664415
2024-12-31,92643.25122168798,96090.6037883835,91914.02778327136,93429.20281139915,43625106842.87,11.444959239281362,24.498898666586232,0.8484034267853824,4176.576005112132
2025-01-01,93425.10213604935,94929.86480899612,92788.12788468192,94419.75750549028,24519888918.84,11.45550562584333,23.922750417777408,1.060219571915555,2141.736924314202
2025-01-02,94416.28654727874,97739.81684462438,94201.57041545637,96886.87826823039,46009564411.19,11.481299373520852,24.552115133805117,2.612928509794843,3538.246429168008
2025-01-03,96881.72902346856,98956.91704260744,96034.61405724539,98107.42876199367,35611391162.85,11.493818369108308,24.29593140010739,1.2597686245852557,2922.3029853620537
2025-01-04,98106.9935527892,98734.4281764666,97562.97596927758,98236.22909166572,22342608077.72,11.49513035799102,23.829761368523553,0.13128499166410457,1171.4522071890096
2025-01-05,98233.90577658577,98813.30855441149,97291.76460634715,98314.95944363723,20525254824.64,11.495931476079075,23.74492190753743,0.08014390688595441,1521.54394806434
2025-01-06,98314.95695805966,102482.87390991939,97926.14851723477,102078.08557287649,51823432704.9,11.53349334421855,24.671108252744382,3.827623131347191,4556.725392684617
2025-01-07,102248.85254818317,102712.48569727168,96132.87470113118,96922.7052796726,58685738546.55,11.481669087042697,24.795462579348165,-5.0504280759882665,6579.610996140502
2025-01-08,96924.16497426537,97258.3217480094,92525.84456081719,95043.52345594055,63875859171.19,11.462090207309318,24.880207336200797,-1.93884582390641,4732.477187192213
2025-01-09,95043.48763997055,95349.72145962533,91220.84226028062,92484.0369715298,62777261693.16,11.434791335327276,24.86285876990592,-2.6929625411007185,4128.8791993447085
2025-01-10,92494.49150599269,95770.61159620751,92250.09273731698,94701.45646266866,62058693683.57,11.458484658809532,24.85134644649551,2.397624026534939,3520.5188588905294
2025-01-11,94700.83805347318,94977.68766489545,93840.04352360097,94566.59367524584,18860894100.35,11.457059560277063,23.660356520257622,-0.1424083561755829,1137.6441412944841
2025-01-12,94565.72583174758,95367.53629904019,93712.51167248249,94488.44106162683,20885130964.79,11.456232789192342,23.76230330563433,-0.0826429403679163,1655.0246265577007
2025-01-13,94488.89217368136,95837.00022591936,89260.10018860863,94516.52562684275,72978998252.04,11.45652997255122,25.01343754152507,0.029722752222793858,6576.9000373107265
2025-01-14,94519.00714149787,97352.66474778469,94322.15450383195,96534.04421464764,53769675817.65,11.477651014900486,24.707975498693656,2.134567023517331,3030.51024395274
2025-01-15,96534.04596939916,100697.2343634354,96501.64439338635,100504.49344119498,57805923627.33,11.517957716339428,24.780357092275427,4.113004131183895,4195.589970049055
2025-01-16,100505.29872630668,100781.58909502253,97364.44308449984,99756.90909819468,54103781804.71,11.510491596495763,24.71416992432444,-0.7438317605547806,3417.146010522687
2025-01-17,100025.7650552685,105884.23044779796,99948.90506423892,104462.04262221782,71888972662.9,11.556579055908031,24.99838871943669,4.716599147425149,5935.325383559044
2025-01-18,104124.95457620875,104913.20621437575,102226.62033455452,104408.06730305059,50445655725.64,11.556062224462995,24.64416246954554,-0.05166979106701053,2686.5858798212284
2025-01-19,104411.28679527303,106299.79852886693,99570.5311832792,101089.60649832134,76789928525.09,11.523762595552945,25.064339329504342,-3.178356702166718,6729.267345587723
2025-01-20,101083.75346515604,109114.88483408831,99471.35894021342,102016.6622807587,126279678351.02,11.532891434619032,25.561764953523518,0.9170634000368327,9643.525893874888
2025-01-21,102052.5752511938,107180.92489510088,100103.95580709908,106146.26300673433,88733878242.01,11.57257326167641,25.208907595189764,4.047966904279421,7076.969088001802
2025-01-22,106136.3833471013,106294.34013577149,103360.26931161547,103653.06924222906,53878181052.37,11.548804729024441,24.709991428682823,-2.348828582262086,2934.0708241560205
2025-01-23,103657.67456357404,106820.32880840909,101257.80317550157,103960.17163722677,104104515428.06,11.551763139747012,25.36866118749656,0.2962791138196197,5562.52563290752
2025-01-24,103965.66972064278,107098.54516311586,102772.12417315843,104819.48448549642,52388229265.3,11.559994954251108,24.68194777069818,0.8265789049177963,4326.420989957434
2025-01-25,104824.03367887085,105243.7906021354,104120.37680496142,104714.64536631762,23888996501.99,11.558994266410883,23.896683792462174,-0.10001873191172184,1123.4137971739838
2025-01-26,104713.21322996439,105438.64453452958,102507.71172967099,102682.49703317731,22543395879.45,11.539396953282852,23.83870799434526,-1.9406534072014092,2930.9328048585885
2025-01-27,102680.30359097058,103214.11045984601,97795.93610216664,102087.69133501766,89006608427.88,11.53358744189049,25.21197645592066,-0.57926688125578,5418.174357679367
2025-01-28,102095.41758297598,103730.82106122405,100238.18813683747,101332.47622080587,47180685494.0,11.526162233337166,24.577250440154852,-0.7397709795722851,3492.6329243865766
2025-01-29,101317.52725321057,104750.80724200154,101283.82270957211,103703.21119241687,47432049817.95,11.549288359913845,24.582563993653466,2.3395608792240674,3466.9845324294292
2025-01-30,103709.33879912469,106418.76669456932,103321.64506445764,104735.30283914848,41915744521.36,11.559191520915597,24.45892735752574,0.9952359573674352,3097.12163011168
2025-01-31,104737.56219203652,106026.35028808456,101543.88291392235,102405.0270844454,45732764359.6,11.536691083004078,24.546080822376076,-2.2249190975099364,4482.46737416221
2025-02-01,102402.79811539728,102755.7260175272,100297.70923874211,100655.90565121453,27757944848.3,11.51946310447046,24.04678793700223,-1.7080425473531835,2458.0167787850805
2025-02-02,100661.53638723615,101430.66583304094,96216.07781188392,97688.97930488891,63091816853.4,11.489544030285401,24.86785691271762,-2.9475929178029547,5214.588021157018
2025-02-03,97681.10325625054,102514.17468017383,91242.89260258408,101405.42306569024,115400897748.03,11.526881850619274,25.471677970435817,3.804363385968279,11271.282077589756
2025-02-04,101398.71704028598,101745.61330481955,96208.10654687621,97871.81783389286,73002130210.71,11.491413920211741,25.013754458637678,-3.484631418093209,5537.506757943338
2025-02-05,97878.0097544626,99113.20782528236,96174.82555910305,96615.44454015358,49125911241.12,11.478493888788995,24.617652456401355,-1.2836926109532243,2938.382266179309
2025-02-06,96610.64022849275,99168.60600635785,95707.34991911832,96593.30032856249,45302471947.11,11.47826466301867,24.536627436315474,-0.022919950010569234,3461.256087239526
2025-02-07,96581.31728744069,100154.14333476101,95653.88665165768,96529.08249453203,55741290456.48,11.477599614923689,24.743987010086368,-0.06648269995125355,4500.256683103333
2025-02-08,96533.2608441032,96877.80733598916,95702.49237011607,96482.44987444293,22447526395.12,11.477116404201261,23.834446262218666,-0.04830939949288515,1175.3149658730836
2025-02-09,96481.31526139399,97325.28204265489,94745.26122717894,96500.09479026984,27732901800.43,11.477299269609183,24.045885335903755,0.018288212882100474,2580.0208154759457
2025-02-10,96499.46209263853,98333.2200725747,95320.84202553991,97437.55726208675,40078962390.78,11.48696701348013,24.414117404934316,0.9714627471137272,3012.3780470347847
2025-02-11,97438.13120832655,98492.90128161258,94875.03885022209,95747.4311295895,37488783271.89,11.4694690777492,24.347307612430036,-1.7345735874218948,3617.8624313904875
2025-02-12,95745.69445695943,98151.02692560761,94101.20332700518,97885.86305519009,49340445529.78,11.491557416203904,24.622009977795667,2.2334091895440222,4049.8235986024374
2025-02-13,97888.74648850967,98111.0874246068,95269.70789956833,96623.8690084382,37147280859.99,11.47858108086327,24.33815641189143,-1.289250569349687,2841.379525038472
2025-02-14,96623.37086755785,98819.46896316695,96342.80602635587,97508.96990331753,32697987276.92,11.487699651762675,24.210579361790742,0.9160271721286861,2476.6629368110735
2025-02-15,97508.38276946037,97975.0372487157,97240.19711908202,97580.34938210079,17047266288.41,11.48843141383176,23.55925569283029,0.07320298722675034,734.8401296336815
2025-02-16,97580.49058301288,97725.59730307038,96060.97975342924,96175.03204026086,16536755396.23,11.473925060765861,23.528851340202543,-1.4401642858820285,1664.6175496411306
2025-02-17,96179.00456528852,97032.23825350963,95243.5431921376,95773.38418660431,27336550689.63,11.469740098495752,24.031490496772687,-0.41762175185802164,1788.6950613720255
2025-02-18,95773.81624283813,96695.378399656,93388.83220111213,95539.54360318283,37325720482.36,11.467295509909126,24.3429484831287,-0.24416030132742295,3306.5461985438596
2025-02-19,95532.53214633907,96855.59721995154,95011.9690766763,96635.61321235246,28990872861.84,11.478702619054243,24.09024688849328,1.14724183079844,1843.628143275244
2025-02-20,96632.6791870311,98767.19373554853,96442.67072141093,98333.93782934498,31668022770.75,11.496124494052019,24.17857326330138,1.7574521033571155,2324.523014137594
2025-02-21,98340.6700379587,99497.96676737047,94852.95862026856,96125.54405496533,49608706469.55,11.473410366661529,24.627432188933344,-2.245810371402235,4645.0081471019075
2025-02-22,96134.20191224912,96950.15937913183,95765.3403944205,96577.76154714968,18353824476.55,11.478103781970594,23.633103808071503,0.4704446634141046,1184.8189847113244
2025-02-23,96577.80308060527,96671.87429382712,95270.45280598207,96273.91974655744,16999478976.16,11.474952738122184,23.556448532071776,-0.3146084520129433,1401.4214878450439
2025-02-24,96277.96379034073,96503.45442711246,91371.74071338492,91418.17366744147,44046480529.18,11.423199574300947,24.50851128895572,-5.043677552444937,5131.713713727542
2025-02-25,91437.11400510589,92511.07973885234,86008.23491276524,88736.1734415255,92139104127.7,11.393422902992633,25.246565273460313,-2.9337713917502617,6502.844826087094
2025-02-26,88638.893456738,89286.25192471237,82131.9013643001,84347.01972198201,64597492134.27,11.342694755067544,24.891441425530466,-4.946295912157872,7154.3505604122765
2025-02-27,84076.86190701449,87000.78101692138,83144.9590529622,84704.22458228334,52659591953.61,11.346920756400856,24.68711424228744,0.4234943469001218,3855.8219639591844
2025-02-28,84705.62848021874,85036.32222745634,78248.91610152679,84373.01032958015,83610570575.92,11.343002846617738,25.149435791339606,-0.391024478810309,6787.406125929556
2025-03-01,84373.86437183671,86522.30234540148,83794.23249224083,86031.91239771536,29190628396.31,11.362473580796609,24.09711354937482,1.9661525192181228,2728.0698531606467
2025-03-02,86036.25754954967,95043.43520300099,85040.21116490498,94248.3505251674,58398341092.43,11.45368860409788,24.790553320425595,9.550453893746337,10003.224038096014
2025-03-03,94248.42149718052,94429.74782373277,85081.30492867877,86065.6683289207,70072228536.46,11.36286586907278,24.972792383253815,-8.682042869346196,9348.442895054002
2025-03-04,86064.06665899591,88911.2740776466,81529.23983298676,87222.19220667671,68095241474.12,11.376214075300993,24.944173172096885,1.3437691244505112,7382.034244659837
2025-03-05,87222.95486911599,90998.23954346174,86379.77304240134,90623.56184280873,50498988027.45,11.414469522710325,24.645219133966545,3.8996607974176145,4618.466501060393
2025-03-06,90622.36115502505,92804.93983153229,87852.13848060969,89961.72724371402,47749810486.3,11.407139606019145,24.589240934991977,-0.7303118368297001,4952.8013509226
2025-03-07,89963.2830044752,91191.04962994241,84717.67967134832,86742.6756244441,65945677657.29,11.370701263402479,24.912097174269572,-3.5782456805761753,6473.369958594092
2025-03-08,86742.65299002576,86847.26759385405,85247.48418772944,86154.5932099702,18206118081.06,11.3638985569593,23.62502353284062,-0.6779620414523846,1599.7834061246103
2025-03-09,86154.30589057712,86471.1301630585,80052.4869785059,80601.04131141985,30899345977.33,11.297266847907787,24.15400085484391,-6.446031130360764,6418.643184552595
2025-03-10,80597.14978363975,83955.92625197173,77420.5921857503,78532.00180846766,54061099421.87,11.271261487047056,24.713380714655436,-2.5670133651971128,6535.334066221432
2025-03-11,78523.87154381181,83577.75595928164,76624.25248982682,82862.20818098089,54702837195.93,11.324934364817464,24.72518141332777,5.513938614571678,6953.503469454823
2025-03-12,82857.37837201863,84358.57746182784,80635.24923464411,83722.36195174961,40353484453.92,11.335261388676896,24.420943583669242,1.0380531603623844,3723.3282271837234
2025-03-13,83724.91959970574,84301.6919089795,79931.85324456095,81066.70136914577,31412940153.29,11.303027568479292,24.170485751760612,-3.17198478482289,4369.838664418552
2025-03-14,81066.993377569,85263.28985684708,80797.56259082246,83969.0997189857,29588112413.91,11.338204149659918,24.110638509972304,3.580259589721746,4465.7272660246235
2025-03-15,83968.40594955091,84672.6721611549,83639.59485763479,84343.1084583416,13650491277.15,11.342648382897657,23.33704134892972,0.4454123488373263,1033.0773035201128
2025-03-16,84333.32161701162,85051.59848534227,82017.90471433428,82579.6908921864,21330270173.57,11.321519056301401,23.783393035714667,-2.0907666297670047,3033.6937710079947
2025-03-17,82576.33427819445,84725.32598190354,82492.1525372132,84075.68869687966,25092785558.06,11.339472728033495,23.945846213803076,1.8115807755279656,2233.173444690343
2025-03-18,84075.7156723962,84075.7156723962,81179.99016328463,82718.50231764314,24095774593.8,11.323198584133998,23.905302334013168,-1.6142435468231686,2895.7255091115658
2025-03-19,82718.80425845386,87021.18580549254,82569.72689462671,86854.22596043906,34931960257.28,11.371986428636767,24.276668013780544,4.999756435282809,4451.458910865826
2025-03-20,86872.95330189467,87443.2677695942,83647.19396650222,84167.19340433639,29028988960.57,11.340560497279203,24.091560786976185,-3.0937269043495697,3796.0738030919747
2025-03-21,84164.54252392585,84782.27165102001,83171.06972168114,84043.24518209897,19030452299.43,11.339086768945664,23.669306285677223,-0.14726429291990195,1611.201929338873
2025-03-22,84046.25828818169,84513.8724239979,83674.78082321996,83832.4875518333,9863214090.93,11.336575890957997,23.012077925154347,-0.2507728370186202,839.0916007779451
2025-03-23,83831.9005141602,86094.78007760542,83794.91065612518,86054.37186301082,12594615536.53,11.362734606427088,23.256535221198146,2.650385758628171,2299.869421480238
2025-03-24,86070.92811115854,88758.72963683418,85541.19810016874,87498.91241027668,34582604932.53,11.37938164267162,24.266616644975393,1.6786370244679771,3217.5315366654395
2025-03-25,87512.81944072593,88542.39467283744,86346.07889666308,87471.70304794039,30005840048.56,11.37907062630485,24.12465786794849,-0.031096800619312415,2196.315776174364
2025-03-26,87460.23666979485,88292.15690143696,85861.455394714,86900.88554328846,26704046037.95,11.37252350157312,24.008080927873916,-0.6525739007723241,2430.701506722966
2025-03-27,86896.2548762212,87786.723395316,85837.93370147451,87177.10210551348,24413471940.5,11.375696984881039,23.91840094558761,0.3178524136988603,1948.7896938414924
2025-03-28,87185.23467710707,87489.86121482414,83557.64246442346,84353.15101258164,34198619509.07,11.342767443679246,24.255451114968402,-3.2393266405138177,3932.2187504006724
2025-03-29,84352.07272629582,84567.33214572683,81634.14130547948,82597.58433886131,16969396135.15,11.321735713789181,23.5546773313019,-2.0812105447708507,2933.190840247349
2025-03-30,82596.98323430921,83505.00293206928,81573.2470657633,82334.52269692018,14763760943.16,11.318545772549248,23.415441430108242,-0.3184858783059741,1931.75586630599
2025-03-31,82336.05934575244,83870.12134906207,81293.88856092037,82548.91096086935,29004228246.6,11.321146256782383,24.090707457911762,0.260386842513638,2576.2327881417004
2025-04-01,82551.91872925474,85487.36612266583,82429.36199290847,85169.1695887702,28175650319.38,11.352394788043801,24.061723978039065,3.17418921388668,3058.0041297573625
2025-04-02,85180.61303991935,88466.95695859227,82343.53910727557,82485.70837130435,47584398470.45,11.320380325453423,24.58577078123184,-3.150742493348979,6123.417851316699
2025-04-03,82487.4764239047,83909.29836547951,81282.09786274913,83102.82820654023,36852112079.93,11.327834014037451,24.33017876954118,0.7481536467601746,2627.200502730382
2025-04-04,83100.24744097982,84696.14626381778,81670.74877035448,83843.80487310472,45157640206.84,11.336710881076456,24.53342532080678,0.8916383263429806,3025.3974934633006
2025-04-05,83844.69966290914,84207.01936215923,82377.73586427435,83504.80017205456,14380803630.57,11.332659396277101,23.389160072974725,-0.404328860746761,1829.2834978848841
2025-04-06,83504.50711638005,83704.71778641942,77097.74090174645,78214.4808171041,36294853735.96,11.267210086079626,24.31494179780762,-6.335347601635133,6606.976884672971
2025-04-07,78221.33313364969,81119.06442104139,74436.67910094524,79235.33313217395,91262424987.16,11.280177603724402,25.237004984382352,1.3051960511724303,6682.385320096146
2025-04-08,79218.47385977911,80823.88812131566,76198.02228057399,76271.95017471343,48314590748.66,11.242060524186494,24.600999437879764,-3.7399766497065667,4625.865840741666
2025-04-09,76273.56170055756,83541.00025487221,74589.67270705984,82573.9511277008,84213627037.89,11.321449548122017,25.156622586404907,8.26254073555428,8951.327547812369
2025-04-10,82565.97445255207,82700.93206419279,78456.13374777374,79626.14143605047,44718000633.05,11.285097727918348,24.523641956230513,-3.569902676803649,4244.798316419052
2025-04-11,79625.04814072048,84247.47364926974,78936.32056894607,83404.83980637716,41656778779.2,11.331461617914615,24.452729948119096,4.745550019350664,5311.153080323667
2025-04-12,83404.51699304495,85856.18786990084,82769.37789254336,85287.1132768994,24258059103.94,11.353778646766624,23.91201473330222,2.2567916620808814,3086.8099773574795
2025-04-13,85279.47053438281,86015.18584926911,83027.00426269656,83684.97902810505,28796984817.37,11.33481477834252,24.08353652476621,-1.8785185560129647,2988.181586572551
2025-04-14,83694.52327328338,85784.99772729716,83690.63694690881,84542.39128267372,34090769777.17,11.34500835953425,24.252292503573756,1.0245712725586165,2094.3607803883497
2025-04-15,84539.69278498102,86429.34847863745,83598.818421582,83668.9893302616,28040322884.75,11.334623689979946,24.056909414194504,-1.0330935039344236,2830.5300570554537
2025-04-16,83674.51107864527,85428.28240962118,83100.61793014304,84033.86541648101,29617804112.22,11.33897515629842,24.111641507731356,0.43609476956769644,2327.664479478146
2025-04-17,84030.67292676501,85449.06765559096,83749.75302020107,84895.75143926751,21276866029.01,11.349179329106986,23.780886217501273,1.0256412917755142,1699.314635389892
2025-04-18,84900.19135742266,85095.04944261954,84298.88320489036,84450.80707734117,12728372364.23,11.343924479056367,23.26709938307172,-0.5241067478443107,796.1662377291796
2025-04-19,84450.87033346148,85597.70373924577,84353.45781540943,85063.41305684106,15259300427.02,11.35115229328879,23.448455018175203,0.7253997927324285,1244.2459238363372
2025-04-20,85066.06886985601,85306.38125686691,83976.84584929748,85174.30162916107,14664050811.93,11.352455043248838,23.4086648125576,0.13035989073928445,1329.535407569434
2025-04-21,85171.5427512029,88460.09617147183,85143.83770854885,87518.90503469988,41396190189.88,11.379610106548064,24.44645468914414,2.7527122156480344,3316.2584629229823
2025-04-22,87521.87117346626,93817.38379122189,87084.52941386704,93441.89334755749,55899038455.73,11.445095060566073,24.746813015809792,6.767667294865309,6732.8543773548445
2025-04-23,93427.58580855062,94535.73207189518,91962.95818225789,93699.11317603666,41719568820.85,11.44784400367838,24.454236131954865,0.275272492095624,2572.7738896372903
2025-04-24,93692.39595194577,94016.19442848,91696.71411403849,93943.79341612494,31483175315.4,11.450451940031652,24.17271912311529,0.26113399774509993,2319.4803144415055
2025-04-25,93954.24981966102,95768.39246695589,92898.59309117188,94720.49801758579,40915232363.91,11.458685707891023,24.434768260095993,0.8267758552397808,2869.799375784016
2025-04-26,94714.6463714469,95251.35943812453,93927.25062835567,94646.92811168196,17612825123.36,11.45790870087235,23.59189317380835,-0.07767052268894403,1324.1088097688626
2025-04-27,94660.90920811243,95301.2063769868,93665.39735692926,93754.84673812395,18090367763.89,11.448438641036322,23.618645465825796,-0.9425360033929131,1635.8090200575389
2025-04-28,93755.30360534175,95598.492236527,92860.80822105803,94978.75250363749,32363449569.16,11.461408487711083,24.200295523243977,1.3054319942862769,2737.6840154689708
2025-04-29,94981.8613835771,95485.41282007511,93796.63422337355,94284.79162811562,25806129920.72,11.454075179137003,23.973877894479397,-0.7306485474162128,1688.7785967015661
2025-04-30,94286.46865734526,95249.31940717297,92979.63962754197,94207.31129752303,28344679831.08,11.453253072175983,24.067705189230413,-0.08217691236800384,2269.6797796309984
2025-05-01,94212.86287717383,97437.96387879133,94153.63388153429,96492.33904923625,32875889623.44,11.47721889608486,24.216005387867252,2.4255312249563232,3284.3299972570385
2025-05-02,96494.96919013959,97905.90081355347,96375.94611335975,96910.06857772858,26421924676.66,11.481538699371814,23.997459982617343,0.4329147086787666,1529.9547001937171
2025-05-03,96904.63473532417,96943.88181527617,95821.29091836888,95891.79803431532,15775154888.97,11.470975730981579,23.481702063960668,-1.0507376151493886,1122.5908969072916
2025-05-04,95877.1841802496,96318.91982056337,94173.43224003293,94315.97488904891,18198688416.06,11.454405859248155,23.624615363380702,-1.6433346517316205,2145.4875805304473
2025-05-05,94319.56286773381,95193.18620064657,93566.2638409303,94748.05147537326,25816260327.41,11.4589765578295,23.974270375601304,0.4581160156936548,1626.9223597162636
2025-05-06,94748.3862881353,96889.17623422528,93399.85890768623,96802.47756375963,26551275826.73,11.48042786760407,24.00234363721729,2.168304314860081,3489.3173265390506
2025-05-07,96800.19449655016,97625.80534470669,95829.3320669444,97032.31896658134,76983822461.78,11.482799387214138,25.066861138827477,0.2374333886963953,1796.4732777622994
2025-05-08,97034.24688884184,103969.53649035288,96913.8723974176,103241.46082980144,69895404396.74,11.54482580357554,24.970265738627713,6.399045111308288,7055.664092935287
2025-05-09,103239.12516390385,104297.49090824493,102343.0903303267,102970.84974403249,58198593958.12,11.542201214962406,24.787127032596786,-0.2621147391696277,1954.4005779182335
2025-05-10,102973.71422769727,104961.76439106936,102830.48162303773,104696.3272911721,42276713994.21,11.558819317840044,24.467502274828984,1.6756951617169724,2131.282768031626
2025-05-11,104701.07259645901,104937.98924524819,103364.73975383208,104106.35552626466,46285517406.46,11.553168304864956,24.558094950110245,-0.5635076035348074,1573.249491416107
2025-05-12,104106.96270662454,105747.45206837644,100814.40257332771,102812.95325154897,63250475404.07,11.540666628457815,24.870368480795676,-1.2423855087208113,4933.049495048734
2025-05-13,102812.4924643175,104997.42058590072,101515.09286118703,104169.81288185039,52608876410.39,11.553777662700126,24.68615069550212,1.3197360715644813,3482.3277247136866
2025-05-14,104167.32560044796,104303.56516826224,102618.29735527371,103539.4170891327,45956071154.97,11.547707660626761,24.550951802264514,-0.6051616829077844,1685.2678129885317
2025-05-15,103538.82568418497,104153.61987734394,101440.81246387654,103744.64358052239,50408241840.21,11.549687808620623,24.64342052722999,0.19821097815628796,2712.8074134673952
2025-05-16,103735.65506337154,104533.4866510729,103137.47873749465,103489.29171156997,44386499364.19,11.547223424611065,24.51620119177233,-0.24613499081929113,1396.007913578258
2025-05-17,103489.28973569485,103716.94898816693,102659.17708130139,103191.08547769875,37898552742.49,11.544337747268493,24.358178762091697,-0.28815177777264944,1057.7719068655424
2025-05-18,103186.95563582474,106597.16813439736,103142.60457877822,106446.01055442636,49887082058.37,11.575393192441569,24.633027929603784,3.1542696364319722,3454.563555619141
2025-05-19,106430.53270275438,107068.72236827806,102112.68546007258,105606.18146754084,61761126647.23,11.567472185165537,24.846539984841588,-0.7889718764576115,4956.036908205482
2025-05-20,105605.4091445749,107307.11393512732,104206.51577815546,106791.08966171175,36515726122.09,11.57862977189396,24.3210088574045,1.122006475099302,3100.598156971857
2025-05-21,106791.31242369737,110724.46418145677,106127.23459832137,109678.07630953676,78086364051.2,11.605304774964376,25.081081282533027,2.703396563299698,4597.229583135399
2025-05-22,109673.49185619225,111970.16811007993,109285.07238871123,111673.28401874512,70157575642.18,11.623332780252657,24.97400962971234,1.8191490736739757,2685.095721368707
2025-05-23,111679.35626028496,111798.90387261317,106841.30124518803,107287.79670682205,67548133399.04,11.583270191552858,24.936106268092068,-3.9270693527620693,4957.602627425134
2025-05-24,107278.5069779142,109454.5211792546,106895.29108142172,107791.15754123592,45903627162.57,11.587950907573529,24.549809974040418,0.46916876836362587,2559.230097832886
2025-05-25,107802.27212954531,109313.30152791846,106683.37246436598,109035.38703273083,47518041840.84,11.599427760199758,24.584375304098735,1.1542964375523157,2629.9290635524812
2025-05-26,109023.77832820345,110376.88147266947,108735.6419218036,109440.36835822814,45950461570.55,11.603135098697095,24.550829730758593,0.3714219177080036,1641.2395508658665
2025-05-27,109440.40947802029,110744.20784402415,107609.556733003,108994.64215081916,57450176271.9,11.599054005423515,24.77418390950279,-0.40727769295330063,3134.651111021143
2025-05-28,108992.17251141532,109298.28862150523,106812.92994784664,107802.32453606464,49155377492.62,11.588054500638876,24.6182520873741,-1.093923142666653,2485.3586736585858
2025-05-29,107795.57058228701,108910.0492110121,105374.39990131027,105641.76069837948,56022752042.28,11.56780903323904,24.749023731638847,-2.0041903984754583,3535.6493097018247
2025-05-30,105646.20772550197,106308.94852224215,103685.78827354815,103998.57224063044,57655287183.41,11.552132449573797,24.77774779122395,-1.5554345619442578,2623.1602486939955
2025-05-31,103994.71517576015,104927.10459288667,103136.1134508832,104638.09125500279,38997843858.47,11.55826292546008,24.38677219586749,0.6149305712511488,1790.9911420034623
2025-06-01,104637.29668689604,105884.54428869834,103826.9555619665,105652.09856252489,37397056873.12,11.567906886193118,24.344857845038337,0.9690613574467433,2057.588726731832
2025-06-02,105649.80963227748,105958.31336237799,103727.54707408692,105881.53390203086,45819706290.18,11.570076143410551,24.54798010387221,0.21716117580967698,2230.7662882910663
2025-06-03,105888.47353471695,106813.57903126664,104920.84413830863,105432.47006660717,46196508367.02,11.56582593279515,24.55617005570663,-0.4241191252850496,1892.734892958004
2025-06-04,105434.36831481267,105997.69234231586,104232.69994975971,104731.98325514748,44544857105.32,11.559159825426882,24.519762543241384,-0.6643938162666174,1764.9923925561452
2025-06-05,104750.7800547679,105936.69017321378,100436.88591250268,101575.95230618656,57479298399.76,11.528562096211305,24.774690692093877,-3.0134356773061532,5499.804260711098
2025-06-06,101574.3670737617,105376.77341111003,101169.57243705323,104390.34693847536,48856653697.18,11.555892487880635,24.61215641285756,2.7707292606080625,4207.200974056803
2025-06-07,104390.64479674799,105972.75408769285,103987.31179318506,105615.62630946375,38365033775.84,11.567561615722244,24.37041230295725,1.1737477716311728,1985.4422945077968
2025-06-08,105617.50944445979,106497.05984531995,105075.33051953038,105793.65022752753,36626232327.83,11.56924577985221,24.324030550893834,0.16855831308726366,1421.7293257895653
2025-06-09,105793.02117468115,110561.41981812527,105400.23089578965,110294.09910557327,55903193732.46,11.610905705220949,24.74688734843537,4.253987709438856,5161.188922335627
2025-06-10,110295.68765348828,110380.12144645238,108367.71343259455,110257.23771236572,54700101508.91,11.610571439339068,24.725131402111383,-0.033421002126565735,2012.4080138578283
2025-06-11,110261.79625676526,110384.2209621744,108086.32791907506,108686.62768213879,50842662052.1,11.596224045138163,24.652001643267823,-1.4244960809958518,2297.893043099335
2025-06-12,108685.91042960045,108780.69744161598,105785.68873638549,105929.05126272964,54843867967.5,11.570524821284312,24.727756221018698,-2.53718095612816,2995.008705230488
2025-06-13,105924.59056077506,106182.54597766166,102822.02580414967,106090.96639466035,69550440845.69,11.572052178608363,24.965318093839123,0.15285243283178485,3360.5201735119917
2025-06-14,106108.08523632525,106203.75601981215,104379.36523201605,105472.40865288586,38007870452.64,11.56620466833696,24.36105909240173,-0.583044685891021,1824.3907877961028
2025-06-15,105464.84007376806,106157.09835428154,104519.88019728255,105552.02695467697,36744307741.93,11.56695925683132,24.327249159232295,0.0754873267881262,1637.2181569989916
2025-06-16,105555.59290588879,108915.37560278708,104997.62124958742,106796.75719868862,50366626944.57,11.578682841739099,24.642594628898244,1.1792575471299305,3917.7543531996635
2025-06-17,106794.12090510911,107750.19412399392,103396.52804821882,104601.11682926255,55964092175.52,11.55790950769996,24.74797611086634,-2.0559054666249965,4353.666075775094
2025-06-18,104602.06863467032,105581.85311318042,103602.26183601886,104883.3269261613,47318089133.08,11.560603839198405,24.580158493438187,0.26979644716356166,1979.591277161555
2025-06-19,104886.77430157723,105250.89226541933,103940.77518316287,104684.28595245375,37333806919.54,11.558704299180532,24.34316510483776,-0.18977370335294674,1310.11708225646
2025-06-20,104681.03304316427,106539.38390849259,102372.21100176337,103309.60412452233,50951862476.19,11.545485623917868,24.654147150926224,-1.3131692263304684,4167.172906729218
2025-06-21,103315.08063801938,104015.78011165498,100973.06418895676,102257.4086896794,38360555117.77,11.535248527902976,24.370295558123104,-1.0184875295569662,3042.7159226982185
2025-06-22,102212.03488528424,103351.63041091037,98286.20593042539,100987.13951905466,65536997200.85,11.522748456221546,24.90588066288506,-1.2422270297105076,5065.424480484973
2025-06-23,100987.47310952852,106116.86234836008,99705.74700211403,105577.77203154765,65237759656.41,11.567203135972226,24.901304274079088,4.545759523792436,6411.11534624605
2025-06-24,105571.51776481187,106316.82857781672,104740.24209568764,106045.6320954752,48822986421.13,11.571624771926084,24.611467072124068,0.4431425809854783,1576.5864821290743
2025-06-25,106047.40316673223,108168.40027535181,105881.38936367839,107361.260804055,51624120283.34,11.583954695840491,24.667254847566,1.2406250805269359,2287.010911673424
2025-06-26,107375.07063920327,108305.54303846296,106666.34977153689,106960.0032689962,43891990612.71,11.580210242338616,24.50499769420248,-0.3737451777798495,1639.1932669260714
2025-06-27,106954.92333135437,107772.47151216787,106449.99414317394,107088.43022883116,45353692674.51,11.581410222858418,24.537757436311924,0.12007007844976325,1322.477368993932
2025-06-28,107090.54885666384,107567.88157713313,106883.97328097254,107327.7031808139,30037708334.64,11.583642079645495,24.12571937380317,0.22343492333527504,683.9082961605891
2025-06-29,107327.82242634875,108526.3070408953,107230.11052513275,108385.57008844725,35534874438.25,11.593450241861547,24.293780429752022,0.9856419883048861,1296.1965157625527
2025-06-30,108383.44117956013,108798.79191477418,106759.65032689752,107135.33451056013,42064804589.76,11.581848122757483,24.462477232503,-1.153507405890719,2039.1415878766566
2025-07-01,107144.38264374454,107550.67869446168,105270.2266043534,105698.27814400056,44110692246.89,11.568343881697269,24.509968044589854,-1.3413467864030637,2280.4520901082724
2025-07-02,105703.09985518022,109763.65351799625,105157.39559598996,108859.32386823594,56248657736.96,11.597811720947737,24.753048015292183,2.990631238031005,4606.257922006291
2025-07-03,108845.01285506037,110541.46156728269,108605.7956428519,109647.97877390998,50494742269.78,11.605030320241664,24.64513505433784,0.7244716186448397,1935.6659244307957
2025-07-04,109635.65519745214,109751.98745591422,107296.38002994722,108034.3390499008,42616442655.9,11.59020440973539,24.47550599358948,-1.4716547829271454,2455.6074259669986
2025-07-05,108015.83922632238,108381.34016142628,107842.27505706203,108231.18199019408,30615537519.57,11.592024792325317,24.144773479114654,0.18220404921658329,539.0651043642574
2025-07-06,108231.18383298273,109731.6259445986,107847.01715880838,109232.06973455714,36746020463.25,11.601229978065625,24.32729577002754,0.9247683763203618,1884.6087857902312
2025-07-07,109235.32798952388,109710.24982748297,107527.0572095148,108299.85108759298,45415696597.48,11.592659057988994,24.539123622272,-0.8534294454270897,2183.192617968176
2025-07-08,108298.22897458007,109198.97161640639,107499.55646757726,108950.27554318983,44282204126.95,11.598646869448869,24.513848720579404,0.600577423759141,1699.4151488291245
2025-07-09,108950.27554318983,111925.37694682789,108357.68203151674,111326.5512690552,57927418064.83,11.620223064690215,24.782456651146777,2.18106444799524,3567.694915311149
2025-07-10,111329.19598094755,116608.78467612858,110660.74945308096,115987.20619684496,95911605727.89,11.661235172599449,25.286692830573962,4.186472027257748,5948.035223047613
2025-07-11,115986.23479708363,118856.47373928936,115245.68634857115,117516.9936684245,86928361084.93,11.674338229074195,25.188350180586106,1.3189277694845902,3610.7873907182075
2025-07-12,117530.7128957262,118219.90004274069,116977.02369761893,117435.23005315111,45524560304.01,11.673642226991056,24.54151780417209,-0.06957599298709205,1242.8763451217528
2025-07-13,117432.20084586414,119449.57190601327,117265.4378645473,119116.11754924673,49021091807.15,11.687854074056812,24.615516487486023,1.4313315478965194,2184.1340414659644
2025-07-14,119115.78750964132,123091.61280136797,118959.1967856346,119849.70572031474,181746419401.06,11.693993784459556,25.925878252484054,0.6158597057738469,4132.416015733368
2025-07-15,119853.8484758277,119935.56040849719,115765.68672659605,117777.18899477556,98321661180.6,11.676549889638572,25.31151019771443,-1.7292630908712248,4169.873681901139
2025-07-16,117777.18899477556,120065.51866718175,117064.82156372111,118738.50603894402,72162029070.46,11.684678925961315,25.00217983135284,0.8162166650208524,3000.6971034606395
2025-07-17,118738.50603894402,120999.60715835006,117508.21604747744,119289.8421917949,72363841798.42,11.689311459379608,25.004972588911283,0.46432801897478004,3491.391110872617
2025-07-18,119284.11179093891,120851.91782645439,116925.9812397523,118003.22449552667,77945799784.74,11.678467229307724,25.079279547544164,-1.078564337606891,3925.9365867020824
2025-07-19,117998.12736418344,118541.40171945111,117388.4106620181,117939.97873905081,47564562764.75,11.677931119285281,24.585353841188986,-0.05359663411421689,1152.9910574330133
2025-07-20,117944.1092425224,118865.03406504344,116550.13612398566,117300.78574028771,57515447231.38,11.67249673317231,24.775319396172698,-0.5419646549007395,2314.897941057774
2025-07-21,117306.46698212872,119671.5641191938,116584.4003581047,117439.53580042763,69820091744.15,11.673678891187496,24.969187652632034,0.11828570393987992,3087.163761089105
2025-07-22,117426.49815339924,120269.96647286288,116233.22615365945,119995.41555183372,79217583118.49,11.695208817299683,25.09546412019827,2.1763367285012603,4036.74031920344
2025-07-23,119997.44269144912,120113.35052766064,117391.39084129024,118754.95719433148,66608604536.87,11.684817465819968,24.922099603397807,-1.033754791212338,2721.9596863704064
2025-07-24,118770.98148459916,119535.45472323264,117247.97216202425,118368.00324917762,72627318559.56,11.681553722081977,25.008606976697497,-0.32584235159180963,2287.482561208395
2025-07-25,118368.00324917762,118486.97891208074,114759.82322698543,117635.88107593764,104857024568.67,11.675349379099655,25.375863588413274,-0.6185135789600116,3727.1556850953057
2025-07-26,117644.84406252156,118335.6855126882,117181.22780149517,117947.36624220364,48508954045.79,11.677993755143563,24.60501423735059,0.26478754901739787,1154.4577111930266
2025-07-27,117944.7296624648,119815.59730007967,117859.68703982292,119448.49032953965,54683390891.99,11.690640514160398,24.724825860266204,1.2727067463748742,1955.9102602567436
2025-07-28,119457.52195094219,119819.78990028315,117441.43745558719,117924.47295271514,64822943193.08,11.677799638799376,24.894925439261222,-1.2758783075616842,2378.3524446959636
2025-07-29,117938.58435927652,119273.87009274005,116987.37094253153,117922.14783690228,68463107433.08,11.677779921613647,24.9495608595103,-0.001971699134739602,2286.4991502085177
2025-07-30,117921.99408592796,118780.72672311145,115800.82679995493,117831.19138462341,68896148591.57,11.677008297702892,24.955866114877807,-0.07713262855818526,2979.899923156525
2025-07-31,117833.6296441243,118919.98470716678,115505.22227052492,115758.20392879256,69370346017.86,11.659258845711541,24.962725322335505,-1.7592858321055505,3414.7624366418604
2025-08-01,115738.95521224818,116060.7726221091,112724.44298613713,113320.0859723028,91294530181.27,11.637971712612563,25.237356712361287,-2.1062161244222,3336.329635971968
2025-08-02,113320.39435756928,114021.60514201141,112005.76909989973,112526.91464251111,56870865999.63,11.630947713279749,24.764049025854998,-0.699938870488992,2015.8360421116813
2025-08-03,112525.8033291329,114747.42337057456,111943.8044176949,114217.67296910426,48099615825.72,11.645861318776369,24.596540027034962,1.502536821492484,2803.618952879653
2025-08-04,114223.92328501819,115729.47197517852,114130.40316516072,115071.88432426561,35783028986.15,11.653312293144152,24.300739567289323,0.7478801948560321,1599.068810017794
2025-08-05,115072.18455774228,115117.435936834,112701.11040047374,114141.4417283514,61039182286.4,11.645193675238817,24.834781827476395,-0.8085750931932978,2416.325536360251
2025-08-06,114140.91357971444,115737.83323458789,113372.2490313312,115027.99641336882,56379133509.58,11.65293082478973,24.755364953759045,0.7767158637502991,2365.584203256687
2025-08-07,115030.05222704695,117676.9054547107,114279.71201825484,117496.89739677613,64051649680.54,11.674167207083908,24.882955621093927,2.1463478982411965,3397.1934364558547
2025-08-08,117505.49739040929,117689.20145483423,115917.4580942841,116688.72541225971,59713005166.12,11.667265201887295,24.81281567559941,-0.6878241063568713,1771.7433605501283
2025-08-09,116678.27568981636,117906.61176509126,116363.83515469528,116500.36205799447,54004312428.99,11.665649659777007,24.71232974011817,-0.16142378246034594,1542.7766103959875
2025-08-10,116497.71657640948,119320.71408632043,116485.16604881026,119306.76142182061,64755458694.47,11.689453282270613,24.89388383813436,2.4089190061307386,2835.5480375101615
2025-08-11,119306.81076536328,122321.09743540623,118159.02854172904,118731.44703271524,90528784177.43,11.684619474176872,25.228933694291992,-0.4822144044890231,4162.068893677191
2025-08-12,118717.66244795622,120302.47066998234,118228.72219771643,120172.90705994038,72803657984.3,11.696686876841339,25.011032037923798,1.2140507534014633,2073.7484722659137
2025-08-13,120168.97770239704,123682.45337078355,118939.6312946595,123344.05980564865,90904808794.95,11.722732963567656,25.233078738765233,2.638825025782676,4742.822076124052
2025-08-14,123339.39538785633,124457.11687036631,117254.88263870236,118359.58057053133,104055627395.48,11.681482562832059,25.368191471893798,-4.041118188400228,7202.234231663955
2025-08-15,118365.78439117018,119332.31175546013,116864.57347694942,117398.34798296847,68665353159.16,11.673328114581798,24.952510588134828,-0.8121290924903657,2467.7382785107184
2025-08-16,117398.42308612,117996.06334773442,117271.95240402617,117491.34838952527,48036922377.96,11.674119979128031,24.595235768366642,0.07921781537361117,724.1109437082487
2025-08-17,117492.78858219311,118595.77625071324,117279.52097039748,117453.06271004087,45852169525.35,11.67379406646091,24.54868835242147,-0.0325859563356623,1316.2552803157596
2025-08-18,117453.90638566251,117614.17115434709,114723.68240231178,116252.31193585282,72787808089.51,11.663518210872086,25.010814306826227,-1.022323936458236,2890.4887520353077
2025-08-19,116241.8565498179,116764.49629134253,112730.39868874536,112831.17599435215,71657600352.99,11.633647962788023,24.995165061700853,-2.9428541114850493,4034.0976025971613
2025-08-20,112828.02138930744,114625.7961371925,112387.96196170837,114274.74078424778,67993811525.52,11.646360834846883,24.942682531003484,1.2794024144247906,2237.8341754841385
2025-08-21,114275.68414767916,114802.64962623885,111986.23470130879,112419.02750016881,57817883699.69,11.629988485924171,24.780563971337433,-1.6239050479078143,2816.414924930068
2025-08-22,112433.73078323274,117377.39866766673,111678.94860698258,116874.08747167834,82528088239.59,11.668852458831552,25.13640453585268,3.9629056313468247,5698.450060684147
2025-08-23,116866.36783737474,116996.25319908436,114536.10825607296,115374.33119301296,55377142585.98,11.655937174978064,24.73743275686079,-1.2832239473346219,2460.1449430114008
2025-08-24,115387.39132297189,115615.08404949997,111060.5448753841,113458.43223556846,73961489632.02,11.639191813012912,25.026810384311993,-1.6605937712777186,4554.539174115867
2025-08-25,113456.89468032483,113637.84185615923,109324.2801964692,110124.35092751397,85706860189.64,11.609365469259831,25.174198708233686,-2.938592788883332,4313.561659690022
2025-08-26,110124.10542833657,112397.01296811164,108762.03558345993,111802.65557034501,69396320316.88,11.624490592286381,24.963099681682884,1.524008658117526,3634.9773846517055
2025-08-27,111795.70826748636,112619.41550776511,110398.26247239312,111222.06071709517,62137056408.51,11.619284028866035,24.85260836947244,-0.5193032761950267,2221.1530353719863
2025-08-28,111219.0511864502,113450.07648988254,110900.92444638294,112544.80198550066,58860155962.4,11.631106661221278,24.798430229466202,1.1892795906470521,2549.1520434996055
2025-08-29,112550.52007808884,112619.05303345794,107559.6243034287,108410.83814224058,77843379643.52,11.593683345851728,25.077964691706917,-3.673171723908375,5059.428730029234
2025-08-30,108409.40495683927,108929.3486691764,107444.44317233596,108808.07171289565,51486264207.9,11.597340799189789,24.66458089463178,0.36641499822542833,1484.905496840438
2025-08-31,108818.46108413822,109490.99950672574,108104.65581069073,108236.70989599933,47986191770.07,11.592075866004265,24.594179135012055,-0.5251097716389319,1386.3436960350082
2025-09-01,108228.7470722929,109890.58485627633,107271.18340817095,109250.59479697637,66870372995.2,11.601399557308932,24.9260218509121,0.9367292316546205,2619.4014481053746
2025-09-02,109243.06732745918,111748.01266777892,108454.02864214363,111200.58721221588,74776999490.97,11.619090941470072,25.037776181204812,1.784880365057262,3293.984025635291
2025-09-03,111190.69868833866,112600.22459734858,110582.95810389849,111723.21332532945,61119643564.64,11.623779781955989,24.836099150057304,0.46998502994970437,2017.2664934500935
2025-09-04,111718.14913545208,112208.32834299485,109347.22522678137,110723.60008051526,60131132900.9,11.614792285500954,24.819793562680207,-0.8947229631709464,2861.103116213475
2025-09-05,110723.0145434385,113357.48919091548,110233.39520010831,110650.98827940195,60241647677.23,11.614136277019988,24.82162977194364,-0.06557933544475425,3124.093990807174
2025-09-06,110650.57172224375,111275.01508358578,110024.08413948605,110224.69773640939,21500719035.81,11.610276267980685,23.791352215046853,-0.38525687806433284,1250.9309440997313
2025-09-07,110221.325878985,111591.07560536847,110211.62154759355,111167.61951830324,24618007519.76,11.618794427012011,23.926744025092262,0.8554541779272951,1379.4540577749285
2025-09-08,111163.01779750353,112869.2356980465,110630.60559846765,112071.43108853845,40212813406.78,11.626891724559782,24.417451523246307,0.8130169325847536,2238.630099578848
2025-09-09,112077.57727371356,113225.44004097291,110776.70030831407,111530.5499815784,45984480722.09,11.622053823219842,24.551569800904815,-0.48262175445296096,2448.73973265884
2025-09-10,111531.24788046257,114275.25278099121,110940.076862647,113955.3589546047,56377473784.11,11.643562062568481,24.755335514677647,2.1741208784739285,3335.175918344219
2025-09-11,113961.42809383752,115522.54386960325,113453.83930850886,115507.53752685407,45685065332.3,11.657091066787409,24.545037283456168,1.362093530737507,2068.7045610943896
2025-09-12,115507.79295614235,116769.38252536672,114794.48435072917,116101.58089647563,54785725894.45,11.662220784272654,24.726695520591868,0.5142897012097247,1974.8981746375503
2025-09-13,116093.55952342732,116334.63355164592,115248.27585305888,115950.50504922486,34549454946.66,11.660918698424299,24.26565761125157,-0.13012385023893902,1086.357698587046
2025-09-14,115950.29231911204,116181.49922313691,115222.39632133227,115407.65444742888,32798036056.78,11.656225960556842,24.21363447422617,-0.46817441766684453,959.1029018046393
2025-09-15,115399.63114381075,116747.87923584998,114461.06316509777,115444.87270833744,52937859416.04,11.656548402435124,24.69238459877677,0.0322493868251339,2286.816070752204
2025-09-16,115423.7546416593,117005.27585217777,114813.09256850007,116843.1842506891,45781744592.98,11.668588009217354,24.547151258935646,1.2112374586651375,2192.183283677703
2025-09-17,116840.50693929529,117328.60573672027,114794.97320179126,116468.50738952006,60528025996.3,11.66537619260735,24.82637233432913,-0.3206664244661095,2533.6325349290128
2025-09-18,116461.26270609218,117911.78833642251,116188.79515778318,117137.20246008378,49457272032.38,11.671101197337796,24.624374942491897,0.5741423888324659,1722.993178639328
2025-09-19,117137.67334688912,117479.75427965123,115141.8172917535,115688.86281801121,38828473971.12,11.65865964941296,24.38241967966327,-1.2364471847158054,2337.9369878977304
2025-09-20,115691.12848129035,116191.14807492426,115473.52427885555,115721.95820758065,22864449614.47,11.658945680892806,23.85284912267422,0.028607239074940338,717.623796068714
2025-09-21,115730.22583864754,115901.08955384186,115252.58008412436,115306.09716128901,22495852193.17,11.655345585702799,23.836596782192572,-0.35936226169425156,648.5094697174936
2025-09-22,115309.22212224496,115431.30908507241,112037.64469004165,112748.50562324561,70684158591.15,11.632915003381266,24.981487319553757,-2.218088722980427,3393.6643950307625
2025-09-23,112757.4755546424,113351.91197990294,111535.56728040008,112014.49967651635,47211853278.67,11.626383603295295,24.577910826795748,-0.6510116854071435,1816.3446995028644
2025-09-24,112007.66651590381,113986.2712296583,111229.63881879985,113328.63040885661,48044595084.74,11.638047110670794,24.595395480806637,1.1731791296084815,2756.632410858452
2025-09-25,113330.16571943484,113541.08702482228,108713.3961781124,109049.28795700167,75528654283.63,11.599555242099074,25.047777948134758,-3.7760470910275012,4827.690846709884
2025-09-26,109041.29450107833,110359.19406895645,108728.97796683433,109712.83151827399,57738288948.87,11.605621608595923,24.779186377019737,0.6084804162443946,1630.2161021221254
2025-09-27,109707.14101831077,109778.4989171804,109144.29300629701,109681.9424831994,26308042910.14,11.605340024538881,23.993140543452302,-0.02815444159733893,634.2059108833928
2025-09-28,109681.94729952405,112375.48214312455,109236.94774448885,112122.63915061475,33371048505.29,11.627348543626514,24.23095454981212,2.2252493091916348,3138.534398635704
2025-09-29,112117.8787939277,114473.56989241345,111589.95068049488,114400.3864282159,60000147465.61,11.64745973579115,24.81761285692566,2.0314784729080992,2883.6192119185725
2025-09-30,114396.52024059923,114836.61542451536,112740.56474730631,114056.08364749927,58986330258.25,11.64444556822326,24.800571563469596,-0.30096295254447014,2096.050677209045
2025-10-01,114057.59218330415,118648.92858787146,113981.3959687741,118648.92858787146,71328680131.6,11.683924231800985,24.990564329372468,4.026830304437601,4667.532619097357
2025-10-02,118652.3858956064,121086.40724100143,118383.15815639599,120681.25972334214,71415163911.62,11.700908131761292,24.991776063457138,1.7128946377004572,2703.2490846054425
2025-10-03,120656.98202262878,123944.70495886174,119344.31100518085,122266.53272819234,83941392228.12,11.713958635233842,25.15338468070573,1.3136032955608723,4600.39395368089
2025-10-04,122267.4697710939,122857.64020200461,121577.57140279493,122425.42872954253,36769171734.75,11.715257378541454,24.32792560643477,0.12995870399254983,1280.0687992096791
2025-10-05,122419.67068818379,125559.20874705547,122191.95814089045,123513.47371396709,73689317763.05,11.724105527997835,25.023123683479856,0.8887410039855492,3367.25060616502
2025-10-06,123510.44996838775,126198.06960343386,123196.04890244018,124752.52835209735,72568881188.34,11.734087280759868,25.007802033118026,1.003173662656165,3002.0207009936858
2025-10-07,124752.13972365468,125184.02582851514,120681.97184476709,121451.37907032672,76149412513.03,11.707269289411768,25.055963201392817,-2.646158218496042,4502.053983748046
2025-10-08,121448.3536271772,124167.09166131324,121119.18005636774,123354.87033539126,65354305285.91,11.722820605048252,24.903089155273708,1.5672866620660697,3047.911604945504
2025-10-09,123337.06775954412,123739.3466304826,119812.0346401403,121705.5822667133,74653009424.96,11.709360147001012,25.03611667391622,-1.3370271187458482,3927.3119903423067
2025-10-10,121704.74022761908,122509.66165384886,104582.41134788004,113214.36599312934,153125018868.11,11.637038344765585,25.754520541465705,-6.976850293502379,17927.250305968817
2025-10-11,113236.4297632884,113429.7245407035,109760.56477434478,110807.87931986216,110236934340.44,11.615553163762057,25.42589783486681,-2.1256018634713048,3669.1597663587163
2025-10-12,110811.51409731335,115805.06521753459,109715.5413079882,115169.76392469808,93710414090.64,11.654162526862278,25.263475162924586,3.9364390254638337,6089.523909546391
2025-10-13,115161.6758253635,116020.4864826768,113821.19019496598,115271.07513679353,71582026738.87,11.655041808668708,24.994109856201273,0.08796684880043593,2199.296287710822
2025-10-14,115264.87901525266,115502.87942983885,110029.48658636062,113118.66715980553,92212917403.23,11.636192698527442,25.247366059682903,-1.8672576571648336,5473.392843478228
2025-10-15,113113.97209406813,113622.38200388996,110235.83549428696,110783.16685486272,72574132855.11,11.615330118061173,25.00787439852682,-2.064646237073664,3386.546509602995
2025-10-16,110782.17192972095,111990.81304640467,107537.0293237405,108186.03847532927,87306423067.48,11.591607602644917,25.192689871741614,-2.3443348418952015,4453.783722664171
2025-10-17,108179.1347117863,109235.80765648148,103598.42885132809,106467.78522769098,99703051669.23,11.575597732248493,25.325462121963625,-1.5882393623555369,5637.378805153392
2025-10-18,106483.73523240829,107490.98118093002,106387.44993489957,107198.26685138312,37779905278.47,11.582435360057017,24.355043191829495,0.6861057756859745,1103.5312460304413
2025-10-19,107204.31412039968,109488.99254311698,106157.79060875913,108666.71152632662,47657008952.53,11.596040784499607,24.58729554862267,1.3698399405834838,3331.2019343578577
2025-10-20,108667.4438091444,111711.03324785025,107485.01427011908,110588.93015945522,63507793084.59,11.613575274086951,24.874428461056443,1.7689121223318782,4226.018977731175
2025-10-21,110587.62993625201,113996.34634807789,107534.7491380375,108476.88697879825,101194375480.17,11.594292406033096,25.34030901399606,-1.9098142803367968,6461.597210040389
2025-10-22,108491.5276904597,109115.13663698953,106777.99660712584,107688.58812261626,80807013217.67,11.58699889766605,25.11532959595519,-0.7266975280513566,2337.1400298636872
2025-10-23,107679.43882111929,111288.59475695548,107548.42915752735,110069.72291805925,54944076060.09,11.608869288689469,24.729581705980735,2.2111301085420365,3740.165599428132
2025-10-24,110069.35457544324,111842.5280150071,109770.15164695626,111033.92308097401,48160816980.41,11.617591046946334,24.597811601682036,0.8759903607939101,2072.376368050842
2025-10-25,111032.6148854096,111947.70469754038,110704.40777572079,111641.73000798358,24707667305.22,11.623050183839611,23.930379449626273,0.5474065133826755,1243.296921819594
2025-10-26,111639.05265769624,115260.90514836693,111268.48756180494,114472.443362309,41708524143.03,11.64808940368611,24.453971360761084,2.5355334014646624,3992.417586561991
2025-10-27,114479.84894705017,116273.31426519807,113882.29211183079,114119.32479048047,61761358733.17,11.644999888647476,24.846543742634175,-0.30847473982091866,2391.0221533672884
2025-10-28,114129.08913002364,116078.98521906552,112291.68145099441,112956.1663764569,64528066504.07,11.634755114265692,24.89036610570034,-1.0192475430073733,3787.303768071113
2025-10-29,112921.3274626502,113642.7240804278,109368.72013862041,110055.30286229074,62192043468.67,11.608738271730012,24.853492909999147,-2.568132052656813,4274.003941807387
2025-10-30,110059.19682785416,111612.34824496083,106376.68876668252,108305.54876178248,69673964813.67,11.592711666780787,24.967092552847323,-1.5898862253804213,5235.659478278307
2025-10-31,108304.41459705395,111031.82190129465,108288.27130924167,109556.16087014778,60090359559.55,11.604192581417195,24.819115258957986,1.1547073281684028,2743.550592052983
2025-11-01,109558.6274996546,110574.90136214285,109372.95472425969,110064.0174011764,25871668761.94,11.60881745186631,23.976414336743886,0.4635581668753108,1201.9466378831567
2025-11-02,110064.4316392365,111167.31343789064,109523.45624814146,110639.62631101506,34284209458.94,11.61403358881138,24.257950719488942,0.522976467177827,1643.8571897491784
2025-11-03,110646.90533378285,110764.91654552388,105336.35719851001,106547.51960408686,72852006359.15,11.576346358082517,25.011695910171316,-3.698590499054133,5428.55934701387
2025-11-04,106541.4220011707,107264.88276227383,98962.06410220476,101590.52231689313,110967184772.86,11.528705525492722,25.432500361873853,-4.652381684353724,8302.818660069068
2025-11-05,101579.23671744659,104534.70112517083,98989.91588377085,103891.83548171549,77584934803.74,11.551105593457988,25.074639106161083,2.2652833279504625,5544.785241399979
2025-11-06,103893.66627416523,104147.30395248978,100336.86647509401,101301.29047559638,63932752860.8,11.525854429302685,24.88109763134544,-2.493502010150772,3810.437477395768
2025-11-07,101286.24350283982,104052.9167609501,99257.05732827238,103372.40671821768,92168030080.75,11.546093345851403,25.246879162050806,2.044511212934874,4795.859432677724
2025-11-08,103371.7013456298,103373.5593261041,101458.04003778813,102282.11404970971,51446691094.53,11.535490098429978,24.663811984126813,-1.0547231153087089,1915.5192883159762
2025-11-09,102278.9808718886,105418.36861869783,101468.87525530635,104719.63889591319,59679243012.82,11.559041952295876,24.81225010865993,2.383138898574999,3949.493363391477
2025-11-10,104723.7707145405,106564.69726057515,104350.64591345066,105996.59709213123,69585887229.14,11.571162269674472,24.965827614029966,1.2194066076634202,2214.051347124492
2025-11-11,105996.85749132905,107428.25984858729,102457.32986463426,102997.47104313906,71130078574.37,11.54245971393111,24.98777613034988,-2.8294550308868516,4970.929983953029
2025-11-12,103011.43449485178,105297.2334572619,100836.61365719711,101663.18673793318,64347179407.55,11.529420537528406,24.88755893797739,-1.2954534627816483,4460.6198000647855
2025-11-13,101674.14833949202,104005.49383178986,97988.72189690323,99697.49064364484,101546815415.95,11.509895786562419,25.343785764716923,-1.9335377508433838,6016.771934886638
2025-11-14,99694.706228742,99804.43281173831,94000.73404983021,94397.78783274571,114346441890.18,11.45527291788386,25.462498640972893,-5.315783553512087,5803.698761908105
2025-11-15,94420.47103288722,96728.47242161952,94420.47103288722,95549.14593724243,38500716654.17,11.46739601124273,24.37394269246093,1.2196875911294702,2308.0013887323003
2025-11-16,95556.86577786325,96564.19121640352,92971.16556191925,94177.07448088586,71086235862.23,11.452932060253769,24.98715956657936,-1.4359850555417442,3593.0256544842705
2025-11-17,94180.87632850105,95928.36957937828,91214.75439399174,92093.87420869817,94186165724.42,11.430563707639365,25.268539147068697,-2.2120035939431237,4713.615185386545
2025-11-18,92094.53304985347,93745.07660123169,89300.4642662417,92948.87239203356,101333569061.99,11.439804861736937,25.341683575951457,0.9283985397311456,4444.612334989986
2025-11-19,92946.16602633434,92946.16602633434,88526.82886577873,91465.9890743479,80350354656.08,11.42372247805903,25.10966234301042,-1.595375263328913,4419.337160555602
2025-11-20,91459.35155335507,93025.07003268394,86040.79724101459,86631.89856890481,97970645637.66,11.369423370480408,25.30793373643803,-5.285123524454227,6984.272791669355
2025-11-21,86528.77276110525,87380.80790514417,80659.81242646617,85090.68611401643,129157506112.1,11.35147286220299,25.58429847413428,-1.7790357597467943,6720.995478678
2025-11-22,85098.56592015598,85503.01019569147,83490.90126055143,84648.35672859022,40793099246.11,11.34626097483405,24.431778767926644,-0.5198329049004302,2012.1089351400442
2025-11-23,84648.60861887915,88038.46819806166,84641.7739619143,86805.00807555199,58083435575.55,11.371419595707,24.785146358185106,2.5477769803336825,3396.694236147363
2025-11-24,86798.77131034985,89206.33534601779,85272.19616433063,88270.56197381225,74433896109.64,11.38816194452638,25.03317726790604,1.6883287390339285,3934.139181687162
2025-11-25,88269.95786784783,88457.33338319615,86131.42889983907,87341.8937506326,64837343544.92,11.377585509316885,24.8951475635872,-1.0520701380094977,2325.9044833570806
2025-11-26,87345.58651378485,90581.15369983732,86316.90074061953,90518.36958272244,66496301869.43,11.413308087905218,24.920412172075856,3.6368295850773613,4264.252959217789
2025-11-27,90517.76571128424,91897.57533730393,90089.5162623831,91285.3723441706,57040622844.67,11.421745838458836,24.767029532429547,0.8473448704212627,1808.059074920835
2025-11-28,91285.37945369423,92969.08652808485,90257.11680370227,90919.26943415534,60895830288.66,11.417727242674136,24.83243054115171,-0.40105320339269834,2711.9697243825794
2025-11-29,90918.73991230779,91187.62097593982,90260.18621517246,90851.75406527554,37921773455.29,11.416984380905689,24.358791281575336,-0.07425859149550185,927.4347607673553
2025-11-30,90838.20907255441,91965.04491369348,90394.30894781704,90394.30894781704,38497902869.11,11.411936590281506,24.373869605824346,-0.503507193851016,1570.7359658764326
2025-12-01,90389.10979790243,90398.15845780451,83862.24852099064,86321.56994630139,87962894424.44,11.365834787281702,25.200180908235733,-4.505525899718721,6535.90993681387
2025-12-02,86322.53807309545,92316.62904450347,86202.19375785938,91350.20542595383,78546798211.05,11.42245581058254,25.08696043965942,5.825468052516469,6114.4352866440895
2025-12-03,91345.09561891394,94060.77281336876,91056.38863344434,93527.80380024506,77650204985.76,11.44601403791956,25.07548002640575,2.3837914366337642,3004.3841799244256
2025-12-04,93454.25670428821,94038.24427895143,90976.09861329441,92141.62228747756,64538402680.68,11.431082045101544,24.890526273971737,-1.482106343187628,3062.1456656570226
2025-12-05,92133.64983217634,92702.636833976,88152.14401950453,89387.75440990008,63256398633.38,11.400738976498875,24.870462123601403,-2.988733874237137,4550.492814471465
2025-12-06,89389.36131676778,90267.46083496814,88951.66791985785,89272.37384596534,37994042405.21,11.399447355574814,24.360695205571453,-0.12907871407714655,1315.7929151102871
2025-12-07,89277.81080105678,91740.84509613605,87799.56277653699,90405.63851087491,47394898959.52,11.412061917343067,24.581780442968565,1.2694460963533327,3941.282319599064
2025-12-08,90424.58576156279,92267.11461315623,89644.8868533814,90640.20558110253,57394099055.58,11.414653163805037,24.77320733107749,0.2594606642808195,2622.2277597748325
2025-12-09,90639.7033439281,94601.57081082117,89586.97713648451,92691.70747023897,66861721440.1,11.437034291999582,24.925892464542304,2.263346465273397,5014.593674336662
2025-12-10,92695.23365964854,94477.15881908346,91640.13138369318,92020.94573500573,65420694512.66,11.429771501150732,24.904104475213384,-0.7236480517403332,2837.0274353902787
2025-12-11,92011.30468106373,93554.26791661122,89335.29970826778,92511.33916341135,64532834620.5,11.435086501537915,24.890439995102795,0.53291500591377,4218.968208343445
2025-12-12,92513.66748607984,92747.93331676594,89532.59982241683,90270.41280218972,80275884583.23,11.410565031253824,25.108735096272426,-2.42232615102812,3215.3334943491063
2025-12-13,90257.80056872632,90647.57224549323,89800.99173985135,90298.71011722588,64237748110.3,11.41087845488695,24.88585685164765,0.031347275544391096,846.5805056418758
2025-12-14,90296.43446955943,90498.11077159237,87634.9370678687,88175.17740990703,50465972205.32,11.387080767122722,24.644565128394103,-2.351675571624534,2863.1737037236744
2025-12-15,88171.0803769972,89983.91872888387,85304.07788356613,86419.78052359246,45559514322.51,11.366971869834382,24.542285315295395,-1.9908061859111648,4679.84084531774
2025-12-16,86424.40704477266,88170.09765121895,85381.68878824545,87843.98630649646,41262178222.6,11.383317637162836,24.443212135794194,1.64800902556701,2788.408862973505
2025-12-17,87847.61542070072,90264.56913924453,85316.26534207723,86143.75766353737,44243392913.92,11.363772780404943,24.512971884572327,-1.9355094349052249,4948.303797167304
2025-12-18,86144.36502194681,89412.66223789651,84436.31546128378,85462.50638053521,52667115348.19,11.355833036880934,24.68725710053841,-0.7908307014688254,4976.346776612729
2025-12-19,85476.13620574537,89339.11952587681,85107.66404118601,88103.3806268365,46733310561.08,11.386266183796875,24.56772303559793,3.0900968835882114,4231.4554846907995
2025-12-20,88101.67079275395,88497.20562432929,87924.87312001265,88343.9985724906,14688196659.3,11.388993547568434,23.410310059848474,0.2731086411692285,572.3325043166406
2025-12-21,88344.70064983792,89027.94956080869,87613.199450229,88621.75041510115,19845522659.7,11.392132596477857,23.71124425993213,0.31439808826700943,1414.7501105796837
2025-12-22,88621.40135310034,90501.93075415888,87908.07332175589,88490.01920050828,38047472118.35,11.390645047240785,24.362100483261344,-0.14864433841110802,2593.8574324029905
2025-12-23,88490.02830520387,88898.386232758,86606.97392491114,87414.00058157048,43683011532.93,11.37841073853511,24.500225111357402,-1.215977382149358,2291.4123078468547
2025-12-24,87404.3217861596,87956.88029664994,86411.79908919403,87611.96148879152,25550297986.12,11.380672814278537,23.963914816389952,0.22646361670213278,1545.0812074559071
2025-12-25,87608.31660342003,88501.79039139331,86949.26000409758,87234.73832648946,19953216347.25,11.376357905870476,23.716656187701204,-0.4305612565817518,1552.5303872957302
2025-12-26,87235.51169573983,89459.43272584732,86628.14445926515,87301.43224029081,42455674908.21,11.377122147652921,24.4717264252967,0.07645338896042908,2831.288266582167
2025-12-27,87301.43318567329,87874.78254416105,87182.97931520037,87802.15521238666,13741199310.04,11.382841326160056,23.343664405960524,0.5735564231267531,691.8032289606781
2025-12-28,87799.34517914649,87986.89149798221,87394.95365728137,87835.83351148131,15156557929.12,11.383224822916675,23.44169914185065,0.03835703009018587,591.937840700848
2025-12-29,87835.79133228086,90299.1552047852,86717.915377135,87138.14323922966,48411625848.57,11.375249991654997,24.603005825307612,-0.794311665705838,3581.2398276502063
2025-12-30,87134.35223641338,89297.9374858683,86735.54372804001,88430.13611966866,35586356224.95,11.389968096861468,24.29522814923639,1.482694985698707,2562.393757828293
2025-12-31,88429.58655754075,89080.28559183856,87130.56486577464,87508.82507954576,33830210615.6,11.379494925311826,24.244620045424643,-1.0418518850588865,1949.7207260639261
2026-01-01,87508.04766243481,88803.22671392852,87399.40923784938,88731.98665684077,18849043989.91,11.393375719490159,23.659728032838643,1.3977579703340348,1403.8174760791444
2026-01-02,88733.0655964059,90884.46055682653,88298.61902630907,89944.69385915893,46398906170.6,11.406950247746089,24.560541721991267,1.3667080474689897,2585.8415305174567
2026-01-03,89945.05681923829,90679.56801580053,89328.06837629387,90603.18914080271,20774828591.87,11.414244691641168,23.75700792696171,0.732111315732431,1351.4996395066555
2026-01-04,90602.99763562664,91712.58297418081,90595.10144407272,91413.4925215554,26770491367.89,11.42314836713334,24.01056604947981,0.8943431113593858,1117.4815301080962
2026-01-05,91414.62864702784,94762.06809228036,91414.62864702784,93882.55303163701,53376407252.23,11.44979984422277,24.700634673529,2.700980393566521,3347.4394452525157
2026-01-06,93876.94843131496,94395.29625462143,91286.54854113817,93729.0297195824,52430605256.81,11.448163235820765,24.682756327557488,-0.16352698887820427,3108.747713483259
2026-01-07,93727.46837562212,93738.79167024397,90601.80515411013,91308.05471910894,43461295052.88,11.4219942852449,24.495136610062428,-2.5829510960654334,3136.9865161338384
2026-01-08,91309.64180535697,91485.84818064368,89233.87625294279,91027.12672681987,42386697029.65,11.418912836976352,24.470100400654008,-0.3076705479634789,2251.9719277008844
2026-01-09,91026.2755190154,91910.67002742237,89625.37963804604,90513.09815121775,38305906684.08,11.413249850168185,24.368869942758543,-0.5646982323684213,2285.2903893763287
2026-01-10,90510.10260347452,90713.0304695476,90283.40038933743,90386.65112414268,12385895281.94,11.41185187092084,23.23982418487624,-0.13970025295546584,429.6300802101614
2026-01-11,90385.35746915093,91155.22841700367,90212.02088820469,90827.45983339567,17165568976.92,11.416716939941988,23.566171410811506,0.48769226846070435,943.2075287989865
2026-01-12,90825.85608253782,92395.52536187696,90055.02232595724,91192.98949135575,41346275357.57,11.420733303495476,24.445248178363137,0.40244399505455775,2340.5030359197262
2026-01-13,91185.33876618276,96011.62147743719,90941.926558359,95321.77950504515,54980674354.18,11.465013599786271,24.730247585053544,4.527530062034835,5069.694919078189
2026-01-14,95322.90860781961,97860.60380297744,94583.04944387161,96929.33087830324,60592490862.71,11.481737444319355,24.82743680918721,1.6864470864950798,3277.554359105823
2026-01-15,96931.29138297321,97150.17171604303,95103.24495434441,95551.18985531712,53086363026.8,11.467417402289128,24.695185915390127,-1.4217997901134871,2046.926761698618
2026-01-16,95554.09956065973,95801.88675095531,94259.27182357664,95525.11884117454,33248170537.31,11.467144516398855,24.227265581100255,-0.02728486603050806,1542.6149273786723
2026-01-17,95525.15684348332,95598.47367982983,95005.61454994467,95099.92254408402,16021715121.52,11.462683434065054,23.49721083412439,-0.4451146486375679,592.8591298851534
2026-01-18,95101.178945109,95491.5099594448,93588.86698457276,93634.43195160896,20809781232.19,11.447153457551643,23.758688964667673,-1.5410008265734687,1902.6429748720402
2026-01-19,93655.67283461656,93660.82915781722,92089.25130924402,92553.59713664629,39195241508.14,11.435543184200922,24.391821186275983,-1.1543134212863682,1571.5778485732008
2026-01-20,92553.59917680483,92798.42780734884,87814.92982327603,88310.90389549712,53072968030.62,11.38861886589339,24.69493355893464,-4.584039272817519,4983.497984072805
2026-01-21,88326.50905430746,90430.40671504308,87231.57069575804,89376.95832950319,56330422433.73,11.400618191135315,24.754500589092267,1.2071605962357568,3198.8360192850378
2026-01-22,89378.52466983534,90258.957465258,88438.4482348801,89462.44931314791,35549685694.39,11.40157425547576,24.294197151929854,0.09565215156410733,1820.5092303779093
2026-01-23,89462.04937892227,91100.25061185854,88486.3577037116,89503.8785126393,38997586037.34,11.40203723866075,24.38676558468193,0.046309037824765475,2613.8929081469396
2026-01-24,89506.15181733278,89811.61290067084,89044.29099841748,89110.73765766309,14558687712.35,11.397635118629545,23.40145374600674,-0.43924449030517954,767.3219022533594
2026-01-25,89104.76401429556,89193.14615268611,86003.71037746848,86572.21534027335,36124986722.45,11.368734204043808,24.310250615834303,-2.848727756179048,3189.4357752176293
2026-01-26,86566.5229094044,88743.06969271817,86429.29278313108,88267.13675796885,45329286973.62,11.388123140170503,24.537219172095774,1.9578122276686427,2313.77690958709
2026-01-27,88257.47375154609,89427.12740435592,87228.9239717343,89102.56849659163,38744942267.49,11.397543440165649,24.38026606209772,0.9464810679353564,2198.2034326216235
2026-01-28,89104.04367383181,90439.28858263204,88721.46120184877,89184.57044363786,39807419295.74,11.398463326516577,24.407319146329616,0.09203095761416424,1717.8273807832738
2026-01-29,89169.84802179961,89200.78430033404,83250.59825615575,84561.58485914288,64653083162.25,11.345235362789756,24.892301631085147,-5.183615911921191,5950.186044178292
2026-01-30,84562.72808583589,84602.16348303125,81071.47284920978,84128.65876171994,72083816087.41,11.340102557968233,25.001095391234244,-0.5119654487839576,3530.690633821476
2026-01-31,84126.49815442863,84136.9211808569,75815.88284322758,78621.11402755417,70479259159.27,11.272395568648472,24.978584307157995,-6.546573801639877,8321.038337629318
2026-02-01,78626.1269261602,79322.61250880656,75698.90120636423,76974.4429081583,53372509743.57,11.251228735457753,24.700561651548608,-2.094438802811638,3623.7113024423306
2026-02-02,76968.87293425198,79258.60848137866,74551.33319905798,78688.76433803354,75140589683.9,11.273255658496009,25.04262672486421,2.227130674944511,4707.275282320683
2026-02-03,78693.5093559109,79118.84804149867,72897.14444710799,75633.54991975304,68249110822.41,11.233655245732828,24.946430242683537,-3.8826564935697916,6221.703594390681
2026-02-04,75640.09362489812,76864.65594971528,71779.9309766263,73019.6998019014,67215363944.09,11.198484544024806,24.93116768846402,-3.455940016864123,5084.724973088974
2026-02-05,73016.37286524962,73161.55484056058,62353.535300751086,62702.09771246917,125509410907.56,11.046150182400583,25.555646580018077,-14.129888396451006,10808.019539809495
2026-02-06,62704.451529084734,71681.30780414327,60074.20300634292,70555.387263718,114674259489.47,11.164153315297122,25.465361419937423,12.52476366462474,11607.104797800355
2026-02-07,70553.79532036574,71611.15190756015,67364.44291284341,69281.97234466192,62347107662.58,11.145940012009223,24.85598311926479,-1.8048443477411413,4246.708994716741
2026-02-08,69283.72904074765,72206.90888497322,68852.9022880127,70264.72471946538,39721722619.01,11.160025169779578,24.405164044241634,1.4184820979323387,3354.0065969605203
2026-02-09,70243.33070835251,71369.97221897467,68291.02778013168,70120.78098938552,52081598791.71,11.157974476870828,24.67607753314108,-0.20485916746213473,3078.944438842984
2026-02-10,70137.38829473655,70464.26909827092,67913.09005858276,68793.95990441568,40593063076.57,11.138871227980502,24.42686302877283,-1.892193820788568,2551.179039688155
2026-02-11,68791.8622310705,69242.68021637213,65757.30105516361,66991.97090672859,49671946030.32,11.112328053979045,24.628706144487232,-2.619400017371909,3485.379161208519
2026-02-12,66992.19183249502,68339.49230053482,65092.10800959472,66221.84484185326,44651071271.06,11.100765669998182,24.522144136614024,-1.1495796502950406,3247.3842909401064
2026-02-13,66213.37862659368,69382.83463225137,65835.78017971595,68857.84251386527,40820775886.43,11.139799404915546,24.432457001654328,3.9805560813159557,3547.05445253542
2026-02-14,68856.98554525034,70481.16134974002,68706.61405044337,69767.62342592316,36012397644.78,11.152925333373666,24.30712909513934,1.3212451608176634,1774.5472992966534
2026-02-15,69764.95416022358,70939.29147244188,68052.54892894896,68788.1898191779,40191152749.94,11.138787349581266,24.41691272750278,-1.4038511828988742,2886.7425434929173
2026-02-16,68782.39933013287,70067.23602078769,67301.58461146835,68843.15353357999,33618145425.51,11.139586058886648,24.238331800571032,0.07990283585970204,2765.65140931934
2026-02-17,68843.09000342741,69201.86694185053,66615.28362213007,67494.21525060102,34866936040.44,11.119797173197071,24.274804825704518,-1.9594370881354073,2586.583319720463
2026-02-18,67488.0222568311,68434.43299112072,65845.90090463801,66425.32363552848,33094301642.96,11.103833642810779,24.222626948707106,-1.583678854704551,2588.532086482708
2026-02-19,66425.62545099157,67277.12228577837,65637.42661902218,66957.52386140164,31492987019.05,11.111813725109855,24.173030723675428,0.8012008022622696,1639.69566675619
2026-02-20,66958.57549224784,68269.02898158757,66452.4827847238,68005.42064179093,47507867303.75,11.127342696301602,24.584161161719663,1.5650172227969161,1816.5461968637683
2026-02-21,68000.24648640564,68657.69925541103,67533.06796839608,68003.7645025963,18357635642.07,11.127318342958215,23.633311436181167,-0.0024353046845448922,1124.631287014956
2026-02-22,67998.82464221267,68235.2276339957,67185.60116465531,67659.39143030053,17893536012.27,11.122241447767209,23.607705367941847,-0.506402954034435,1049.6264693403937
2026-02-23,67668.42854154647,67668.42854154647,63924.43845284095,64616.73639746904,50953457309.11,11.076228733576151,24.654178451214047,-4.4970180318069986,3743.990088705519
2026-02-24,64616.01740778363,64992.15817851502,62553.187501810826,64080.04180359821,40849331086.22,11.067888234107793,24.433156283240017,-0.8305814001027922,2438.9706767041935
2026-02-25,64077.76968498112,69953.53383609348,63942.485806161065,67960.12324189473,53629234354.54,11.126676389231763,24.705360173399658,6.055054474197696,6011.048029932419
2026-02-26,67954.86630471911,68843.35456420114,66523.73620963826,67453.77004016005,42988597522.92,11.119197753923565,24.484200743589582,-0.7450739898342884,2319.6183545628883
2026-02-27,67456.51676662601,68220.40804830602,64946.03674950458,65881.79512540475,40283655942.19,11.095617432332682,24.419211663890305,-2.3304478219962843,3274.371298801445
2026-02-28,65878.92767300032,67714.52609603982,63062.217378054236,66995.86132443201,42041497112.34,11.112386125188046,24.46192299393716,1.6910076553115383,4652.308717985579
2026-03-01,67005.88641236398,68162.82004866835,65076.72855554971,65738.0982073395,40733141928.58,11.093433917796709,24.430307896033725,-1.8773743515315244,3086.0914931186417
2026-03-02,65734.08129483846,70044.0003200742,65303.13579321958,68775.84773735623,56698092052.41,11.138607911959719,24.761006397244635,4.6209878485313105,4740.864526854624
2026-03-03,68785.0748091642,69232.88909751261,66237.61459854116,68293.64915366769,47947999048.51,11.1315720566626,24.593382907447058,-0.7011161614902672,2995.2744989714556
2026-03-04,68290.56358297206,74051.8082070944,67437.40598972993,72710.58067790847,75073101273.7,11.194242191830181,25.041728159436374,6.467558226830472,6614.402217364463
2026-03-05,72712.65754525544,73555.79199301644,70654.8840732924,70841.12807007451,51172841726.65,11.168195015966402,24.65847479323508,-2.5710874406507767,2900.9079197240353
2026-03-06,70842.15569789133,71378.56654073704,67757.8198700034,68136.49227911503,43776962871.05,11.12926821174367,24.502373554114186,-3.8178892186529145,3620.7466707336425
2026-03-07,68136.68617983033,68515.16348330524,66969.25887155952,67272.59729429509,23258701211.49,11.116508260268287,23.86994514462282,-1.267888844763354,1545.9046117457183
2026-03-08,67272.50362717823,68177.79027778396,65639.19786160778,65969.78080155294,33195080115.6,11.096952049512486,24.22566751259858,-1.9366228526048412,2538.5924161761795
2026-03-09,65969.58349120668,69474.94892511054,65858.01110348776,68402.3866936191,49499875377.98,11.133162996183454,24.62523598890132,3.6874548657116257,3616.937821622778
2026-03-10,68402.71643753159,71770.89546403232,68402.71643753159,69926.91815698774,54003996095.67,11.155205949327637,24.712323882544357,2.2287693998122693,3368.1790265007294
2026-03-11,69931.25342630241,71337.66372419731,68998.87050755053,70204.88413617083,45236859848.17,11.15917316218303,24.53517807482529,0.3975092661155921,2338.79321664678
2026-03-12,70209.7652235183,70775.82876930965,69230.15240091832,70493.45858127218,40871848129.31,11.163275198414219,24.4337073532044,0.41104610975728484,1545.6763683913305
2026-03-13,70497.0471723317,73927.32490862373,70410.7245334026,70968.2676726541,61167226504.68,11.16998812193063,24.83687736839611,0.673550568999981,3516.60037522114
2026-03-14,70965.37898824623,71291.20498123558,70339.58922915913,71214.62820852925,22283546496.27,11.173453528664604,23.82711441780608,0.3471418197940279,951.6157520764536
2026-03-15,71213.6794011217,73173.00607923674,70882.41855986048,72789.91726741185,27991268669.37,11.195332725518881,24.055158465254735,2.212030166428547,2290.587519376262
2026-03-16,72798.16987470549,74901.85766826334,72300.62922240373,74861.08367372249,55572438409.41,11.223389457358486,24.740953203236135,2.845402885542092,2601.2284458596114
2026-03-17,74855.29555070706,75988.4005176101,73444.22770930539,73922.47401067735,49500721728.03,11.210772174514663,24.625253086779004,-1.2538018647125226,2544.17280830472
2026-03-18,73936.8505924493,74658.97896644076,70503.85683231313,71245.5785428252,46229011154.73,11.173888040666077,24.556873385029917,-3.6212200737024913,4155.122134127625
2026-03-19,71250.35119591886,71598.84730153602,68805.52472298949,69912.78777685696,44631433398.47,11.155003855364633,24.52170423244737,-1.8706996184571723,2793.322578546533
2026-03-20,69911.52812507325,71346.79830689191,69398.88321412474,70522.5839539436,38299078407.33,11.16368827727478,24.368691670371703,0.8722240901520628,1947.9150927671726
2026-03-21,70522.46936067223,71051.27042938668,68602.91601065864,68711.52717356126,21109354717.61,11.13767225414344,23.77298213072267,-2.5680522165283826,2448.3544187280495
2026-03-22,68737.44906844852,69561.77695694695,67372.87378913736,67845.21397986622,30108051508.4,11.124984124526973,24.128058464905063,-1.2607974663505606,2188.9031678095926
2026-03-23,67842.99652767032,71782.25712596568,67458.84532571018,70914.86299152786,51508669356.51,11.169235323717082,24.665015967468626,4.524488658216308,4323.411800255504
2026-03-24,70912.6724228729,71371.30221918235,68920.6944215992,70517.85954822176,40181522399.46,11.163621283643645,24.416673085099234,-0.5598310799155404,2450.6077975831577
2026-03-25,70520.04797404377,71985.74434002342,70383.59705553754,71309.88023249837,35409791746.81,11.174790169487892,24.29025422185581,1.123149070818008,1602.14728448588
2026-03-26,71310.11616403544,71410.39211554808,68118.34913845354,68791.62251021616,38962070215.3,11.138837250667493,24.385854451252047,-3.531428904482381,3292.042977094534
2026-03-27,68790.83480461025,69117.5309967598,65532.56911321844,66338.3712323883,46483453593.58,11.102523760381558,24.562362249517616,-3.5662064482685163,3584.961883541364
2026-03-28,66338.50051996108,67232.85803641709,65906.74570421099,66319.69745111128,20924883455.2,11.102242227843272,23.764204883662472,-0.028149291172074875,1326.112332206103
2026-03-29,66319.6918007053,67052.95424722366,64971.706029592984,65954.91925741613,21645889784.82,11.0967267460751,23.798081425095233,-0.5500299424074595,2081.2482176306803
2026-03-30,65958.34952584234,68087.29158386483,65759.80184738194,66691.4425240951,37694994180.04,11.107831925683245,24.35279314221399,1.1167071008068241,2327.489736482894
2026-03-31,66694.58689747466,68495.27153297579,65950.43973639174,68233.31556119065,42997691338.41,11.130688222519938,24.484412261394205,2.311950347360514,2544.8317965840542
2026-04-01,68232.89066024612,69230.35632569667,67555.35801589074,68078.55315891042,36465393616.75,11.128417510949019,24.319629527695664,-0.22681354556403077,1674.998309805931
2026-04-02,68077.90043339937,68633.14760058353,65725.25684974651,66888.5721018824,39323384518.0,11.110783410925155,24.395085204767213,-1.7479529188147436,2907.8907508370175
2026-04-03,66889.01237013462,67296.23214370843,66281.54137082881,66931.099247444,22815543346.49,11.11141899979732,23.85070786636063,0.06357909015732854,1014.6907728796214
2026-04-04,66938.64771102853,67515.01751871234,66769.63837761652,67290.51814887005,15878814963.14,11.116774616388563,23.48825166549345,0.5369983542288459,745.379141095822
2026-04-05,67291.19541211266,69087.65602353394,66610.63525704171,68981.90079218811,22972648674.04,11.141599441811211,23.857570157145123,2.513552711209832,2477.0207664922345
2026-04-06,68982.913469167,70305.41967059283,68347.07960782773,68859.82639500768,39542143228.74,11.13982821575962,24.400632857285146,-0.17696583564461577,1958.340062765099
2026-04-07,68859.37666118845,72732.42951119941,67740.50942009604,71940.7012947185,44650511480.43,11.18359746553013,24.522131599532088,4.474125278849361,4991.9200911033695
2026-04-08,71950.14991743959,72825.18682131829,70707.46791527962,71123.3584710525,42444631703.43,11.172171091669187,24.47146628006795,-1.1361340784232787,2117.7189060386736
2026-04-09,71120.5710005381,73107.26705731095,70486.35999458519,71767.82512780256,38799581473.13,11.181191536604262,24.38167529674246,0.9061251754757249,2620.9070627257606
2026-04-10,71774.36734210879,73440.11367671577,71434.82583418557,72979.05032706735,37722595731.55,11.19792769712237,24.353525108132676,1.6876994629666964,2005.2878425302042
2026-04-11,72976.12354902374,73784.23247138502,72556.33532905279,73054.2696888107,23287073964.72,11.198957864325134,23.871164278116108,0.10306980072534166,1227.8971423322364
2026-04-12,73056.04958707678,73154.03074626838,70540.56838379866,70753.40833408691,29882740487.02,11.166955988678522,24.1205469094384,-3.1495234495187874,2613.462362469727
2026-04-13,70757.61922350423,74896.31458002646,70588.5228261962,74484.63775041384,52278211554.42,11.218348178412109,24.679845516135273,5.273568445930721,4307.791753830257
2026-04-14,74478.40171197617,76061.75840503025,73877.20372115081,74181.61165100952,53540826529.91,11.214271577027704,24.703710312534515,-0.40683033247702616,2184.55468387944
2026-04-15,74182.02650290522,75409.27274831045,73549.20399195005,74805.07543648196,38090174312.46,11.222641015089533,24.363222193757775,0.8404559723042437,1860.0687563604006
2026-04-16,74810.87456393745,75506.572001178,73346.26324921918,75152.12937634182,41312783854.71,11.22726972979422,24.444437825450535,0.4639443752109562,2160.30875195883
2026-04-17,75164.04273182277,78320.67792210929,74558.59969068873,77126.87855986014,54137194838.51,11.253207118251218,24.714787306685494,2.6276689694703093,3762.078231420557
2026-04-18,77136.04727962898,77416.70593230052,75504.94236540531,75726.20755616415,26014416775.59,11.234879582366696,23.981916712663203,-1.816060794692853,1911.7635668952134
2026-04-19,75723.69474231494,76243.08986687726,73802.38499004333,73856.35478817236,30931515195.08,11.209877334198842,24.155041410321957,-2.4692280629595387,2440.70487683393
2026-04-20,73854.24640440254,76575.35778104194,73775.57020196799,75872.52478412843,39674447916.2,11.236809905544717,24.403973188106427,2.729853107073388,2799.787579073949
2026-04-21,75872.83105344219,76881.48010886332,74852.66862880035,76352.77694271023,36453522626.26,11.24311968120619,24.31930393342722,0.6329724230849099,2028.81148006297
2026-04-22,76354.21533437996,79468.00225719014,76159.57847104798,78203.09985676418,48336654536.69,11.267064565859828,24.601456002890345,2.4233865330691273,3308.423786142157
2026-04-23,78203.87318616286,78676.93908121291,77014.45250798513,78268.95410801632,40354900915.57,11.267906304093229,24.420978684399945,0.0842092594446564,1662.486573227783
2026-04-24,78263.82377322465,78554.09493339714,77318.44641188598,77455.31561794388,32784213526.2,11.257456476387805,24.213212941544,-1.0395417945020191,1235.6485215111607
2026-04-25,77457.21406952443,77882.64228813162,77184.66197477258,77612.01787472462,16702933134.07,11.259477563699912,23.538850177717446,0.2023131085717722,697.9803133590467
2026-04-26,77613.11947701228,78923.5629659828,77334.88855860055,78657.5394229309,21482934749.76,11.272858764323523,23.790524724338244,1.3471129560036488,1588.6744073822483
2026-04-27,78661.01461710568,79488.17196410421,76481.34139919146,77366.62342550905,38135631927.38,11.256310744682272,24.364414903223274,-1.641185329330952,3006.830564912758
2026-04-28,77368.11936090316,77483.86771464595,75673.60236846183,76350.67385656755,32056900879.9,11.243092136496076,24.190778313201434,-1.3131626067663271,1810.2653461841255
2026-04-29,76350.6877710365,77884.9716567078,74958.5697831686,75776.13655438689,41460907886.31,11.23553870088164,24.448016841599237,-0.7524980110325985,2926.401873539202
2026-04-30,75778.63340353462,76611.48195158494,75318.98467061728,76304.31879680282,29497862305.16,11.24248481851212,24.10758363343466,0.6970297859364205,1292.4972809676547
2026-05-01,76305.05559994055,78894.9778763649,76294.6927689367,78179.00372062408,39164328893.83,11.266756395861092,24.39103219226402,2.4568529716037624,2600.2851074281934
2026-05-02,78177.74912027194,79119.7882971012,78031.96404610375,78657.24856610392,16761531851.12,11.27285506655511,23.542352327055198,0.6117305449284904,1087.8242509974516
2026-05-03,78656.7297168091,79402.36020691103,78073.07656638915,78538.22338525036,20544392639.44,11.2713407073675,23.745853876393603,-0.15132131243256186,1329.283640521884
2026-05-04,78540.29035929906,80742.35927998694,78217.96072394724,79827.90609480675,54325085295.67,11.28762842274313,24.718251933187442,1.64210833141738,2524.3985560396977
2026-05-05,79823.52756678614,81751.45059955641,79787.57480874835,80927.05164940716,39700107375.52,11.301303430952622,24.404619729308948,1.376893881313923,1963.8757908080588
2026-05-06,80930.73814844475,82792.21064739447,80751.02381134879,81427.53296903499,41751539999.83,11.307468737662248,24.45500217378647,0.6184351331567361,2041.1868360456865
2026-05-07,81428.85277249159,81684.95520923435,79522.65930593766,80009.99377551692,36931193154.15,11.289906828047853,24.332322373822684,-1.7408598072805703,2162.29590329669
2026-05-08,80009.62529883774,80447.26340233484,79205.51730992385,80186.76228443993,33789351539.87,11.292113721433397,24.243411546599738,0.22093303671408826,1241.746092410991
2026-05-09,80187.74270169994,81030.06502644804,80119.92797966606,80664.36769147658,18102086996.28,11.29805221637215,23.619293072233113,0.5956162755923256,910.1370467819797
2026-05-10,80665.60702940595,82430.17382775217,80274.13057667608,82138.93139455045,26965971076.72,11.316167377863598,24.017841577574465,1.828023630847464,2156.0432510760875
2026-05-11,82139.04377185441,82326.23279379835,80451.41802559864,81728.30033269321,32409774918.54,11.311155614168804,24.20172590926057,-0.4999225761591619,1874.814768199707
2026-05-12,81725.3525343078,81753.03147546567,79832.1005711574,80477.49603969125,32186688600.05,11.295732872022654,24.19481880651049,-1.530442071975413,1920.9309043082758
2026-05-13,80476.7856343372,81276.67084556587,78725.50402181671,79277.11435904496,34075428359.27,11.280704770246652,24.251842385521744,-1.4915743403028592,2551.166823749154
2026-05-14,79276.94757695879,82005.96186559733,78909.67647368819,81051.25048674886,43731663431.17,11.302836955628996,24.50133824032078,2.237891908715106,3096.285391909143
2026-05-15,81046.86556526177,81634.84561241211,78635.36384140054,79065.6831951815,38183347367.97,11.27803421885073,24.36566532473697,-2.4497676218974362,2999.481771011575
2026-05-16,79066.00249132127,79173.4968829145,77630.7328156699,78131.43410962251,25895799905.09,11.266147740250751,23.97734662667496,-1.181611348696876,1542.7640672445996
2026-05-17,78133.5895816446,78539.39956840099,76783.41055132015,77429.35519853412,20900166465.06,11.257121253805531,23.763022960720864,-0.8985870016200326,1755.9890170808358
2026-05-18,77426.34205035368,77749.31748889171,76029.22487216971,76954.17551219983,41520471808.4,11.250965400461524,24.449452439140252,-0.6136944897912389,1720.0926167220023
2026-05-19,76954.75302325802,77346.8706664981,76082.36910991932,76750.90401037443,26031898331.65,11.248320444016876,23.9825884819011,-0.2641461629241504,1264.5015565787762
2026-05-20,76749.45220413955,77775.56773300006,76463.64901959682,77457.7734947166,26668360935.71,11.257488208719618,24.00674371602304,0.9209917374349397,1311.91871340324
2026-05-21,77462.50847155343,78100.55928375229,76655.43705074977,77539.16918693176,27141485403.56,11.258538496529031,24.02432922101093,0.10508395548021188,1445.1222330025194
2026-05-22,77538.11352004793,77819.4530865003,75323.87585324794,75488.24251898863,27859040109.13,11.2317321948849,24.050423350617294,-2.645020174253798,2495.577233252363
2026-05-23,75488.3087981336,77288.12070695743,74255.23260179021,76673.36511200857,29973220001.63,11.247309666446796,24.123570153332125,1.5699432831832505,3032.8881051672215
2026-05-24,76670.65694289583,77372.53725856855,76019.89269200237,76981.12726529702,20572738918.12,11.251315570343108,23.747232682847116,0.4013938254032068,1352.6445665661886
2026-05-25,76981.12590729097,77804.92212754989,76833.03718659874,77279.92611112288,19808387600.73,11.255189512766933,23.709371301145374,0.388145583782018,971.8849409511458
2026-05-26,77280.12726730174,77990.8665675969,75569.46869462443,75825.7348078344,35999475458.05,11.236193023348394,24.306770204686647,-1.8817193241068453,2421.397872972462
2026-05-27,75825.30102838263,76014.2998046415,74136.50315215021,74344.70121337207,33802172926.84,11.216467681202971,24.243790925145344,-1.9532070453596173,1877.7966524912918
2026-05-28,74339.56992560253,74460.12164517932,72493.41195037105,73536.55825078522,40148145326.67,11.20553795271009,24.415842082665,-1.0870216026122037,1966.7096948082617
2026-05-29,73537.03106800871,74218.5590257073,72435.6234578528,73372.52701970768,34457929249.79,11.203304853253504,24.26300497482421,-0.22306079449373462,1782.9355678545107
2026-05-30,73370.84813845578,74020.76085296058,73125.23136385533,73754.83868090664,19563589191.48,11.208501881282507,23.69693598121659,0.5210556004106026,895.5294891052472
2026-05-31,73753.75387125021,74153.50190388669,73315.01502271627,73579.68785248669,17445435649.92,11.206124286362279,23.582343884040316,-0.23747706801682256,838.4868811704218
2026-06-01,73580.20783374406,73969.5691731288,70599.50501963058,71319.77113041593,43378836121.26,11.174928862919991,24.49323751213874,-3.071386666659237,3370.0641534982133
2026-06-02,71321.0308359488,71334.95076296903,66127.26850211645,66703.6600051648,54990073882.29,11.108015103039419,24.73041853102388,-6.472414383958236,5207.682260852584
2026-06-03,66694.00611772494,67402.92795342805,64009.67635432536,64014.36706677971,47411556212.7,11.066862822567161,24.58213183788827,-4.03170221570579,3393.2515991026885
2026-06-04,64020.06899492151,64664.44411156516,61335.748858491235,63801.57423484784,63800151779.66,11.063533143555865,24.87902140628586,-0.33241417775776716,3328.695253073922
2026-06-05,63807.69290513328,63901.51715571619,59108.91729687624,60922.666333508816,71465606705.5,11.017360573837081,24.992482145818784,-4.512283491222369,4792.599858839945
2026-06-06,60924.476870085586,61491.70163979699,59496.62421989021,60867.41430919016,30898464956.66,11.016453241682974,24.153972341838134,-0.09069206527533291,1995.0774199067819
2026-06-07,60866.94008481007,64128.04335264146,60724.06705313199,63239.51960014498,36006496194.45,11.05468469483891,24.30696520896924,3.897167832537063,3403.9762995094716
2026-06-08,63244.08512422491,64185.76661503487,62384.669072773875,63090.59017041845,34133252456.98,11.052326911742064,24.25353789145649,-0.23550057095340637,1801.0975422609918
2026-06-09,63092.88880979849,63486.09022569818,60756.68818780453,61643.78042523286,40144449753.9,11.029127618267756,24.415750030022565,-2.2932258856313004,2729.4020378936475
2026-06-10,61643.20832306684,62788.27769830974,60788.023129239984,61449.288433366004,27493506778.77,11.025967535323653,24.037215696603262,-0.31550951373391367,2000.2545690697589
2026-06-11,61448.87884670898,63851.94966486876,61447.96769212514,63561.05340220524,29316677896.86,11.059756193864562,24.101422402526946,3.4365979211121056,2403.981972743619
2026-06-12,63547.44178054887,64334.01392035952,62778.79451566653,63543.19830571025,26881868306.76,11.059475241868505,24.014717855645788,-0.028091253274242778,1555.2194046929872
2026-06-13,63541.516262937956,64700.880325377686,63431.321756010526,64421.32531378413,16956245529.8,11.073199995691018,23.553902070740076,1.3819370624833294,1269.55856936716
2026-06-14,64420.169195671246,65749.7808993984,63634.02441005534,65710.39994119978,21572226974.9,11.09301248633207,23.79467253610255,2.001006066138511,2115.756489343068
2026-06-15,65711.10755334765,67248.13604984595,65315.836679059146,66289.49709817079,32927321949.9,11.101786748816115,24.217568604485525,0.8812869157533765,1932.2993707868081
2026-06-16,66289.46021824675,66928.60653505316,65315.070630374226,65600.64307031105,25063963966.73,11.091340777785215,23.944696952944852,-1.0391601354881042,1613.5359046789308
2026-06-17,65600.43266060186,66354.62792817982,63870.92871161928,64418.4461112965,31288885188.88,11.073155301378753,24.166528765640948,-1.8021118447687612,2483.6992165605407
2026-06-18,64419.644204978445,64736.92254886855,62201.14368066662,62896.473140210524,30432454935.56,11.049245370213647,24.138775472447126,-2.362635336556307,2535.778868201931
2026-06-19,62897.51546633494,63568.22271370859,62275.58167557143,63540.83551190768,22361931660.33,11.059438057121815,23.8306258706044,1.0244809279857714,1292.6410381371534
2026-06-20,63535.80682997915,64307.13476875846,63149.660646622724,64239.67608125665,17486384116.73,11.070376306286272,23.584688364564947,1.099829052795509,1157.4741221357326
2026-06-21,64242.32538232259,64506.57967858436,63220.999337510184,63237.53800397451,15739619590.93,11.054653359572132,23.47944691134183,-1.5599986463420867,1285.5803410741792
2026-06-22,63240.7879523887,65543.99923079807,63233.53260961334,63952.10718838148,26561496818.74,11.065889757025218,24.002728516093956,1.129976287758172,2310.466621184729
2026-06-23,63952.79485220481,64196.56320738877,61893.20647285654,62668.02127182165,29608942370.25,11.04560656895006,24.111342259754306,-2.0078867968765235,2303.35673453223
2026-06-24,62663.03158924815,63097.75748969534,59029.85529234864,60995.1331465521,42644106535.13,11.018549355489744,24.47615491927582,-2.669444624736783,4067.902197346695
2026-06-25,60992.07149891854,61868.906622354436,58075.92210076102,59721.67718353604,40625024717.76,10.997450335376927,24.427650086033296,-2.0877993002430983,3792.9845215934183
2026-06-26,59712.05639711188,60647.18706707883,58269.12519161878,60016.42812551923,41502864671.26,11.002373605819272,24.449028290023858,0.4935409651630529,2378.0618754600437
2026-06-27,60016.31266087021,60835.045537645965,59794.620601207804,59940.095723129656,15099836554.4,11.001100937851856,23.43794975649679,-0.12718584689834778,1040.4249364381612
2026-06-28,59940.35280215395,60432.707744933505,58879.6311235071,59532.34134872448,16282230874.19,10.994274995942202,23.513340219716987,-0.6802698085245584,1553.0766214264077
2026-06-29,59522.78861900983,60682.33946147841,58856.18603229508,60138.377281171444,30829983083.4,11.004403473823508,24.151753530138514,1.017994452623605,1826.1534291833304
2026-06-30,60136.453913233534,60173.2204002114,58111.672713890155,58558.85849470885,32747419390.63,10.977787655526981,24.212089998690335,-2.6264739054692066,2061.547686321246
2026-07-01,58562.444452463096,61223.768610632294,57747.763827348404,60003.75670005626,37904450118.39,11.002162450911813,24.35833435951368,2.4674289125324433,3476.00478328389
2026-07-02,60004.77124063656,62117.87350509708,59532.322654870986,61485.2991940841,40109297349.46,11.026553387726027,24.414873998486172,2.4690828966487777,2585.5508502260927
2026-07-03,61492.06574788939,62879.00814554137,61176.72215535385,62544.200871125904,26131813597.56,11.043628799704573,23.98641932078911,1.722203015877466,1702.28599018752
2026-07-04,62545.13014288402,63398.409082746686,62287.5846749136,63088.306166519855,18608397612.58,11.052290709112858,23.646878800324398,0.8699532295809442,1110.8244078330827
2026-07-05,63089.05806549393,63935.847510066924,62413.99252357653,63547.88421082061,18267466153.57,11.059548982763927,23.628387508805705,0.7284678765787644,1521.8549864903907
2026-07-06,63551.01393229254,64597.57076605529,61275.82632800964,63995.01590457115,36552222303.35,11.066560482818202,24.32200782302709,0.7036138170504191,3321.7444380456436
2026-07-07,63994.596159678535,64257.63155816781,62623.93295291979,63297.396315570295,31026493555.71,11.05559947483086,24.158107307271923,-1.090115502184008,1633.6986052480206
2026-07-08,63293.52003771739,63706.88591938163,61492.65015906864,62257.57570481748,27349235354.16,11.039035504991702,24.03195440762321,-1.6427541593792783,2214.235760312993
2026-07-09,62257.31479297334,63422.94158853587,61645.75248168988,63193.14767541663,26546256117.33,11.053951151399435,24.002154562161213,1.5027439793592112,1777.1891068459881
2026-07-10,63194.35956228346,64658.96979330379,62902.06172186645,64127.14200564058,27450201268.64,11.068622985511917,24.035639337065962,1.477999379016981,1756.9080714373413
2026-07-11,64127.96967773949,64445.45929906087,63785.62157781392,63802.026626271436,13954689047.32,11.063540234130436,23.35908142115831,-0.5069856057838051,659.8377212469495
2026-07-12,63791.40225398552,64243.13206157574,63606.82600246928,63758.21852318039,19043437786.61,11.062853372722133,23.669988406030786,-0.06866255730034743,636.3060591064641
2026-07-13,63757.17003822409,64340.88433188225,61769.00158772087,62239.12272912624,37650044789.84,11.038739063783886,24.35159998082879,-2.3825882046905944,2571.8827441613757
2026-07-14,62238.586615303684,65046.13419909332,62207.522496990045,64956.114226158075,29841287317.83,11.08146715509932,24.11915875202939,4.365407765878349,2838.611702103277
2026-07-15,64959.807109092355,65507.59426948886,64442.82142068501,64712.376491365714,27029791675.99,11.077707752633728,24.020205490064484,-0.3752344759166748,1064.7728488038483
2026-07-16,64713.29880139111,64931.85362175117,63701.80531506229,63789.27945534556,27232426674.21,11.063340421598378,24.027674257333388,-1.426461344907215,1230.0483066888846
2026-07-17,63789.90867231204,64332.01988157078,62489.45494778314,63899.45899791906,27280236799.74,11.065066173943542,24.029428350226375,0.17272423127248082,1842.5649337876384
2026-07-18,63899.178580746455,64816.50489906948,63845.01702683644,64796.60308902005,14162542469.96,11.079008459500573,23.373866462057556,1.4039932499744667,971.4878722330395
2026-07-19,64799.27647798497,64909.887518408235,64250.91550811207,64690.80495914814,15000653941.34,11.07737435229263,23.43135963318767,-0.16327727817238014,658.9720102961655
2026-07-20,64684.41668599947,65735.71587875445,63720.39065100659,65230.02619403271,30988932408.46,11.08567516635426,24.156895958603137,0.8335361342699077,2015.3252277478532
2026-07-21,65228.87034475936,66910.06249030339,65113.65547069959,66505.12243620168,29554470321.34,11.10503425279317,24.10950084926685,1.9547688642283845,1796.407019603801
2026-07-22,66506.7855360227,66694.65206584682,65514.176786479446,66100.79952459608,28142272410.35,11.098936121448865,24.06053863911603,-0.6079575479219224,1180.475279367376
2026-07-23,66100.13223662264,66282.38161092787,64610.61092394393,65044.81420944089,24364433538.19,11.082831760692752,23.916390263974698,-1.59753788569873,1671.7706869839385
2026-07-24,65044.955377464736,65760.48664399056,63686.03661124297,64098.49783446598,25917559237.32,11.068176207914444,23.97818653876981,-1.4548682880818453,2074.4500327475907
2026-07-25,64098.490865508764,64386.06133630228,63753.02722701261,64311.811411853945,13817493398.23,11.071498585609138,23.349201263888332,0.3327902908720981,633.0341092896706
2026-07-26,64311.78415712613,65503.769472172644,64233.45343542468,65340.30111696009,14301494280.66,11.087364293607253,23.383629863904083,1.5992236612955457,1270.316036747965
2026-07-27,65340.588834827926,65658.33688883128,63562.48547550984,63724.897675781795,26183821001.61,11.06233062352756,23.98840753794754,-2.4722926181296567,2095.851413321441
2026-07-28,63723.489640582535,64026.92237068102,62714.8033003653,63871.363661081654,24128738898.0,11.064626396900467,23.906669452391245,0.22984106784298408,1312.119070315719
2026-07-29,63871.394012948,64638.69695935583,63206.20902120182,63908.16797586797,28611167472.2,11.065202456545272,24.077062949614177,0.05762255990275911,1432.4879381540086
2026-07-30,63908.625528538825,65071.44346467405,63533.90661690641,64725.30694754697,26250039650.21,11.077907546942166,23.990933336467094,1.2786142954176904,1537.5368477676384
2026-07-31,64723.96896045839,65328.182639869345,62410.867334501825,62813.74727922484,30439749628.78,11.047929234220069,24.139015144833138,-2.953341990129532,2917.3153053675196
2026-08-01,62813.66506058133,63091.59885866128,62233.0129511946,62763.320664606166,13553286543.25,11.047126115973168,23.329894904179135,-0.0802795833760861,858.5859074666805
2026-08-02,62763.44657974183,63714.61191518336,62745.25265450573,63481.99891620785,15901776708.18,11.058511663057747,23.489696682582682,1.1450609113595966,969.3592606776292
2026-08-03,63485.44302951807,64020.32318421269,62226.579627733954,63460.898508760445,26038889823.72,11.058179223700055,23.98285701988025,-0.033238410585112454,1793.7435564787374
2026-08-04,63458.40874662182,64466.93894088535,63277.683717589854,64055.95346396064,23662357783.56,11.067512253262269,23.887151343260303,0.9376718092291902,1189.2552232954986
2026-08-05,64054.879035555394,64954.34762371578,63829.72000111745,64597.4991894323,23568584891.44,11.075930976783464,23.883180513544758,0.8454260629753074,1124.627622598331
2026-08-06,64595.448866533,64934.49224312947,64098.47530124979,64262.11315986208,18529402710.73,11.070725516658609,23.64262464308844,-0.519193519530381,836.0169418796795
2026-08-07,64257.4898466896,65330.6108611006,64113.27455075137,64880.18992794641,22165720101.64,11.080297616157797,23.821812792846693,0.9618058568145349,1217.3363103492302
2026-08-08,64882.54554571376,65140.48106372641,64797.11231736002,64904.686597840824,12350094270.92,11.08067511268653,23.23692953326414,0.0377567789515032,343.3687463663882
2026-08-09,64906.55023298476,65401.692691162265,64677.60105158828,64844.88526056732,13234538379.98,11.079753316326798,23.30609579328505,-0.09213716359812718,724.0916395739841
2026-08-10,64845.38318712325,65321.83812563079,63752.56742888822,63910.586753885575,22384770391.86,11.065240303542343,23.831646671354658,-1.4408206644632604,1569.2706967425693
2026-08-11,63910.17744996558,64433.679924351825,63185.47362402981,63551.87333774477,20824820662.4,11.059611754353776,23.759411413312776,-0.5612738583079757,1248.2063003220173
2026-08-12,63551.87294710656,64381.076373265896,63251.11463590443,63402.43362537117,23063864553.08,11.057257524946843,23.86153292461005,-0.2351460382283399,1129.9617373614674
2026-08-13,63404.42567511592,63926.333873528725,62799.290008120406,63402.17125005826,18765583755.52,11.057253386685252,23.65529037779027,-0.000413825302769677,1127.043865408319
2026-08-14,63402.089041125066,63551.56068527742,62487.69950374196,62975.59383765358,20280053023.86,11.050502530912812,23.732903630254732,-0.6728119936496468,1063.8611815354598
2026-08-15,62974.336566092665,63119.13355296616,62850.961288584775,63024.31944618373,10033057106.05,11.051275953841275,23.029151188695675,0.07737220970993608,268.1722643813846
2026-08-16,63023.42119392711,63310.776973778506,62648.5751376112,62818.651078477385,9078986635.25,11.048007300058487,22.929228419284062,-0.32633175496954436,662.2018361673036
2026-08-17,62819.37752940548,64547.84908548087,62687.101264453675,64506.25528743356,21555405073.14,11.074517479282012,23.793892437506162,2.68646998937927,1860.7478210271947
2026-08-18,64506.521913080505,64987.7120142385,63980.32482750011,64680.712326016976,18728001793.1,11.07721832671044,23.653285662879355,0.2704498002651823,1007.3871867383932
2026-08-19,64680.04847221827,69996.95405967586,64111.071775927034,69266.18565852672,46228098442.85,11.145712124660433,24.55685364156435,7.089398319234808,5885.882283748826
2026-08-20,69268.25118548103,73369.80744283782,68867.53416194423,73032.76119017735,55444322362.76,11.198663402884453,24.73864515348522,5.43782726858868,4502.273280893583
2026-08-21,73031.08384763909,79463.71394474107,73011.4133086023,78335.18447127173,74478039014.49,11.268752135727116,25.03377014054726,7.260335217624969,6452.300636138767
2026-08-22,78332.55225536552,78801.15098268903,76526.70746705674,77083.41369629378,42131959963.04,11.252643409252533,24.464072433645878,-1.5979674822072076,2274.443515632287
2026-08-23,77082.8428659059,78036.86490287867,75624.94645127161,77755.26185892553,31158396908.2,11.26132150439365,24.16234960952025,0.8715858969074786,2411.9184516070673
2026-08-24,77748.87403994965,79970.10866067489,76688.82700924913,78964.48188718018,55502180328.6,11.276753433985602,24.739688142127157,1.5551616692495829,3281.2816514257574
2026-08-25,78960.09560710553,81235.03473113153,77870.62598482141,78564.9770338259,46728068401.09,11.27168129430351,24.567610857497122,-0.5059298102216059,3364.408746310117
2026-08-26,78538.58468498304,79240.49916870095,77639.83441912706,79027.42375214693,29329039002.46,11.277550207314487,24.101843954395918,0.588616882204307,1600.664749573887
2026-08-27,79037.92286210194,80806.56328978759,78591.10057086576,80257.54237127447,34033075972.49,11.292996022510746,24.250598711397508,1.5565718338301782,2215.46271892183
2026-08-28,80264.6458070494,81346.95600382864,76909.35060056459,77830.2884161716,39362871736.59,11.262285945666362,24.396088867256303,-3.0243312757750385,4437.605403264053
2026-08-29,77830.89444431975,78327.945946053,77381.90054406224,78245.81183339408,14053131398.87,11.267610584074076,23.366111083257554,0.5338839488819636,946.0454019907629
2026-08-30,78246.17054256392,79373.17659066808,77056.14460324119,77667.57335298105,19314839672.43,11.260193117884304,23.68413953235353,-0.7390024678180174,2317.03198742689
2026-08-31,77673.70213681961,79247.34554134459,77378.43425294077,78548.63425232602,30608386987.4,11.271473256547583,24.144539892905993,1.1343999320549747,1868.9112884038186
2026-09-01,78539.85656382247,79196.51265965027,76399.06235512291,77403.62419920585,30608796575.4,11.256788882760741,24.14455327437754,-1.4577084172361254,2797.4503045273595
2026-09-02,77402.14294178889,77737.546996381,76248.30540936942,77300.47890614565,26525296646.23,11.255455429978646,24.00136470503067,-0.1332564128970759,1489.2415870115801
2026-09-03,77300.16557598807,82262.20941262483,76940.88239089659,81271.74521290051,40504199354.46,11.305553697774101,24.424671493448145,5.13744075450886,5321.327021728241
2026-09-04,81271.53688492597,81433.1494274814,78641.62470438398,79671.96685975797,37501874897.14,11.285673069652933,24.347656765930022,-1.9684311551963596,2791.52472309742
2026-09-05,79671.70331856245,80194.50899483402,79465.06377923183,79823.86734808386,18559708494.18,11.287577828294515,23.64425885804858,0.1906573846648829,729.4452156021871
2026-09-06,79824.59952134344,80530.65016247249,79327.4967263255,80350.04312037546,19391863268.59,11.294147907822333,23.688119395890038,0.6591709845341409,1203.1534361469967
2026-09-07,80349.19796318591,80432.30938527151,78684.92607032238,79115.84836277652,23414434444.91,11.278668492255251,23.876618525752313,-1.5360225205479194,1747.3833149491256
2026-09-08,79114.9088466573,79463.27620799372,77635.68737924889,78438.58091615305,34680168667.37,11.27007118881763,24.26943385238124,-0.8560452306824118,1827.5888287448324
2026-09-09,78440.59781105228,79737.30019971731,77768.14807172577,78259.51966638006,29192409298.11,11.267785758081116,24.09717455688217,-0.2282821128092527,1969.1521279915469
2026-09-10,78260.38670665042,78520.96876810772,76470.64004145919,76568.1241336471,30120111718.64,11.245936135095397,24.12845894898942,-2.1612649041846566,2050.3287266485277
2026-09-11,76559.12475439046,79818.33726433093,76162.91783373333,77173.79310139746,37410998192.99,11.253815210782221,24.34523056746827,0.7910197286447707,3655.419430597598
