date,observed,trend_365,seasonal_365,resid_365,trend_7,seasonal_7,resid_7,trend_30,seasonal_30,resid_30
2018-08-22,6376.71,3853.894139411624,3008.9217361100414,-486.10587552166544,6568.147463704882,-109.25463399869116,-82.18282970619111,6805.0256488963505,-263.0704044197668,-165.24524447658405
2018-08-23,6534.88,3866.7267928875153,3228.3385357471975,-560.1853286347127,6629.538548610327,-140.76722125827732,46.1086726479507,6796.619025881666,-137.81324696943275,-123.925778912233
2018-08-24,6719.96,3879.5546811406157,3202.2612000606982,-361.8558812013139,6691.21104032363,-65.35887890325583,94.10783857962542,6788.242598894581,-23.18593174222862,-45.09666715235198
2018-08-25,6763.19,3892.377770046858,3245.721500138509,-374.9092701853674,6753.419855786062,-33.06214373053866,42.832287944476775,6779.904485288576,-30.88180062144957,14.167315332872931
2018-08-26,6707.26,3905.1960255614613,3208.408921516171,-406.34494707763224,6816.0297649511895,-50.59178618087365,-58.17797877031535,6771.613959752878,-111.86962452000321,47.5156647671256
2018-08-27,6884.64,3918.0094137028113,3401.441741960819,-434.81115566362996,6878.406975735216,74.20481436039714,-67.97179009561296,6763.380461397829,45.27086258881523,75.98867601335587
2018-08-28,7096.28,3930.8179005773386,3353.2895419810525,-187.82744255839134,6939.244004125959,250.34170647012664,-93.3057105960861,6755.212952683754,261.28078775685714,79.78625955938787
2018-08-29,7047.16,3943.621452365775,3285.1581112211975,-181.61956358697262,6993.381264408533,-86.1391628665603,139.9178984580276,6747.119456877733,244.2662474473238,55.77429567494346
2018-08-30,6978.23,3956.4200351815903,3110.7116173052655,-88.90165248685616,7044.518260774884,-100.16763714876923,33.87937637388495,6739.1069143907225,126.62252559173677,112.50056001754001
2018-08-31,7037.58,3969.213615018967,3244.1447975681667,-175.77841258713397,7081.726207481198,-34.07422145266248,-10.07198602853532,6731.181171548136,195.18584114245158,111.2129873094118
2018-09-01,7193.25,3982.0021577104308,3399.618421022857,-188.37057873328786,7091.337503898321,-18.594031454649617,120.50652755632836,6723.346374117475,290.70659005346766,179.1970358290573
2018-09-02,7272.72,3994.785628967033,3693.39943326948,-415.46506223651295,7065.617001173325,-18.761821345038108,225.8648201717133,6715.604514327528,349.5431456544519,207.57234001802044
2018-09-03,7260.06,4007.563994431801,3712.8065968360575,-460.31059126785794,7005.34713421704,29.280675048360845,225.43219073460023,6707.954500104171,326.48871850990304,225.61678138592652
2018-09-04,7361.66,4020.3372198203415,3612.4603442109033,-271.1375640312449,6918.431143242825,146.063992539205,297.1648642179698,6700.391324347743,423.8568753897568,237.41180026250004
2018-09-05,6792.83,4033.1052709533465,3242.9842746126074,-483.2595455659539,6815.873865455567,-65.69244936970802,42.648583914140545,6692.905269497875,105.78488842816309,-5.860157926038482
2018-09-06,6529.17,4045.868113685475,2949.480580077255,-466.17869376272984,6704.957673576858,-58.75917564975404,-117.02849792710367,6685.481558574149,-47.228219406323774,-109.08333916782522
2018-09-07,6467.07,4058.6257139978966,3070.3603542413575,-661.9160682392544,6597.125383676544,0.18420204665638273,-130.23958572320043,6678.101979184273,-52.49470620669297,-158.53727297757996
2018-09-08,6225.98,4071.378038048281,2813.002176493921,-658.4002145422023,6506.707700468639,1.9247027284119937,-282.65240319705117,6670.745915596697,-181.18991996013852,-263.5759956365591
2018-09-09,6300.86,4084.125052279372,2785.0177870069374,-568.2828392863098,6441.9117954580415,16.517227889379893,-157.56902334742153,6663.390833063049,-129.25084726151482,-233.27998580153508
2018-09-10,6329.7,4096.866723433737,2509.7391491675094,-276.90587260124676,6405.93310562589,-6.701255377356541,-69.53185024853337,6656.013022788013,-133.56026824794475,-192.75275454006805
2018-09-11,6321.2,4109.603018461518,2475.4308794145068,-263.8338978760253,6395.358796569482,52.416641214041725,-126.57543778352465,6648.587304715232,-261.080492637975,-66.30681207725684
2018-09-12,6351.8,4122.333904342051,2598.503595896883,-369.0375002389337,6400.091781037851,-57.292588052458285,9.000807014606835,6641.085880050555,-184.48306234645673,-104.80281770409783
2018-09-13,6517.31,4135.0593480507305,2602.071225376336,-219.82057342706594,6412.284247953729,-17.460802064886423,122.4865541111576,6633.476067526467,-67.28790646578807,-48.878161060678394
2018-09-14,6512.71,4147.779316596534,2753.946230260741,-389.0155468572748,6427.6092900255535,41.097167949463504,44.00354202498329,6625.7186801832395,-47.02448854177112,-65.98419164146799
2018-09-15,6543.2,4160.493776977657,2798.5894632828586,-415.8832402605158,6443.12947848502,17.061450815013703,83.00907069996629,6617.7653908695,43.30925205881766,-117.87464292831828
2018-09-16,6517.18,4173.202696260268,2807.284969456745,-463.30766571701224,6460.240215957771,39.82600908034447,17.1137749618847,6609.55693291273,16.99040807598051,-109.36734098871057
2018-09-17,6281.2,4185.906041624746,2641.214938704217,-545.9209803289627,6478.832817765593,-47.681000468978574,-149.95181729661454,6601.025365889362,-136.64662303930098,-183.1787428500611
2018-09-18,6371.3,4198.603780408673,2628.4076814096948,-455.7114618183673,6497.192422799632,-53.72501190088989,-72.16741089874267,6592.109644749165,-104.26779115859148,-116.54185359057374
2018-09-19,6398.54,4211.2958801478,2728.7127126007526,-541.4685927485525,6516.013219531605,-79.89731100297888,-37.575908528625405,6582.811346788202,-70.75681699816134,-113.5145297900408
2018-09-20,6519.67,4223.982308550413,2765.643818764804,-469.95612731521715,6535.0523607165205,28.13204448446971,-43.51440520099004,6573.324265030836,-80.47955341996642,26.825288389130947
2018-09-21,6734.95,4236.663033523775,2792.254864875556,-293.96789839933126,6554.327701869186,81.6197774410012,99.00252068981263,6566.391438831233,-186.6865101736869,355.24507134245323
2018-09-22,6721.98,4249.338023123057,2681.5543470718308,-208.9123701948879,6575.152955951508,50.964616948760735,95.86242709973067,6560.074159813028,-101.03048914776485,262.936329334736
2018-09-23,6710.63,4262.007245434411,2572.3179892445874,-123.69523467899762,6593.9205082169265,51.684190926397974,65.02530085667604,6554.458272614017,-39.171316623653794,195.3430440096372
2018-09-24,6595.41,4274.670668493029,2087.8563460301207,232.88298547685008,6605.571655394377,-45.60261838994762,35.44096299557077,6549.594427521941,-40.770091933551534,86.5856644116102
2018-09-25,6446.47,4287.3282601766405,1957.6692291052623,201.4725107180975,6608.991024628464,-78.93781024604216,-83.58321438242183,6545.497888448012,-136.3110794610491,37.28319101303714
2018-09-26,6495.0,4299.979988003677,1834.1108875111609,360.90912448516247,6605.007562607243,-76.97577317193145,-33.03178943531202,6542.150268309586,-31.124801105108304,-16.025467204477536
2018-09-27,6676.75,4312.625819080792,1969.601046750117,394.52313416909146,6596.746032963152,5.7113204638804795,74.29264657296699,6539.508115692059,105.00402639804523,32.237857909895865
2018-09-28,6644.13,4325.26572001639,1878.9105501510448,439.95372983256493,6588.9710627034365,60.14212816135319,-4.9831908647893215,6537.509687300027,92.55831210476201,14.06200059521143
2018-09-29,6601.96,4337.899656875451,1641.2479990960728,622.8123440284762,6584.692706873208,35.95019193378692,-18.68289880699558,6536.06112180011,79.81632781130317,-13.917449611413758
2018-09-30,6625.56,4350.527595126618,1737.9860956287066,537.0463092446762,6584.166627003405,39.12840018466468,2.2649728119313295,6535.034117436964,129.20973273206735,-38.68385016903085
2018-10-01,6589.62,4363.149499549932,1862.356804913982,364.1136955360853,6585.455721872611,19.778370217200703,-15.614092089812402,6534.268387885185,168.4565905376978,-113.1049784228826
2018-10-02,6556.1,4375.765334281771,1830.5433909198393,349.7912747983901,6586.415909395618,-17.801736086531566,-12.51417330908589,6533.56711953384,236.62808448902,-214.09520402285943
2018-10-03,6502.59,4388.37506292223,1769.6313838799992,344.58355319777,6587.496223540287,-32.72213209035899,-52.18409144992802,6532.7240547090005,229.88398842583257,-260.0180431348326
2018-10-04,6576.69,4400.978648567229,1721.709451066574,454.0019003661964,6589.593204510501,-38.34216096374789,25.438956453246647,6531.561745842841,282.2107976508667,-237.08254349370873
2018-10-05,6622.48,4413.576053799773,1640.034086573717,568.8698596265094,6589.960484641228,-5.355836387101778,37.87535174587356,6529.961656649068,99.70536319975093,-7.187019848818636
2018-10-06,6588.31,4426.167240617542,1586.5186074848432,575.6241518976149,6583.161575740327,-19.17940884604252,24.32783310571631,6527.854681378488,-5.293545567202068,65.74886418871483
2018-10-07,6602.95,4438.752170357324,1661.3552364535178,502.8425931891579,6566.730903965448,-5.88767851005275,42.10677454460438,6525.204447398035,-20.307551610544305,98.05310421250942
2018-10-08,6652.23,4451.3308036865465,1720.0540654640336,480.84513084941955,6541.214643473196,69.78834386074612,41.22701266605782,6522.009038016554,-73.37830739369046,203.5992693771359
2018-10-09,6642.64,4463.903100644016,1884.8920980333173,293.84480132266617,6510.278250916301,46.91742073367585,85.44432835002408,6518.295333183555,-37.60304215943894,161.94770897588387
2018-10-10,6585.53,4476.469020686827,1857.8336037928455,251.22737552032686,6481.23804642271,15.028941291575402,89.26301228571447,6514.112647375645,-24.57344138857969,95.9907940129342
2018-10-11,6256.24,4489.028522797605,1595.8984865539292,171.31299064846553,6459.380676222025,-55.27651112153486,-147.86416510049003,6509.528639258808,-122.07882893570658,-131.209810323101
2018-10-12,6274.58,4501.581565543369,1639.40319107413,133.59524338250048,6444.899008190001,-39.8592837179327,-130.45972447206805,6504.624260471295,-100.96808397776384,-129.07617649353142
2018-10-13,6285.99,4514.128107128769,1638.529547334973,133.3323455362579,6436.968225664693,-36.99671653482617,-113.98150912986694,6499.487383918882,-11.81011451796499,-201.6872694009171
2018-10-14,6290.93,4526.668105427361,1603.642418160741,160.61947641189818,6435.890466251981,-23.473547310805714,-121.48691894117474,6494.228213249858,-14.513831327662366,-188.78438192219528
2018-10-15,6596.54,4539.201517984244,1740.458581728352,316.87990028740387,6443.0539687152595,64.89755721366797,88.5884740710726,6488.978815214353,-3.9986781994198672,111.55986298506741
2018-10-16,6596.11,4551.728301982422,1671.4539702314976,372.92772778608014,6458.542558716654,62.33075484888507,75.23668643446126,6483.86790848245,-9.488728261007935,121.73081977855782
2018-10-17,6544.43,4564.248414151538,1552.9341134900737,427.24747235838913,6477.111650054775,36.77268601422142,30.54566393100413,6478.984065525173,-110.89349631053561,176.33943078536322
2018-10-18,6476.71,4576.761810712493,1421.7020610922034,478.24612819530375,6490.97265252982,-51.94068689658157,37.678034366761494,6474.296721100376,-51.60874750202882,54.02202640165251
2018-10-19,6465.41,4589.268447335915,1446.2596097868366,429.88194287724855,6497.316982824179,-39.95979293723457,8.052810113055784,6469.650800020521,5.146549250877243,-9.387349271398307
2018-10-20,6489.19,4601.768279116008,1574.1855631446479,313.236157739344,6496.908093332508,-29.905505349560446,22.18741201705234,6464.788239819867,-65.95978409736233,90.36154427749443
2018-10-21,6482.35,4614.26126060418,1555.529718562692,312.55902083312776,6492.6888212523345,-21.576952599662302,11.238131347327908,6459.384371875167,-92.50347969680199,115.46910782163559
2018-10-22,6487.16,4626.747345876074,1566.374318044566,294.0383360793594,6488.686015477774,30.71501198896906,-32.24102746674362,6453.09680516981,-54.40324952571252,88.46644435590224
2018-10-23,6475.74,4639.226488549599,1333.0842098138367,503.42930163656456,6484.609686857739,33.63605502593519,-42.50574188367409,6445.52084309711,-37.29871145450052,67.5178683573904
2018-10-24,6495.84,4651.698641769155,1150.3831325857163,693.7582256451287,6477.066280303144,25.036992162993702,-6.263272466137096,6436.189549952242,-35.58967656473048,95.2401266124889
2018-10-25,6476.29,4664.163758077338,1591.6318597652287,220.4943821574334,6465.013705731949,-19.182541509144674,30.458835777195418,6424.623653309712,-138.42366220030252,190.09000889059098
2018-10-26,6474.75,4676.621789352641,1688.7303603496216,109.39785029773702,6450.150410869628,-21.07257185666049,45.67216098703284,6410.354109769813,-89.91320065402388,154.3090908842114
2018-10-27,6480.38,4689.0726870392855,1743.4196691239217,47.88764383679245,6435.736898339192,-11.614955734316453,56.258057395124524,6392.941503686283,-24.570120314350476,112.00861662806801
2018-10-28,6486.39,4701.516402272143,1748.8602412365742,36.01335649128305,6422.890942897129,0.4255165623450985,63.073540540525755,6371.992518662357,-39.88995652220504,154.28743785984898
2018-10-29,6332.63,4713.952885924344,1615.846960952886,2.8301531227698433,6409.540544417535,2.7386636033530802,-79.64920802088818,6347.189935481929,45.475543624166136,-60.0354791060945
2018-10-30,6334.27,4726.382088626527,1496.896638050715,110.99127332275839,6394.332894419818,18.77731564378437,-78.84021006360217,6318.299726446937,70.60264755873743,-54.63237400567414
2018-10-31,6317.61,4738.803960772306,1506.635269555579,72.17076967211506,6380.417611497736,-11.842402069910706,-50.96520942782627,6285.196709301992,60.234812003640904,-27.821521305633723
2018-11-01,6377.78,4751.218452474299,1589.6431288351125,36.918418690588624,6373.000916910374,-15.885505588194391,20.664588677819665,6247.8879121962555,127.76170192026746,2.1303858834771745
2018-11-02,6388.44,4763.625513575192,1567.9622348252417,56.85225159956644,6376.562034154251,-14.964315010160302,26.84228085590894,6206.486465131737,136.0625774022012,45.89095746606199
2018-11-03,6361.26,4776.025093668813,1518.2713359397712,66.9635703914164,6389.656819846992,16.128780540193805,-44.52560038718548,6161.160869957534,151.8788455974351,48.22028444503121
2018-11-04,6376.13,4788.417142094557,1627.9799444499124,-40.26708654446884,6405.399916701262,65.71268190090998,-94.98259860217149,6112.125331227291,90.51006716096855,173.4946016117401
2018-11-05,6419.66,4800.801607943952,1542.1835921120037,76.67479994404403,6416.421805352945,-1.5713522667584812,4.809546913813392,6059.630625942968,29.260739514422532,330.7686345426091
2018-11-06,6461.01,4813.178440099578,1726.6317702186154,-78.80021031819342,6420.286499701064,11.367730507754423,29.355769791181956,6003.938413159515,5.205965289362023,451.8656215511228
2018-11-07,6530.14,4825.5475872105935,1755.4569095924219,-50.864496803014845,6420.535558708042,-49.532032089312594,159.13647338127066,5945.320183388998,25.08057842316142,559.7392381878408
2018-11-08,6453.72,4837.908997752777,1462.1880215262904,153.622980720932,6416.960096703253,-41.04478336628395,77.80468666303113,5884.0513608254705,42.785070277857294,526.8835688966728
2018-11-09,6385.62,4850.2626200102095,1715.1348875302506,-179.77750754046065,6395.902770337851,-9.313259428110962,-0.9695109097401655,5820.39546599159,68.96093909405822,496.2635949143514
2018-11-10,6409.22,4862.608402012948,2068.0582471823823,-521.4466491953308,6344.930451147618,17.58373788302913,46.70581096935257,5754.594150742766,1.221370300169661,653.4044789570644
2018-11-11,6411.27,4874.946291718661,1756.8357224767033,-220.51201419536392,6262.924637904252,123.48399972676516,24.861362368982554,5686.862758479843,-36.69516545154626,761.1024069717032
2018-11-12,6371.27,4887.276237185946,1861.5676805372113,-377.57391772315714,6160.5744436889645,-26.974232790794105,237.66978910183025,5617.3931562902,24.440608446948364,729.4362352628523
2018-11-13,6359.49,4899.598186490175,2044.9517372152063,-585.0599237053812,6046.929819679908,-46.4807856752373,359.0409659953293,5546.328566480301,0.5240987073779309,812.6373348123216
2018-11-14,5738.35,4911.91208779046,1612.3026724723018,-785.8647602627616,5916.238508337554,-23.05789909551604,-154.8306092420371,5473.760722749857,-49.9501018642697,314.53937911441244
2018-11-15,5648.03,4924.21788947553,1416.1441147930182,-692.3320042685482,5758.892846947549,-28.005335217652643,-82.85751172989603,5399.763331170715,-33.012102988142814,281.2787718174277
2018-11-16,5575.55,4936.515540277189,1167.3832657704681,-528.3488060476566,5575.786645279432,2.201930030299999,-2.4385753097321867,5324.407423007916,-88.34549588399774,339.4880728760818
2018-11-17,5554.33,4948.804989232552,1367.647782820207,-762.1227720527586,5379.311667281116,7.348533460096777,167.66979925878786,5247.781606016756,-10.201714015895835,316.7501079991398
2018-11-18,5623.54,4961.086185624883,1362.151429414773,-699.6976150396558,5184.798501111179,138.50127454237239,300.2402243464485,5169.976517534535,62.23947096479106,391.3240115006738
2018-11-19,4871.49,4973.35907907087,829.805033340097,-931.6741124109676,4996.777303194594,-65.92557982330501,-59.36172337128937,5091.082276684289,-48.248535163506126,-171.34374152078362
2018-11-20,4451.87,4985.623619549535,440.50459776906087,-974.2582173185956,4808.868383366762,-75.69732862492197,-281.30105474183983,5011.22320670059,-15.658485420121924,-543.694721280468
2018-11-21,4602.17,4997.879757512905,503.4292126725844,-899.1389701854887,4618.645082674281,12.046196052001093,-28.521278726282617,4930.589526931444,-24.663766498127544,-303.75576043331694
2018-11-22,4365.94,5010.127443928206,350.49202527171246,-994.6794691999189,4439.946463950178,-5.956124165524441,-68.05033978465417,4849.462376567527,-39.97163143710969,-443.55074513041745
2018-11-23,4347.11,5022.366630262694,205.01504155360536,-880.2716718163001,4294.542278501673,-11.123466575498714,63.6911880738262,4768.210057887999,-27.181208274410682,-393.91884961358846
2018-11-24,3880.76,5034.597268509774,-275.49942784996506,-878.3378406598085,4193.562305906214,18.753719677708823,-331.5560255839223,4687.257117876641,-124.17598066180246,-682.3211372148385
2018-11-25,4009.97,5046.8193111501605,-93.24385776669021,-943.6054533834704,4129.600812288262,153.51702432210766,-273.1478366103702,4607.090455508977,-130.76713041139146,-466.3533250975861
2018-11-26,3779.13,5059.032711149145,-264.5246778344726,-1015.3780333146724,4090.7733534590598,-87.07751345162356,-224.56584000743624,4528.255832601753,-132.90634209935877,-616.2194905023944
2018-11-27,3820.72,5071.237421998651,-315.132268518043,-935.3851534806081,4067.309535143828,-90.04597582572985,-156.54355931809823,4451.347462612957,-154.0776634849891,-476.5497991279685
2018-11-28,4257.42,5083.433397753488,-52.88765215574232,-773.1257455977457,4058.0555785584183,58.89241461155676,140.47200683002484,4376.983185811492,15.919697709019822,-135.48288352051168
2018-11-29,4278.84645524,5095.620592987568,130.06940562617132,-946.8435433737386,4059.251308832123,-1.2386815581674,220.83382796604474,4305.763179109532,13.82869644520309,-40.745420314734474
2018-11-30,4017.26845712,5107.798962733224,-90.79902385583412,-999.7314817573888,4057.073398953819,-43.23008376427779,3.4251419304591764,4238.22162349935,-32.56607812339779,-188.38708825595222
2018-12-01,4214.67193177,5119.96846255339,78.08324882906001,-983.37977961245,4034.449312903758,-19.791878525331963,200.01449739157442,4174.8137508408645,35.07816481676622,4.780016112369594
2018-12-02,4139.8780641,5132.12904858843,-137.70985114649213,-854.5411333419379,3986.4720424006346,90.60745510718395,62.79856659218194,4115.9018268123045,60.856906406071744,-36.88066911837586
2018-12-03,3894.1309069,5144.280677544566,-310.1016071582486,-940.0481634863172,3917.943085965878,-64.44623970863812,40.63406064276023,4061.740616307101,46.22905671000356,-213.83876611710457
2018-12-04,3956.89386975,5156.423306646941,-289.78556398011835,-909.7438729168225,3840.244632702149,-39.88046822739784,156.5297052752485,4012.4495780789844,74.44493988448575,-130.0006482134704
2018-12-05,3753.99482663,5168.556893665111,-499.4627604263984,-915.0993066087121,3763.6671738473574,88.52720621331798,-98.19955343067568,3968.035046637762,49.616637699478,-263.6568577072403
2018-12-06,3521.10172384,5180.681396914179,-587.8322760165493,-1071.7473970576293,3690.227848271105,23.31666957434623,-192.4427940054511,3928.4189806629065,18.170435141845488,-425.48769196475223
2018-12-07,3419.93720035,5192.796775276377,-693.8077639150819,-1079.0518110112953,3620.2905793192517,-83.4805060325948,-116.87287293665713,3893.4500908673294,100.27568872443527,-573.7885792417651
2018-12-08,3476.11471452,5204.902988279084,-703.8743808010297,-1024.913892958054,3557.059406297196,-29.797910230440767,-51.14678154675539,3862.927526534144,100.46528373641361,-487.2780957505579
2018-12-09,3614.23427278,5216.999996115239,-871.4285740724214,-731.3371492628175,3503.351537439289,28.421790415575984,82.46094492513475,3836.6153265693883,139.98601705527787,-362.36707084466616
2018-12-10,3502.65599577,5229.087759591546,-1002.7310358659213,-723.7007279556246,3460.9175010856084,0.5790065724259801,41.15948811196586,3814.255693566688,129.46446685054786,-441.0641646472359
2018-12-11,3424.58807495,5241.166239992725,-1126.0970176412618,-690.4811474014632,3429.3169192783066,18.99734460060646,-23.72618892891296,3795.572079489309,36.44320461235023,-407.4272091516591
2018-12-12,3486.95014412,5253.235399045165,-965.1988472597769,-801.0864076653879,3407.706438038212,51.162543091299284,28.081162990488792,3780.2731418112967,75.16478949260221,-368.48778718389894
2018-12-13,3313.67725772,5265.295198918073,-1005.2915729145411,-946.3263682835313,3398.835008000161,13.617423537712032,-98.77517381787311,3768.0495038036747,33.95470276781984,-488.32694885149476
2018-12-14,3242.48476281,5277.345602291503,-1216.08218234917,-818.7786571323331,3407.367595048759,-79.11893051360047,-85.76390172515858,3758.561014310787,-100.12644040579688,-415.94981109498985
2018-12-15,3236.76164502,5289.386572425464,-1204.489621531648,-848.1353058738159,3438.6195696887526,-26.837004192723843,-175.020920476029,3751.4329480748393,-62.09548900978878,-452.5758140450507
2018-12-16,3252.83902595,5301.418073127873,-1185.965786521456,-862.613260656417,3492.258960684133,12.54799598399697,-251.96793071812954,3746.2815817707865,-79.68900367759508,-413.7535521431914
2018-12-17,3545.86476058,5313.440068760215,-851.0729480202033,-916.5023601600114,3563.5733387641308,40.70044831807455,-58.40902650220505,3742.7593104609223,19.825793348925103,-216.720343229847
2018-12-18,3696.05912776,5325.452524259352,-347.2415103807496,-1282.1518861186019,3646.275336731631,6.814421128694281,42.9693698996748,3740.6082292696356,109.04821208524034,-153.5973135948757
2018-12-19,3745.95076478,5337.455405209881,-381.60949970548995,-1209.8951407243912,3732.78111056154,29.758047107520238,-16.588392889060287,3739.6872065682596,-42.19740798369865,48.46096619543914
2018-12-20,4134.44120304,5349.448678012345,-33.97046278001025,-1181.0370121923352,3810.7391418728466,-12.86483367983315,336.56689484698654,3739.9186554192775,30.32858741682628,364.1939602038965
2018-12-21,3896.54371704,5361.432309896302,-381.0305400896656,-1083.8580527666363,3870.494664858123,-34.28869495444331,60.337747136320104,3741.2245221548746,-7.81629486502143,163.13548975014692
2018-12-22,4014.18251388,5373.406268896677,-218.53739609023464,-1140.6863589264422,3905.661488805771,-35.724351228777095,144.2453763030062,3743.541417399414,-12.26600535010488,282.90710183069086
2018-12-23,3998.98034184,5385.37052382141,-217.51665315745868,-1168.8735288239513,3919.236246298961,2.8562602078022934,76.88783533323704,3746.8126746910584,5.782085060811809,246.38558208812992
2018-12-24,4078.59919478,5397.325044276622,-256.3820812202544,-1062.3437682763679,3917.040815651242,32.35703882339315,129.20134030536474,3750.975445176159,-62.2366244180223,389.8603740218632
2018-12-25,3815.49060966,5409.269800681664,-351.0229314796092,-1242.756259542055,3903.4052484399886,-2.94787059434505,-84.96676818564356,3755.9160417464664,-70.55222517042613,130.12679308395946
2018-12-26,3857.29751969,5421.204764252947,-263.35270350739154,-1300.554541055555,3881.251106409662,37.63313160701918,-61.586718326680966,3761.4710793528857,-123.53511481929456,219.36155515640894
2018-12-27,3654.83353854,5433.129907086618,-171.15710919488464,-1607.1392593517335,3858.211867687288,-26.364932458872754,-177.013396688415,3767.4053664148532,-145.64391472723423,33.07208685238129
2018-12-28,3923.91859424,5445.045202245882,-84.77866771425991,-1436.3479402916223,3839.379121617761,-14.45209920474762,98.99157182698673,3773.420939850465,37.745292983383486,112.75236140615152
2018-12-29,3820.40868219,5456.950623891571,-3633.9668193624434,1997.4248776608729,3830.411129535138,-29.984973935789622,19.98252659065156,3779.2179816529942,4.521083133872015,36.669617403134
2018-12-30,3865.95257679,5468.846146873408,-3448.999634332106,1846.1060642486982,3831.8606711759767,24.838691087906504,9.253214526116608,3784.5172776267536,-36.78780155010459,118.22310071335096
2018-12-31,3742.70033544,5480.731745214801,-3606.8454532784854,1868.8140435036848,3840.916851012135,36.17403777202868,-134.3905533441639,3789.041342684058,13.241911768231468,-59.582919012289494
2019-01-01,3843.51996727,5492.607391788442,-3386.015478091489,1736.9280535730468,3854.2351668166734,5.675429842935638,-16.390629389608875,3792.5396364627954,35.24618570745481,15.73414509974964
2019-01-02,3943.40933686,5504.473058330149,-3613.582165137891,2052.518443667742,3870.300691582039,55.90476366838435,17.20388160957691,3794.8128836928886,21.63074541885067,126.96570774826068
2019-01-03,3836.74131867,5516.328715452314,-3291.438503897601,1611.851107115287,3888.9104333518435,-76.99484444030446,24.825729758460966,3795.7127435218886,24.334480953097753,16.694094195013804
2019-01-04,3857.71761887,5528.174332566101,-3073.2017750717278,1402.7450613756264,3909.3043362638286,-16.40847361920769,-35.17824377462102,3795.152566798168,-3.0143002492823783,65.57935232111413
2019-01-05,3845.19446017,5540.00987804721,-3077.540784545201,1382.7253666679908,3923.398128873571,-28.081133506946138,-50.12253519662454,3793.1046717741406,-47.22338128885634,99.31316968471583
2019-01-06,4076.63268458,5551.835319367336,-2282.1686732615553,806.9660384742201,3924.5617980735005,15.984713206680595,136.0861732998187,3789.5862375081074,18.97785956747831,268.06858750441415
2019-01-07,4025.24828708,5563.650623183022,-2007.5138761402884,469.1115400372664,3910.9810102067836,24.092912951762194,90.17436392145419,3784.6336521153175,7.400436330317259,233.21419863436495
2019-01-08,4030.84799935,5575.45575562276,-1879.7785666571276,335.17081038436754,3885.546550930024,17.822186844922427,127.4792615750539,3778.302647422274,50.70908514585204,201.8362667818742
2019-01-09,4035.29636921,5587.25068251371,-2068.1713391010508,516.2170257973412,3853.0116262844513,64.46506385640109,117.8196790691477,3770.677718890886,103.13522609308457,161.4834242260299
2019-01-10,3678.92468128,5599.035369458918,-2193.1194764214097,273.0087882424923,3814.7160433984845,-65.15755465084045,-70.63380746764369,3761.864895906397,-16.551510861424624,-66.38870376497243
2019-01-11,3687.3654818,5610.809781798827,-1993.270316978145,69.8260169793175,3771.638828649991,-24.420180070969714,-59.853166779021194,3751.998593203292,13.161642080480597,-77.79475348377264
2019-01-12,3661.30098975,5622.573884722513,-2283.972758095926,322.6998631234128,3729.412708305696,-14.992152983593291,-53.1195655721026,3741.2737022522974,-42.52302095608052,-37.449691546216854
2019-01-13,3552.95306759,5634.3276433585615,-2743.735076509823,662.3605007412616,3694.910449776544,-3.9526597479054386,-138.0047224386385,3729.9362770127586,-135.58054101507685,-41.40266840768163
2019-01-14,3706.05222041,5646.07102264886,-2039.2740959165899,99.25529367772924,3671.351302733266,9.693555744120642,25.007361932613094,3718.261264579976,-95.15399336874788,82.94494919877161
2019-01-15,3630.67522467,5657.803987231322,-2156.4709011128807,129.3421385515585,3658.306499869643,17.41467131514117,-45.045946514784646,3706.5161102153556,-109.34233817815297,33.50145263279728
2019-01-16,3655.00688578,5669.526501649798,-2247.0362599666873,232.51664409688965,3651.954030088606,48.68226896879735,-45.62941327740327,3694.9285732918274,-26.146848403720803,-13.774839108106335
2019-01-17,3678.56397636,5681.2385303933115,-2191.983700096491,189.30914606317947,3647.8377906497303,-29.852139349511706,60.57832505978149,3683.6697376873,34.43744283806845,-39.543204165368024
2019-01-18,3657.83943502,5692.94003785297,-2107.377599708983,72.27699687601307,3644.2113092383247,-13.143748849740934,26.771874631416267,3672.8433563704666,-12.68102693272337,-2.3228944177431003
2019-01-19,3728.56836493,5704.630988344191,-2141.1598077999447,165.0971843857542,3640.1401629084003,18.60248361637644,69.82571840522314,3662.4994229905556,135.2360389038804,-69.16709696443604
2019-01-20,3601.0135915,5716.31134615479,-2200.940611890873,85.64285723608282,3634.067290258584,-18.003423535869096,-15.050275222714845,3652.6712020116343,58.183714066981395,-109.84132457861551
2019-01-21,3576.03243928,5727.981075527555,-2067.0406939563936,-84.90794229116091,3625.6671220722887,-7.679153892855849,-41.95552889943292,3643.375575065804,74.87903315232859,-142.22216893813265
2019-01-22,3604.57705248,5739.640140706138,-285.1894389393974,-1849.8736492867401,3614.0759219438814,-11.668633282441215,2.169763818559659,3634.640153252206,70.03760631870708,-100.10070709091315
2019-01-23,3585.12306636,5751.288506214345,-372.52277790552733,-1793.642661948818,3599.3552024376363,4.709947074812554,-18.94208315244896,3626.521768792767,56.6794421083298,-98.07814454109712
2019-01-24,3600.86550122,5762.926137644343,-459.6844391999783,-1702.3761972243642,3583.6243184145515,-18.61110468823103,35.852287493679796,3619.120974283398,35.94041148125828,-54.19588454465611
2019-01-25,3599.7658879,5774.55300183136,-472.3294324648385,-1702.4576814665215,3568.8818643819377,20.69704502845748,10.186978489604826,3612.5535142349127,-55.664054793424775,42.87642845851224
2019-01-26,3602.46043861,5786.169066826617,-454.5121801854141,-1729.1964480312035,3555.4947728870766,54.682574791560455,-7.716909068637051,3606.9518922746556,-74.79301153089884,70.301557866243
2019-01-27,3583.96576317,5797.774301907261,-168.21571359677122,-2045.5928251404898,3541.7307325609554,0.6973925560257976,41.53763805301878,3602.45029406376,22.67487826709317,-41.1594091608531
2019-01-28,3470.45054223,5809.368677637343,-302.52475278593647,-2036.393382621407,3527.116951245718,-22.99917476418321,-33.667234251534865,3599.1605753099943,-32.01022809185039,-96.69980498814402
2019-01-29,3448.11702209,5820.952166018222,-342.0645257883816,-2030.7706181398403,3512.219186005403,-23.758400880985896,-40.34376303441741,3597.170880752392,-51.1589978038691,-97.89486085852286
2019-01-30,3486.18175093,5832.524740537357,-531.8215660871037,-1814.521423520253,3498.277611156402,-29.4035424832257,17.307682256823682,3596.5511389444987,-51.678620476106985,-58.69076753839181
2019-01-31,3457.79274724,5844.086376164238,12.072317665992173,-2398.3659465902297,3486.900429643495,-36.91764010634921,7.809957702854263,3597.336865112856,-35.93166765235024,-103.61245022050525
2019-02-01,3487.94538683,5855.6370493406275,-68.32136602925107,-2299.3702964813765,3477.9157939712754,35.45486113625168,-25.42526827752681,3599.531020269842,39.86824530378269,-151.4538787436245
2019-02-02,3521.06078726,5867.176738206625,-19.66044683514143,-2326.455504111483,3472.1789012467975,50.64879896576964,-1.766912952567509,3603.1160203595928,13.715255214407897,-95.77048831400089
2019-02-03,3464.01332586,5878.705422648754,0.5415019802468777,-2415.233598769001,3473.030077644778,19.658344297297862,-28.675096082075925,3608.035525476099,9.981063925828973,-154.00326354192794
2019-02-04,3459.15414635,5890.22308433587,-278.7586670298724,-2152.310270955998,3481.3597903229547,-6.205327557112239,-16.000316415842917,3614.168728919799,-7.183702662926152,-147.83087990687318
2019-02-05,3466.35743916,5901.729706757769,94.817795780681,-2530.1900633784503,3497.1965862009683,-9.760481464943389,-21.078665576024832,3621.3413105480568,46.02986561486254,-201.01373700291924
2019-02-06,3413.7677183,5913.22527519499,54.20038604846674,-2553.657942943457,3518.526794245651,-25.578339478105253,-79.18073646754601,3629.37840937531,29.64828712109344,-245.2589781964034
2019-02-07,3399.47164359,5924.709776871816,-37.34441934964525,-2487.8937139321706,3542.067306785053,-53.73907951492829,-88.85658368012491,3638.128049032072,61.62425558133997,-300.280661023412
2019-02-08,3666.78035061,5936.183201027421,187.90406922515535,-2457.3069196425768,3565.6740673872987,24.761771372322155,76.34451185037915,3647.4731664800815,113.14454948499446,-93.83736535507614
2019-02-09,3671.20370545,5947.645538921716,-547.0231923304499,-1729.4186411412666,3588.8828355373425,37.7501347633123,44.57073514934518,3657.333973678555,9.293933317486804,4.575798453958214
2019-02-10,3690.18824383,5959.09678377611,-687.3693594030544,-1581.5391805430554,3609.5433928611965,-11.117618455785573,91.7624694245892,3667.639071886314,-7.014315335387543,29.563487279073343
2019-02-11,3648.43062774,5970.536930491508,-596.3182582036327,-1725.7880445478759,3625.9114212299087,17.66794894798564,4.8512575621057294,3678.304983577647,-47.10118298104031,17.22682714339362
2019-02-12,3653.52864497,5981.965975555261,-568.2418114611653,-1760.1955191240959,3639.134442070183,7.650755919733809,6.743446980083263,3689.2346008972463,-82.93176331720133,47.22580738995521
2019-02-13,3632.07060268,5993.38391711794,-738.2396496976108,-1623.0736647403291,3653.2396597695306,-11.563045294312053,-9.60601179521882,3700.3240149121666,-41.58729586131368,-26.66611637085316
2019-02-14,3616.88097021,6004.790755037977,-696.2472766693602,-1691.6625081586162,3672.814148407576,-49.91686111121372,-6.016317086362051,3711.485254320223,-60.431613943670314,-34.17267016655205
2019-02-15,3620.81075285,6016.186490864748,-1042.7518552813815,-1352.6238827333664,3701.278727000624,20.405672226049735,-100.8736463766736,3722.6473382405843,-23.555193033355252,-78.28139235722892
2019-02-16,3629.78749138,6027.57112784739,-1094.7414691703639,-1303.042167297026,3737.1936441419894,47.38441249213297,-154.79056525412216,3733.756124084559,-7.1487585113794765,-96.8198741931792
2019-02-17,3673.83629289,6038.944670821974,-1170.5957318716237,-1194.5126460603506,3778.5777210987576,-43.339256492129394,-61.40217171662789,3744.78431387937,8.16842307432615,-79.11644406369624
2019-02-18,3915.71447331,6050.307126170778,-771.3864269743029,-1363.2062258864753,3823.268347100709,10.179640153458344,82.2664860558325,3755.7343526853006,126.67475923379959,33.305361390899634
2019-02-19,3947.09440657,6061.6585018172245,-1005.6434287984016,-1108.9206664488229,3866.6095759712575,13.861954718392163,66.62287588035042,3766.633650999167,54.90066569035711,125.56008988047597
2019-02-20,3999.82050882,6072.998807289583,-960.75381167315,-1112.4244867964326,3903.852144384759,5.201519871056636,90.7668445641848,3777.515093136572,57.41959993846169,164.88581574496675
2019-02-21,3954.1182433,6084.328053659082,-998.6915936392508,-1131.518216719831,3930.0285692774646,-23.429888194817273,47.51956221735236,3788.385521489408,46.80355649221306,118.92916531837909
2019-02-22,4005.52660406,6095.646253545783,-935.5965755821069,-1154.523073903676,3941.431800948835,7.457778779526565,56.63702433163826,3799.220881088303,62.912926099741405,143.3927968719554
2019-02-23,4142.52692999,6106.95342116093,-706.4785376791682,-1257.9479534917618,3939.0260934194066,44.41460734963089,159.0862292209622,3809.970390982657,37.483599057722316,295.07293994962083
2019-02-24,3810.42743065,6118.249572362925,-1013.4760961680606,-1294.3460455448649,3927.4546273626897,-54.40727863656966,-62.61991807612003,3820.5654601400843,-91.17813721151505,81.04010772143101
2019-02-25,3882.69629339,6129.534724743065,-1115.7216568442518,-1131.1167745088133,3910.8241253754013,-13.708412700760835,-14.419419284640753,3830.9278629043415,-74.50049193731073,126.26892242296935
2019-02-26,3854.35793575,6140.808897670646,-1390.1850310991003,-896.2659308215461,3892.2524793867146,10.908464811968384,-48.80300844868316,3840.9893874732134,-84.95940962172543,98.32795789851207
2019-02-27,3851.04747978,6152.072112234271,-1576.0791467592967,-724.9454856949742,3873.9659392090184,12.922578118150236,-35.84103754716898,3850.706003800081,-135.11827401723767,135.45974999715645
2019-02-28,3854.78528208,6163.3243911340005,-1716.7431905677465,-591.7959184862539,3859.6841096408043,-4.177705327431604,-0.7211222333726255,3860.050676136716,-156.17990287262808,150.9145088159121
2019-03-01,3859.58375221,6174.56575859567,-2356.476167874188,41.49416148851833,3852.995949787573,4.442834763999768,2.144967658427504,3869.012334245116,-167.84996547387655,158.42138343876059
2019-03-02,3864.41510673,6185.79624024986,-2588.5522092112806,267.1710756914208,3854.2899997881264,59.601151578700836,-49.47604463682728,3877.6053866926036,-165.35798428481428,152.16770432221074
2019-03-03,3847.17569934,6197.015862827614,-2646.59220550708,296.752042019466,3859.5150023087654,-35.89157397639428,23.55227100762886,3885.868142691521,23.486256803236586,-62.178700154757735
2019-03-04,3761.55701842,6208.224654003625,-2754.5401283645265,307.87249278090167,3866.95227804603,-33.91042413976546,-71.48483548626473,3893.8581730276746,24.591619441065944,-156.89277404874065
2019-03-05,3896.37502308,6219.422642376939,-2181.0132226409282,-142.03439665601036,3875.971696881438,0.1529700907011209,20.250356107860625,3901.6767234291474,22.65402729988846,-27.955727649035907
2019-03-06,3903.9425832,6230.609857537323,-2077.8481280136148,-248.81914632370808,3886.3240732551835,2.0306286228318036,15.587881321984696,3909.5118191624874,24.16390421177747,-29.733140174264918
2019-03-07,3911.4842891,6241.786330310892,-2108.1679426623523,-222.13409854853944,3896.9372091255277,-6.167922602730982,20.715002577202995,3917.616283751991,30.35538820959367,-36.48738286158459
2019-03-08,3901.13162355,6252.952092889253,-1374.4358374272101,-977.384631912043,3906.1034641680867,1.0139052529602417,-5.985745871047129,3926.2718654745686,28.7398973299017,-53.88013925447058
2019-03-09,3963.31374243,6264.107178949139,-1912.0741840664014,-388.71925245273724,3913.2362835095246,52.2854310432994,-2.2079721228242306,3935.765668914293,60.453854445599625,-32.9057809298929
2019-03-10,3951.59982769,6275.251623969011,-2191.930888657233,-131.72090762177777,3919.7729241500265,-0.46533044350540775,32.292233983479036,3946.361606268157,101.57772945880876,-96.33950803696598
2019-03-11,3905.22731979,6286.3854650531875,-2019.7855697621012,-361.37257550108643,3927.1581671142826,-37.7107160606038,15.779868736321077,3958.3069166306127,80.17774954075288,-133.25734638136555
2019-03-12,3909.15620907,6297.5087408060435,-1935.3011864543275,-453.05134528171584,3937.3359858192484,1.4806248511070939,-29.660401600355726,3971.835266886062,81.69652408675097,-144.37558190281334
2019-03-13,3906.71716859,6308.6214914571865,-3274.76422879924,872.8599059320532,3950.654179120962,9.85175629282484,-53.78876682378723,3987.1579976260286,26.931715722855042,-107.37254475888403
2019-03-14,3924.369118,6319.7237588136495,-3120.1405314724166,724.7858906587671,3965.528602579367,-7.627320937184763,-33.53216364218224,4004.45587913662,80.39181178352817,-160.47857292014805
2019-03-15,3960.91118728,6330.815585693966,-3322.6655101875103,952.7611117735441,3980.486186063074,-7.87374580001487,-11.701252983059021,4023.8468710722505,109.32630908545443,-172.26199287770487
2019-03-16,4048.72590374,6341.8970158377715,-3190.0848287480644,896.9137166502924,3995.1978805780445,24.72462483176748,28.803398330187974,4045.3920868112377,86.08621459105282,-82.7523976622906
2019-03-17,4025.22897966,6352.968093845397,-3695.6468783210307,1367.9077641356344,4009.7569646783,-5.929112095405882,21.401127077105684,4069.0820314210064,78.43617485744338,-122.2892266184499
2019-03-18,4032.50738522,6364.028865144115,-3693.0105049749595,1361.4890250508442,4023.2596685643202,-52.90460695503938,62.15232361071912,4094.8364560929335,10.601421987918059,-72.9304928608517
2019-03-19,4071.19020004,6375.0793757950705,-3748.3064559688974,1444.4172802138273,4034.2488228515417,26.767780809952328,10.173596378505863,4122.504440442098,8.075114818770395,-59.38935522086831
2019-03-20,4087.47629856,6386.119672448059,-3382.2625633967705,1083.6191895087113,4040.602470865501,43.79087497490581,3.0829527195933224,4151.897767202341,143.85806122742133,-208.27952986976243
2019-03-21,4029.32690706,6397.149802361542,-3257.4664281796454,889.6435328781026,4040.3798627178803,-3.80396983170035,-7.24898582618016,4182.8278729814065,83.59491032979841,-237.09587625120503
2019-03-22,4023.96816173,6408.169813602577,-3441.558205256479,1057.3565533839019,4035.3634381485754,-8.557603984741348,-2.8376724338340864,4215.119099085053,56.61247895227457,-247.7634163073276
2019-03-23,4035.82635079,6419.179755183631,-3566.2008496462595,1182.8474452526289,4030.207604850183,-6.215026974447488,11.8337729142645,4248.593931809886,15.086319443927167,-227.85390046381326
2019-03-24,4022.1682822,6430.179677014286,-3318.643641870119,910.6322470558325,4029.0037235043133,-40.0677047142501,33.23226340993642,4283.078026691039,56.85628175725957,-317.76602624829866
2019-03-25,3963.07065416,6441.169629876422,-3297.0231393516433,818.9241636352217,4033.6822852705113,-78.35132244482651,7.739691334315012,4318.410119071808,27.82068635984337,-383.160151271652
2019-03-26,3985.08080287,6452.149665574427,-3573.1884314269455,1106.119568722519,4043.328339638288,68.5649893893198,-126.81252615760786,4354.472626720992,-142.95469716956288,-226.4371266814287
2019-03-27,4087.06622992,6463.119837004299,-3625.1928792655235,1249.1392721812235,4060.71197500528,95.26614058862728,-68.91188567390736,4391.175832135176,-46.849666331569125,-257.2599358836069
2019-03-28,4069.10714977,6474.080198034898,-4257.289810433374,1852.316762168476,4096.880633458588,-6.516817390236584,-21.25666629835132,4428.432516684016,-94.15376981088457,-265.1715971031317
2019-03-29,4098.37454059,6485.030803355981,-4293.866384950108,1907.2101221841258,4159.493424898231,-10.373793627453079,-50.74509068077805,4466.134046562559,-131.50462542355504,-236.25488054900416
2019-03-30,4106.66008466,6495.971708187182,-3639.8072258422985,1250.4956023151171,4248.79333762121,-36.15918958991928,-105.97406337129087,4504.147283721842,-178.79297199902754,-218.6942270628133
2019-03-31,4105.40429618,6506.902968271247,-3533.589513793036,1132.0908417017881,4359.055416553387,-44.39559387218502,-209.25552650120244,4542.341050666885,-220.85335599626632,-216.0833984906194
2019-04-01,4158.18307045,6517.824640209941,-3533.871984376738,1174.2304146167971,4481.52858987112,-79.72869543160081,-243.61682398951962,4580.610810408801,-209.376705963531,-213.0510339952698
2019-04-02,4879.87782845,6528.7367816175565,-2904.0861002507168,1255.227147083161,4610.097808081983,79.03150616836488,190.74851419965216,4618.892240424924,-12.610325618621019,273.5959136436968
2019-04-03,4973.02181522,6539.639451130228,-3076.1792764858005,1509.5616405755718,4741.621541097207,119.52923914239898,111.87103498039323,4657.15541152848,38.35645755503031,277.5099461364898
2019-04-04,4922.79878778,6550.532708354179,-2849.787614200813,1222.0536936266335,4867.14513978126,-15.760890533850425,71.41453853259009,4695.372737057847,-26.951933795556563,254.37798451770868
2019-04-05,5036.68110011,6561.416613788998,-2765.313457042865,1240.5779433638681,4975.645699040349,-18.476021475558852,79.51142254520983,4733.516844958098,-96.34919049299842,399.51344564490137
2019-04-06,5059.81718799,6572.29122895827,-2923.323606015143,1410.849565046873,5057.366717095165,-51.99944456248845,54.449915457324096,4771.574881589087,-131.42505514727907,419.66736154819137
2019-04-07,5198.89699014,6583.156616439526,-2495.9789842819328,1111.719357982406,5110.012250352955,-44.449359219470296,133.33409900651532,4809.555259885416,-124.08718951781205,513.4289197723965
2019-04-08,5289.77104039,6594.012839839332,-2381.6695732179614,1077.4277737686298,5140.583306987447,-77.69856592098772,226.8862993235407,4847.489658395039,-66.31072388131479,508.5921058762751
2019-04-09,5204.95837847,6604.859963951983,-2395.5952602410885,995.6936747591044,5159.043943272945,97.16670626604574,-51.25227106899092,4885.418513763663,-66.14797702629457,385.68784173263157
2019-04-10,5324.5518687,6615.698054854557,-2207.946457329151,916.8002711745949,5166.702951219571,116.09806373431856,41.750853746110806,4923.374649145202,-47.472860925146165,448.65008047994434
2019-04-11,5064.48767243,6626.52717999473,-2812.123753332456,1250.0842457677254,5164.897667854711,-30.22677702985188,-70.18321839485816,4961.375432477883,86.4471557845182,16.66508416759916
2019-04-12,5089.53891201,6637.347408232902,-2757.790292606518,1209.9817963836158,5158.66549638242,-23.58012266907861,-45.546461703342175,4999.431218721839,-39.16491997793491,129.2726132660955
2019-04-13,5096.58656276,6648.15880971776,-2777.781107378554,1226.2088604207938,5156.408826983043,-44.05205673412815,-15.77020748891482,5037.583538390193,169.08717024785557,-110.08414587804873
2019-04-14,5167.72236684,6658.961455891235,-2761.971997803803,1270.7329087525677,5164.302871157237,-25.061151561366742,28.480647244129614,5075.946622962454,188.57889505282228,-96.80315117527607
2019-04-15,5067.10847228,6669.75541950903,-2726.845694893305,1124.1987476642744,5182.580190655807,-39.32040436545414,-76.15131401035342,5114.692835602789,183.380118011805,-230.9644813345949
2019-04-16,5235.55941893,6680.540774664127,-2756.6175810958475,1311.6362253617208,5206.2876389468265,85.71464282298894,-56.44286283981546,5154.066384487507,139.6296606000353,-58.136626157542196
2019-04-17,5251.93818854,6691.317596863544,-2485.463928526985,1046.0845202034407,5234.834785506583,85.06720800308018,-67.96380496966322,5194.365624279211,-21.846367689951695,79.41893195074044
2019-04-18,5298.38569881,6702.085963015194,-2444.234776725327,1040.534512520133,5267.794266057198,-50.76631868465291,81.35775143745468,5235.920454922114,-29.83106588366195,92.29630977154739
2019-04-19,5303.81261613,6712.8459515763025,-2339.845494298592,930.812158852289,5302.605736379499,-9.489344578589995,10.69622432909091,5279.056531993266,154.23226122173872,-129.47617708500457
2019-04-20,5337.8861323,6723.597642641651,-2368.2504341743925,982.5389238327416,5333.308302396654,-12.167205947710787,16.745035851056855,5324.045570871804,71.76419154173075,-57.92363011353427
2019-04-21,5314.5314532,6734.341118033958,-2510.7624622907833,1090.9527974568255,5354.2642070701195,-10.531341279206085,-29.201412590913606,5371.103987737264,41.932937540860515,-98.50547207812451
2019-04-22,5399.36541009,6745.076461314276,-2489.0749777317574,1143.3639265074826,5362.068500629336,-46.02136359588628,83.31827305655042,5420.449003790533,4.657629713488621,-25.741223414021988
2019-04-23,5572.36206051,6755.803757746031,-2291.1729338736272,1107.7312366375972,5359.618425779017,41.500918678953134,171.24271605203012,5472.291250175355,110.67068823561002,-10.599877900965112
2019-04-24,5464.86664182,6766.5230942919825,-2363.8727409336057,1062.2162884616228,5351.539671290187,21.23987965623988,92.08709087357329,5526.793105789296,67.2038644292732,-129.13032839856896
2019-04-25,5210.51555862,6777.234559667981,-2480.3387657267485,913.6197646787678,5342.205809502058,-58.03327620121409,-73.65697468084454,5584.017308766107,-52.952587869718215,-320.5491622763884
2019-04-26,5279.34821147,6787.938244429909,-2352.0443240587397,843.4542910988303,5334.3773548736735,8.33136707184345,-63.360510475517,5643.952119143231,179.4633743454437,-544.0672820186746
2019-04-27,5268.29106346,6798.634241111444,-2317.6352718833973,787.2920942319543,5333.574813110132,61.383591304826766,-126.66734095495849,5706.547392051022,88.60943527113979,-526.8657638621617
2019-04-28,5285.13900822,6809.322644334206,-2293.44801558708,769.2643794728738,5347.3551049984835,-17.89763335482801,-44.318463423655885,5771.740143873805,41.787313731730634,-528.3884493855367
2019-04-29,5247.35253746,6820.003550895886,-2307.141947819079,734.4909343831932,5380.468248691673,-21.477967253472887,-111.63774397819907,5839.488141822076,16.040239446820802,-608.1758438088964
2019-04-30,5350.72669668,6830.6770598387075,-1814.366345895817,334.4159827371095,5430.726278107249,34.51191251149376,-114.5114939387422,5909.7861460036565,-115.35575591028652,-443.7036934133703
2019-05-01,5402.69709069,6841.343272576608,-1878.5046700923492,439.8584882057412,5488.926819210433,-24.418663356741533,-61.81106516369164,5982.612419313892,-142.3153795909274,-437.599949032965
2019-05-02,5505.28367176,6852.00229317012,-1548.7961703830636,202.077548972944,5549.428069187052,-65.02076186895985,20.876364441908663,6057.8755700897345,-4.245565900155054,-548.346332429579
2019-05-03,5768.28940693,6862.654228414567,-1280.004194707041,185.6393732224742,5616.067950749476,-53.61246976915447,205.83392594967881,6135.43257667373,96.85076672294434,-463.9939364666743
2019-05-04,5831.16747167,6873.299188027278,-1336.7768855519782,294.6451691946995,5695.071690422557,79.8925144354466,56.2032668119964,6215.132849032688,10.183578370413276,-394.1489557331015
2019-05-05,5795.70842926,6883.9372847389495,-1504.4348238841544,416.20596840520557,5791.3583637588945,11.468547255161495,-7.11848175405612,6296.805329583499,-203.21933142323132,-297.87756890026776
2019-05-06,5746.80700343,6894.5686342738345,-1578.66187321797,430.9002423741358,5905.524876474312,64.73780641258136,-223.45567945689345,6380.240582891229,-258.64442021516254,-374.78915924606645
2019-05-07,5829.50151628,6905.1933553157705,-1390.9633020972915,315.271463061521,6035.814136399099,64.98888458692791,-271.3015047060271,6465.13005339143,-231.1348773652642,-404.4936597461656
2019-05-08,5982.45732286,6915.811569553793,-946.1415435257171,12.787296831924323,6185.849181175081,-59.05489852471684,-144.33695979036384,6551.091088654989,-137.29396568242746,-431.33980011256153
2019-05-09,6174.52868876,6926.423401853876,-794.8104986324182,42.91578553854106,6358.929440532483,-53.6159960260382,-130.78475574644472,6637.73137523235,-101.31161454869441,-361.89107192365555
2019-05-10,6378.8489737,6937.028980520336,-744.6715816652045,186.49157484486932,6555.744833232923,-144.483946323968,-32.41191320895541,6724.681226542792,-74.78666437574755,-271.0455884670437
2019-05-11,7204.77169716,6947.62843736652,-624.3162136354017,881.4594734288821,6779.300292030096,-15.880813968270115,441.3522190981748,6811.627628057327,109.43664049525702,283.70742860741666
2019-05-12,6972.37152291,6958.221907572238,-752.9795664488265,767.1291817865886,7011.755577190657,105.72372946975459,-145.10778375041173,6898.282284031916,-143.73426883812962,217.8235077162135
2019-05-13,7814.91513992,6968.809529290185,-101.41429449914791,947.5199051289628,7226.101853493497,144.09078948275763,444.7224969437448,6984.381192729371,177.8992031954055,652.6347439952233
2019-05-14,7994.41615632,6979.39144361383,187.95904816312208,827.0656645430472,7414.954388817898,91.56919184532845,487.89257565677326,7069.651322086999,140.01182034150918,784.7530138914908
2019-05-15,8205.16749484,6989.967794529283,463.7085420610385,751.4911582496779,7569.083784469052,-91.97331970617222,728.0570300771196,7153.777202279114,37.29349760159179,1014.0967949592932
2019-05-16,7884.90929094,7000.53872899942,117.80137423327757,766.5691877073023,7680.372948544242,-89.09588917848214,293.63223157424,7236.371175726827,74.17862739504531,574.3594878181275
2019-05-17,7343.89571659,7011.104397051612,-371.86578906340264,704.6571086017912,7749.6231204847945,-203.03365810513355,-202.69374578966108,7316.994061649823,-226.12925943702302,253.03091437720013
2019-05-18,7271.20790408,7021.664951810302,278.7687647275935,-29.2258124578957,7789.125550697221,-79.43204062725624,-438.4856059899648,7395.237142300585,-185.9279516941129,61.898713473528005
2019-05-19,8197.68969114,7032.220549673341,997.1268459880773,168.34229547858104,7810.758663958886,196.3144510498606,190.61657613125317,7470.786593616778,44.90631079817259,681.9967867250489
2019-05-20,7978.30907244,7042.771350799399,975.3353506313795,-39.79762899077923,7839.630868288752,213.22898482194253,-74.55078067069462,7543.485030521033,-29.17788744240685,464.0019293613741
2019-05-21,7963.32777911,7053.317519162629,1012.1909438135817,-102.18068386621053,7890.842034653765,106.9546023911991,-34.468857934964035,7613.32335479428,-6.403713691407194,356.4081380071275
2019-05-22,7680.06654589,7063.8592226966575,485.0421861033898,131.16513708995262,7967.408605857788,-74.4741313497007,-212.8679286180868,7680.360593111029,20.407673871348408,-20.70172109237683
2019-05-23,7881.84672105,7074.396633356065,620.1068045797008,187.3432831142345,8061.358272698732,-121.21878875166605,-58.292762897066495,7744.747432474492,173.5122289814486,-36.41294040594039
2019-05-24,7987.37156583,7084.929926971822,452.40386141427496,450.037777443903,8159.77567944574,-159.85988968993416,-12.544223925806364,7806.764999893835,106.55927801185118,74.04728792431342
2019-05-25,8052.54385907,7095.459283127526,753.81329960221,203.27127634026328,8255.918119491862,-125.50449664640766,-77.86976377545489,7866.8674922176015,38.62014138293435,147.05622546946415
2019-05-26,8673.21603511,7105.984884995364,1179.3131399043411,387.9180102102937,8348.533702981633,263.32772339926305,61.35460872910335,7925.650317825837,355.66139294696285,391.9043243371998
2019-05-27,8805.7783766,7116.5069194038415,1246.9110216291892,442.3604355669686,8430.763968364063,169.19383078374662,205.82057745219026,7983.7607299298115,14.717179621510017,807.300467048678
2019-05-28,8719.9617362,7127.025576703418,1283.0707430885889,309.8654164079944,8494.846104884993,-4.303787630653323,229.41941894566116,8041.821252483497,122.34421299646371,555.7962707200395
2019-05-29,8659.48775584,7137.541050664689,980.0211537832399,541.9255513920716,8527.997609820022,-93.0750454102243,224.5651914302016,8100.322470007523,109.88225741411,449.2830284183665
2019-05-30,8319.47222898,7148.053538453571,599.7033194044429,571.7153711219853,8521.54055491918,-149.21195426138485,-52.85637167779532,8159.499189934081,-35.37360613707817,195.34664518299633
2019-05-31,8574.50164907,7158.563240396686,913.9911990323495,501.9472096409645,8475.735162034425,-19.383511308512958,118.14999834408809,8219.56859461788,-149.57907962187693,504.512134073997
2019-06-01,8564.01647182,7169.070359822707,1016.310442332837,378.63566966445524,8401.273155273466,-41.02796968818662,203.7712862347198,8280.758038489577,-114.87126155534644,398.1296948857689
2019-06-02,8742.95810038,7179.575103003795,1432.4812828896174,130.90171448658657,8314.027653792582,201.38898092074757,227.54146566667077,8343.348719703945,44.06851963058712,355.54086104546695
2019-06-03,8208.99482964,7190.077679162616,872.0718673552002,146.8452831221839,8224.48268088767,116.62708707181528,-132.1149383194852,8407.676587737895,96.1931061189668,-294.8748642168621
2019-06-04,7707.77077085,7200.578300519675,725.1578461638005,-217.96537583347526,8134.855473595236,-122.26031984327714,-304.8243829019584,8474.063691273288,-200.20628588801767,-566.0866345352697
2019-06-05,7824.23153913,7211.077182221913,709.8092928500987,-96.65493594201234,8049.622286847758,-107.67137121346207,-117.71937650429572,8542.804217678267,-275.69563399393695,-442.8770445543305
2019-06-06,7822.02338228,7221.5745424008255,729.4916897966409,-129.0428499174668,7982.60776534493,-170.17561952651974,9.591236461589688,8614.179521308184,-153.7582717628893,-638.3978672652947
2019-06-07,8043.95135807,7232.070601940178,708.052136242409,103.82861988741388,7951.8411163218725,101.62806851080789,-9.51782676267976,8688.367084573512,-62.01335081003004,-582.4023756934821
2019-06-08,7954.12772355,7242.565584185568,473.9140051423348,237.64813422209772,7963.7596649126945,109.91560497612349,-119.54754633881748,8765.343967711098,172.92745596911678,-984.1437001302147
2019-06-09,7688.07711075,7253.059714457905,174.61836640589894,260.39902988619633,8010.565548165066,115.91684514787377,-438.40528256293874,8844.857526356767,249.3199444514367,-1406.1003600582035
2019-06-10,8000.32982299,7263.553219568675,838.4832061914102,-101.70660277008483,8079.709981012577,125.55811328621992,-204.93827130879708,8926.492457774739,381.399782684118,-1307.5624174688564
2019-06-11,7927.71435114,7274.046327475588,919.032265867779,-265.3642422033672,8171.717229573993,-234.35611118674728,-9.646767247245407,9009.826593358788,-49.201474804389484,-1032.9107674143988
2019-06-12,8145.85747373,7284.539267194263,922.3502143413218,-61.032007805584726,8291.691521923656,-170.30886127264765,24.474813078990337,9094.486713320464,358.7491863326988,-1307.3784259231634
2019-06-13,8230.92383068,7295.032268521833,816.4694406657691,119.42212149239731,8437.376634956974,-154.73785709812466,-51.71494717884889,9180.143100677917,229.91050054371908,-1179.1297705416364
2019-06-14,8693.83281543,7305.525561378993,1377.9618083998203,10.34544565118631,8596.108076027449,164.58300851400656,-66.85826911145523,9266.499666104628,-83.60284697231738,-489.0640037023113
2019-06-15,8838.37523367,7316.019375093783,1338.3401887033103,184.01566987290607,8761.19164209627,251.70971848580803,-174.52612691207833,9353.335289556366,-40.47491457080754,-474.4851413155575
2019-06-16,8994.48801293,7326.513937810914,1408.7491031752738,259.2249719438114,8934.63118274264,-42.287976630891755,102.14480681825262,9440.433232524041,-498.6621868740115,52.71696727997005
2019-06-17,9320.35218253,7337.009475682933,1716.0997853803183,267.24292146674816,9115.654289826467,220.0449020752593,-15.347009371726017,9527.498901601219,-407.884061548419,200.7373424771995
2019-06-18,9081.76285149,7347.50621202776,1495.8545375137055,238.40210194853535,9300.860071757963,-333.5964383095696,114.49921804160658,9614.22945468262,-64.79700662886047,-467.6695965637591
2019-06-19,9273.52176614,7358.004366499847,1484.6808468891106,430.8365527510432,9492.23208217219,-44.854763454908834,-173.85555257728083,9700.310272277153,-125.20416399110564,-301.58434214604677
2019-06-20,9527.16035008,7368.504154185898,1551.8941936948986,606.7620021992025,9670.115894851378,-150.38056098694676,7.425016215567666,9785.501632517049,17.757445273085445,-276.0987277101358
2019-06-21,10144.5567168,7379.005784437695,1817.0498429858744,948.5010893764302,9836.872718492046,33.5131134166957,274.17088489125854,9869.717959797581,30.93236352059767,243.9063934818205
2019-06-22,10701.691013,7389.509459540603,1386.0984459288077,1926.0831075305887,10022.867307998162,312.10210177278185,366.7216032290562,9952.938698988497,76.65917056583262,672.0931434456706
2019-06-23,10855.3710156,7400.015373001995,1765.4245394872382,1689.9311031107673,10237.498575774793,-169.0304625358812,786.9029023610874,10035.112071638123,-22.19060392292274,842.4495478848003
2019-06-24,11011.1024485,7410.52370739802,1933.0557476893998,1667.522993412581,10493.292458494208,402.8134606220281,114.99652938376312,10116.075957952433,-14.621448984475126,909.6479395320421
2019-06-25,11790.916533,7421.0346329506065,2539.9585273962475,1829.9233726531456,10847.590579702934,-455.36955290413755,1398.695506201204,10195.508836589574,261.15564923560794,1334.2520471748176
2019-06-26,13016.2317442,7431.548306044231,2907.1565052834712,2677.526932872297,10993.827564606925,170.47944314407218,1851.9247364490038,10272.925273597044,-112.84270394625028,2856.149174549206
2019-06-27,11182.8062855,7442.0648672885,1739.2326007959018,2001.508817415599,11138.897108507821,-141.93961318421907,185.84879017639832,10347.725082082403,41.05271470261395,794.0284887149846
2019-06-28,12407.331998,7452.584439160158,2926.5374421114816,2028.2101167283608,11261.399886765359,-78.34586949319265,1224.277980727833,10419.238077466493,-7.870726278382165,1995.96464681189
2019-06-29,11959.3709764,7463.107124493404,2627.6683614467984,1868.5954904597975,11337.335386935369,297.510368802948,324.5252206616824,10486.738613448677,-177.0954589008521,1649.727821852175
2019-06-30,10817.1555981,7473.633004644836,2072.444019956851,1271.0785734983137,11365.94228066747,-238.20212950017947,-310.58455306729047,10549.44701969073,-281.3526189993047,549.061197408575
2019-07-01,10583.1345195,7484.162137668871,1744.3281055628343,1354.6442762682946,11354.603246823139,436.50573650025365,-1207.9744638233933,10606.616683157012,-240.1789280946497,216.6967644376382
2019-07-02,10801.6779238,7494.694556690169,1606.9358887888682,1700.047478320963,11345.412326895761,-659.5554705647897,115.821067469029,10657.643452070677,-56.37016967634418,200.40464140566655
2019-07-03,11961.2693412,7505.230267594528,2372.340239209199,2083.698834396273,11355.174504638886,450.0654401607158,156.0293964003995,10702.171939366392,71.0763931762898,1188.0210086573188
2019-07-04,11215.4375483,7515.769246189872,1944.8618004728264,1754.8065016373012,11377.809514184642,-84.9228871772786,-77.44907870736279,10740.084266013111,-91.46413557213191,566.8174178590216
2019-07-05,10978.4599518,7526.311435312502,1996.784422658902,1455.3640938285953,11408.068659617606,-85.01816655669518,-344.59054126090996,10771.439991026984,-97.2816277039786,304.30158847699386
2019-07-06,11208.5508454,7536.8567424755065,2071.3765511660517,1600.3175517584414,11435.851628758423,275.4184236787972,-502.71920703722026,10796.443983010138,143.89220417454487,268.2146582153164
2019-07-07,11450.8467553,7547.4050374873705,2451.2495566072216,1452.1921612054075,11454.427605608325,-319.8933060980062,316.3124557896808,10815.416080590792,179.62256579366243,455.8081089155439
2019-07-08,12285.958217,7557.956149643331,2772.5340924895445,1955.4679748671242,11464.496614716512,411.95699613859387,409.50460614489384,10828.735019640295,463.68060083011795,993.5425965295872
2019-07-09,12573.8129407,7568.50986487973,2956.9498957026435,2048.353180117627,11452.942417893437,-695.4136135436544,1816.2841363502175,10836.788246714186,529.6994550481115,1207.3252389377012
2019-07-10,12156.5126313,7579.065922414302,2747.077976207936,1830.3687326777617,11402.33548985031,484.99892025362516,269.17822119606535,10839.947509573354,561.2448394080761,755.3202823185693
2019-07-11,11358.661752,7589.624011677936,2073.585118245107,1695.4526220769558,11312.683119631789,-17.30452517660208,63.28315754481264,10838.590221110166,93.07260610336117,426.99892478647234
2019-07-12,11815.9866867,7600.183769656597,2481.7943201943135,1734.0085968490885,11198.40536580778,-94.41088841732208,711.9922093095429,10833.107829122984,402.3019431153557,580.5769144616606
2019-07-13,11392.3793357,7610.744778262268,2066.7100487746716,1714.92450866306,11066.819017801015,188.58648677725515,136.97383112172975,10823.986668708974,239.60931815675383,328.78334883427124
2019-07-14,10256.0582756,7621.306561637387,1083.4691832106766,1551.282530751937,10934.210713205905,-198.8684944816708,-479.2839431242337,10811.83468322249,-145.06739456941835,-410.70901305307234
2019-07-15,10895.0893874,7631.868583677161,1528.1243600355597,1735.0964436872791,10809.316125262505,312.4095164133898,-226.63625427589614,10797.363035362927,-178.62777642433582,276.3541284614075
2019-07-16,9477.64204235,7642.430245860859,323.06625786967584,1512.1455386194657,10693.04343583187,-603.8716941195656,-611.5296993623051,10781.361129299152,-531.3059930348355,-772.413093914316
2019-07-17,9693.80272448,7652.990885165133,191.77858486534467,1849.0332544495232,10598.030695801825,270.9574898261279,-1175.185461147952,10764.659012257976,-406.513845215806,-664.3424425621706
2019-07-18,10666.4828491,7663.549772557378,839.9833333464326,2162.949743196191,10527.887332832026,46.54706853665423,92.04844773132027,10748.046569263133,-177.1997718194819,95.63605165634908
2019-07-19,10530.7326264,7674.106111480756,808.7814063035537,2047.845108615691,10466.015399284175,64.27033175117087,0.4468953646537557,10732.17024493028,-177.6243809315711,-23.81323759870793
2019-07-20,10767.1395226,7684.659036905213,742.0806759679335,2340.399809726853,10402.652255766776,149.59549491758543,214.89177191563977,10717.424090342844,84.75325727508196,-35.03782501792557
2019-07-21,10599.1053965,7695.20761544369,352.6575279440408,2551.240253112269,10328.477493890625,-126.98352705252557,397.6114296618998,10703.881164151982,117.36454007468623,-222.14030772666956
2019-07-22,10343.1061684,7705.750846026536,642.4373341521065,1994.9179882213575,10241.485494232622,155.7150317367454,-54.094357569367276,10691.385568208123,8.230037779349367,-356.50943758747235
2019-07-23,9900.76801058,7716.287661769544,424.7090426327602,1759.7713061776958,10138.64188720579,-534.8281715511392,296.9542949253482,10679.702880191968,-97.65747720787857,-681.2773924040903
2019-07-24,9811.92618837,7726.816933816151,568.059781795389,1517.04947275846,10025.073951590026,65.03887899476217,-278.18664221478866,10668.571030201523,-2.851226501336768,-853.7936153301871
2019-07-25,9911.84226491,7737.337476491087,859.9907469152249,1314.5140415036885,9918.68315163896,99.951706012187,-106.79259274114702,10657.725454358397,119.8612816428215,-865.7444710912187
2019-07-26,9870.30353766,7747.8480540259925,1050.7929527926813,1071.6625308413268,9843.480257890598,91.15536221602817,-64.33208244662637,10647.001342179969,-301.07871450936847,-475.6190900105994
2019-07-27,9477.67767811,7758.347389152716,1039.9599679851772,679.370320972108,9816.309050166657,92.22416112675334,-430.85553318341044,10636.323680977193,-144.53247482820805,-1014.1135280389863
2019-07-28,9552.86043541,7768.8341739511325,1534.828837630057,249.19742382881122,9841.139699922232,-39.44248287043143,-248.83678164179946,10625.702100472332,-181.08910332207168,-891.7525617402589
2019-07-29,9519.14591371,7779.307083386679,1482.9458071765532,256.8930231467675,9917.682908013438,194.9782513160072,-593.5152456194464,10615.314439728352,-353.16763103764686,-743.000894980707
2019-07-30,9607.42368665,7789.764791608751,1583.47847385817,234.18042118307858,10041.577487972423,-238.89504662763133,-195.25875469479251,10605.497757590681,-527.1718806053973,-470.9021903352841
2019-07-31,10085.6277491,7800.205990831565,1862.4403436066382,422.9814146617964,10201.86756519994,-150.00429052459057,33.76447442464996,10596.638858906264,-450.415369753686,-60.59574005257855
2019-08-01,10399.6694229,7810.629413526738,2219.1916652771242,369.84834409613813,10385.794942537532,67.34885326047147,-53.47437289800291,10589.039130218443,-263.40258355201775,74.03287623357392
2019-08-02,10518.1746772,7821.033858310415,2489.1508251064442,207.98999378314147,10572.52401469919,71.57232845601287,-125.92166595520212,10582.869108731158,-8.976601251392417,-55.71783027976562
2019-08-03,10821.7265103,7831.418220463141,2423.9531932298587,566.3550966070025,10758.161107937383,-31.90182261572959,95.46722497834708,10578.237723409891,47.039821660231866,196.448965229878
2019-08-04,10970.1842157,7841.7815273487095,2629.169968892903,499.2327194583859,10946.171165389791,15.484904261355265,8.52814604885316,10575.1772098822,100.86027171411564,294.14673410368414
2019-08-05,11805.6537253,7852.122978667925,3331.609369086179,621.9213775458957,11132.64200844688,270.53028604948935,402.481430803633,10573.610149137234,362.47195681671224,869.5716193460539
2019-08-06,11478.1693461,7858.640409872794,3354.5778058598144,264.95113036739076,11297.268569023696,-61.06021505633168,241.9609921326355,10573.370178285042,365.20476389189236,539.5944039230653
2019-08-07,11941.9683406,7865.120900817581,3578.9593340967444,497.8881056856753,11411.31874748244,-253.3741287743549,784.0237218919137,10574.21824804637,625.0964437191734,742.6536488344555
2019-08-08,11966.407405,7871.564627826403,3121.6537702894216,973.1890068841749,11452.550048956084,-30.78152585930694,544.6388819032236,10575.859008658914,785.8160522301866,604.7323441109002
2019-08-09,11862.93676,7877.971771310055,3320.5309871145278,664.4340015754178,11415.951894898144,41.752071003281756,405.23279409857423,10577.9580091344,672.4256903544898,612.5530605111107
2019-08-10,11354.0242177,7884.342514343625,2086.8438614514835,1382.8378419048913,11314.049042728955,-89.59919922986154,129.5743742009072,10580.128528686855,303.4708582540439,470.4248307591006
2019-08-11,11523.5793784,7890.677043216998,2569.7262830794853,1063.1760521035176,11171.193568081473,15.212835511241078,337.17297480728485,10581.946739826162,463.45117563817854,478.1814629356595
2019-08-12,11382.6159562,7896.975545489268,2237.9059424681177,1247.7344682426128,11016.681075993765,386.11594942522964,-20.181069218995617,10583.01945672948,308.0318141983303,491.5646852721893
2019-08-13,10895.8304358,7903.23820984747,2315.1971178181075,677.3951081344239,10866.186506224043,90.01601365243877,-60.37208407648177,10582.993970852738,-33.82681655325928,346.6632815005214
2019-08-14,10051.7039313,7909.465226428409,1110.0893886835004,1032.1493161880917,10727.850417759078,-287.8943364789682,-388.2521499801096,10581.480845474,-102.504148794251,-427.2727653797483
2019-08-15,10311.545429,7915.656788612847,1281.6388447331747,1114.2497956539773,10611.294853045012,-120.69281564229797,-179.05660840271412,10578.155561828073,-348.62843147064285,82.01829864256979
2019-08-16,10374.3393471,7921.813094295629,1411.3986122640936,1041.1276405402768,10522.163015540697,22.3854786581715,-170.20914709886893,10572.732961871232,-257.2278897578589,58.83427498662604
2019-08-17,10231.7438454,7927.934344599768,1507.347766055755,796.4617347444773,10461.358307569248,-120.74054272418661,-108.87391944506089,10564.949736749793,-102.52379891133093,-230.68209243846286
2019-08-18,10345.8103795,7934.020742477566,2043.6775253645885,368.11211165784607,10427.56135305515,13.437079001736572,-95.18805255688676,10554.65409507513,-74.92373599911957,-133.9199795760087
2019-08-19,10916.0538702,7940.072492300837,2301.6046699309227,674.3767079682393,10411.54564883448,391.21293422754195,113.29528713797663,10541.830364811432,174.1796052695939,200.0439001189734
2019-08-20,10763.2326304,7946.089800985164,1696.827344509681,1120.3154849051552,10400.509249090046,211.90593437601245,150.81744693394103,10526.591652329385,176.44053518566142,60.20044288495228
2019-08-21,10138.049355,7952.072876631909,1276.3188976918414,909.6575806762494,10381.223431753107,-281.77551506362204,38.60143831051391,10509.145573692222,-14.08023830748995,-357.01598038473276
2019-08-22,10131.0561021,7958.0219244876635,824.5050332040098,1348.529144408326,10347.505605442011,-187.81865848489628,-28.630844857116244,10489.769621642045,-135.59775921004777,-223.11576033199708
2019-08-23,10407.965329,7963.9371450806875,970.8032890819587,1473.2248948373535,10296.403469226798,-42.88997350430059,154.4518332775042,10468.807692879765,-44.12762820831387,-16.7147356714504
2019-08-24,10159.9605385,7969.81873118159,951.5254409895618,1238.616366328847,10228.230450053983,-136.98532258201627,68.71541102803349,10446.654244685176,-169.89170868301125,-116.80199750216525
2019-08-25,10138.517665,7975.666870385981,961.6388778417173,1201.2119167723013,10148.479900118706,-48.910212251599305,38.94797713289336,10423.737609209196,-594.9388016675612,309.71885745836516
2019-08-26,10370.8201605,7981.481748813001,911.7546129074196,1477.5837987795785,10066.731918910818,312.2087936412197,-8.120552052037965,10400.532671054574,-386.2095212141142,356.4970106595392
2019-08-27,10185.4998997,7987.26355271108,864.486874368754,1333.7494726201658,9992.34446920116,234.13110379991633,-40.97567330107631,10377.478122650602,-487.2410027449336,295.26277979433144
2019-08-28,9754.42327325,7993.012467918836,743.596872067061,1017.813933264104,9937.348716609386,-121.17391238544563,-61.751530973939225,10354.84432667554,-554.874035404246,-45.54701802129421
2019-08-29,9510.20054413,7998.728686392338,657.3912673712105,854.0805903664514,9914.571669933996,-126.1044490128073,-278.2666767911869,10332.670548497357,-626.6049821758854,-195.86502219147042
2019-08-30,9598.17364826,8004.412404489237,671.3568753574741,922.4043684132894,9930.695217969182,-73.87591988990711,-258.6456498192729,10310.781219559804,-505.1498474122358,-207.45772388756632
2019-08-31,9630.66384768,8010.0638203541785,707.6133658001197,912.9866615257015,9981.719049517938,-92.62767725037871,-258.4275245875597,10288.88111441179,-337.2936792056866,-320.9235875261038
2019-09-01,9757.97031807,8015.683134460106,792.3886243725572,949.8985592373365,10057.20871404971,-67.19270985418123,-232.04568612552794,10266.609554893055,-153.32999471089406,-355.3092421121619
2019-09-02,10346.7607927,8021.270557353135,1064.239021309209,1261.2512140376566,10147.49091581229,180.19099869624188,19.078878191468903,10243.537489043121,85.24598259402595,17.97732106285366
2019-09-03,10623.5401172,8026.82631018211,992.871948342663,1603.8418586752268,10241.150720750602,133.46504161538672,248.92435483401096,10219.212414912254,175.65726693633854,228.67043535140874
2019-09-04,10594.4933536,8032.35062339327,744.6950846799954,1817.447645526735,10322.969111750379,-47.08780221037754,318.6120440599989,10193.185927611039,384.05590310632624,17.25152288263598
2019-09-05,10575.533284,8037.843736097042,553.2768097813973,1984.4127381215603,10379.696824584003,-29.006102106432703,224.8425615224278,10165.056266426065,356.15778687730284,54.319230696632076
2019-09-06,10353.3025592,8043.3058962199275,274.28082524027354,2035.7158377397982,10407.103158650903,-56.74541361131698,2.9448141604134435,10134.460034395152,460.3138343936265,-241.47130958877824
2019-09-07,10517.254784,8048.737359700982,249.22782716648786,2219.2895971325315,10408.45959670157,-33.587587758484965,142.38277505691622,10101.091801057297,626.8992908456405,-210.73630790293646
2019-09-08,10441.275979,8054.138396357723,156.37858816758165,2230.758994474696,10391.845109261982,-16.308999145088016,65.73986888310719,10064.717578402924,546.2151135780883,-169.65671298101188
2019-09-09,10334.9741628,8059.509294811565,85.16842398557235,2190.296444002861,10367.39231337008,92.10884553435346,-124.52699610443415,10025.182031725602,371.86122657522776,-62.06909550083037
2019-09-10,10115.9757913,8064.850362747734,155.2015878220807,1895.9238407301846,10342.05873088676,-12.540159800525519,-213.54277978623577,9982.416006356421,416.7005512003772,-283.1407662567999
2019-09-11,10178.3718893,8070.16192734157,286.07335770763393,1822.136604250797,10318.637604580379,-50.599815495560534,-89.66589978481716,9936.467166873033,331.69577739979536,-89.79105497282762
2019-09-12,10410.1268031,8075.444335612126,323.1820050249216,2011.5004624629528,10301.182050856904,30.3650623744957,78.57968986860033,9887.570401982412,156.4918174227078,366.06458369488064
2019-09-13,10360.5472773,8080.697954768144,368.2681950161077,1911.5811275157484,10292.232414116923,-16.95169039893311,85.2665535820106,9836.112237629659,9.764816935076901,514.6702227352635
2019-09-14,10358.0491621,8085.923170841505,221.96221334115643,2050.163777917339,10292.1100139928,35.928341123598834,30.01080698360056,9782.484797254463,-31.193025220560187,606.7573900660973
2019-09-15,10347.7129074,8091.120389895628,253.38465934079952,2003.2078581635724,10292.23189352229,66.5018580126729,-11.020844134962317,9727.097752192612,-32.07459740508296,652.6897526124703
2019-09-16,10276.7935649,8096.290037361173,195.3651064541202,1985.1384210847054,10280.827676186369,91.51245421766708,-95.54656550403706,9670.37875773384,-34.88058098344014,641.2953881495978
2019-09-17,10241.2721545,8101.4325588659685,111.3492536680355,2028.4903419659968,10253.638571363932,-132.90162721786638,120.53521035393533,9612.71750691052,14.845709831793634,613.7089377576867
2019-09-18,10198.2484072,8106.548418772697,130.51687086463505,1961.1831175626694,10205.363502917908,-86.64794525076188,79.53284953285402,9554.442478787567,176.86807500120796,466.93785341122566
2019-09-19,10266.4149694,8111.638101769851,102.71595464867602,2052.060912981473,10122.915415402069,-6.292245478401278,149.79179947633384,9495.854777032506,134.04134944916987,636.5188429183254
2019-09-20,10181.6413094,8116.702113481148,146.33248350252074,1918.60671241633,9996.413371815643,7.67524342259496,177.5526941617627,9437.217763814113,-19.67176307512365,764.0953086610116
2019-09-21,10019.7169101,8121.740979370073,403.5311923505285,1494.4447383793986,9824.165042613633,46.423566321645666,149.12830116472105,9378.67928288375,-96.69021132030606,737.7278385365571
2019-09-22,10070.3921064,8126.755239422685,655.6423791015836,1287.9944878757315,9606.66299131774,47.94625869873048,415.7828563835301,9320.271078683443,-76.19595610528404,826.3169838218419
2019-09-23,9729.32376435,8131.745441616761,72.69859975480477,1524.8797229784332,9354.932194594803,101.44643153081641,272.94513822438057,9261.964186451996,-376.6135687819183,843.9731466799221
2019-09-24,8620.56642733,8136.712141132919,-591.6623116969245,1075.5165978940058,9089.833174796666,-124.06059056623126,-345.2061569004345,9203.669828951868,-660.3879842907697,77.28458266890266
2019-09-25,8486.99297206,8141.655899583717,-398.53145232941534,743.8685248056972,8835.08699780203,-30.735779388864945,-317.35824635316567,9145.274204827687,-381.0367298509954,-277.244502916692
2019-09-26,8118.96756783,8146.577286540824,-542.8256720250165,515.2159533141921,8617.12275116417,-9.758664298122163,-488.3965190360477,9086.678392737776,-366.33101678883344,-601.3798081189434
2019-09-27,8251.84555744,8151.476879775017,-467.51862363675593,567.8873013017383,8451.940562683369,-4.947094991038325,-195.1479102523299,9027.895577651101,-367.4815330877125,-408.5684871233898
2019-09-28,8245.91515478,8156.355263694845,-306.539033382006,396.09892446716094,8343.093654627544,11.63475541878611,-108.81325526633191,8969.134520689671,-409.7795020359889,-313.43986387368386
2019-09-29,8104.18567564,8161.213026733336,-118.98246714782144,61.95511605448519,8283.859019007723,-6.279917769665747,-173.39342559805664,8910.759358770061,-324.9005363375778,-481.67314679248375
2019-09-30,8293.86774062,8166.050761111296,-96.48239884519276,224.29937835389774,8258.941299860004,113.99035431547244,-79.06391355547566,8853.228020753742,-211.40787767014152,-347.9524024636012
2019-10-01,8343.2766814,8170.869063969754,-589.0497897409448,761.4574071711904,8247.218244471946,-87.76947238953808,183.82790931759337,8797.043675067158,-148.47653749203974,-305.2904561751184
2019-10-02,8393.04164486,8175.668537575345,-746.7451551831971,964.1182624678522,8240.098997203802,37.066308074547436,115.87633958165134,8742.714293692396,75.8792286873352,-425.5518775197306
2019-10-03,8259.99197863,8180.449791358476,-858.2331261806066,937.7753134521299,8237.151764451102,4.782048995862729,18.05816518303436,8690.772415043852,159.53820736995152,-590.318643783803
2019-10-04,8205.93924121,8185.213444227182,-837.1591002597061,857.8848972425258,8242.834939428316,-43.526812884790004,6.631114666473877,8641.807602513047,219.58661841725632,-655.4549797203026
2019-10-05,8151.50052921,8189.96012613411,-787.2815702569071,748.8219733327969,8256.051463417545,-27.266622701989853,-77.2843115055548,8596.447617691552,233.55235074221625,-678.4994392237677
2019-10-06,7988.15595888,8194.69047928797,-863.1073386379269,656.5728182299572,8270.906681757942,-56.86198365906742,-225.88873921887443,8555.339639102594,206.9927553559771,-774.1764355785717
2019-10-07,8245.622933,8199.405158127835,-833.9211501655886,880.1389250377542,8285.859639958315,83.83985172298351,-124.07655868129768,8519.088293992862,362.4650958588241,-635.9304568516854
2019-10-08,8228.7831528,8204.104831740695,-850.104632452706,874.7829535120127,8303.21149166686,-48.32968535276768,-26.098653514090984,8488.221333376454,329.3747013036047,-588.8128818800578
2019-10-09,8595.73981722,8208.790183974506,-709.5173485015849,1096.4669817470785,8322.373670513818,73.89174853542545,199.4743981707561,8463.157780590667,259.42050161265394,-126.83846498332241
2019-10-10,8586.47342543,8213.461904307598,-725.450153895094,1098.4616750174955,8339.079764382504,63.0250390288961,184.36862201859913,8444.170907305897,228.0573316104764,-85.75481348637368
2019-10-11,8321.75671178,8218.120679323714,-935.970454404508,1039.6064868607937,8345.332194958419,-82.62534249251051,59.04985931409283,8431.298614600024,227.99013852680025,-337.53204134682346
2019-10-12,8336.55527417,8222.767197948595,-932.8394562314784,1046.6275324528833,8334.381358972181,-33.491734659930984,35.665649857748576,8424.303345615048,186.88101857267768,-274.6290900177264
2019-10-13,8321.00574668,8227.402156486818,-911.1861729348442,1004.7897631280266,8304.47520714469,-8.700095456124615,25.23063499143609,8422.770130509592,124.21404184381856,-225.97842567341104
2019-10-14,8374.6864467,8232.02625998022,-924.6891517655192,1067.3493384852973,8260.816177285444,51.45281491801515,62.41745449654081,8426.193481741639,187.2366177360396,-238.74365277767902
2019-10-15,8205.36931588,8236.640223224374,-888.2252070340284,856.9542996896544,8214.873218142113,-49.48789494927183,39.983992687159116,8433.989299141203,126.18328397423396,-354.8032672354375
2019-10-16,8047.52686305,8241.244769830317,-950.9911882560875,757.273281475771,8176.410421892155,24.154823008609714,-153.03838185076438,8445.52732958352,21.923374734169045,-419.92384126768775
2019-10-17,8103.91137325,8245.840628252443,-987.9371527984038,846.0078977959602,8146.674074849046,39.80846723970458,-82.57116883875005,8460.157627032151,60.89226469283116,-417.13851847498245
2019-10-18,7973.20744597,8250.428526912172,-1054.4563341515056,777.2352532093337,8123.783155963904,-115.58585082661138,-34.989859167293616,8477.226704606754,84.03447072864596,-588.0537293653997
2019-10-19,7988.56044241,8255.009195656765,-1061.1351566481824,794.6864034014179,8111.711129152954,6.122446442570826,-129.27313318552387,8496.073041639502,106.23202396215348,-613.7446231916547
2019-10-20,8222.07826034,8259.583372215213,-949.8220249256952,912.316913050483,8131.967855352761,93.27962660050024,-3.169221613260561,8516.072934707432,64.64797945501485,-358.64265382244685
2019-10-21,8243.72113905,8264.151804391478,-928.9343245657843,908.503659224305,8210.213025835279,55.42504137863128,-21.916928163910598,8536.670039138857,10.632322185497237,-303.5812222743534
2019-10-22,8078.20332194,8268.715249468503,-801.6769395815277,611.1650120530248,8349.5660858681,-28.50665890702793,-242.85610502107284,8557.342336062015,-76.0233304434969,-403.1156836785176
2019-10-23,7514.67201276,8273.274473159498,-978.7206547359986,220.1181943365009,8561.571879737716,-16.02506701731531,-1030.8747999604002,8577.625414618753,-372.00230363038276,-690.95109822837
2019-10-24,7493.48873154,8277.830250214141,-973.9642562759353,189.62273760179414,8701.4297806168,3.332203350418194,-1211.2732524272178,8597.154766876734,-615.638405054042,-488.02763028269237
2019-10-25,8660.70063696,8282.383363644105,-585.2463163182306,963.5635896341264,8913.051123845917,-149.9144314863044,-102.43605539961209,8615.647490001236,-362.0163396712979,407.0694866300619
2019-10-26,9244.97220867,8286.934601185685,-382.6545301009552,1340.6921375852708,9069.11052102079,5.903192122762856,169.95849552644722,8632.856151874641,-289.8294307567475,901.945487552106
2019-10-27,9551.7149631,8291.484755725935,-251.12644339689047,1511.3566507709547,9178.58445838074,124.6953264926963,248.43517822656395,8648.514760934779,-215.41243564155639,1118.6126378067765
2019-10-28,9256.14838876,8296.034624791479,-277.83512684583025,1237.9488908143521,9239.394533886334,49.93826471810122,-33.18440984443441,8662.313132978827,-170.20304488821262,764.0383006693864
2019-10-29,9427.68758384,8300.585010226943,-363.029838753635,1490.132412366691,9265.76765723125,7.567295776902451,154.3526308318469,8673.92701758974,-151.90199703978442,905.6625632900432
2019-10-30,9205.72655905,8305.136720164812,-405.05063392127374,1305.6404728064608,9283.07261897854,-13.85429279723748,-63.49176713130328,8683.037218878406,-23.49726168794688,546.186601859541
2019-10-31,9199.58483269,8309.690570630077,-423.0927712169357,1312.9870332768587,9294.204690186243,-12.608416149983725,-82.01144134625974,8689.381092723559,-38.99457718573374,549.1983171521733
2019-11-01,9261.104352,8314.24738662736,-357.6164131077833,1304.4733784804248,9295.685262728566,-174.8796322346162,140.29872150605115,8692.77986945389,28.688782341835115,539.635700204275
2019-11-02,9324.71776331,8318.807999419058,-357.02418329436455,1362.9339471853073,9292.636639115448,-9.735099059540904,41.81622325409262,8693.139840909269,39.67326969754633,591.9046527031842
2019-11-03,9235.35487947,8323.373245721572,-474.7253542517311,1386.70698800016,9281.901509927744,129.8022287225142,-176.34885918025793,8690.406921109225,4.064885369977297,540.8830729907986
2019-11-04,9412.61187106,8327.94396592947,-346.95138633831016,1431.6192914688418,9257.07497370253,20.297677921837376,135.23921943563255,8684.52376588368,70.83113499289414,657.2569701834273
2019-11-05,9342.52717939,8332.521000948647,-280.00624680284795,1290.0124252442001,9220.518339196435,54.94815973999026,67.0606804535746,8675.40573198587,72.28203883729714,594.8394085668333
2019-11-06,9360.87991187,8337.105191703004,39.47329082086338,984.3014293461347,9171.987777067783,41.76173635710494,147.13039844511331,8662.92262474372,202.5121132397411,495.4451738865391
2019-11-07,9267.56114253,8341.697380074496,-5.956029707339667,931.8197921628434,9114.716436622939,1.8967658198843758,150.9479400871769,8646.889441059211,220.108214170042,400.5634873007457
2019-11-08,8804.88071936,8346.298410967202,-387.3422037282969,845.9245121210952,9052.75800072957,-176.61553557749315,-71.26174579207509,8627.101044157016,225.20536143233485,-47.425686229349594
2019-11-09,8813.58248677,8350.90913434432,-392.8600523271483,855.5334047528286,8985.108463374556,-33.42040917942071,-138.10556742513654,8603.405472275106,169.34515373854128,40.8318607563524
2019-11-10,9055.52605732,8355.530410406132,-485.9446604096447,1185.9403073235117,8912.598664835241,73.14921916188023,69.7781733228785,8575.73500929832,140.0160312194049,339.77501680227397
2019-11-11,8757.78854226,8360.163110945383,-533.9809363364072,931.6063676510239,8843.047676627266,-1.205412331524439,-84.05372203574188,8544.086554990366,109.93984107391914,103.76214619571329
2019-11-12,8815.66253925,8364.808116193486,-482.29715523304674,933.1515782895603,8780.137501188041,63.121336928661016,-27.596298866703364,8508.517157259661,123.43339516838932,183.7119868219488
2019-11-13,8808.2625823,8369.466311927416,-387.4437787837095,826.240049156293,8721.791711155845,99.2164185814563,-12.745547437301866,8469.16464019101,169.36258288337535,169.73535922561496
2019-11-14,8708.09509517,8374.138583659917,-687.4473307676861,1021.4038422777685,8660.486027037836,15.02646318190066,32.582604950262976,8426.26025739364,66.10632209147931,215.72851568488113
2019-11-15,8491.99201234,8378.825814487118,-866.0328792639486,979.1990771168312,8585.036845804663,-140.13403666066597,47.08920319600293,8380.134586597396,42.58358619896173,69.27383954364268
2019-11-16,8550.76055694,8383.528888633444,-902.4150632709996,1069.6467315775553,8488.772595469165,-33.38230020762783,95.37026167846307,8331.207027729723,26.449478177174214,193.10405103310404
2019-11-17,8577.9757816,8388.24868965107,-753.6567635096226,943.3838554585527,8371.299790838126,12.128120389805908,194.54787037206916,8279.972426892775,-67.38685382471508,365.3902085319405
2019-11-18,8309.28598342,8392.986099806063,-601.5514082349287,517.8512918488668,8233.68985834662,-52.99092966583832,128.58705473921873,8226.95678775936,49.12330734076792,33.20588831987334
2019-11-19,8206.14591807,8397.742001481747,-908.5916599087691,716.9955764970218,8080.590759958467,10.155349328744656,115.39980878278857,8172.668314404556,52.916256874078584,-19.438653208634605
2019-11-20,8027.26824331,8402.517278327126,-1142.4056937197536,767.1566587026264,7918.796590863834,97.18663316039154,11.28501928577407,8117.6046543335415,-19.084192090963533,-71.25221893257822
2019-11-21,7642.74994484,8407.31281280845,-1053.029663377051,288.4667954086017,7759.368440307073,16.881393649454665,-133.4998891165269,8062.292194301454,-175.48104457950228,-244.0612048819521
2019-11-22,7296.57756843,8412.129485346417,-1317.7868734818717,202.23495656545492,7617.138886857776,-32.13137703827786,-288.4299413894987,8007.234323869619,-352.9957671943134,-357.6609882453067
2019-11-23,7397.7968154,8416.968176953553,-1353.8978688718835,334.7265073183298,7504.649534460679,24.121980224154328,-130.97469928483315,7952.834631003754,-472.8472609417647,-82.19055466198915
2019-11-24,7047.91688176,8421.829772840822,-1655.793652354722,281.88076127390013,7430.673180461766,-0.3543647532103247,-382.40193394855487,7899.374300795246,-317.8611452370908,-533.5962737981554
2019-11-25,7146.13390214,8426.71517092028,-1416.4865063869352,135.90523760665383,7393.436589258024,-76.8543094342165,-170.44837768380694,7847.102191752545,-205.9742143474486,-494.9940752650964
2019-11-26,7218.37133433,8431.625283082238,-1597.936851261845,384.6829025096067,7385.6322136924655,-36.310246622263335,-130.9506327402023,7796.298366807932,-136.39568753457678,-441.5313449433561
2019-11-27,7531.6636446,8436.561032837617,-1893.209963584352,988.3125753467357,7396.974302358695,35.8338826556563,98.85545958564853,7747.286376070163,-51.31341656980443,-164.309314900358
2019-11-28,7463.1061283,8441.523360793295,-1777.6036314455416,799.1863989522462,7416.290445549115,8.775230568664545,38.04045218222018,7700.383973855809,-11.292206036243115,-225.98563951956567
2019-11-29,7761.24360172,8446.513227294108,-1558.873769718768,873.6041441446596,7433.610185248692,56.1047945148343,271.5286219564741,7655.886920824329,129.4614446914244,-24.10476379575357
2019-11-30,7569.63012202,8451.53161026412,-1622.0394785610358,740.1379903169145,7445.729788027169,63.945819514839975,59.954514477991324,7614.029076327275,39.88452418017147,-84.2834784874467
2019-12-01,7424.29226516,8456.579507717659,-1236.7821384775248,204.4948959198664,7449.215843568735,-9.925768237710246,-14.997810171024867,7574.965981258808,13.310027943812813,-163.98374404262086
2019-12-02,7321.98811242,8461.657942049756,-1525.3031947107565,385.6333650809993,7445.471987430049,-87.53106426793298,-35.95281074211562,7538.772033717861,-27.459023175039892,-189.32489812282074
2019-12-03,7320.1454684,8466.767959603501,-1538.4327516610042,391.8102604575033,7438.527570270493,-110.92613762753454,-7.455964242958544,7505.456221558731,-99.60299482831363,-85.70775833041716
2019-12-04,7252.03458617,8471.910627375284,-1501.844045095412,281.9680038901279,7432.799860238871,1.841563871233662,-182.60683794010492,7474.974811418077,-2.9879567370752227,-219.95226851100142
2019-12-05,7448.30752084,8477.087029607224,-1705.4526101789702,676.6731014117449,7428.8735363214,22.410566131268077,-2.9765816126682694,7447.263855230474,36.30693567429752,-35.26327006477186
2019-12-06,7546.99669772,8482.298272841552,-1684.1967914076695,748.8952162861169,7424.917698724142,119.47334947267433,2.6056495231841836,7422.251820905314,82.50765290396103,42.237223910725334
2019-12-07,7556.23803387,8487.545489746271,-1686.432152548375,755.1246966721046,7416.590706648795,60.87357290471852,78.7737543164867,7399.89839599438,191.2323160709188,-34.892678195297776
2019-12-08,7564.3454032,8492.829839706761,-1728.5451253861052,800.0606888793445,7401.218379209539,48.35117566252091,114.77584832793946,7380.184170424093,219.89238308218393,-35.731150306277414
2019-12-09,7400.89935576,8498.152509037707,-1949.2222360333851,851.9690827556769,7377.095186512164,-79.78323769221228,103.58740694004791,7363.052398840999,156.6395055936489,-118.79254867464806
2019-12-10,7278.1197833,8503.514712845332,-1996.7212401331155,771.3263105877832,7341.888556362061,-167.41673809067555,103.64796502861464,7348.425095958948,108.4402978928616,-178.7456105518104
2019-12-11,7217.4271152,8508.917694376165,-2136.591963919832,845.101384743668,7293.396475331524,-16.552936460809935,-59.41642367071381,7336.261762008478,112.90538677729471,-231.74003358577284
2019-12-12,7243.13436273,8514.362719682407,-2199.720224111959,928.4918671595515,7236.04145165871,17.105138807606473,-10.012227736316163,7326.529630033814,71.55596624874283,-154.95123355255691
2019-12-13,7269.68455922,8519.851081808734,-2096.2664316694218,846.0999090806872,7182.189186262242,92.70031541593232,-5.204942458174628,7319.176719455559,152.05092853018766,-201.5430887657467
2019-12-14,7124.67396997,8525.384122364147,-2078.3716308536623,677.6614784595149,7141.558521017694,35.364389198347055,-52.24894024604146,7314.1401015351485,56.26432135782344,-245.73045292297138
2019-12-15,7152.30184412,8530.963232409398,-2072.712670751817,694.0512824624184,7117.113393744135,128.02692190268465,-92.83847152681938,7311.341816350415,166.10942820237642,-325.1494004327915
2019-12-16,6932.48038982,8536.589843654978,-2139.9484076580306,535.8389538230531,7108.288532190076,-33.56821512159844,-142.23992724847722,7310.683204369298,127.20619083241765,-505.40900538171627
2019-12-17,6640.51524608,8542.265425967746,-1715.3481018292239,-186.4020780585215,7114.826613889856,-148.27987258027252,-326.0314952295839,7312.09345349196,-22.0049154458532,-649.5732919661068
2019-12-18,7276.80277047,8547.991491117944,-1054.3322090811553,-216.85651156678796,7134.994077270983,-10.945418440366144,152.75411163938224,7315.606403159247,138.38746721477906,-177.1910999040265
2019-12-19,7202.84436364,8553.769594926467,-1028.8837884696043,-322.0414428168624,7168.092902889424,-32.34096161815495,67.0924223687307,7321.340691002096,87.49563603184129,-205.9919633939371
2019-12-20,7218.81638679,8559.601339694844,-731.2382094857767,-609.5467434190668,7207.781863395199,37.42104164647415,-26.386518251672896,7329.474630936194,26.47761178737432,-137.13585593356856
2019-12-21,7191.15846913,8565.488370589093,-886.7928878124998,-487.53701364659355,7245.9590018908575,4.8577426763593055,-59.658275437216616,7340.2272900895,-161.18743474481994,12.118613785321031
2019-12-22,7511.58904232,8571.432371667432,-989.7188302578948,-70.1244990895375,7275.936565692776,126.90252176892494,108.74995485829913,7353.821431913316,-197.86197228161018,355.62958268829425
2019-12-23,7355.62826671,8577.435061617687,-845.2842915446136,-376.52250336307225,7296.214815469907,2.929994393334127,56.48345684675951,7370.429441768918,-232.80464885004852,218.003473791131
2019-12-24,7322.5324589,8583.498187833002,-960.3173258927885,-300.64840304021345,7309.408007654269,-83.85519355768271,96.97964480341398,7390.197242487203,-292.6252482501263,224.9604646629232
2019-12-25,7275.15572845,8589.623527124471,-1006.5348551420487,-307.93294353242163,7318.5960509339975,24.018072439410304,-67.45839492340747,7413.198154907466,-209.5738900447785,71.53146358731283
2019-12-26,7238.96702501,8595.812883627044,-838.0913551417941,-518.7545034752502,7318.645814244541,-98.71846924499505,19.039680010453594,7439.399371141454,-232.7838290103348,32.35148287888023
2019-12-27,7290.08851803,8602.068084433151,-634.1744978060746,-677.8050685970766,7306.585954525292,11.85362599218584,-28.351062487477975,7468.641040658159,-127.09872080985042,-51.45380181830842
2019-12-28,7317.99003408,8608.390975901977,-527.166887296695,-763.2340545252819,7286.817384435666,-31.342624910247878,62.51527455458199,7500.667862430971,-99.78682641189904,-82.89100193907143
2019-12-29,7422.65258898,8614.783424472089,1318.774004365914,-2510.9048398580035,7270.344130226407,62.1250514418836,90.18340731170883,7535.159042386084,97.69604935411778,-210.20250276020215
2019-12-30,7292.99507783,8621.247312823263,1222.5307162363745,-2550.7829512296375,7264.391443768044,8.708697274934517,19.894936787020924,7571.799572839933,-17.525894782638826,-261.2786002272942
2019-12-31,7193.59897843,8627.784542159752,1509.3768414558008,-2943.562405185553,7271.070418601847,67.61139565943746,-145.08283583128468,7610.337221618577,-41.40036914913865,-375.33787403943825
2020-01-01,7200.17439274,8634.397036593336,1484.4419063274254,-2918.6645501807616,7294.048310069561,47.66531496665457,-141.53923229621523,7650.5908790130325,-109.47577800412992,-340.9407082689022
2020-01-02,6985.47000061,8641.08674375749,1660.237779251387,-3315.8545223988776,7338.451746987932,-136.71387929760402,-216.26786708032796,7692.4323479935065,-136.54484305374476,-570.4175043297619
2020-01-03,7344.88418341,8647.855634544414,2275.714159610916,-3578.6856107453295,7405.286430256377,19.722978600731093,-80.12522544710737,7735.775401927383,-70.00590485292928,-320.88531366445386
2020-01-04,7410.65656642,8654.705707125724,2335.802778859043,-3579.8519195647677,7493.01462452207,-43.25835548671602,-39.099702615354545,7780.531902846199,-27.96819832585276,-341.90713810034686
2020-01-05,7411.31732676,8661.638994609979,2076.4800727399643,-3326.8017405899436,7596.133679267972,-16.84573977119554,-167.97061273677718,7826.603708919306,-6.410904539216748,-408.87547762008944
2020-01-06,7769.21903905,8668.657564803743,2404.9648990027304,-3304.403424756474,7705.03793394061,-34.56342287860262,98.74452798799302,7873.882283510373,200.40954691503276,-305.07279137540536
2020-01-07,8163.69223944,8675.763509367618,2831.6659604449787,-3343.737230372597,7812.996948784872,174.1553674495781,176.5399232055497,7922.241710344958,278.56531534818293,-37.114786253140664
2020-01-08,8079.86277673,8682.958940753591,2377.204796239701,-2980.300960263292,7916.178084682798,79.01590193809804,84.66879010910452,7971.536672323637,146.76265821344745,-38.43655380708333
2020-01-09,7879.07152428,8690.245989987676,1844.4152797781385,-2655.589745485815,8016.783610027044,-142.09300380064175,4.38091805359727,8021.624898430772,76.39953218629576,-218.95290633706827
2020-01-10,8166.55414039,8697.626803423082,2115.352818492786,-2646.4254815258682,8116.6421452421,30.226465560007128,19.685529587892233,8072.379605829431,173.07808304583486,-78.90354848526658
2020-01-11,8037.53738872,8705.103541382106,2265.4363039107557,-2933.002456572862,8215.186256690722,-56.59052910731441,-121.0583388634077,8123.728933196885,79.69743833456909,-165.8889828114534
2020-01-12,8192.49400532,8712.678374521069,2389.062434950064,-2909.246804151132,8312.57061781256,-94.15559802442192,-25.92101446813831,8175.680942431785,187.4968678272766,-170.6838049390608
2020-01-13,8144.19451744,8720.353483285797,2193.3735735345394,-2769.532539380336,8412.223165049381,-67.5382022248968,-200.4904453844847,8228.321336374787,10.233909928153128,-94.36072886294096
2020-01-14,8827.76442606,8728.131057355033,2767.4515633264314,-2667.8181946214645,8511.567180446376,224.07639233060962,92.12085328301328,8281.789987133108,258.3304163669829,287.64402255990717
2020-01-15,8807.01027532,8736.013293169777,2912.826654234033,-2841.82967208381,8602.032689397953,118.9780180005415,85.99956792150624,8336.286000622522,176.22955473691678,294.49471996056127
2020-01-16,8723.78576573,8744.002381755665,2730.2988740681744,-2750.5154900938396,8673.517029800389,-85.2706980196693,135.53943394927956,8392.013027994726,-62.01438265327505,393.7871203885479
2020-01-17,8929.0376776,8752.10047531085,2688.765071057732,-2511.8278687685824,8719.955123016893,14.60163618883803,194.48091839426888,8449.077962225381,138.77975444896458,341.1799609256541
2020-01-18,8942.80890321,8760.309685500746,2495.411649230138,-2312.9124315208846,8737.688507710614,-87.18934707832315,292.3097425777087,8507.505175141792,20.196717648478796,415.1070104197279
2020-01-19,8706.24512993,8768.632090900452,2572.071335286676,-2634.4582962571285,8728.446961668587,-121.49678066552381,99.29494892693583,8567.203209532952,78.50988829190518,60.53203210514221
2020-01-20,8657.64293942,8777.069740936378,2324.898177272236,-2444.3249787886143,8697.870737308956,-97.09171108798297,56.86391319902759,8627.934826530947,-106.46705311757167,136.17516600662566
2020-01-21,8745.89478833,8785.624655474381,2106.3631805509826,-2146.0930476953636,8661.154752734314,187.73601350981548,-102.99597791412816,8689.349597056567,-42.294263527245974,98.83945480067996
2020-01-22,8680.87604222,8794.29883681762,682.06082646829,-795.4836210659096,8636.360180584728,120.86467987112862,-76.34881823585783,8751.064470156529,-108.53424475997626,38.34581682344651
2020-01-23,8406.5160678,8803.09427430583,517.6114130279145,-914.1896195337449,8638.021209191553,3.998544971327542,-235.50368636288113,8812.651889427638,-177.82554735474025,-228.31027427289882
2020-01-24,8445.43428152,8812.012942798327,665.0154069473563,-1031.5940682256833,8672.282779808436,6.699357789381043,-233.5478560778174,8873.67060188794,-73.01317859632653,-355.2231417716139
2020-01-25,8367.84777344,8821.05681023784,682.617375705777,-1135.8264125036167,8739.27069606015,-62.29380589498257,-309.1291167251675,8933.713102967486,-163.71730103019064,-402.14802849729494
2020-01-26,8596.82983316,8830.227828176949,808.9854886480125,-1042.3834836649612,8831.614326637084,-86.95931117566958,-147.82518230141432,8992.421757953283,-121.0599085713582,-274.532016221925
2020-01-27,8909.81917753,8839.527892895889,921.2850031197898,-850.9937184856781,8940.382308393506,-106.00665686137437,75.44352599786907,9049.505670758797,-183.54713142258183,43.860638193784325
2020-01-28,9358.59031703,8848.95881396164,785.1185830513275,-275.48707998296777,9054.267994395857,85.13223618676977,219.1900864473737,9104.718187151871,-25.190042834482583,279.06217271261266
2020-01-29,9316.62950445,8858.522331597887,1177.8884500732067,-719.7812772210937,9160.671628847784,104.00903321286279,51.94884238935447,9157.799449382563,-143.2467802740484,302.076835341486
2020-01-30,9508.9935947,8868.220150085139,1419.3041236308518,-778.5306790159912,9246.859270312772,47.891256437741056,214.24306794948643,9208.435239922806,-91.85635359850232,392.41470837569614
2020-01-31,9350.52936518,8878.053968736558,1223.4725003176568,-750.9971038742151,9313.262989342687,6.480190490387275,30.786185346925777,9256.272976505108,-147.15874716821128,241.4151358431027
2020-02-01,9392.87536841,8888.025486777127,1248.9297374427258,-744.079855809854,9365.610685666848,-75.2788111969028,102.54349394005294,9300.953750821887,-84.0940251116626,176.01564269977462
2020-02-02,9344.36529292,8898.13639623105,1329.1522591227622,-882.9233624338121,9412.494061810572,-47.69304072633792,-20.435728164235115,9342.097404667975,-15.736006425042213,18.003894677067365
2020-02-03,9293.52108908,8908.388373654649,1050.9480058320742,-665.815290406721,9464.16691972505,-132.61554930962222,-38.03028133542648,9379.36120007693,-4.43941346000969,-81.40069753691932
2020-02-04,9180.9629665,8918.783091208987,756.91989978999,-494.7400244989767,9525.938858351583,70.33938177164177,-415.31527362322595,9412.489107775635,64.71924274316781,-296.2453840188027
2020-02-05,9613.42428895,8929.322219956175,1746.4207403354287,-1062.3186713416035,9595.919843898722,78.06728880672438,-60.56284375544601,9441.29939603644,289.3772404367416,-117.25234752318102
2020-02-06,9729.80223149,8940.007428263643,1568.748740622388,-778.9539373960306,9675.9795815689,64.82266577074478,-11.000015849644114,9465.71072007217,429.42330722700547,-165.33179580917385
2020-02-07,9795.94377253,8950.840379644818,1402.7432837523618,-557.6398908671799,9765.534425457292,44.25981962058443,-13.850472547876052,9485.7958822791,201.16797249873335,108.97991775216542
2020-02-08,9865.11946905,8961.822730810485,1934.083082086822,-1030.7863438473078,9860.292255339866,-67.28271360898805,72.1099273191212,9501.733819765526,129.29839245126715,234.087256833207
2020-02-09,10116.673759,8972.956130242768,526.3746782032995,617.3429505539316,9950.680643997315,20.610559428602762,145.38255557408047,9513.681142734446,264.3079412808491,338.68467498470454
2020-02-10,9856.61149362,8984.24221520768,333.1438787612524,539.2253996510663,10022.849527420147,-140.29982720679985,-25.938206593347786,9521.69028010737,120.80328367565114,214.11792983697705
2020-02-11,10208.2362609,8995.682600577436,575.5910372364476,636.9626230861159,10066.473981181882,73.94181338214054,67.82046633597747,9525.702804488488,107.85185045399291,574.6816059575176
2020-02-12,10326.0545246,9007.278885089523,645.7089996819911,673.0666398284866,10081.648815627448,-3.4038517315542336,247.80956070410684,9525.575704903327,-161.02662419461848,961.5054438912921
2020-02-13,10214.3794638,9019.032654506253,642.2089176843199,553.1378916094272,10076.05740711314,3.493033269263872,134.82902341759655,9521.171771674017,99.49219750619743,593.7154946197861
2020-02-14,10312.1160909,9030.945486176555,649.9424262880746,631.228178435369,10052.244697956716,43.89522406323702,215.97616888004632,9512.45260738403,5.554276720301584,794.109206795667
2020-02-15,9889.42462838,9043.018951703565,611.0935311964333,235.31214548000207,10011.67217756852,-56.213733972466116,-66.03381521605297,9499.282732295253,-265.560144136482,655.7020402212293
2020-02-16,9934.43339025,9055.254620742813,790.8729750825397,88.30579442464659,9956.484520614924,69.48748246966679,-91.53861283459082,9481.458287630961,-64.71206837812547,517.6871709971638
2020-02-17,9690.14261814,9067.654055622641,655.6203693393488,-33.13180682198981,9894.101585672026,-61.90733896861519,-142.0516285634112,9458.681252733342,-195.88908499525525,427.3504504019129
2020-02-18,10141.9963705,9080.218804640712,670.6780997508299,391.0994661084569,9838.210778015466,109.07777167673261,194.7078208078001,9430.59760846637,-7.783794370941238,719.1825564045703
2020-02-19,9633.38688518,9092.950397258297,428.1422802363629,112.29420768533964,9792.767520931398,-73.95373527736777,-85.42690047403084,9396.7877357613,-168.75054647185848,405.349695890558
2020-02-20,9608.47590343,9105.850348750497,424.1773540898135,78.4482005896898,9745.607209274087,-26.697685079239207,-110.43362076484664,9356.779848249667,-157.28162561256246,408.9776807928956
2020-02-21,9686.44119763,9118.920152340841,234.83388877100563,332.68715651815364,9681.75623240336,54.986140871439424,-50.301175644799514,9310.103534419197,-260.93900773936053,637.276670950163
2020-02-22,9663.18182933,9132.161256514866,29.86934015550179,501.151232659633,9592.240049622214,-39.945849481952834,110.88762918973953,9256.380970268783,-167.7269667137383,574.527825774956
2020-02-23,9924.51522822,9145.575043710398,334.1400705498822,444.80011395971997,9479.610724731816,-10.006994759061666,454.9114982472456,9195.374238503135,21.74778227011512,707.3932074467502
2020-02-24,9650.17480677,9159.16284463237,-72.55474078256736,563.5667029201959,9352.327455276329,-26.391070856940463,324.23842235061056,9127.016788400855,-69.78880463986224,592.946823009006
2020-02-25,9341.70516876,9172.92592585076,-50.52643951938259,219.30568242862137,9221.943641247091,88.3745906919579,31.386936820950723,9051.493941829674,-71.8410334542307,362.0522603845566
2020-02-26,8820.52220005,9186.865482939702,-159.9229393878094,-206.4203435018935,9096.889836216638,-107.57436805506076,-168.79326811157807,8969.294135759867,-184.06005973748668,35.28812402762014
2020-02-27,8784.49384867,9200.982640615488,-120.20175570512251,-296.28703624036643,8983.899962044967,45.084570839994896,-244.49068421496304,8881.230683855134,-110.54974901587136,13.812913830735852
2020-02-28,8672.45534996,9215.278394919158,-335.79804883421815,-207.0249961249392,8891.740396814686,135.10187090309097,-354.38691775777625,8788.40882304291,-239.81718768196234,123.8637145990524
2020-02-29,8599.50861972,9229.753603840523,1630.2208847409056,-2260.465868861429,8827.734290984412,77.5246272394263,-305.7502985038391,8692.09035292944,8.347555371501251,-100.92928858094092
2020-03-01,8562.45405008,9244.408997593728,1006.2914049086644,-1688.246352422393,8793.676173600885,-148.5288533637052,-82.69327015718045,8593.51849145012,-47.50040316945373,16.43596179933229
2020-03-02,8869.67031078,9259.245188924388,1163.5808633712827,-1553.1557415156694,8784.094949276154,-90.36868979300806,175.944051296854,8493.78088919254,98.94349842505493,276.94592316240596
2020-03-03,8787.78645576,9274.262679679206,886.008960851325,-1372.4851847705313,8781.775014783227,-43.926108836782,49.93754981355596,8393.782247265348,158.69999907603437,235.30420941861848
2020-03-04,8755.24589461,9289.461864599321,98.11662430053286,-632.3325942898555,8765.48380046557,-100.96309952162542,90.72519366605411,8294.24034438748,117.91484303492689,343.0907071875936
2020-03-05,9078.76279174,9304.843035649379,248.42117263217776,-474.50141654155595,8721.571503801282,184.61997419479223,172.5713137439252,8195.705899386126,204.51292194127657,678.5439704125965
2020-03-06,9122.54557333,9320.40638794024,154.90327087546518,-352.76408548570544,8650.31297521777,223.90381635594835,248.3287817562814,8098.587761629918,355.3221335139444,668.6356781861386
2020-03-07,8909.9536515,9336.152025870279,-449.384073345652,23.18569897537418,8568.995629762905,148.40837216472562,192.54964957236916,8003.185093500813,523.8932190846912,382.87533891449493
2020-03-08,8108.11629101,9352.079967087691,-534.2844970915007,-709.6791789861909,8489.732055619335,-333.79859360275464,-47.81717100657988,7909.6905798519265,344.51151676382085,-146.08580560574683
2020-03-09,7923.6447033,9368.190147359792,-266.1710407532031,-1178.3744033065886,8398.244813933754,-170.25646036908194,-304.34365026467185,7818.217822977172,321.2943499659797,-215.8674696431508
2020-03-10,7909.72939346,9384.482429081694,-647.1163694994473,-827.6366661222473,8235.019197650174,-115.91735408244016,-209.37245010773313,7728.888718593377,377.61497298779824,-196.77429812117498
2020-03-11,7911.43012933,9400.956609747578,-771.1283487988545,-718.3981316187237,7954.537447910356,-46.92746118928627,3.820142608930837,7641.829007257169,104.46618441785263,165.13493765497878
2020-03-12,4970.78790105,9417.612430769332,-1743.966899571692,-2702.8576301476396,7549.721604333309,301.2458341370254,-2880.179537420335,7557.136112897601,12.161482871221832,-2598.509694718823
2020-03-13,5563.70689169,9434.449583433183,-1555.2195515865806,-2315.5231401566025,6813.794418339838,271.69111771341346,-1521.7786443632513,7474.882475217022,-194.8924427236675,-1716.2831408033544
2020-03-14,5200.36626392,9451.467712692182,-1428.9900928884217,-2822.1113558837596,6545.400517929036,144.80990362957743,-1489.844157638613,7395.1596389345095,-3.815983732568566,-2190.977391281941
2020-03-15,5392.31488002,9468.666420799967,-1372.1784650097297,-2704.173075770238,6288.040293477345,-445.5974841875333,-450.12792926981183,7318.097506553794,-43.749897807623526,-1882.0327287261707
2020-03-16,5014.47997748,9486.04527266775,-1072.2530521257283,-3399.3122430620215,5803.03080186373,-185.69565703931,-602.855167344419,7243.883976129035,-346.73535637912136,-1882.668642269913
2020-03-17,5225.62919259,9503.6038015293,-956.1171013465148,-3321.8575075927856,5741.433535541128,-88.20715605652435,-427.5971868946035,7172.704889108774,-158.5292140934636,-1788.5464824253113
2020-03-18,5238.43857664,9521.341523271703,-789.6176610580818,-3493.285285573622,5804.961167534215,16.197640586612888,-582.7202314808274,7104.712800184496,-264.3847909559006,-1601.889432588595
2020-03-19,6191.19295222,9539.257962789377,-422.6030368151878,-2925.46197375419,5900.840172241545,336.82433936593486,-46.47155938747983,7040.048320329896,-38.50658747367349,-810.3487806362227
2020-03-20,6198.77820508,9557.352632828168,-646.7801346775516,-2711.7942930706167,6009.757287487595,233.39781384512446,-44.376896252720144,6978.90499483147,-193.55007651024434,-586.5767132412257
2020-03-21,6185.06651501,9575.625029835977,-619.2430244599288,-2771.315490366048,6125.551637526842,89.03895352505867,-29.524076041900116,6921.495645268345,-298.2844376014394,-438.14469265690514
2020-03-22,5830.25479765,9594.074635653502,-585.8850892645021,-3177.9347487389996,6232.2515403977495,-463.98437432653265,61.987631578783294,6868.041598340747,-428.649123137486,-609.1376775532617
2020-03-23,6416.31475839,9612.70092043478,-354.9543692116433,-2841.4317928331366,6315.490288844278,-113.45119709116395,214.27566663688503,6818.8150357003415,-228.30393517836566,-174.19634213197605
2020-03-24,6734.80378045,9631.50334582316,-137.122920478173,-2759.576644894986,6372.92845086244,-35.15220834041731,397.0275379279774,6774.172779798786,14.390034039570846,-53.75903338835724
2020-03-25,6681.06312656,9650.481367802935,116.12769557238123,-3085.545936815317,6410.228026139772,50.66305282209788,220.17204759813012,6734.607705411672,-80.93341518909763,27.388836337425346
2020-03-26,6716.44054866,9669.634441509856,264.80018632835237,-3217.9940791782083,6429.908669265862,277.4197624852452,9.112116908892858,6700.749855583379,-103.00392876441107,118.69462184103213
2020-03-27,6469.79813509,9688.9620249282,1004.4633465271111,-4223.627236365311,6434.686014699147,86.05597681984437,-50.94385642899124,6673.321067303792,-250.87933402689052,47.35640181309827
2020-03-28,6242.1938684,9708.463582370328,976.6785412150034,-4442.9482551853325,6431.788123017075,-29.86669292098059,-159.7275616960951,6653.032821232415,-212.94522884443765,-197.89372398797786
2020-03-29,5922.0431227,9728.138588405558,-703.1011132460741,-3102.9943524594837,6434.27514400849,-359.7315645539735,-152.50045675451656,6640.4844944097085,-294.33812111200325,-424.1032505977055
2020-03-30,6429.84193389,9747.986530032216,-240.74306087406453,-3077.4015352681517,6455.928819700931,30.266469793376608,-56.35335560430758,6636.0905626707445,93.54359101870023,-299.79221979944487
2020-03-31,6438.64476637,9768.006908258321,-33.92845012324247,-3295.433691765079,6504.112135076376,42.40488842927432,-107.87225713565022,6639.953610962741,65.49160160145946,-266.80044619420005
2020-04-01,6606.77626829,9788.199238814825,202.177166902433,-3383.6001374272573,6577.535129795826,90.33079177803616,-61.08965328386148,6651.818276875146,224.67000737707727,-269.7120159622227
2020-04-02,6793.62459642,9808.563053974347,824.6287549719311,-3839.567212526278,6668.238218447666,213.94039027564503,-88.55401230331154,6671.13985178535,354.37712378722307,-231.892379152574
2020-04-03,6733.3873906,9829.097904246755,376.7478582102082,-3472.458371856964,6767.209568505351,-16.322703412031906,-17.499474493319212,6697.125659437359,233.03283491584997,-196.771103753209
2020-04-04,6867.52731596,9849.803360949365,527.6483233076688,-3509.9243682970337,6862.817481618343,-54.979766467323756,59.689600808980686,6728.830817856619,347.6282251810442,-208.9317270776637
2020-04-05,6791.12944093,9870.67901847825,658.4839818463666,-3738.0335593946165,6942.841114484536,-202.1517560511238,50.44008249658782,6765.27273117955,415.85975273571637,-390.0030429852659
2020-04-06,7271.7811527,9891.724496371331,482.09459622641015,-3102.037939897741,7001.2214571448285,22.91401209872162,247.64568345645057,6805.543628812023,568.24775735806,-102.01023347008231
2020-04-07,7176.41450049,9912.939440729115,377.2247283079405,-3113.749668547055,7038.3108856961335,-4.234212010172629,142.33782680403965,6848.86525226615,502.12785849902724,-174.5786102751763
2020-04-08,7334.09845346,9934.323524462721,277.7319320261348,-2877.957003028856,7054.765928797896,18.102106191293025,261.23041847081095,6894.573515554752,491.56240155474893,-52.03746364950075
2020-04-09,7302.0895105,9955.876447318262,229.7686991191926,-2883.555635937454,7051.357133081102,175.42900059581436,75.30337682308345,6942.161915677147,440.5699631678859,-80.64236834503299
2020-04-10,6865.49337195,9977.597936052432,134.37469157889694,-3246.479255681329,7028.631564697042,-17.10512870335446,-146.03306404368777,6991.39154131869,74.1219600102856,-200.02012937897507
2020-04-11,6859.08296343,9999.487745061399,-252.0813354106729,-2888.3234462207256,6994.6130707904185,0.27320301800313906,-135.80331037842188,7042.341842564784,-113.76409346267342,-69.49478567211099
2020-04-12,6971.09159108,10021.54565740413,-112.52636188825218,-2937.9277044358787,6962.986595497022,-62.0939253440687,70.19892092704686,7095.143684703193,-324.58669659075827,200.53460296756566
2020-04-13,6845.03769683,10043.77148451007,23.4411474025641,-3222.174935082635,6947.771180466593,-38.411995020053546,-64.32148861653968,7149.868364771937,-151.638780369872,-153.19188757206575
2020-04-14,6842.42786097,10066.165064629322,-238.2927337702406,-2985.444469889081,6952.140874146319,-106.03985437171558,-3.67315880460319,7206.529021397146,-125.99560121092594,-238.10555921621926
2020-04-15,6642.10989286,10088.726263369157,-138.21291746096645,-3308.4034530481904,6969.964541614519,-6.745799489979042,-321.10884926453946,7265.142401731001,-430.26562145616316,-192.76688741483758
2020-04-16,7116.80421777,10111.454972764597,-28.888914207715203,-2965.761840786882,6991.9039674545065,158.4035345675961,-33.503284252102276,7325.755410309424,-239.00237790630513,30.051185366880418
2020-04-17,7096.18465879,10134.351111562197,-158.55527113825315,-2879.6111816339435,7014.159942280426,30.152645864616275,51.8720706449576,7388.414816797407,-248.63276855739392,-43.597389450013
2020-04-18,7257.66485847,10157.414626019392,50.0178311834205,-2949.767598732813,7042.505735415806,43.525775396843414,171.63334765735,7453.082083105438,-41.67944780463557,-153.73777683080243
2020-04-19,7189.42482356,10180.64549090925,54.27742153397918,-3045.4980888832297,7083.508695871988,-3.5302626940548176,109.44639038206697,7519.647605470148,-127.28681629732449,-202.93596561282357
2020-04-20,6881.95869275,10204.043709919375,-103.8141786017471,-3218.270838567628,7135.328006779581,-120.46970684549842,-132.89960718408202,7587.9743605814765,-293.6025079992579,-412.4131598322183
2020-04-21,6880.32347375,10227.609314841442,-172.3731818368526,-3174.91265925459,7196.958396384858,-197.54240804539512,-119.09251458946346,7657.895823662169,-491.7410402281093,-285.8313096840602
2020-04-22,7117.20747869,10251.342363848811,-113.6327522983799,-3020.5021328604307,7270.379824652876,13.296237459909678,-166.46858342278574,7729.1841435947945,-261.17963345672047,-350.79703144807354
2020-04-23,7429.72464927,10275.242941335891,-46.491215301196746,-2799.0270767646953,7361.625714867346,182.76620703876864,-114.66727263611483,7801.570552399541,-33.02283054720552,-338.82307258233595
2020-04-24,7550.90102725,10299.311159513536,-146.9257020268508,-2601.4844302366855,7477.129782561932,132.05562579072418,-58.28438110265597,7874.7460483972945,-154.89821064756495,-168.9468104997295
2020-04-25,7569.93603405,10323.54716213383,-25.204194061057706,-2728.4069340227716,7618.202606931189,105.94055353749573,-154.2071264186843,7948.3828731361355,-176.7060772831988,-201.7407618029365
2020-04-26,7679.86720422,10347.951124803305,-319.9855045721847,-2348.09841601112,7780.6420926695855,-60.79259877813607,-39.98228967144951,8022.149843481719,-291.4263106288845,-50.85632863283445
2020-04-27,7795.60083451,10372.523255576569,-90.79688449736977,-2486.1255365691995,7957.193101991075,-216.60096093056876,55.00869344949297,8095.717599404758,-250.871694372872,-49.24507052188619
2020-04-28,7807.05845106,10397.263793903287,-57.754435721926086,-2532.4509071213606,8142.165726527805,-274.11101491431526,-60.996260553490174,8168.770014643074,-272.5203878652844,-89.19117571778952
2020-04-29,8801.03776688,10422.173009942455,163.8702472100123,-1785.0054902724678,8329.542057750512,40.826997215281324,430.66871191420614,8240.997791993103,105.23218262272579,454.80779226417144
2020-04-30,8658.55417975,10447.251204082988,8.814842659096826,-1797.5118669920848,8512.535256856621,273.7401919608058,-127.72126906742778,8312.14579707212,126.44323437038008,219.96514830749948
2020-05-01,8864.76680793,10472.498704269778,130.94309011600023,-1738.674986455777,8680.79652936654,195.79526620808647,-11.824987644626162,8382.019385002275,176.88664216956593,305.8607807581593
2020-05-02,8988.5962069,10497.91586122622,292.5337075889276,-1801.8533619151476,8830.22803757857,124.43127476106743,33.93689456036191,8450.442588980748,428.7969179210375,109.35669999821403
2020-05-03,8897.46850985,10523.50304771955,206.27228520571853,-1832.3068230752688,8962.795282675585,-153.66844210970865,88.34166928412378,8517.268156627946,191.459588136631,188.74076508542203
2020-05-04,8912.65460539,10549.260657078083,465.92336324550354,-2102.529414933586,9077.802746073075,-246.14672461283726,80.99858392976239,8582.37689103469,270.8845071397185,59.39320721559125
2020-05-05,9003.07017834,10575.18910244875,80.43837365128411,-1652.557297760035,9166.82276459737,-276.02957415099576,112.27698789362694,8645.695190231283,304.9373895194017,52.4375985893148
2020-05-06,9268.76208066,10601.28881785624,97.25687112013307,-1429.783608316373,9226.42728318245,96.84845272543859,-54.51365524788707,8707.126077375235,424.4508381632902,137.18516512147653
2020-05-07,9951.5187451,10627.560258115322,295.44322787583775,-971.4847408911592,9251.900850024314,305.97788154343954,393.6400135322456,8766.580128748103,506.2215377384824,678.7170786134157
2020-05-08,9842.66636785,10654.003898914558,76.51252839066265,-887.8500594552188,9255.235317258363,158.20024640228166,429.2308041893575,8823.973364825648,501.0030968905608,517.6899061337917
2020-05-09,9593.89673363,10680.62023469283,-511.2698498099175,-575.4536512529121,9252.642027541951,104.22706752334828,237.02763856469937,8879.193499901174,426.39523957366765,288.30799415515867
2020-05-10,8756.43114193,10707.40977845326,-343.92333410830577,-1607.0553024149558,9246.661866911121,-176.14891213237357,-314.0818128487481,8932.076636920458,45.72671709027084,-221.3722120807288
2020-05-11,8601.79620238,10734.373061461463,-862.3750426946328,-1270.2018163868306,9236.91422922622,-195.37316257392862,-439.74486427229203,8982.427026036125,-115.80411526753791,-264.8267083885876
2020-05-12,8804.47781074,10761.510633565858,-417.7714953817052,-1539.2613274441537,9233.282766620488,-214.58894545111204,-214.21601042937618,9030.082590890668,-248.6778720928711,23.073091942202154
2020-05-13,9269.98770576,10788.823063775122,-146.4137653839652,-1372.4215926311572,9247.96742641499,71.3051844177304,-49.284905072719994,9075.000038098666,-103.21816522525279,298.2058328865878
2020-05-14,9733.72147137,10816.310940279209,236.3834224669201,-1318.97289137613,9291.371749925414,274.73970965259895,167.61001179198684,9117.207749454139,-30.427875788955017,646.9415977048156
2020-05-15,9328.19722645,10843.97486915821,164.6751644421181,-1680.4528071503282,9354.698094182273,117.796419098755,-144.29728683102803,9156.711037825984,-276.74036250105837,448.2265511250753
2020-05-16,9377.0140257,10871.815472588161,-290.52815701165963,-1204.2732898765007,9409.393177692753,113.0474506058666,-145.42660259861987,9193.490325092938,-126.8693377743798,310.39303838144224
2020-05-17,9670.73937122,10899.83338691982,665.3665004409322,-1894.4605161407526,9434.788518593894,-192.06474781697054,428.0156004430755,9227.54117025836,-74.49287613031528,517.691077091953
2020-05-18,9726.5748149,10928.02926087835,942.5013340237444,-2143.955780002094,9429.365331373598,-106.01657649320545,403.22606001960776,9258.900581745396,-10.20235869143561,477.8765918460376
2020-05-19,9729.0379192,10956.403753793062,1291.907598182976,-2519.273432776037,9397.631524442531,-196.99986978630332,528.4062645437716,9287.644838456565,-70.5914686052451,511.98454934868096
2020-05-20,9522.98115678,10984.957535713074,1228.009569090965,-2689.9859480240393,9345.315362870688,31.211980707141308,146.45381320217166,9313.881454793449,-264.3986730569852,473.4983750435367
2020-05-21,9081.76202252,11013.691287656873,883.9957616149796,-2815.925026751853,9277.772599439066,200.96028289857762,-396.9708598176421,9337.717675253862,-438.73806182962426,182.7824090957638
2020-05-22,9182.57751787,11042.605702808745,1127.076573280744,-2987.1047582194888,9203.418904053386,28.518272802381624,-49.359658985766146,9359.257285866293,-303.7806414078813,127.1008734115876
2020-05-23,9209.28742769,11071.70148726845,601.5732233075236,-2463.9872828859734,9144.871176943992,79.52618417794233,-15.109933431935133,9378.6077889629,-109.22775649145896,-60.09260478144097
2020-05-24,8790.36800074,11100.979359295517,1064.2077157906608,-3374.8190743461782,9121.562856090928,-136.3319106946115,-194.86294465631727,9395.89127061612,-231.6853981689823,-373.83787170713913
2020-05-25,8906.93476142,11130.440046028965,1347.9934797954627,-3571.4987644044286,9136.789523092866,63.549646880404296,-293.4044085532714,9411.246108410258,-298.9150781165328,-205.3962688737247
2020-05-26,8835.05306073,11160.084282631344,1404.3799341581025,-3729.4111560594456,9183.622435043424,-133.8500435832343,-214.71933073018954,9424.84169551754,-340.95319945657195,-248.8354353309678
2020-05-27,9181.01794762,11189.912813383278,1314.7531193174866,-3323.6479850807655,9253.230396750838,34.09522715405326,-106.3076762848923,9436.869912914444,-265.2924589127464,9.440493618301844
2020-05-28,9525.7510947,11219.926392357303,1079.9795646641965,-2774.1548623215003,9333.520852307009,61.841611291512066,130.38863110147759,9447.494454019858,-144.18938055207664,222.4460212322174
2020-05-29,9439.12439045,11250.125782133628,738.2129956188862,-2549.2143873025125,9419.65128520537,-25.960406944074876,45.43351218870703,9456.820084188175,122.13614420441789,-139.83183794259276
2020-05-30,9700.41407169,11280.51175331155,1349.0128913527074,-2929.1105729742576,9505.485877854897,46.2371920933637,148.69100174173946,9464.9261410953,168.39121919126436,67.09671140343562
2020-05-31,9461.05891806,11311.085084309198,1556.755149336862,-3406.7813155860595,9580.03494213416,-103.14396229158426,-15.832061782575693,9471.841590931175,126.47395381132023,-137.25662668249606
2020-06-01,10167.2681012,11341.84656150799,1475.9387105886788,-2650.517170896668,9636.310521758647,117.00879809048435,413.94878135086765,9477.570923470355,399.04447075241455,290.6527069772292
2020-06-02,9529.80414872,11372.796979653736,1266.5889538837375,-3109.581784817474,9675.499004971502,-78.69391059806146,-67.00094565343898,9482.096929000445,169.08804843806263,-121.38082871850747
2020-06-03,9656.71776526,11403.937143285828,1108.4957623581636,-2855.7151403839907,9698.918938481287,48.317026007837704,-90.51819922912364,9485.386683871047,116.41576613217934,54.91531525677419
2020-06-04,9800.63659532,11435.267878612312,983.2738699384295,-2617.905153230742,9712.37872220116,-8.439566190401703,96.69743930924233,9487.376726455403,175.06609836501354,138.19377049958348
2020-06-05,9665.53278908,11466.790077238275,717.6771631898375,-2518.934451348112,9718.284132453871,-49.05956552165058,-3.6917778522201843,9487.971708487023,200.64442676603832,-23.083346173061727
2020-06-06,9653.67926335,11498.504725864088,1030.6594646741587,-2875.484927188245,9713.913549963181,13.927395838374835,-74.16168245155495,9487.081354176735,450.0718794909058,-283.4739703176401
2020-06-07,9758.8524174,11530.412944474314,542.3161458683804,-2313.876672942695,9701.038563018552,-88.37971996649978,146.19357434794802,9484.715382669176,415.62644515443486,-141.48941042361184
2020-06-08,9771.48948366,11562.515979937563,297.1450879430366,-2088.1715842205995,9683.875745737185,136.92501929219935,-49.31128136938423,9481.018518401232,357.5008860062937,-67.02992074752547
2020-06-09,9795.70019463,11594.81521349053,1076.3492584529226,-2875.464277313453,9658.498786020531,12.778912361052534,124.42249624841679,9476.226920833646,53.54013248490524,265.9331413114505
2020-06-10,9870.09445278,11627.312160410409,832.0609799740935,-2589.278687604503,9624.936932741575,53.89143849819976,191.26608154022506,9470.567164563627,-3.983388450143699,403.5106766665176
2020-06-11,9321.78129819,11660.00845989568,738.9824749054661,-3077.2096366111455,9587.723202616806,-43.61009742569969,-222.3318070011046,9464.205890523936,-117.44028209548257,-24.984310238452963
2020-06-12,9480.84378943,11692.90586940863,386.5088353746965,-2598.570915353326,9548.134682415659,-82.49623047824247,15.205337492583567,9457.241395729086,-29.40890556611342,53.011299267027425
2020-06-13,9475.27733834,11726.00626000833,332.912185752013,-2583.6411074203425,9510.176330256316,-53.39921461683252,18.500222700517043,9449.744045680845,59.20107440089028,-33.66778174173487
2020-06-14,9386.78789214,11759.311606917396,101.24306822102477,-2473.7667829984202,9477.886150865952,-62.465406536159946,-28.632852189792175,9441.800592799527,-93.42021904502762,38.407518385500225
2020-06-15,9450.70198692,11792.82398635593,281.20835002437104,-2623.3303494603024,9452.113883636272,128.46547325508217,-129.8773699713547,9433.498592671405,-56.257251626951906,73.4606458755461
2020-06-16,9538.0243743,11826.545570873428,656.9431995816374,-2945.4643961550664,9434.999840351802,110.87197785744635,-7.847443909249705,9424.888314987018,8.074868949797038,105.06119036318341
2020-06-17,9480.25536624,11860.478622315322,507.63427288012764,-2887.85752895545,9427.471567807488,71.81366543277849,-19.029867000266677,9416.001043299811,2.8138401296121245,61.44048281057621
2020-06-18,9411.84046197,11894.625487340125,329.8861947392781,-2812.6712201094033,9424.861198753142,-72.44402155611988,59.42328477297815,9406.857935809354,-13.129791573871122,18.112317734516182
2020-06-19,9288.01871603,11928.988596099443,346.50493072683685,-2987.4748107962805,9423.509644153513,-93.25312882654963,-42.23779929696502,9397.482945273336,-178.2131088381375,68.74887959480111
2020-06-20,9332.340762,11963.570458832053,735.4653802228613,-3366.695077054914,9419.364873018487,-88.06007846682778,1.0359674483406707,9387.927029151735,-332.3723602134154,276.78609306168073
2020-06-21,9303.62971409,11998.373662276652,102.33305482383176,-2797.077003010483,9407.720153678709,-69.95595646216626,-34.134483126541454,9378.258395112909,-253.88183254377682,179.2531515208684
2020-06-22,9648.71760979,12033.400866151675,443.29373873333475,-2827.9769950950104,9386.756384707805,106.42744744687535,155.53377763531898,9368.578765112035,-137.8432638904557,417.9821085684198
2020-06-23,9629.65836578,12068.654800407825,817.6540020829334,-3256.650436710759,9360.252131128904,115.17021672491488,154.23601792618138,9359.01528376679,-245.76262769631086,516.405709709521
2020-06-24,9313.61034868,12104.138258475099,1257.1745208685938,-4047.702430663692,9328.95218990439,72.16776214674016,-87.50960337113065,9349.680603062428,-339.6746834497426,303.6044290673144
2020-06-25,9264.81304308,12139.854088837852,970.4764175056259,-3845.517463263479,9292.691974591555,-41.38627212424046,13.507340612684857,9340.671936326049,-342.2759057336853,266.4170124876364
2020-06-26,9162.91760386,12175.805181752088,289.813420312542,-3302.700998204631,9253.54231262643,-84.54498642592964,-6.079722340500666,9332.070285006741,-278.6219885743803,109.46930742763834
2020-06-27,9045.39095672,12211.994465409314,1379.9418684372692,-4546.545377126583,9215.654918817652,-87.79730934214112,-82.46665275551095,9323.964914620217,40.55570194612129,-319.12965984633774
2020-06-28,9143.58219104,12248.424914386016,1099.7917891463803,-4204.6345124923955,9184.040119038149,-76.54913879768671,36.09121079953911,9316.495923306367,84.05287154376217,-256.9666038101277
2020-06-29,9190.85446467,12285.099550474852,916.8388050219746,-4011.083890826827,9163.410098040658,114.80560423005106,-87.3612376007095,9309.86432563496,199.1727587911504,-318.1826197561113
2020-06-30,9137.99340026,12322.02143848328,608.1139408031418,-3792.141979026421,9152.398295436466,79.67109194871477,-94.07598712517938,9304.386334698947,117.58666521290137,-283.9795996518478
2020-07-01,9228.32559024,12359.193679561698,380.88574245104155,-3511.7538317727394,9149.290310772967,67.56209226951897,11.473187197512743,9300.443714816798,393.3668175989129,-465.4849421757117
2020-07-02,9123.41015432,12396.619396047881,907.6241577853373,-4180.83339951322,9154.694112874955,-19.257893859978743,-12.026064694977322,9298.477845408126,268.9118939921435,-443.9795850802693
2020-07-03,9087.30391103,12434.301714551699,775.0030776813376,-4122.000881203037,9168.531853228353,-58.692546095668234,-22.5353961026849,9298.932570547167,118.68932144306132,-330.31798096022976
2020-07-04,9132.48795051,12472.243768780221,745.5566749837196,-4085.3124932539413,9188.250347727046,-73.85272300457522,18.090325787528855,9302.243950092865,152.92453360849453,-322.68053319136015
2020-07-05,9073.94286936,12510.448717006027,429.7458274289873,-3866.2516750750146,9211.416943986243,-52.00235563119817,-85.47171899504428,9308.85106680607,-24.146513496350686,-210.76168394971864
2020-07-06,9375.47475925,12548.919743379156,698.3887350821619,-3871.8337192113177,9233.860512718124,72.85583461454917,68.75841191732798,9319.11943686489,260.74777710041917,-204.3924547153092
2020-07-07,9252.27750386,12587.66005492162,1006.152505330955,-4341.535056392575,9253.757229950028,40.10950563113211,-41.589231721160104,9333.315972243876,196.2548360800526,-277.2933044639285
2020-07-08,9428.3330848,12626.672876128861,936.4555506442123,-4134.795341973073,9268.812604711276,79.31483987460858,80.20564021411519,9351.635426143335,177.94816475225574,-101.25050609559003
2020-07-09,9277.96790642,12665.961436934562,903.7749427143849,-4291.768473228945,9276.552354442987,-16.66778055618603,18.08333253320052,9374.225516742155,81.91573341657634,-178.17334373873018
2020-07-10,9278.8078672,12705.528944832562,427.1653447339701,-3853.886422366533,9274.93043224724,-51.57185690562275,55.44929185838191,9401.226451010216,22.878808148191315,-145.2973919584074
2020-07-11,9240.34632654,12745.37857821924,719.0653365259052,-4224.097588205146,9265.139488724864,-67.85425928512828,43.061097100264305,9432.780256030605,-69.39208762933112,-123.0418418612735
2020-07-12,9276.49985018,12785.513486837139,232.1365062244181,-3741.1501428815573,9250.449324639358,-66.54963676398081,92.60016230462315,9468.990292442722,-94.12803008931208,-98.36241217341012
2020-07-13,9243.61385509,12825.936788163352,-309.16503767113255,-3273.157895402219,9235.733917057561,61.023877275130474,-53.143939242692795,9509.907367039266,-32.80926307395278,-233.48424887531473
2020-07-14,9243.21341642,12866.651546047007,-43.64788899558744,-3579.7902406314206,9222.746735315983,41.93681644760269,-21.470135343584843,9555.513876454193,-58.70559392862702,-253.59486610556633
2020-07-15,9192.83736784,12907.660771236402,-890.3118445631012,-2824.511558833301,9211.392650521722,95.90691418134952,-114.46219686307086,9605.68996418275,-85.22134141289223,-327.63125492985637
2020-07-16,9132.22786293,12948.96743033599,-921.7312062317309,-2895.0083611742593,9204.871012969914,-7.612427145188455,-65.03072289472584,9660.231060366208,-3.906302742343124,-524.0968946938647
2020-07-17,9151.39223963,12990.57444459613,-548.9430916397619,-3290.239113326368,9209.413869264727,-55.420443004836564,-2.601186629890435,9718.87394192431,-4.362958036818995,-563.1187442574901
2020-07-18,9159.03990531,13032.484692850525,-431.05247229813926,-3442.392315242385,9230.241894121993,-55.183035569763504,-16.018953242228235,9781.300930968842,73.41279589874428,-695.673821557586
2020-07-19,9185.81691242,13074.701004028646,-496.9419821070605,-3391.942109501586,9266.643079879652,-128.37708037075814,47.550912911105115,9847.129929106008,-56.656368545393406,-604.6566481406153
2020-07-20,9164.2313647,13117.226142674119,-863.5559529377199,-3089.438825036399,9315.9484041251,73.69970391158908,-225.41674333668925,9915.928848555377,-168.28347688229223,-583.4140069730856
2020-07-21,9374.88752808,13160.062801495616,-396.8553799321499,-3388.3198934834654,9383.719688037228,38.830861148594515,-47.66302110582183,9987.259615146844,-76.73205888049293,-535.6400281863516
2020-07-22,9525.36344997,13203.213602955631,-555.1033928421123,-3122.7467601435183,9480.677558590674,110.26096086419594,-65.57506948487026,10060.659864318675,-49.72300987852685,-485.5734044701476
2020-07-23,9581.07201141,13246.681100578882,-323.71476990125984,-3341.8943192676215,9617.926444433315,16.638049656161535,-53.49248267947587,10135.653101279706,-123.59457833670446,-430.98651153300125
2020-07-24,9536.89268563,13290.467769267576,-158.9400923747108,-3594.634991262865,9796.68790269037,-40.89276270760445,-218.90245435276483,10211.778230990885,-213.04979043260974,-461.8357549282755
2020-07-25,9677.11349729,13334.576001453377,-52.58138347615596,-3604.8811206872215,10006.041581324745,17.23331339371975,-346.1613974284646,10288.593044119341,-211.0322659081531,-400.4472809211875
2020-07-26,9905.16724705,13379.008094845522,121.01233166981143,-3594.8531794653336,10231.869706759091,-180.65084499810445,-146.05161471098654,10365.72591401403,-202.99144461250773,-257.567222351523
2020-07-27,10990.8733998,13423.766240662055,791.9798595477192,-3224.8727004097727,10461.43430870818,57.13970090827863,472.2993901835416,10442.899696574541,120.92209607687806,427.05160714858175
2020-07-28,10912.8230505,13468.852521954153,866.5147532531066,-3422.5442247072606,10683.789441858937,-41.54953935983699,270.5831480009001,10519.88833205265,66.24400271524037,326.6907157321093
2020-07-29,11100.4681253,13514.268910761803,946.9015389685322,-3360.7023244303346,10881.121096956062,111.23776213727336,108.10926620666578,10596.43634921828,205.13577104505987,298.8960050366604
2020-07-30,11111.2142899,13560.017266166284,1009.0456963253442,-3457.848672591628,11041.383639908374,54.0117506259224,15.818899365702237,10672.24769817424,141.0254884312256,297.9411032945336
2020-07-31,11323.4664207,13606.099323475524,1236.8993424517414,-3519.532245227265,11165.331426863064,-37.836924731589235,195.97191856852623,10747.002335706635,352.187048933527,224.2770360598388
2020-08-01,11759.5927707,13652.516682651498,1461.6305830723707,-3354.554495023869,11261.499743052595,49.14303724891026,448.94999039849426,10820.358616534451,349.2916583742149,589.9424957913325
2020-08-02,11053.613901,13699.27079901526,1269.1706591584687,-3914.8275571737267,11340.424865999474,-181.01882712072188,-105.79213787875051,10891.964936236525,196.24920750989924,-34.600242746424556
2020-08-03,11246.3487749,13746.362970822109,1255.2540423873593,-3755.268238309469,11412.450672841169,117.70844729027772,-283.81034523144626,10961.4710984509,122.75705174407068,162.1206247050286
2020-08-04,11205.8929179,13793.79432813755,1724.7107285284071,-4312.612138765957,11475.461173167656,-109.526490537068,-160.0417647305876,11028.549654161847,-235.91911557842886,413.26237931658216
2020-08-05,11747.0228312,13841.565825730504,1788.2853035119863,-3882.82829804249,11525.807276312187,56.270948112872006,164.94460677494135,11092.938845331266,52.15252472771839,601.9314611410155
2020-08-06,11779.7732574,13889.67823662357,1711.144319876963,-3821.049299100532,11566.055675595226,64.42862897727477,149.2889528274991,11154.346814088283,-47.01199759589529,672.438440907612
2020-08-07,11601.4727146,13938.132133032783,1231.6575379996968,-3568.31695643248,11603.651939047282,-32.668983021456235,30.48975857417463,11212.360678641353,-53.348614427933214,442.4606503865816
2020-08-08,11754.0458135,13986.927873339939,1667.1513349548025,-3900.03339479474,11640.93461215425,93.83861591461158,19.272585431139305,11266.487277570095,-37.904626644141544,525.4631625740476
2020-08-09,11675.7393433,14036.065616394,433.1047250755078,-2793.430998169508,11670.910040588808,-116.47945815923555,121.30876087042816,11316.18961042946,-101.11686687197746,460.6665997425189
2020-08-10,11878.1113253,14085.545328404256,995.3338811413403,-3202.7678842455953,11691.979574608413,147.03758996555558,39.09416072603199,11360.932607498613,-89.79982315646612,606.9785409578544
2020-08-11,11410.5256775,14135.366790471535,712.5596465354465,-3437.4007595069816,11710.76142549045,-150.86702295623007,-149.3687250342191,11400.232792279994,-155.18908281569517,165.48196803570136
2020-08-12,11584.9345762,14185.52960615775,963.2731123466165,-3563.868142304367,11735.748513632636,-15.51628905184829,-135.29764838078881,11433.690480186531,-115.21778939646805,266.46188540993535
2020-08-13,11784.1373895,14236.03321135452,-246.18209565728222,-2205.7137261972366,11767.503535053518,39.69426536511499,-23.06041091863335,11461.016845260865,-60.45044770192092,383.5709919410565
2020-08-14,11768.8706193,14286.876884413568,-75.87500072519174,-2442.1312643883775,11800.225615887459,-55.91208757899129,24.557090991531368,11482.062704235643,-134.9926885230811,421.8006035874387
2020-08-15,11865.69857,14338.059748101112,-84.64800834142142,-2387.7131697596906,11831.495736255842,57.74707962450345,-23.544245880344533,11496.81634568811,-38.032507818828236,406.91473213071913
2020-08-16,11892.8040631,14389.58076963609,-48.62497520812019,-2448.151731327969,11856.469031655495,-2.2356358040656517,38.57066724857032,11505.376128441885,-15.166709151435718,402.5946438095507
2020-08-17,12254.4019083,14441.438759233368,216.0330067144885,-2403.0698576478553,11868.958345741334,208.30052572589335,177.14303683277285,11507.939101246402,87.63082525711826,658.8319817964802
2020-08-18,11991.2332456,14493.632364699264,280.2705504116064,-2782.6696695108694,11863.806836015548,-128.47997205795815,255.90638164240954,11504.814709694683,-9.334396103677669,495.7529320089943
2020-08-19,11758.2835921,14546.160076695765,-755.2126998108165,-2032.6637847849488,11840.21125173043,-34.595442759669716,-47.33221687076002,11496.424318642628,-77.23487845387996,339.094151911253
2020-08-20,11878.3716211,14599.020234366515,-964.0951684680804,-1756.5534447984355,11799.947467315063,-72.11641210252985,150.54056588746607,11483.291218033142,43.58002459289619,351.50037847396015
2020-08-21,11592.4890449,14652.211023485406,-1240.4108530613744,-1819.3111255240328,11746.96446181453,-70.98462087047895,-83.49079604405233,11466.008802739225,-21.899570808586027,148.3798129693605
2020-08-22,11681.8255623,14705.730473378833,-1167.1763561602052,-1856.7285549186272,11687.804678789458,-19.401583145404974,13.422466655947574,11445.200705119187,-49.33644074676471,285.9612979275789
2020-08-23,11664.8479948,14759.576460726397,-1165.7395923738363,-1928.98887355256,11633.428370246234,67.32379623967924,-35.90417168591375,11421.49062711442,-88.33157484369423,331.68894252927566
2020-08-24,11774.5958414,14813.746708971967,-1196.9680977782284,-1842.1827697937388,11592.100017399853,258.26036429006695,-75.76454028991975,11395.434422306222,-132.85768600071793,512.0191050944959
2020-08-25,11366.1350817,14868.238774341686,-1237.3779058425393,-2264.7257867991466,11565.11910211176,-79.72095303736612,-119.26306737439336,11367.418610531673,-79.39576698244743,78.11223815077392
2020-08-26,11488.3634896,14923.05003070335,-1533.8052197597408,-1900.8813213436097,11547.67825171126,36.25326879674985,-95.56803090801077,11337.668661223981,167.5337841439432,-16.838955767923835
2020-08-27,11323.3970324,14978.177676737432,-1712.2870974476036,-1942.4935468898293,11538.014591591333,-162.16132579012253,-52.45623340120983,11306.36406841462,101.71218132035489,-84.67921733497496
2020-08-28,11542.4997333,15033.618711478188,-1831.1909293732765,-1659.9280488049117,11525.19337604471,-59.65450616859627,76.9608634238848,11273.71854769104,253.38436654403608,15.396819064922965
2020-08-29,11506.8653177,15089.369948108928,-1596.350733599049,-1986.1538968098794,11489.121844440951,-67.1080675760102,84.85154083505768,11239.972930443619,155.62934366894862,111.26304358743255
2020-08-30,11711.506161,15145.428028370818,-1674.5848132707547,-1759.337054100064,11413.234200721898,44.60446815234579,253.66749212575633,11205.391507752493,300.5793888001622,205.53526444734416
2020-08-31,11680.8204905,15201.789438098253,-1673.997498820666,-1846.9714487775873,11291.837512802891,210.35744542143934,178.62553227566968,11170.250837054511,352.25092265294126,158.31873079254729
2020-09-01,11970.4787405,15258.450481152733,-1435.4039977758073,-1852.567742876925,11131.656954486813,-68.44946081221691,907.2712468254049,11134.875555719962,194.72574338314848,640.8774413968895
2020-09-02,11414.0337325,15315.407284607203,-1565.5338893810735,-2335.83966272613,10947.608977261893,94.19872692076149,372.2260283173455,11099.53965207771,49.40143104307437,265.0926493792158
2020-09-03,10245.296686,15372.6558131326,-1897.774062950561,-3229.58506418204,10758.805639075412,-152.9377539371652,-360.5711991382468,11064.41140513377,-361.95167344654294,-457.16304568722626
2020-09-04,10511.8138807,15430.191892933655,-1939.8190866213104,-2978.558925612346,10587.516417454739,-17.629282341306386,-58.07325441343346,11029.57549628176,-87.57519430227445,-430.1864212794844
2020-09-05,10169.567221,15488.01123869761,-2194.9097542359877,-3123.5342634616245,10457.213620853277,-51.85162404235301,-235.79477581092578,10995.139455401755,-168.8875833065137,-656.6846510952419
2020-09-06,10280.3517032,15546.1094588625,-2375.187931415732,-2890.569824246768,10375.670895612224,9.43527052260858,-104.75446293483219,10961.29774117972,-119.87104637563664,-561.0749916040841
2020-09-07,10369.5637386,15604.482042500387,-2303.5382660636906,-2931.380037836696,10332.891569367795,114.13186927453272,-77.45970004232913,10928.300886551526,-92.06131874351387,-466.67582920801215
2020-09-08,10131.5166457,15663.124364515765,-2408.4921918928067,-3123.1155269229585,10314.120373263617,-60.51181322375852,-122.0919143398587,10896.450379548078,-213.61415579820394,-551.3195780498736
2020-09-09,10242.3477803,15722.031697192911,-1989.5958272365951,-3490.088089656316,10323.135046401283,95.20440263353098,-175.99166873481408,10866.03597815532,-80.24481299054347,-543.443384864775
2020-09-10,10363.1390401,15781.199222394609,-1728.963815932405,-3689.096366362204,10357.79081285711,-86.12965387589607,91.47788111878617,10837.361025881106,-149.5298370825333,-324.69214869857205
2020-09-11,10400.9146854,15840.622044298872,-1772.4896469843138,-3667.21771191456,10416.526889403007,19.893998451405405,-35.50620245441314,10810.745257254734,-119.6251727594397,-290.20539909529543
2020-09-12,10442.1706031,15900.295201400764,-1656.2854587208108,-3801.8391395799536,10490.967930779869,3.0086451883436425,-51.80597286821285,10786.501599893605,-14.566009307805842,-329.7649874857998
2020-09-13,10323.7557975,15960.21367790059,-2103.218508387005,-3533.239372013586,10572.10532982926,-6.150063745317141,-242.1994685839436,10764.953931484753,-79.61799736921348,-361.58013661553923
2020-09-14,10680.8374328,16020.372415794942,-2083.5301964006403,-3256.0047865942997,10652.762995912986,-2.7552408819542684,30.829677768968395,10746.412438256848,9.905324317208922,-75.48032977405637
2020-09-15,10796.9509861,16080.766326772631,-2214.3887455015447,-3069.426595171086,10725.193790100986,-46.60493764657265,118.36213364558716,10731.143373868934,1.2015394186200439,64.60607281244666
2020-09-16,10974.9048915,16141.390303121405,-2230.3668587107586,-2936.118552910646,10780.150905458406,-2.7471352706363685,197.50112131223068,10719.33178825371,46.022123743470424,209.55097950281925
2020-09-17,10948.9899152,16202.239227959295,-2173.3026926399075,-3079.946620119388,10813.057574895976,22.06791930457265,113.86442099945089,10711.104017431177,21.629457835509648,216.25643993331323
2020-09-18,10944.5858045,16263.307985196489,-2329.1126698988965,-2989.6095107975907,10819.52332260644,27.013670735399213,98.0488111581617,10706.545816539792,69.54968674405015,168.4903012161576
2020-09-19,11094.3462761,16324.591469467072,-2280.773129512025,-2949.472063855048,10803.84144626466,49.37807927939683,241.12675055594264,10705.674109619353,187.32198775355556,201.35017872709068
2020-09-20,10938.2712894,16386.084595586348,-1886.1557615045622,-3561.657544681786,10773.615772808125,-1.1232857998826704,165.77880239175647,10708.412695053757,66.8603580985534,162.99823624768942
2020-09-21,10462.2596185,16447.782308184385,-1361.3796128677875,-4624.143076816597,10738.548147251537,-51.01340111411138,-225.2751276374256,10714.572371174741,204.32896019298107,-456.64171286772216
2020-09-22,10538.4603213,16509.67959188431,-2258.692642847716,-3712.5266277365936,10705.05296021552,-26.53102226982686,-140.0616166456948,10723.914040540185,204.85193595695515,-390.30565519714037
2020-09-23,10246.18649281,16571.77148122233,-3035.2168096524324,-3290.368178759898,10678.117229029003,-59.06408984505949,-372.8666463739428,10736.241471714193,70.4902466840764,-560.5452255882683
2020-09-24,10760.06625677,16634.053067706092,-2631.996301008381,-3241.990509927711,10663.948114861778,41.44486396881315,54.67327793940967,10751.47895959097,129.60848154902388,-121.02118436999262
2020-09-25,10692.71721234,16696.51950635426,-2790.7842929246613,-3213.0180010895983,10667.436630073727,11.963399615783764,13.317182650487666,10769.62907635593,189.38944723286062,-266.30131124879154
2020-09-26,10750.72357903,16759.166022497273,-2751.477163979278,-3256.965279487995,10684.307038016786,68.42793868229622,-2.0113976690827258,10790.752654393376,126.29082458234498,-166.31989994572177
2020-09-27,10775.26937624,16821.987918316165,-2402.1288780304662,-3644.5896640456995,10702.831110183872,52.43023449874282,20.00803155738504,10814.933650736328,171.69697241103853,-211.36124690736688
2020-09-28,10709.65218175,16884.980580789994,-1856.7518546237022,-4318.576544416292,10711.1229080029,-17.08043269471655,15.609706441815433,10842.241276806995,-24.186167552141498,-108.40292750485423
2020-09-29,10844.64098118,16948.13949343634,-1891.905833058336,-4211.5926791980055,10708.794384878323,-29.341614926852053,165.18821122852933,10872.723723239851,125.4985638223375,-153.58130588218773
2020-09-30,10784.49157795,17011.46024011857,-2847.6280957254244,-3379.340566443145,10701.208796830708,-93.24823592616217,176.53101704545588,10906.464105725247,151.48755879184392,-273.4600865670891
2020-10-01,10619.45190766,17074.93850641999,-3070.995585139378,-3384.491013620609,10693.211117663792,16.630842164816073,-90.39005216860642,10943.56937438327,237.82368384766778,-561.9411505709377
2020-10-02,10575.97504191,17138.57008297885,-3239.6831020833406,-3322.9119389855114,10685.183365696332,-23.33719296129946,-85.8711308250331,10984.2060164671,-52.58768397688331,-355.6432905802176
2020-10-03,10549.32889962,17202.350867221103,-3144.061194079296,-3508.960773521805,10681.469134303761,26.74166783108162,-158.8819025148423,11028.590105308045,-441.6357245386043,-37.62548114944002
2020-10-04,10669.58254327,17266.276866453045,-2956.948715369681,-3639.7456078133637,10692.084821235889,47.00215908782261,-69.50443705371072,11076.888231643235,-236.63852371946643,-170.66716465376885
2020-10-05,10793.33942751,17330.344201252752,-3065.7876061545103,-3471.217167588242,10727.375524426938,44.25895133794495,21.704951745117796,11129.227668704947,-381.8961029761204,46.00786178117414
2020-10-06,10604.40588882,17394.54910798087,-3065.10392221875,-3725.039296942121,10792.06488356813,-30.322607495449077,-157.33638725268065,11185.683783449746,-129.5133779097963,-451.7645167199498
2020-10-07,10668.96895539,17458.88794052651,-3157.3591855888935,-3632.5597995476164,10880.47451654899,-21.30382683378495,-190.2017343252046,11246.336795012325,-132.0246546038648,-445.3431850184588
2020-10-08,10915.68573098,17523.357177471175,-3052.1485595746294,-3555.5228869165458,10979.57453318092,34.125459148012624,-98.01426134893154,11311.353958894882,-382.14311339174236,-13.525114523139564
2020-10-09,11064.45759247,17587.953446220246,-3068.7788834467847,-3454.7169703034615,11078.478879510363,-49.54852296106802,35.5272359207047,11381.000064254058,-188.0455857949028,-128.49688598915418
2020-10-10,11296.3614282,17652.673534097758,-3251.362444354897,-3104.9496615428616,11170.622851225487,-23.250445826171287,148.98902280068432,11455.574770620473,-297.20273387715554,137.98939145668191
2020-10-11,11384.1819535,17717.5143655524,-3298.918828581043,-3034.413583471358,11252.011011270859,-23.225207296450236,155.39614952559168,11535.366028650767,-124.73565585650448,-26.44841929426366
2020-10-12,11555.3628878,17782.472988966634,-3260.9709638500535,-2966.1391373165807,11319.699736300101,28.197407095945728,207.46574440395307,11620.630916001543,20.114588434687874,-85.38261663623052
2020-10-13,11425.8994007,17847.54658796108,-3241.2452775619704,-3180.401909699107,11373.678663801282,-42.09077396701782,94.31151086573664,11711.528776888354,63.39513974676427,-349.02451593511796
2020-10-14,11429.50688675,17912.73248261472,-3296.772071420466,-3186.453524444254,11419.634839573142,51.715236233330316,-41.84318905647342,11807.999801977852,89.16039832481519,-467.6533135526679
2020-10-15,11495.34965037,17978.028127356934,-3348.280233640717,-3134.398243346217,11468.13246756177,88.84986597089903,-61.6326831626684,11909.788708455246,-65.23379961075682,-349.2052584744888
2020-10-16,11322.12268618,18043.43111960161,-3275.137554578558,-3446.1708788430515,11537.473662185123,-31.51322650076184,-183.83774950436054,12016.472388392598,-163.81889881474598,-530.5308033978508
2020-10-17,11358.10156733,18108.93920509705,-3277.748039704494,-3473.0895980625537,11642.773901053917,2.420134184637954,-287.0924679085547,12127.54146505786,7.509866458318044,-776.9497641861781
2020-10-18,11483.35971184,18174.5502699687,-3322.780847625326,-3368.4097105033725,11789.249372422066,-65.7576050772977,-240.1320555047696,12242.418367125929,308.6730549832297,-1067.7317102691595
2020-10-19,11742.03715033,18240.262317286324,-3232.981237288705,-3265.2439296676203,11973.061305368796,-65.68564620091753,-165.33850883787818,12360.635381564507,350.47196586011455,-969.0701970946229
2020-10-20,11916.33514058,18306.07345439485,-3166.8444325981773,-3222.8938812166707,12180.458586146653,-25.10308457451176,-239.02036099214092,12481.837517601887,240.25707670178863,-805.7594537236746
2020-10-21,12823.68918938,18371.98188998541,-2962.211870005319,-2586.080830600091,12395.860226645533,28.951126207417666,398.87783652705,12605.876093948833,580.5361568266107,-362.72306139544344
2020-10-22,12965.89129043,18437.985932669424,-3089.7196311391876,-2382.3750111002373,12608.575597235767,176.82900568076207,180.48668751347032,12732.740799744137,630.2512020121054,-397.10071132624216
2020-10-23,12931.53902256,18504.083988609695,-2843.217827911078,-2729.3271381386166,12804.85463738544,44.86876011577043,81.81562505878901,12862.483713446398,109.86414269297265,-40.80883357937091
2020-10-24,13108.06261161,18570.274559859805,-2499.6280706279103,-2962.583877621895,12968.665311626019,-6.56804592847222,145.9653459124529,12995.182595257278,81.0232326426007,31.85678371012
2020-10-25,13031.17431056,18636.556243839128,-2173.3914721963697,-3431.990461082758,13096.190206879086,-79.19332330761642,14.177426988529987,13130.95173443351,-43.4810661248612,-56.296357748649825
2020-10-26,13075.24769656,18702.927732391163,-1969.2049401190254,-3658.4750957121378,13198.481836654773,-189.60055345482564,66.36641336005232,13269.959457942205,40.34913674720917,-235.06089812941354
2020-10-27,13654.21844012,18769.387811003406,-2059.3142808875245,-3055.8550899958827,13291.208786202542,-79.41754048945873,442.4271944069169,13412.418587694894,-23.588429533078198,265.38828195818314
2020-10-28,13271.28536861,18835.935357286475,-2076.826085382244,-3487.8239032942292,13386.693120215923,-15.675787617877933,-99.7319639880443,13558.554887071532,-323.0652055831737,35.795687121642914
2020-10-29,13437.8832414,18902.5693385504,-2040.2737574446874,-3424.41233970571,13482.952058454342,300.6228366351092,-345.6916536894514,13708.56984290374,-122.51913179229103,-148.16746971144858
2020-10-30,13546.52226938,18969.288810303602,-2090.4808372780435,-3332.285703645557,13579.037365044556,180.71439718574214,-213.2294928502979,13862.456231460208,-98.52481873202242,-217.40914334818444
2020-10-31,13780.99470249,19036.092914288754,-2048.4355628878448,-3206.6626489109112,13685.588127784744,-60.94106960841124,156.34764431366602,14020.013883501184,283.4746656927821,-522.4938467039665
2020-11-01,13737.10982864,19102.980875945417,-2009.6869188238404,-3356.184128481578,13819.267784099717,-84.26731124847939,2.1093557887616043,14180.870345560235,-76.99695269934776,-366.76356422088793
2020-11-02,13550.4893841,19169.952001678386,-2188.871974960417,-3430.59064261797,13989.929374842131,-238.94531067327068,-200.49468006886127,14344.596463092057,-273.20893368747005,-520.8981453045872
2020-11-03,13950.30084729,19237.005676992932,-2061.5026778441406,-3225.2021518587917,14200.419063362462,-76.91285505672833,-173.20536101573452,14510.86525597988,-263.2829764710532,-297.281432218826
2020-11-04,14133.70715301,19304.141364320632,-1846.8770837139714,-3323.5571275966613,14430.523883941623,-69.44429100862469,-227.37243992299773,14679.313402405616,-623.199630342999,77.59338094738268
2020-11-05,15579.84846029,19371.35859998453,-1461.5768076556794,-2329.9333320388505,14659.719379996557,294.74540769353115,625.3836725999117,14849.577014459504,-229.60152077629448,959.8729666067902
2020-11-06,15565.88058083,19438.656991383054,-1577.6808859953312,-2295.0955245577206,14890.737660294248,273.3810268943142,401.7618936414383,15021.291747445044,-298.4508492384949,843.0396826234519
2020-11-07,14833.7541075,19506.03621306431,-2009.814581418788,-2662.4675241455225,15123.148604903186,-100.14599945394934,-189.24849794923648,15194.075052046956,-677.238889504144,316.9179449571893
2020-11-08,15479.56703842,19573.49600402645,-2318.0579919790107,-1775.8709736274395,15335.07868589916,-150.14108557404734,294.6294380948875,15367.531084928096,-606.4611952296277,718.4971487215316
2020-11-09,15332.31559743,19641.036165551464,-2856.6341833195715,-1452.0863848018926,15507.935087382542,-255.74876648513876,80.12927653259794,15541.302207902161,-879.738284843573,670.7516743714132
2020-11-10,15290.90268148,19708.656557571885,-2629.7828532073772,-1787.971022884507,15643.185441114623,-9.601593714060456,-342.6811659205632,15715.07029454861,-125.87042154473153,-298.2971915238777
2020-11-11,15701.33973237,19776.357096046548,-2658.0968581196594,-1416.920505556889,15774.639352626999,-56.24456080408147,-17.055059452917703,15888.50222889187,95.68173510018073,-282.84423162205167
2020-11-12,16276.34394919,19844.137750949663,-2748.7498042853495,-819.0439974743131,15942.200468250658,234.33337721210287,99.81010372724086,16061.316738931822,944.1024786478335,-729.0752683896553
2020-11-13,16317.80819009,19911.998543030582,-2937.9544239991083,-656.2359289414744,16153.481858582685,359.96467703296537,-195.63834552565095,16233.338145739974,475.1872317372335,-390.71718738720665
2020-11-14,16068.13870685,19979.93953970434,-3088.8665040354363,-822.9343288189048,16394.945613116102,-77.35766679264441,-249.44923947345706,16404.49564862401,1080.040879901051,-1416.397821675062
2020-11-15,15955.58743887,20047.960851660733,-2802.5292508734074,-1289.8441619173245,16662.495089159147,-240.85190008575762,-466.05575020338983,16574.830606476364,-505.2245843777664,-114.01858322859698
2020-11-16,16716.11132377,20116.062631228822,-2819.249758661321,-580.7015487975004,16949.023376048994,-182.31133705052045,-50.600715228472836,16744.48678414054,782.8026363559229,-811.1780967264604
2020-11-17,17645.40576746,20184.24507091676,-2548.3196364573855,9.48033300062525,17248.781087635136,49.245218140829834,347.37946168403505,16913.64956291577,774.7403498031877,-42.98414525895714
2020-11-18,17804.00563217,20252.508399610746,-2656.3060212032283,207.8032537624822,17547.24101180303,27.718890047945315,229.04573031902328,17082.49984599127,544.0304312568933,177.47535492183306
2020-11-19,17817.09024754,20320.852879026483,-2733.326311444862,229.56367995838082,17824.45287715181,117.16539942094022,-124.52802903275006,17251.162233219955,495.8522771480449,70.07573717199921
2020-11-20,18621.31436938,20389.278800966662,-2654.1725781806445,886.2081465939846,18058.907816492538,189.00947273087633,373.39708015658834,17419.677936538945,839.9053751280369,361.73105771301925
2020-11-21,18642.23276593,20457.786484719163,-3040.270605812839,1224.7168870236746,18238.898602680394,8.862735201104513,394.47142804849864,17588.056123125913,809.9672150389422,244.20942776514494
2020-11-22,18370.00252365,20526.376273372105,-2913.5863938801517,757.2126441580476,18373.796198996195,-278.65888198314605,274.86520663695046,17756.324188566083,-213.43961445092853,827.1179495348479
2020-11-23,18364.12159134,20595.048530944714,-3049.1980775283837,818.2711379236716,18473.85543607577,-8.240223362644187,-101.49362137312346,17924.531557585695,-585.072246578572,1024.6622803328792
2020-11-24,19107.46444977,20663.803641111903,-2784.7754065101853,1228.43621516828,18552.155444134114,64.3618250857615,490.94718055012345,18092.866387153295,-857.2697856982159,1871.8678483149197
2020-11-25,18732.1207774,20732.642005162626,-2960.1853999346285,959.6641721720007,18619.51789735417,127.88808352531098,-15.285203479481424,18262.088291114138,-607.7896510296644,1077.8221373155247
2020-11-26,17150.62357809,20801.564039298268,-3408.1530461341804,-242.78741507408995,18702.020454939815,-70.17163671979839,-1481.2252401300175,18433.58690929871,-208.94763896770007,-1074.0156922410097
2020-11-27,17108.40172774,20870.570173607863,-3443.917004029972,-318.2514418378887,18737.07019498554,-79.2113478908158,-1549.4571193547235,18609.61780516786,-626.1548132078682,-875.0612642199922
2020-11-28,17717.4150112,20939.660852852394,-3199.694037302861,-22.551804349532176,18779.498359800364,59.457584634928835,-1121.5409332352938,18793.24006976079,-322.5970521709926,-753.2280063897997
2020-11-29,18177.48341979,21008.836535171875,-3137.8494607316547,306.4963453497803,18863.17960122118,-147.6840207346038,-538.0121606965768,18987.720071006297,-281.95804914010296,-528.2786020761923
2020-11-30,19625.83502949,21078.09768902229,-2608.8641490029404,1156.6014894706532,18930.573300739637,96.43483444436254,598.8268943059993,19195.750552238733,-367.84258463134495,797.9270618826122
2020-12-01,18802.99829969,21147.44478908356,-2910.175034960497,565.7285455669371,18991.07732995081,-8.024543231178743,-180.05448702963258,19418.736505277935,78.94176801347794,-694.6799736014145
2020-12-02,19201.09115697,21216.87831244386,-2774.2327967397987,758.4456412659383,19027.252806899418,521.9476247588188,-348.109274688235,19656.160063690055,29.941936080074328,-485.01084280012947
2020-12-03,19445.39847988,21286.398737376407,-2733.986926513858,892.9866690174531,19042.692854769444,-279.0807083079203,681.7863334184767,19905.710581979747,-307.43752598689576,-152.87457611284844
2020-12-04,18699.76561337,21356.006541107043,-2887.6816214269043,231.4406936898631,19050.07482372511,-408.30217391426334,57.992963559154305,20164.970466955136,-1491.5037221609568,26.29886857582096
2020-12-05,19154.231131,21425.7021983103,-2759.3843197709616,487.91325246066117,19050.741132509746,33.70254163747707,69.78745685277681,20431.628344593635,-781.9672460062003,-495.4299675874354
2020-12-06,19345.12095871,21495.486181195643,-2654.0486565331294,503.6834340474852,19042.859561914986,3.3662766205940287,298.8951201744203,20703.00482684303,-1058.776943503203,-299.1069246298284
2020-12-07,19191.63128698,21565.358957403034,-2701.819739444922,328.09206902188816,19032.12548382801,176.54798829090714,-17.042185138918285,20976.798555479214,-1273.9664908457871,-511.2007776534265
2020-12-08,18321.14491611,21635.320988280277,-2900.239473679607,-413.936598490669,19017.04501114075,-36.05324832467406,-659.8468467060775,21251.488623791814,-1052.0798889230043,-1878.2638187588127
2020-12-09,18553.91537685,21705.37272803253,-2866.5012442474053,-284.9561069351221,19004.71488946328,1159.5330450104277,-1610.3325576237075,21526.37200651381,-1585.7079778355842,-1386.7486518282276
2020-12-10,18264.99210672,21775.51462355113,-3008.9907796034477,-501.5317372276804,19014.400995205433,-674.0984039894831,-75.31048449594891,21801.46011686938,1570.7698603193599,-5107.23787046874
2020-12-11,18058.90334725,21845.747112800196,-3335.7153905512027,-451.1283749989925,19050.35975196524,-856.3247451339238,-135.13165958131503,22077.264430302414,1660.91330225022,-5679.274385302633
2020-12-12,18803.65687045,21916.070622897583,-3127.7212777607438,15.307525313161022,19099.21183641732,-101.0282220761625,-194.52674389115782,22354.604061972084,1717.9649652599282,-5268.912156782015
2020-12-13,19142.3825335,21986.485565939936,-2867.2302123106265,23.12717987069118,19150.381720185604,-49.09946810983034,41.10028142422743,22634.44090882202,1064.2409127056374,-4556.299288027658
2020-12-14,19246.64434137,22056.992335835002,-2870.5156326848323,60.16763821983113,19196.46128659523,69.72243283444178,-19.539378059671435,22917.908360848334,2222.2972400995923,-5893.561259577928
2020-12-15,19417.07603342,22127.59130627514,-3052.3022721055686,341.78699925042747,19270.003270145608,25.86787996409887,121.20488331029264,23206.289778609636,997.6513035141953,-4786.865048703832
2020-12-16,21310.59813054,22198.28282919801,-2638.9022525015866,1751.2175538435731,19467.142056735294,1484.3277897044165,359.1282841002867,23500.59854248371,1892.0082584497702,-4082.0086703934794
2020-12-17,22805.16149213,22269.06723167473,-1942.627261262341,2478.721521717609,19786.02530136069,268.14625871959186,2750.989932049717,23801.426900157338,1524.4798017731391,-2520.745209800476
2020-12-18,23137.96056165,22339.944810760262,-1838.5604062917546,2636.5761571814946,20191.331012572362,-1417.4211074546306,4364.0506565322685,24108.75334447597,1136.042002475601,-2106.8347853015694
2020-12-19,23869.83196434,22410.915830345406,-1633.6976196028509,3092.613753597445,21782.364664783505,-302.086588666726,2389.5538882232213,24422.293871969596,1076.0213930637044,-1628.4833006933004
2020-12-20,23477.29519711,22481.980519976667,-1563.1308551918369,2558.4455323251714,22543.06150341125,-366.4853485562062,1300.7190422549575,24741.348389186554,1066.7395523696146,-2330.7927444461675
2020-12-21,22803.0814087,22553.139073682232,-1854.1069706818269,2104.0493056995947,23203.522558469453,-79.57611409459663,-320.8650356748549,25064.78171764403,772.4871669481012,-3034.1874758921294
2020-12-22,23783.02850288,22624.39165063205,-1623.9337720967121,2782.570624344662,25375.72573040053,166.075466580523,-1758.7726941010515,25391.24763014877,-1149.662848586306,-458.556278682463
2020-12-23,23241.34486501,22695.738376203142,-1796.9007290335796,2342.507217840437,25926.283754338536,1783.029876061774,-4467.968765390309,25719.320533628153,-1603.7581395034479,-874.2175291147068
2020-12-24,23735.94972763,22767.179341200575,-1838.9580621389234,2807.7284485683485,26295.528639456355,957.8105958272139,-3517.38950765357,26047.862617945273,-2092.6920384414234,-219.22085187385164
2020-12-25,24664.79027412,22838.714601794047,-1610.5925775341516,3436.6682498601076,26621.195109778724,-1918.6665332416292,-37.7383024170922,26376.557791825766,-1853.5016453460278,141.73412764026216
2020-12-26,26437.0375091,22910.34417778835,-1394.582886778265,4921.276218089915,26889.19974537716,-425.2812097656175,-26.881026511542586,26706.068088581625,-299.1981702521713,30.16759077054303
2020-12-27,26272.29456706,22982.068050401267,-1259.319151645405,4549.5456683041375,27057.046742335235,-776.3513726476796,-8.400802627555095,27037.542404751774,-929.176149739772,163.92831204799586
2020-12-28,27084.80788628,23053.886159937625,6546.758980309235,-2515.83725396686,27118.473194951137,-327.2223149829554,293.55700631181753,27372.23800933131,-878.9624956856126,591.5323726343013
2020-12-29,27362.4365573,23125.798409591564,6135.082203550837,-1898.4440558423994,27155.132404486474,164.23573313838,43.06841967514629,27711.14952715644,-346.7011431091809,-2.011826747260784
2020-12-30,28840.95341968,23197.804680446778,6835.760681044838,-1192.611941811614,27201.787360387738,1478.196537550748,160.96952174151374,28054.471840380076,-1567.7662662730036,2354.247845572929
2020-12-31,29001.71982218,23269.90483386107,6540.821999428954,-809.0070111100249,27254.954831582407,1654.8070303400132,91.95796025757954,28401.693414385816,131.96080580479946,468.06560198938314
2021-01-01,29374.15188907,23342.098709879887,7147.301636402829,-1115.2484572127178,27296.346063898214,-1236.9729090881706,3314.778734259955,28751.38772398199,-305.10197427305343,927.8661393610637
2021-01-02,32127.26793922,23414.386126562753,7947.296415312822,765.5853973444246,27319.144846297997,-454.04918547339526,5262.172278395399,29101.522807389563,-252.16891750810277,3277.9140493385385
2021-01-03,32782.02446581,23486.766879382623,7807.072441381614,1488.1851450457616,27329.838441308093,-806.7429088554633,6258.928933357369,29450.312739829395,-2273.3078878587644,5605.019613839366
2021-01-04,31971.91352155,23559.24073687034,7309.5457214819735,1103.1270631976877,27342.51703134283,-665.7069610154463,5295.103451222614,29796.65501325004,-1538.8298522567359,3714.0883605566924
2021-01-05,33992.42934365,23631.807438761836,7048.345742237774,3312.276162650389,31528.066080482065,18.34775775515132,2446.0155054127827,30140.005515311168,-1971.6936085219315,5824.117436860768
2021-01-06,36824.36441009,23704.466697185955,7543.958061307448,5575.939651596596,32303.565889931706,1139.843490355635,3380.955029802659,30480.194674573293,-1651.8822754560147,7996.052010972722
2021-01-07,39371.04235311,23777.2181913078,6499.671972433487,9094.152189368713,36436.321219055724,1586.1207256065231,1348.6004084477536,30817.40850517426,-1375.2880536977982,9928.921901633541
2021-01-08,40797.61071993,23850.061562778432,5635.898082297871,11311.6510748537,36440.45313898438,-450.9937519094309,4808.15133285505,31151.935798428447,-2013.3240718868037,11658.998993388359
2021-01-09,40254.54649816,23922.996416644404,6269.432474112851,10062.117607402746,36440.812264373504,-350.7453092296157,4164.47954301611,31484.10643559442,2422.574276040511,6347.865786525068
2021-01-10,38356.43950662,23996.022324855956,6209.530778694565,8150.886403069482,36431.74359509883,-802.6958810428794,2727.391792564049,31814.45525150385,2667.340840726436,3874.643414389717
2021-01-11,35566.65594049,24069.138825140333,6904.759729602463,4592.757385747209,36413.13316683418,-867.4541978507734,20.97697150659951,32143.611962366675,2418.4950955063227,1004.548882617004
2021-01-12,33922.9605815,24142.345419572535,7104.630377811469,2675.984784116001,36391.47795822048,26.431290292541192,-2494.9486670130136,32472.444104046128,1926.7356147465791,-476.21913729270454
2021-01-13,37316.35939997,24215.641576509,7425.395434729175,5675.322388731831,36368.64154166483,856.5478733457982,91.1699849593715,32801.762739079386,3447.4889469387635,1067.107713951853
2021-01-14,39187.32812109,24289.026733432624,7820.096734372325,7078.2046532850545,36336.71334170964,605.705365559206,2244.9094138211585,33131.95252357478,1636.623207796899,4418.752389718327
2021-01-15,36825.36585131,24362.500199744492,7584.363053998843,4878.502597566665,36301.535043389835,462.0051879764825,61.82561994368734,33462.914875442715,2805.558266655476,556.8927092118101
2021-01-16,36178.13890106,24436.06078307945,7460.50606070034,4281.572057280213,36266.987482991935,-125.70817690220106,36.859594970272155,33794.322139788615,2302.215088277793,81.60167299359455
2021-01-17,35791.27792129,24509.70669723681,6981.982279264819,4299.588944788371,36234.46694172483,-445.86698299477257,2.677962559944717,34125.79159217017,1798.247318229202,-132.76098910937435
2021-01-18,36630.07568284,24583.435562027902,7158.370441101965,4888.269679710131,36173.70558574579,-963.9203120052346,1420.2904090994416,34456.87887556467,1741.9604825680703,431.23632470725715
2021-01-19,36069.80639361,24657.244405271525,6724.550630523177,4688.0113578153,35960.712897719,193.15245527280752,-84.05895938180765,34787.074024534966,1266.5087154494056,16.223653625631414
2021-01-20,35547.7508855,24731.129665263965,6144.086711423556,4672.534508812478,35067.64366519709,1085.7275846608836,-605.620364357972,35116.18423712903,910.2100689219652,-478.6434205510013
2021-01-21,30825.69850603,24805.087184326057,1341.0253940715663,4679.585927632375,34700.84303094607,-462.0658197959168,-3413.0787051201514,35444.80405699239,-1030.1501414463048,-3588.9554095160856
2021-01-22,33005.76356216,24879.112208145823,1135.137497412153,6991.513856602021,34369.77804003806,606.1144489712633,-1970.1289268493238,35774.1522443017,-2292.5854367055867,-475.8032454361164
2021-01-23,32067.64288212,24953.199389271635,1494.759748240528,5619.683744607835,33889.22070978955,-12.415535710447585,-1809.1622919591064,36105.55917769873,-2967.23734009155,-1070.6789554871793
2021-01-24,32289.37808687,25027.342782629352,1521.281134636913,5740.754169603737,33590.31351837282,-813.2476603212963,-487.687771181525,36440.16264356134,-3000.3946280784685,-1150.3899286128726
2021-01-25,32366.39304887,25101.535844784612,1762.2019994127502,5502.655204672636,33471.68563117993,-924.8501886374033,-180.44239367252885,36778.74217572661,-376.23519199767713,-4036.1139348589386
2021-01-26,32569.84955679,25175.77144061173,1669.1312210806618,5724.946895097608,33495.205467178384,75.11910376749614,-1000.4750141558798,37121.56086258747,-1180.283958258592,-3371.4273475388763
2021-01-27,30432.54707881,25250.04185829872,1570.2793110050666,3612.2259095062145,33584.44841336117,1041.7822529319517,-4193.683587483123,37468.42888562557,-1708.9016035791183,-5326.980203236457
2021-01-28,33466.09635821,25324.33881242701,2336.3745111618073,5805.3830346211835,33808.2657773754,-197.9691626740584,-144.20025649134186,37819.00534105602,424.5247602492529,-4777.433743095273
2021-01-29,34316.38765032,25398.653457449243,3000.819187089569,5916.915005781189,34209.122297299284,660.989732046484,-553.7243790257635,38172.939134152024,-3216.8815621977465,-639.6699216342749
2021-01-30,34269.52154165,25472.976382318408,2038.8493554357894,6757.695803895804,34701.55391126931,36.19803665606776,-468.23040627537557,38529.986697981505,491.8398632038006,-4752.305019535306
2021-01-31,33114.35774753,25547.297609446043,2164.8012256509724,5402.2589124329825,35153.93943381679,-752.8563420791197,-1286.7253442076762,38890.05887570671,-1078.7054412583705,-4696.995686918344
2021-02-01,33537.1768196,25621.606593439898,2264.847341254692,5650.722884905408,35552.41204909665,-1028.5903186326707,-986.6449108639863,39253.38183915018,-403.2563862491983,-5312.9486333009845
2021-02-02,35510.28903716,25695.892225526444,1745.019816563074,8069.376995070485,36020.58423482555,-403.13820611129063,-107.15699155425682,39619.955237355025,-3093.210253642408,-1016.4559465526181
2021-02-03,37472.09010368,25770.142840449407,1471.6656334595984,10230.281629770994,36510.20696131657,1030.5163804114288,-68.63323804800166,39989.678611098876,-2445.1463379546117,-72.44216946426604
2021-02-04,36926.06446515,25844.346223728877,2872.9805416921395,8208.737699728983,36981.96375192304,421.85906058601057,-477.75834735904937,40362.38827881836,-3001.4870699619155,-434.83674370645167
2021-02-05,38144.30686267,25918.489619751723,2578.8313527695377,9646.985890148739,37684.019738166615,419.0092265996474,41.27789790373208,40737.79778941919,-1975.2866627016642,-618.2042640475338
2021-02-06,39266.01073494,25992.559736297215,2341.7383156639244,10931.712682978858,38805.10012044125,-324.6431144347045,785.5537289334534,41115.55370390153,-1707.1987109149145,-142.3442580466217
2021-02-07,38903.44147971,26066.54275333066,3110.6926855990077,9726.206040780333,40816.32939016664,-728.0525503469131,-1184.835360109726,41495.360180061645,-1527.6198988745675,-1064.2988014770744
2021-02-08,46196.46371944,26140.42435189842,1279.1865935035914,18776.85277403799,41994.03919855963,885.6766082490445,3316.7479126313265,41877.10265029276,3951.317462380374,368.0436067668634
2021-02-09,46481.10423596,26214.189789263484,1040.2269471441173,19226.6874995524,44144.73685383649,-1160.6107843225027,3496.978166446017,42260.941389032276,4009.1202025419484,211.04264438577957
2021-02-10,44918.18449192,26287.823905496425,1422.0579749515646,17208.30261147201,45388.00496072285,-371.28543270797275,-98.53503609487962,42647.12839846871,2888.8715790628426,-617.8154856115507
2021-02-11,47909.33119483,26361.31115279194,1560.668597857596,19987.351444180465,46143.74949900284,1041.2775534118928,724.3041424152689,43035.87593584639,2649.2071949353144,2224.2480640483045
2021-02-12,47504.85118326,26434.63562363812,1732.4807767282223,19337.73478289365,46597.62131816539,323.3076007616263,583.9222643329849,43427.31814601449,4305.020889764434,-227.48785251892696
2021-02-13,47105.51747252,26507.78106627821,1705.4508595897305,18892.28554665206,46916.11543030161,-469.6106403255112,659.0126825439002,43821.54799831174,3001.865385082613,282.1040891256416
2021-02-14,48717.2902111,26580.73090624836,1976.6790693702376,20159.880235481407,47093.53526932043,927.0774600470013,696.677481732564,44218.25282700401,3065.1185959904874,1433.9187881054968
2021-02-15,47945.05683234,26653.46827709976,2370.2060548014756,18921.38250043876,47254.57945757811,1453.8557253024446,-763.3783505405518,44616.74926252337,3047.0236210291487,281.28394878748077
2021-02-16,49199.87134362,26725.976022797808,2179.4607278276044,20294.43459299459,47514.26551967034,-1561.3951377036865,3247.0009616533425,45015.804241994796,2407.5098427660446,1776.5572588591604
2021-02-17,52149.00753587,26798.236701567144,1925.508260580063,23425.26257372279,48889.13834017529,-642.1974488629752,3902.0666445576862,45413.99495678135,1894.3890907204766,4840.623488368168
2021-02-18,51679.79669449,26870.232637451114,1691.6257193635695,23117.93833767532,49174.41428065651,-145.05086972558684,2650.433283559083,45810.13842256855,1278.4142794672161,4591.243992454241
2021-02-19,55888.13368221,26941.945966776184,1626.9364628289409,27319.251252604874,49481.896538634195,-263.19391956556154,6669.431063141368,46203.377737797455,1027.6434870568423,8657.112457355703
2021-02-20,56099.52051348,27013.35865016671,1353.4579182003158,27732.703945112975,50513.39378773072,-677.6515570366248,6263.778282785905,46593.37265601555,-1224.2871436021533,10730.435001066602
2021-02-21,57539.9436679,27084.45244577277,917.3351901155204,29538.15603201171,50536.608441823846,560.592009585849,6442.7432164903075,46980.17175687665,-2280.039709452307,12839.811620475659
2021-02-22,54207.31906543,27155.2089618345,1247.0861731730097,25805.023930422485,50522.07444826811,3518.221289346417,167.0233278154701,47363.89197727894,-3278.3315745923014,10121.758662743363
2021-02-23,48824.42686909,27225.60980878005,760.4733831116644,20838.34367719829,50515.43583666665,-1837.7819720005969,146.77300442394335,47744.56091604081,-3752.9004492996046,4832.766402348789
2021-02-24,49705.33331637,27295.63667405587,866.8858340764724,21542.81080823766,50500.59142906783,-488.8040761374813,-306.45403656034614,48122.2124837626,-974.3838780613344,2557.5047106687343
2021-02-25,47093.85301914,27365.27140870029,887.7155028435061,18840.8661075962,50448.924689172694,-582.2335161032538,-2772.8381539294423,48496.68692266759,-1313.4466007182118,-89.38730280938034
2021-02-26,46339.76008289,27434.496121878237,1186.1479918275409,17719.115969184222,50295.65094458374,-601.5402087444105,-3354.3506529493243,48867.68761435455,-2901.3741854506357,373.44665398608777
2021-02-27,46188.45127539,27503.29332755277,973.302942062774,17711.855005774458,50238.92873853465,-824.5295221876174,-3225.947940957034,49235.09562909613,996.9798364594685,-4043.624190165603
2021-02-28,45137.77046805,27571.646003819216,5305.314805805493,12260.809658425293,50165.64629372994,1216.5517776028883,-6244.42760328282,49599.145914912835,-5071.43437649226,610.0589296294274
2021-03-01,49631.24137077,27639.537544748084,4327.197842714408,17664.505983307514,50017.479893535696,2978.724203277646,-3364.962726043341,49959.73202303659,1031.7861475301877,-1360.2767997967749
2021-03-02,48378.98805435,27706.951691676313,4750.206288901674,15921.83007377201,49969.16705217862,-1544.3148514279837,-45.86414640064322,50315.98424484661,-2340.330871473104,403.33468097649165
2021-03-03,50538.24341445,27773.87252367425,4364.884341741034,18399.48654903472,49947.756270893544,94.96465061610928,495.52249294034846,50666.72616278944,-539.5192679994811,411.03651966003963
2021-03-04,48561.1661539,27840.28447819314,2324.8490446714277,18396.03263103543,49937.564671194305,-1315.5445552765148,-60.853962017790764,51010.56352467113,-2868.1427867329367,418.74541596180643
2021-03-05,48927.3045548,27906.17238727023,2504.569379055145,18516.562788474625,49930.320106511936,-928.1550482616066,-74.86050345032709,51345.998981939425,-2845.1146587305802,426.4202315911534
2021-03-06,48912.38173056,27971.521566277304,2420.790339954982,18520.069824327715,49921.15549313717,-930.600537846747,-78.17322473042441,51671.549504872506,-3193.189227670219,434.0214533577164
2021-03-07,51206.69295308,28036.31780061149,293.87592416469727,22876.49922830381,49906.97692031909,1372.4915887784132,-72.77555601750646,51985.85210222203,-1220.668477833038,441.50932869100507
2021-03-08,52246.52230995,28100.547210740187,633.7080185931659,23512.26708061665,49979.79004038449,2328.582952658596,-61.850683093085536,52287.87752626972,-778.0250546053908,736.6698382856703
2021-03-09,54824.11781138,28164.19623347608,1321.8249551565964,25338.09662274732,50425.12419021435,-1394.4921723945379,5793.485793560183,52577.19179185669,53.39365426784218,2193.5323652554653
2021-03-10,56008.54940114,28227.251645284025,444.4884793342572,27336.80927652172,53131.63579760162,528.2308091860787,2348.682794352302,52853.97287564849,3037.9227769036174,116.65374858789437
2021-03-11,57805.12301924,28289.70052464132,138.31753980114598,29377.104954797538,53974.93574223184,-799.9245946073443,4630.111871615503,53118.77822145713,4096.969707489862,589.3750902930115
2021-03-12,57332.08896391,28351.53024987817,-427.3342770205734,29407.8929910524,54724.78676074308,-382.3920503975934,2989.694253564514,53371.63234197649,3142.039834728486,818.4167872050239
2021-03-13,61243.08476552,28412.728560602012,-142.31091605121964,32972.6671209692,57228.74453062743,-1276.0713709087406,5290.41160580131,53611.66160411505,3061.785766686704,4569.637394718244
2021-03-14,59302.31697742,28473.283590936273,275.62871116932877,30553.404675314396,57989.27707998385,1314.1943157879045,-1.1544183517544298,53838.17457409074,4025.434241434878,1438.7081618943776
2021-03-15,55907.20022619,28533.18394976615,258.0034044036066,27116.01287202024,58118.42612515503,1444.7512451178923,-3655.977144082921,54050.617274798155,2269.070077815156,-412.4871264233152
2021-03-16,56804.90123161,28592.418792953682,1405.5988558265467,26806.88358282977,58127.06140635388,-1327.5518092823413,5.391634538456856,54248.10397194078,2313.266151578972,243.53110809024656
2021-03-17,58870.89333325,28650.977815896855,1666.5471545029716,28553.368362850175,58134.862742187885,712.722732121907,23.307858940206643,54430.65544125398,3615.1727044909394,825.0651875050826
2021-03-18,57858.92070527,28708.851207821066,2045.7206486270525,27104.348848821883,58144.10966789191,-287.60932753469865,2.4203649127885,54599.16176410798,3004.193931951004,255.56500921101542
2021-03-19,58346.65297359,28766.029653259568,2401.9232313303537,27178.700089000078,58155.61829230015,122.68036347839563,68.35431781145599,54755.07697471021,1970.009696234009,1621.566302645777
2021-03-20,58313.64260857,28822.504459853026,1806.7495957743283,27684.388552942644,58167.711557538176,-1393.798137778193,1539.7291888100153,54900.0314219861,1359.2326036372076,2054.378582946687
2021-03-21,57523.42098673,28878.267548044885,2099.1126811929985,26546.040757492116,58167.862031993674,923.029148890723,-1567.4701941543972,55034.9355789259,1640.798261558034,847.6871462460695
2021-03-22,54529.14561107,28933.311416032524,2233.2026789933225,23362.631516044155,58013.34357664161,854.8330444635235,-4339.031010035127,55158.26686876079,-1141.2995393049468,512.178281614164
2021-03-23,54738.94493032,28987.62915401062,2422.350386085483,23328.965390223897,57970.1264983104,-1014.0364363423993,-2217.1451316479943,55267.06235759352,-2211.3762106724066,1683.2587833988946
2021-03-24,52774.26369049,29041.214469977986,2798.3359793237205,20934.713241188296,57936.766049359365,836.1581989631483,-5998.660557832511,55358.58740031428,-3137.6071547742486,553.2834449499642
2021-03-25,51704.1619252,29094.061713112395,3603.3816357977357,19006.718576289873,57789.5828898955,-335.5945123525386,-5749.826452342961,55430.9368993654,-4032.5896971102,305.81472294480045
2021-03-26,55137.31372578,29146.166055312373,3987.425680444755,22003.721990022867,57806.54205184689,725.2671516928583,-3394.4954777597522,55483.32924499827,-1190.2533929191234,844.2378737008548
2021-03-27,55973.51084173,29197.523586901127,6061.554465511443,20714.43278931743,57846.43414034832,-1777.5317790271035,-95.39151959121955,55516.31083689232,-1766.984370604731,2224.1843754424117
2021-03-28,55950.7457745,29248.131447568634,6009.32325571346,20693.291071217904,57904.80264149816,822.1801259960646,-2776.2369929942215,55531.74843742825,-3072.2697591222286,3491.2670961939803
2021-03-29,57750.19987147,29297.987788671013,2083.2815647581124,26368.930518040874,57977.960855449615,-37.9334875588372,-189.82749642077397,55532.24700164609,1703.4367959578335,514.5160738660852
2021-03-30,58917.6930451,29347.091744327256,2844.466820796679,26726.134479976063,58063.2082677982,-735.6152634693294,1590.1000407711254,55521.77648334627,-5559.534203006373,8955.450764760099
2021-03-31,58918.83271375,29395.44341103778,3246.5926106224674,26276.796692089756,58165.56701473096,844.8234991825648,-91.55780016352219,55503.72838518128,2902.769275306105,512.3350532626137
2021-04-01,59095.80797806,29443.04377931393,3092.270562981521,26560.493635764546,58276.32237303017,-536.8290668732178,1356.3146719030483,55479.765108366,-2626.618359914789,6242.6612296087915
2021-04-02,59384.3133586,29489.894773127944,4507.93435514772,25386.48423032433,58381.12497755054,1058.7072479492786,-55.51886689982348,55450.974310393816,-1536.7185991801266,5470.057647386304
2021-04-03,57603.88917376,29535.999246901614,3338.601503408526,24729.288423449856,58478.32149245135,-726.0400052313147,-148.3923134600409,55418.04091333878,-2856.980929900558,5042.829190321776
2021-04-04,58758.55629127,29581.36095343284,3556.7244467168757,25620.47089112028,58570.92478757509,278.8711252033798,-91.23962150847365,55381.3409579265,-1924.0041408442512,5301.2194741877465
2021-04-05,59057.87896588,29625.984499036287,4010.32561361383,25421.568853229885,58673.263892624855,188.68147717750858,195.93359607763705,55341.06005477643,-2982.835156933915,6699.654068037482
2021-04-06,58192.35868406,29669.875343268606,3286.328189587335,25236.155151204053,58803.68581648055,-620.2075341343905,8.880401713831816,55297.20325932801,-2296.1611242210174,5191.316548953007
2021-04-07,56048.93781271,29713.03979540775,2944.5492214927513,23391.3487958095,58950.63044491706,-3.2778161718489187,-2898.414816035205,55249.48294984442,-853.4174337987727,1652.8722966643472
2021-04-08,58323.95357975,29755.484990981902,2793.9158754661894,25774.552713301906,59097.794695377605,-813.3553359991953,39.514220371587726,55197.412848649685,2807.0897105188296,319.4510205814877
2021-04-09,58245.00300108,29797.218854280203,2462.8669139207445,25984.917232879052,59227.46233010371,952.0437707064608,-1934.50309973018,55140.93509829564,2482.3088800228525,621.7590227615074
2021-04-10,59793.23541009,29838.250136160426,2945.3347598062282,27009.650514123347,59331.96938964102,364.03192150779284,97.23409894118959,55079.82134597047,2772.489916401731,1940.924147717793
2021-04-11,60204.96491379,29878.588435458765,2185.390074781294,28140.986403549938,59414.783035260945,532.9648728455204,257.21700568353117,55013.31474634711,1490.3722132453652,3701.277954197525
2021-04-12,59893.45188869,29918.244196635445,2482.756224376333,27492.45146767822,59421.11854210927,315.8133242633794,156.5200223173524,54940.208634149894,4037.7992512354226,915.4440033046776
2021-04-13,63503.45793019,29957.22863032106,2687.586591635321,30858.64270823362,59131.1944114779,-779.3914281752734,5151.654946887371,54859.872047210316,3130.709549408647,5512.876333571039
2021-04-14,63109.69593464,29995.553634695574,2125.2128676424018,30988.929432302026,57926.41579755543,-626.6184504268035,5809.898587511372,54771.858178644026,2446.6244464857996,5891.213309510174
2021-04-15,63314.01084504,30033.231715300066,2354.476567801029,30926.302561938905,57430.200895190734,-1375.2661820766477,7259.076131925911,54673.76739270559,2110.9853155868923,6529.258136747521
2021-04-16,61572.78960116,30070.276053749152,2279.993830656685,29222.519716754166,56967.61956831066,1331.557283023818,3273.6127498255228,54561.56286242508,3443.8524558634813,3567.3742828714385
2021-04-17,60683.82123331,30106.700798409416,1998.3251691773226,28578.79526572326,55798.30448961361,770.5927476640269,4114.923996032361,54429.444675806946,2432.1236405961477,3822.2529169069094
2021-04-18,56216.18500243,30142.52099691707,2251.382769420827,23822.2812360921,55406.94782952586,701.4627879226832,107.77438498145784,54270.261684066514,1984.1169469923343,-38.193628628847364
2021-04-19,55724.26709807,30177.75242342079,2283.527143740383,23262.987530908824,55330.48826345024,583.8322622611697,-190.05342764141096,54079.439505267655,1411.9613193297466,232.8662734725949
2021-04-20,56473.0322808,30212.41153262932,2109.3247118219797,24151.296036348696,55327.20928742669,-1044.972846773694,2190.7958401470023,53857.29391754181,1606.3346454526056,1009.4037178055878
2021-04-21,53906.08804584,30246.51531329117,1981.3544644808655,21678.218268067965,55333.92759097758,-1423.2812593950384,-4.558285742547014,53608.2359556346,-504.1613811068207,802.0134713122243
2021-04-22,51762.27205146,30280.08133336978,1927.507260281106,19554.683457809115,55393.34284040993,-1631.7941172629457,-1999.2766716869883,53338.53300707391,-2176.2438048340696,599.9828492201632
2021-04-23,51093.65070999,30313.127687973843,2168.14372331113,18612.379298705026,55569.7083713203,1464.3325233693051,-5940.390184699609,53054.28887697786,-2300.10336306732,339.4651960794581
2021-04-24,50050.86821565,30345.672834589768,2073.1721638018016,17632.023217258433,55625.16381834696,1315.0502631176655,-6889.345865814626,52759.920161584545,-3521.9000821420277,812.8481362074817
2021-04-25,49004.25326318,30377.73547778458,2129.22096211804,16497.296823277382,55701.03366943605,640.9184802601584,-7337.698886516213,52457.69154468939,-2462.509787434642,-990.928494074753
2021-04-26,54021.75478737,30409.334552023,1582.7864094514803,22029.633825895522,55929.68684044792,766.4282028691814,-2674.3602559470964,52148.44530916467,-1828.4183807236197,3701.727858928949
2021-04-27,55033.11801332,30440.48915533499,1975.3440782160553,22617.284779768957,55990.64179277379,-988.9416895384599,31.4179100846668,51831.187219414736,-2927.975963888,6129.906757793266
2021-04-28,54824.70489507,30471.218538004974,2030.4011101873436,22323.085246877683,56022.28576717092,-1046.7783847469364,-150.80248735398345,51504.160788433015,2192.003973290465,1128.5401333465197
2021-04-29,53555.10849133,30501.541968916703,2020.393677373148,21033.17284504015,56039.67645902705,-2374.540766904067,-110.0272007929816,51166.11182206067,-2887.0430319276397,5276.039701196969
2021-04-30,57750.17734563,30531.478608392255,1809.421457203786,25409.277280033955,56053.018336851244,1712.8509364828312,-15.691927704072441,50817.587830305296,1747.511232146417,5185.078283178285
2021-05-01,57828.05063222,30561.047484996077,1650.7732233301695,25616.229923893752,56068.18996201119,1746.7351259812633,13.125544227550563,50461.218361530904,-2196.76360638044,9563.595877069536
2021-05-02,56631.07741255,30590.267507634206,1682.3382203664548,24358.471684549346,56081.76668005096,281.5318650060794,267.7788674929616,50100.0903209743,-1870.5097898901831,8401.496881465886
2021-05-03,57200.29122289,30619.15743556583,1599.144588272994,24981.989199051175,56094.156090512275,1116.2134439221254,-10.078311544399185,49736.341727573636,-2095.458039783253,9559.40753509962
2021-05-04,53333.53775274,30647.735866644914,2262.2297415892617,20423.572144505823,56102.766678519554,-2738.530131155517,-30.6987946240406,49370.9036493972,-1008.1686638924787,4970.802767235276
2021-05-05,57424.00594813,30676.021220948205,1683.008817331496,25064.9759098503,56102.6171242649,-380.34678023533957,1701.7356041004386,49004.269136981835,-2069.441866966898,10489.178678115059
2021-05-06,56396.51416376,30704.03171804004,1544.5000249761677,24147.982420743796,55999.92299560199,-267.8300053736258,664.4211735316348,48636.98795034787,-2051.8822583817437,9811.408471793875
2021-05-07,57356.40187692,30731.78539863561,1504.2375217522751,25120.37895653211,55418.68933975276,1635.544486778199,302.1680503890384,48270.02931332849,-811.2538859251945,9897.626449516705
2021-05-08,58803.77580865,30759.300144888504,945.8074683307229,27098.66819543078,53493.62092648952,413.7362063998363,4896.418675760644,47904.74546659478,1324.0961889916487,9574.934153063572
2021-05-09,58232.3161419,30786.59365744134,-170.99389838668833,27616.716382845352,52734.97273708585,-11.927526598046569,5509.270931412197,47541.99264292839,819.238846573207,9871.084652398407
2021-05-10,55859.79754454,30813.68339285047,32.181201528141685,25013.93295016139,51928.77940228729,1652.1491310742463,2278.86901117846,47181.48797131446,1743.0025235400014,6935.307049685536
2021-05-11,56704.5730585,30840.586498633962,-844.5002395324876,26708.48679939852,49855.80573796085,-4343.421070107341,11192.188390646486,46822.62447942294,829.9287450153129,9052.019834061743
2021-05-12,49150.53387514,30867.31976293359,-610.4369615479577,18893.65107375437,48867.93683693412,457.39467654907753,-174.797638343196,46465.11126049964,2614.9128292917508,70.50978534860769
2021-05-13,49716.19160254,30893.899612610327,-353.526073341329,19175.818063271003,48300.206081821016,954.5303028062415,461.4552179127422,46108.41483621672,2141.0009739234447,1466.775792399836
2021-05-14,49880.53342038,30920.34213124988,131.65450734057902,18828.536781789542,48144.240093310626,900.5425346784481,835.7507923909288,45751.660689878125,2983.8786413242783,1144.9940891775987
2021-05-15,46760.18656071,30946.6629947518,263.64637958767764,15549.877186370519,47971.791615152506,-651.0013800748782,-560.6036743676304,45393.34806876056,2545.119454454208,-1178.280962504774
2021-05-16,46456.05847448,30972.877475990208,-52.097148124990895,15535.278146614786,47355.23203237061,-775.8237206938123,-123.3498371967944,45031.558610033404,3901.3840180227176,-2476.884153576124
2021-05-17,43537.51138918,30999.000454867317,1065.4555909977475,11473.055343314933,46233.55269652544,1545.1971237135374,-4241.238431058977,44665.19519362684,2438.6561285920507,-3566.3399330388856
2021-05-18,42909.40092517,31025.046367084204,955.4952593128986,10928.859298772895,43009.28139914,-1453.5754914108402,1353.695017440834,44294.80896538437,2043.437173357776,-3428.8452135721527
2021-05-19,37002.4404659,31051.029169305122,1589.5690259173334,4361.842270677542,41829.802150368705,361.17216906687855,-5188.533853535584,43921.6187305098,775.018067539884,-7694.1963321496805
2021-05-20,40782.73826245,31076.962380276324,1421.8458465104497,8283.93003566323,40517.020151903635,1498.8643554766572,-1233.1462449302926,43547.41031227033,1045.4306654627048,-3810.1027152830356
2021-05-21,37304.69067136,31102.859085528333,1288.7077343617684,4913.1238514698925,37949.99631641795,9.959119206550852,-655.2647642645024,43175.039982106435,72.91637393287724,-5943.265684679318
2021-05-22,37536.63111241,31128.73191332614,1620.0009383144532,4787.898260769412,36929.86734468376,-1608.7387558422838,2215.5025235685316,42807.583033819385,-2891.119207413671,-2379.832713995711
2021-05-23,34770.58362292,31154.593044685804,822.939224503187,2793.0513537310107,36687.886515256505,-1343.290376741997,-574.0125155945061,42447.207277413894,-1145.5126013058284,-6531.1110531880695
2021-05-24,38705.97863723,31180.45412976256,1332.2295365693992,6193.294970898041,36625.70708766298,1947.0706769105877,133.20087265643087,42095.05085171986,-2758.557608512748,-630.5146059771141
2021-05-25,38402.22385137,31206.32626349967,1493.4858925982692,5702.411695272058,36579.75652512353,-266.34710123838056,2088.814427484853,41751.77755263143,-2455.0327556661186,-894.5209455953081
2021-05-26,39294.19738214,31232.219975605112,1545.215492696394,6516.761913838498,36564.393611393345,407.1979332329991,2322.6058375136563,41417.244409229046,-1863.7469488661884,-259.3000782228555
2021-05-27,38436.96853505,31258.14520658806,1344.7015461383096,5834.121782323629,36583.350119414594,1821.5618098986547,32.056605736754136,41090.525777554554,-2625.3502009540794,-28.20704155047133
2021-05-28,35697.60639024,31284.1112666794,1241.8649875690621,3171.630135991538,36627.29504051693,-478.1909309240263,-451.4977193529048,40770.436872095175,2049.661158720265,-7122.491640575441
2021-05-29,34616.06800347,31310.12685052632,937.0925493846943,2368.8486035589813,36670.75396434958,-1599.3628006203044,-455.3231602592714,40456.725481200505,-2491.52481060495,-3349.1326671255592
2021-05-30,35678.12920411,31336.200048927305,1756.85964416717,2585.0695110155284,36710.35789022883,-1221.1483146632509,188.9196285444268,40149.43247210672,2009.8958635176282,-6481.199131514346
2021-05-31,37332.85368874,31362.338369611618,2023.189433957683,3947.325885170696,36752.55336985946,529.7070044912937,50.5933143892471,39848.668810670984,-2266.9574560855317,-248.8576658454549
2021-06-01,36684.92451667,31388.548757047665,1502.6181650004385,3793.7575946218967,36793.124295234986,-141.8878746239552,33.68809605896968,39554.758606197254,-2672.2542595899617,-197.57982993729092
2021-06-02,37575.17957566,31414.837618416273,1593.9853709218976,4566.356586321828,36828.11397544499,734.0552426849529,13.010357530052715,39268.405337564844,-1473.9067007046397,-219.31906120020722
2021-06-03,39208.76599489,31441.21085571306,1396.8026324590744,6370.752506717861,36850.320321766914,2359.9552124736188,-1.5095393505398533,38990.71757902946,521.1526141906531,-303.1041983301111
2021-06-04,36894.40532994,31467.67385405973,1175.379311518228,4251.352164362041,36851.36113033034,-349.0531901528761,392.09738976252993,38723.12820733535,-1469.2505781139348,-359.4722992814204
2021-06-05,35551.95872588,31494.23147235502,575.5598600467072,3482.1673934782775,36838.11137369923,-1320.196322657487,34.04367483826354,38467.22991547834,-2491.919604585707,-423.35158501262777
2021-06-06,35862.37772747,31520.888056576576,1204.9772268890415,3136.5124440043764,36816.072302650784,-812.3288648221109,-141.36571035867382,38224.55548452602,-758.0826252753525,-1604.0951317806685
2021-06-07,33560.70783776,31547.647462661953,508.0351474827933,1505.0252276152532,36774.68574293754,-810.9607553300561,-2403.017149847481,37996.37391506256,285.2254279531419,-4720.891505255706
2021-06-08,33472.63174808,31574.513073221104,391.8470339789703,1506.2716408799242,36714.13529034959,26.84250596961843,-3268.346048239211,37783.37796127527,-435.12967030479246,-3875.6165428904787
2021-06-09,37345.12148619,31601.48781830706,1187.708257630245,4555.9254102526975,36640.790792762724,834.3017530145181,-129.97105958723841,37585.33290287163,362.88957056516864,-603.1009872467985
2021-06-10,36702.59937466,31628.5741953525,607.522018448968,4466.503160858534,36566.460751074206,1213.9302041278386,-1077.7915805420416,37400.86894331759,-307.1989103233465,-391.07065833423985
2021-06-11,37334.39952553,31655.774279877107,424.2634341959544,5254.36181145694,36511.27455796856,-259.26879018101005,1082.3937577424585,37227.63522048722,735.5617267916864,-628.7974217489027
2021-06-12,35552.51714847,31683.089737969687,-54.00765395615309,3923.4350644564656,36476.98222218064,-902.2414881494511,-22.22358556119434,37063.349218624266,193.90276874207154,-1704.7348388963437
2021-06-13,39097.86089667,31710.521842081245,-680.1434678811405,8067.482522469894,36415.81488192174,-648.9035491936821,3330.94956394194,36906.234972524966,3232.5477125198004,-1040.9217883747697
2021-06-14,40218.47785943,31738.071488696864,-1057.0818749193563,9537.488245652494,36388.8704230627,151.14736842975742,3678.4600679375435,36755.29114542652,3867.718465843589,-404.53175184010615
2021-06-15,40406.26898673,31765.73921248955,-767.5086660239325,9408.038440264383,36362.42586574384,531.5411782940049,3512.301942692153,36610.07895986657,3969.201375917808,-173.01134905438084
2021-06-16,38347.06322666,31793.525205808906,-331.31373225435755,6884.8517531054495,36288.32204915279,566.7173056019986,1492.023871905214,36470.220665242334,2287.3118432007045,-410.4692817830364
2021-06-17,38053.50417253,31821.429343108466,-410.7225935349595,6642.797422956493,36263.09792238915,304.5606374713125,1485.8456126695455,36335.4741090176,2299.9757802115773,-581.9457166991779
2021-06-18,35787.24478177,31849.451213663593,-719.7167789142536,4657.510347020663,36235.048292604166,-477.8864054746944,30.082894640530867,36205.88872336112,404.74642602169786,-823.3903676128102
2021-06-19,35615.86927002,31877.59013254094,-747.6792781948474,4485.958415673904,36188.7268162735,-650.1152356789239,77.25768942542345,36081.82421485792,-46.95706558220104,-418.9978792557231
2021-06-20,35698.29644336,31905.845143125094,-220.57024086605588,4013.021541100963,36136.99490765486,-495.5237552086887,56.82529091383185,35963.83090896455,863.5162469050497,-1129.0507125095974
2021-06-21,31676.69373254,31934.21503056136,-880.9347171332807,623.4134191119192,36069.011792602796,-229.93179134735993,-4162.386268715436,35852.42113052865,-3885.086449652344,-290.6409483363095
2021-06-22,32505.6598245,31962.698334791425,-611.3065922540967,1154.268081962673,35920.581516342034,2174.62348502672,-5589.545176868756,35747.83469107608,1417.1982624541079,-4659.373129030191
2021-06-23,33723.0289781,31991.29338391212,-78.7909269182187,1810.5265211061014,35596.005477333885,368.5457752415648,-2241.52227447545,35649.928661667385,-2762.7862670824416,835.8865835150573
2021-06-24,34662.43589358,32019.998331169692,149.78804017275024,2492.6495222375524,35433.8491701701,-897.3385966538918,125.92532006379042,35558.793586344036,-2554.9470491195098,1658.589356355471
2021-06-25,31637.78005541,32048.81118372746,-700.5680026364053,289.5368743189465,35021.89528913088,-512.9835687126044,-2871.131665008277,35474.64828592792,-305.4303338912069,-3531.437896626714
2021-06-26,32186.27767093,32077.72982269196,-922.7130289365309,1031.2608771745727,34854.571036891226,-303.30137096438,-2364.991994996846,35398.566324429616,-1801.389182137533,-1410.8994713620777
2021-06-27,34649.64458753,32106.751990978602,-12.023842220974075,2554.9164387723686,34758.350384988094,-7.966847492180804,-100.73894996591844,35332.42875450178,1730.316137359422,-2413.100304331201
2021-06-28,34434.33531428,32135.87527779071,-264.40862709466705,2562.8686635839513,34681.90316663088,-295.07519588317894,47.507343532299274,35277.88840997306,-359.59279332856283,-483.9603023644959
2021-06-29,35867.77773549,32165.097115984532,-160.33425589421142,3863.01487539968,34617.19386498045,1191.625610346092,58.95826016346109,35236.926096217,956.7500637163215,-325.89842444332317
2021-06-30,35040.83724889,32194.414781227646,-418.04265339362735,3264.4651210559787,34561.26777583706,439.23646098314316,40.33301206979377,35211.81691838074,193.24993293549446,-364.2296024262396
2021-07-01,33572.11765253,32223.825388008623,-649.4060827168096,1997.6983472381871,34508.418096734706,-915.1322679491586,-21.168176255545404,35204.84119164823,-1080.8069048663415,-551.9166342518874
2021-07-02,33897.04858963,32253.32590658412,-354.6688196442085,1998.391502690094,34437.741158835124,-272.766314389162,-267.9262548159604,35217.53331220528,-573.2476329636434,-747.2370896116408
2021-07-03,34668.54840182,32282.913169936128,-247.79004900780092,2633.4252808916754,34347.78878680075,37.83118975257899,282.92842526666936,35250.07750068034,298.2286738836166,-879.7577727439566
2021-07-04,35287.77976616,32312.5838920974,-411.74600272169823,3386.9418767842944,34251.84354190627,533.2686242447814,502.6676000089428,35300.93631482025,74.06295916983419,-87.21950783007924
2021-07-05,33746.00245614,32342.33472462977,-1102.41829242731,2506.0860239375397,34151.44691715365,-351.4514182719256,-53.993042741720274,35368.019002670524,-1191.9158814325908,-430.1006650979325
2021-07-06,34235.19345116,32372.162265524195,-972.0624990524166,2835.0936846882178,34046.195445939666,312.76278224135484,-123.7647770210242,35448.361709284996,-725.3848421575518,-487.78341596744576
2021-07-07,33855.32688833,32402.06307029903,-648.8011502970583,2102.0649683280208,33942.357294816204,3.00641852254563,-90.03682500875584,35538.67669142738,-1243.116664173711,-440.2331389236715
2021-07-08,32877.37262842,32432.033607418656,-969.3505658641409,1414.6895868654901,33834.771641865336,-1022.3302358858103,64.93122244047845,35636.7779525964,-2321.8656825986354,-437.539641577765
2021-07-09,33798.01020742,32462.07025469818,-855.6050302416178,2191.5449829634344,33723.99386643303,-106.28194602851019,180.29828701547376,35741.38203881164,-815.0481278946613,-1128.3237034969789
2021-07-10,33520.51995283,32492.16928772703,-1107.5956057885821,2135.946270891556,33619.05519372105,270.8232254832032,-369.3584663742513,35851.38918334969,-1357.9317293934885,-972.9375011262018
2021-07-11,34240.18701074,32522.326889942913,-938.9309480617844,2656.791068858871,33525.65080182912,880.6210542038721,-166.08484529299312,35966.29692849322,-619.1018976934629,-1107.0080200597513
2021-07-12,33155.84813085,32552.539144203984,-1465.5207620219471,2068.8297486679585,33441.500751782034,1012.7614573931337,-1298.4140783251714,36086.27028680005,-1921.945360812008,-1008.4767951380418
2021-07-13,32702.02592354,32582.802017262435,-1565.7285453794202,1684.9524516569836,33364.50550746424,-642.2171758406181,-20.26240808361763,36211.63969920052,2575.921128956779,-6085.534904617296
2021-07-14,32822.34873678,32613.111335355126,-1477.5888238689624,1686.8262252938366,33298.39606033434,-554.4155053635834,78.36818180924456,36342.604273522054,942.6154319551483,-4462.870968697207
2021-07-15,31780.73137404,32643.46279660802,-1940.9539853730473,1078.2225628050255,33251.500742615135,-1087.636468238546,-383.13290033658996,36479.33497341989,4226.641101638864,-8925.244701018757
2021-07-16,31421.53845398,32673.851996370908,-1811.944455071764,559.6309126808592,33225.16089351323,130.56377658952607,-1934.1862161227582,36622.264969626274,3146.6645351371626,-8347.391050783437
2021-07-17,31533.06753327,32704.27444147954,-1695.226507986643,524.0195997771043,33223.1847821927,601.1127714783362,-2291.2300204010353,36771.62152854563,2413.2953946193124,-7651.849389894938
2021-07-18,31796.81013825,32734.725562314554,-1497.5191203184381,559.6036962538856,33235.883487714505,267.00326705657585,-1706.0766165210807,36927.977991396976,-449.43336022090307,-4681.734492926073
2021-07-19,30817.83165619,32765.200716878768,-1553.8839990052847,-393.4850616834847,33235.235108078385,2155.053564041531,-4572.457015929918,37092.07234886539,-1238.8458381529979,-5035.394854522394
2021-07-20,29807.34767271,32795.6951961497,-1832.3587003702787,-1155.9888230694269,33333.33704095455,-1465.9534763618115,-2060.035891882744,37264.44646877581,1379.4641351074006,-8836.562931173212
2021-07-21,32110.69326387,32826.20423064501,-1256.9242925979072,541.4133258228976,33395.94457639413,-1074.4571844866787,-210.794128037458,37445.053022317064,-4350.555557706483,-983.804200740582
2021-07-22,32313.10632477,32856.72298798275,-1348.6604240694217,805.0437608566717,33442.154620140565,-1164.510456310325,35.46216093975818,37633.36280039151,4317.261018603645,-9637.517494225154
2021-07-23,33581.55060854,32887.24653435626,-1071.5720086517117,1765.8760828354498,33475.695451604544,239.66305181886318,-133.80789488340815,37828.526355111644,-3451.4641196415287,-795.5116269301143
2021-07-24,34292.44590612,32917.76980864445,-1093.4374603050478,2468.113557780598,33502.83715079765,866.0876398272192,-76.47888450486062,38029.588072901715,-2965.7507228063796,-771.3914439753353
2021-07-25,35350.18697353,32948.28761653657,-1084.4472358568582,3486.346592850292,33612.01761538934,-152.99007437281296,1891.159432513472,38236.05974693556,976.7907418560967,-3862.663515261658
2021-07-26,37337.5333134,32978.794623845984,-771.6993886488981,5130.438078202918,34122.67162305499,3306.529201619351,-91.66751127433236,38447.431925986166,-1039.5500079034823,-70.34860468268016
2021-07-27,39406.9409837,33009.2853537745,38.07719146586999,6359.578438459626,36160.785078650566,-2461.489076292379,5707.644981341815,38663.46294942922,779.9957192357715,-36.517684964986984
2021-07-28,39995.90646862,33039.75419273601,207.84345489599332,6748.308820988001,36979.62831220469,-428.4929696486367,3444.771126063948,38884.08638367575,1295.5810708628796,-183.76098591862683
2021-07-29,40008.42084653,33070.1954080452,271.9195258108289,6666.305912673975,37769.34456817686,-1209.7731685939832,3448.849446947126,39109.448642534204,1539.53581490571,-640.5636109099069
2021-07-30,42235.54770874,33100.60316228812,123.91697387931089,9011.027572572566,39482.82641560781,874.8266713837004,1877.8946217484918,39340.1470683592,1630.1899121604808,1265.2107282203215
2021-07-31,41626.19567624,33130.97151736474,215.1728057451503,8280.051353130111,40355.28833725725,1143.1399059755256,127.76743300722592,39577.188278601425,-247.49506337226182,2296.5024610108376
2021-08-01,39974.89602594,33161.294430987,375.72870622951916,6437.872888723476,40938.77326018339,-798.5203434099869,-165.3568908334055,39821.44009286757,-123.18638765303166,276.6423207254629
2021-08-02,39201.945189,33191.56575425321,71.86023238983523,5938.519202356947,41280.60466581914,2674.5832795198853,-4753.24275633903,40072.881418791134,464.3394474428279,-1335.2756772339635
2021-08-03,38152.9820898,33221.77923174789,-191.27519809947466,5122.478056151587,41661.59230711031,-3322.4151865223034,-186.19503078800335,40330.265774600164,962.3036557990941,-3139.5873405992534
2021-08-04,39747.50501675,33251.928512268525,26.265707771147675,6469.310796710328,42052.412169789735,-7.143745523112159,-2297.7634075166206,40591.6909632178,208.05142603292444,-1052.23737250072
2021-08-05,40869.55432742,33282.0071587056,76.77600290609678,7510.771165808306,42632.53269946949,-1162.6160827237522,-600.3622893257343,40855.15703738467,450.03337953626976,-435.63608950093476
2021-08-06,42816.49896809,33312.00864968943,-301.6671528247855,9806.157471225357,43178.46157953039,1294.572062153871,-1656.5346735942585,41118.935870811074,-2324.1785012954474,4021.741598574379
2021-08-07,44555.8006644,33341.92638656916,-738.6516750811185,11952.525952911958,43708.24571649897,1038.4421735455958,-190.8872256445684,41381.87216016839,-1854.599867083586,5028.528371315195
2021-08-08,43798.11767796,33371.75370076609,-130.69721701073559,10557.061194204645,44183.11374647908,-275.3900300311321,-109.6060384879529,41643.40430553051,-1540.4522954970007,3695.1656679264925
2021-08-09,46365.40065035,33401.48385870593,-1179.7268081687112,14143.643599812785,44604.16065223147,1968.1751914113681,-206.93519329284027,41903.451140719844,-2117.91679968231,6579.866309312463
2021-08-10,45585.03077231,33431.1100605225,-614.5850860213632,12768.505797808859,44925.01018454105,-3037.831404921878,3697.8519926908193,42162.1919096939,-1655.7916963625491,5078.6305589786425
2021-08-11,45593.63593071,33460.62545241005,-851.5003655116793,12984.51084381163,45203.541689112695,332.56685525103126,57.52738634627167,42419.780173671825,-3153.371598042343,6327.2273550805185
2021-08-12,44428.28846681,33490.023129412286,-515.8752281085941,11454.140565506306,45498.70206012546,-1345.9113511609073,275.4977578454491,42676.28636077804,1716.5327007673209,35.46940526464459
2021-08-13,47793.32117908,33519.296140111954,-1621.7116234645898,15895.736662432631,45824.637697787315,1914.205417299524,54.478063993155956,42931.65093800514,-630.097977482247,5491.768218557103
2021-08-14,47096.94566198,33548.437485960596,-1447.962629265926,14996.470805285324,46165.67399332215,755.9873088966309,175.28435976121546,43185.8109010352,3155.676178171246,755.45858277355
2021-08-15,47047.00454195,33577.44012947328,-1613.54170603396,15083.106118510681,46509.0307396541,-254.59661852607653,792.5704208219759,43438.912786966735,2355.902882468671,1252.1888725145982
2021-08-16,46004.4840786,33606.29699520362,-1671.0663366787508,14069.253420075125,46919.71783618103,1420.7089462898118,-2335.9427038708454,43691.11978906449,2601.9070820183815,-288.5427924828764
2021-08-17,44695.35761921,33635.0009689133,-1697.3813367396328,12757.737987036337,47207.555422362486,-2659.2150140769268,147.01721092444495,43942.61459663736,-1575.0920160395365,2327.835038612182
2021-08-18,44801.18871714,33663.54489004315,-1818.5379244061214,12956.181751502969,47528.87544668431,259.5256295903819,-2987.21235913469,44193.547038166,-2677.6058296342867,3285.2475086082923
2021-08-19,46717.5787452,33691.9215426352,-3160.6418395732453,16186.299042138045,47780.910656132415,-919.2927202965825,-144.03919063583453,44443.948127939795,2175.6186071217226,98.01201013848186
2021-08-20,49339.17603688,33720.1236567727,-3158.264006755889,18777.31638686319,47955.46829986289,1292.5916540598928,91.11608295721817,44693.735294917074,-4620.197982963573,9265.638724926503
2021-08-21,48905.49058555,33748.143915591194,-3420.152112313225,18577.49878227203,48069.382138627,614.4512772940642,221.65716962893202,44942.57419773761,4043.053417070036,-80.13702925764665
2021-08-22,49321.65404941,33775.974958925464,-3431.339610034959,18977.01870051949,48165.8770309276,-83.98657784219019,1239.7635963245848,45190.07342819231,-905.0831993973932,5036.663820615082
2021-08-23,49546.14770729,33803.609384237345,-3388.3511632978298,19130.88948635049,48261.40650134112,1166.9271282724605,117.81407767642668,45435.57429963056,-1335.9170397357163,5446.490447395154
2021-08-24,47706.11855498,33831.03974857038,-3458.7818272538457,17333.860633663462,48372.31499601799,-2230.567164430512,1564.3707233925234,45678.074847901975,2091.91872782687,-63.87502074884833
2021-08-25,48960.78728025,33858.258571676735,-3526.2839312886354,18628.8126398619,48446.06150832877,114.44731185379084,400.27846006743493,45916.80474305856,-134.6116770153135,3178.594214206758
2021-08-26,46942.21786802,33885.25834106355,-4032.5211494695855,17089.480676426036,48537.74567666277,-407.8377921957261,-1187.6900164470426,46151.382176475374,921.8053717946025,-130.96968024997477
2021-08-27,49058.66973026,33912.03151408062,-4238.47727697862,19385.115493158002,48628.904286670775,952.1363095390601,-522.370865949837,46381.76606985296,1627.3712529667462,1049.532407440296
2021-08-28,48902.40220635,33938.57052278688,-4368.420737106693,19332.252420669814,48714.409347413035,589.2568045836468,-401.2639456466786,46608.05524454485,1057.9217563296104,1236.4252054755416
2021-08-29,48829.8326,33964.86777677018,-3913.9552614108634,18778.920084640682,48787.63383071094,-23.786668934975665,65.98543822403735,46830.30147477011,2001.6361096229,-2.1049843930086354
2021-08-30,47054.98479356,33990.915666101166,-4101.996459568554,17166.065587027384,48849.18309315229,460.2166162982039,-2254.4149158904984,47048.978688385345,650.4617610288778,-644.4556558542245
2021-08-31,47166.68794545,34016.706565650165,-4217.918077006582,17367.899456806415,48907.35684658551,-1822.2437225483964,81.57482141288347,47265.07873822884,596.4530944002836,-694.8438871791222
2021-09-01,48847.02907417,34042.23284704469,-4045.4005573463955,18850.196784471707,48960.597310801364,-254.0228157190308,140.45457908766548,47479.66758994552,974.9189770740796,392.44250715040107
2021-09-02,49327.72318398,34067.48687890506,-4269.3347776737355,19529.571082748676,48988.04775681537,188.55832501193908,151.11710215268977,47693.58622213104,1503.7212522700165,130.41570957894874
2021-09-03,50025.37460546,34092.4610275925,-4722.228364213203,20655.1419420807,48980.73529233398,1099.7316384143264,-55.09232528830762,47907.52691100208,1741.6016600672822,376.24603439063503
2021-09-04,49944.62690568,34117.14765608166,-4631.315801116544,20458.795050714885,48947.873182204836,652.4675902844382,344.2861331907261,48121.77839955572,1799.6350824185913,23.21342370568891
2021-09-05,51753.41192621,34141.53912399547,-4871.162885257201,22483.035687471733,48904.7110916685,-164.97459744377767,3013.675431985277,48336.331784371556,-3353.799359206369,6770.879501044816
2021-09-06,52633.53620235,34165.627795194836,-5201.280675815788,23669.189082970952,48808.19443997521,-226.47317870855034,4051.8149410833357,48551.152152376846,-1317.976907882461,5400.360957855613
2021-09-07,46811.12952948,34189.40603536569,-4971.527174305447,17593.250668419758,48028.521139492244,-1383.2789248717636,165.88731485952303,48766.392629734626,-2085.3753932124528,130.11229295782687
2021-09-08,46091.38930192,34212.8662144165,-5119.8967177252,16998.419805228696,47681.172152455016,-157.23720759528962,-1432.545642939731,48983.067316723034,-2623.6577382240966,-268.0202765789436
2021-09-09,46391.4229753,34236.000712999856,-4376.732655297276,16532.15491759742,47357.20182403167,556.5248291853926,-1522.303677917058,49203.229832536636,-2202.9096856426713,-608.8971715939624
2021-09-10,44883.9101072,34258.801925738626,-4007.2478945088387,14632.356075970209,46716.4081759675,1666.3352404173918,-3498.833309184898,49429.54089301879,-3429.388024150241,-1116.2427616685527
2021-09-11,45201.45898324,34281.26226459411,-4151.542263045634,15071.738981691531,46426.099430630326,139.91996275630356,-1364.5604101466306,49664.55729207494,1068.7021265637902,-5531.800435398727
2021-09-12,46063.27035709,34303.37416208104,-3957.6192026878916,15717.51539769685,46082.82020802643,-130.9324791143357,111.38262817790383,49909.81975924614,-3797.3999693380915,-49.14943281804881
2021-09-13,44963.07263282951,34325.130081750656,-4675.208823764668,15313.151374843525,45778.5157825481,-821.1595374945455,5.716387775959447,50164.87731304651,1918.1664334952038,-7119.971113712207
2021-09-14,47092.49383326693,34346.52252106124,-4646.220872488477,17392.19218469417,45606.260974137644,-2070.374590818727,3556.6074499480164,50427.29623748616,1643.4374042493548,-4978.239808468585
2021-09-15,48176.34639274429,34367.544014151295,-4836.230765761658,18645.03314435466,45413.590833451555,-78.6061747532738,2841.3617340460114,50693.90366333999,3054.362767823467,-5571.9200384191645
2021-09-16,47783.35780464393,34388.18713864042,-4789.786745985686,18184.9574119892,45043.98334281196,1007.8103620534749,1731.564099778494,50961.0075593578,-3137.658964760907,-39.990789952964406
2021-09-17,47267.52002306911,34408.44452296853,-4702.073603060461,17561.149103161042,44779.1856261505,2467.2305810692465,21.103815849361126,51225.78057649234,-3922.0375774630593,-36.2229759601687
2021-09-18,48278.36351532978,34428.30885467149,-4980.007864522617,18830.062525180903,44294.84963126627,-206.18715836394082,4189.701042427456,51486.68396074474,2927.5238088560236,-6135.844254270982
2021-09-19,47260.21733146774,34447.77289298456,-4918.112408536195,17730.556847019376,44009.4340178404,-157.9341736743065,3408.7174873016484,51743.41937481844,-4456.122537926403,-27.079505424298986
2021-09-20,42843.80244093855,34466.82947897721,-4409.564525034456,12786.537486995789,43847.07398416481,-1096.5404288460081,93.26888561974192,51996.56711662017,3151.3951487175445,-12304.159824399168
2021-09-21,40693.67719158998,34485.47154451125,-3668.4743209885296,9876.679968067256,43706.991892377664,-1935.051744378803,-1078.2629564088784,52247.103535053735,620.8354366394559,-12174.26178010321
2021-09-22,43574.50943280896,34503.69211388576,-4817.048541798722,13887.865860721926,43584.14642191242,80.76845041544986,-90.40543951890868,52496.193658510856,-130.06719560064224,-8791.617030101253
2021-09-23,44895.09660157076,34521.4843078569,-5629.704533438281,16003.316827152135,43508.619703565426,1508.5593312976398,-122.08243329230754,52744.884029379806,1899.8130442648574,-9749.6004720739
2021-09-24,42839.75169596445,34538.84136159744,-5030.258696168192,13331.169030535195,43483.50389132534,2155.5928963252827,-2799.3450916861693,52993.7771844966,725.4226203741566,-10879.448108906305
2021-09-25,42716.59314672847,34555.7566359385,-5180.217085825713,13341.053596615682,43471.277527519494,-567.9489239751841,-186.73545681584073,53242.99022006773,632.5287158517201,-11158.92578919098
2021-09-26,43208.53910453539,34572.223622935286,-5182.300535918319,13818.61601751842,43519.95088304005,-98.41041942740213,-213.0013590772578,53492.50358840021,1735.0930596215394,-12019.057543486364
2021-09-27,42235.73184664342,34588.23595825418,-4669.410641523825,12316.906529913067,43784.10861296157,-1303.5435354922674,-244.83323082588322,53742.366333519,381.7205565220765,-11888.355043397656
2021-09-28,41034.54466522939,34603.7874383579,-3791.2200785315704,10221.977305403067,44300.598987879064,-2839.6152712003063,-426.43905144936434,53993.13711553903,1587.4456892368519,-14546.038139546494
2021-09-29,41564.36348149087,34618.87202649907,-3891.1932596188667,10836.684714610667,45189.886434411324,1226.9984134638564,-4852.52136638431,54245.38057244672,1345.0709864711516,-14026.088077426997
2021-09-30,43790.89562548486,34633.48385877012,-5258.991774088637,14416.403540803374,46893.35846656412,1733.180428485872,-4835.643269565131,54499.38885800965,1474.5791184793623,-12183.072351004157
2021-10-01,48116.941218027736,34647.617256352154,-5542.371784821054,19011.695746496633,47853.238695194814,1684.0158230790255,-1420.3133002461036,54755.08358516407,1682.3323616824619,-8320.474728818801
2021-10-02,47711.48646346977,34661.26673769173,-5770.938097720887,18821.15782349893,49197.12298798529,-1407.3564085285038,-78.28011598701414,55012.3427434084,1985.5303267182487,-9286.386606656873
2021-10-03,48199.95155726554,34674.427029495564,-5612.6871453929825,19138.211673162958,50399.355707931936,-223.817333957333,-1975.5868167090666,55270.86861745227,2355.986105858482,-9426.903166045216
2021-10-04,49112.90128239323,34687.093075839795,-5292.291233220818,19718.099439774254,51084.70450939565,-1972.9703528653595,1.1671258629430667,55530.09705992535,893.261391034945,-7310.457168567067
2021-10-05,51514.814060276665,34699.26004937671,-5422.009967628752,22237.563978528706,51405.34027175964,-480.3268934895036,589.8006820065275,55788.57972301906,-4368.124236289452,94.3585735470624
2021-10-06,55361.44942960792,34710.92336374874,-5471.565657153644,26122.091723012825,51699.82287762842,1907.1078180546597,1754.5187339248369,56043.74681251798,-783.9688525645461,101.67146965448774
2021-10-07,53805.98516429891,34722.07868147876,-5630.538126016984,24714.444608837133,52181.24481719647,855.921208021661,768.819139080777,56292.9147890524,-2305.5163426193344,-181.41328213415545
2021-10-08,53967.84676725268,34732.72191912898,-5578.745331016363,24813.870179140067,53010.78939412547,781.4996690208731,175.55770410633704,56534.07965150148,-2618.160206892031,51.92732264323422
2021-10-09,54968.22445041543,34742.84924858196,-5599.821244546691,25825.196446380163,53419.07007295325,-1440.0633638707725,2989.2177413329555,56765.76137917422,-2233.819941832404,436.2830130736111
2021-10-10,54771.579183854585,34752.45710398429,-5742.565104303428,25761.687184173723,53780.79595794364,-1122.020091018118,2112.8033169290575,56986.21585146359,-3699.885320831338,1485.2486532223338
2021-10-11,57484.7894651936,34761.54219937893,-5846.991300389491,28570.238566204163,54049.298109140356,-1266.444068849285,4701.935424902527,57193.08078718846,131.66451003603902,160.04416796909936
2021-10-12,56041.0568380579,34770.10153934162,-5789.589385925872,27060.544684642155,54227.80058682547,1593.4571441474598,219.79910708496755,57385.01340284925,-2502.908965788542,1158.9524009971938
2021-10-13,57401.09752733619,34778.13242352754,-5749.860526550058,28372.82563035871,54416.173134231874,2596.9222069772786,388.0021861270361,57560.96746027449,397.2021073007022,-557.072040239007
2021-10-14,57321.52527966035,34785.63245320505,-5877.694224719961,28413.587051175266,54572.42779138606,490.00815381931005,2259.089334454984,57721.59233571506,-578.4301634151781,178.36310736047017
2021-10-15,61593.950060618336,34792.599538943505,-5895.867011708012,32697.21753338284,54897.30188747813,-560.0849316291103,7256.733104769322,57869.907574197154,3535.708625170533,188.33386125064862
2021-10-16,60892.18069270075,34799.03190293589,-5719.386291708884,31812.53508147374,57664.210803012495,-1318.727968322889,4546.697858011146,58010.22664212594,-2417.2452118931374,5299.199262467948
2021-10-17,61553.61738469951,34804.928081914535,-5657.626634157235,32406.315936942206,58408.9743765999,-1627.5937183575522,4772.2367264571585,58145.806509967304,-3498.708437637846,6906.519312370052
2021-10-18,62026.07783109295,34810.28693399799,-5740.406671034538,32956.19756812951,59174.40497692596,-321.4719600026049,3173.144814169602,58278.464171876054,3158.101409753459,589.5122494634415
2021-10-19,64261.99119285591,34815.107647525765,-5672.678095345429,35119.56164067558,61977.968051897544,1082.571500159496,1201.4516407988704,58409.312238854,-3948.629730310212,9801.30868431212
2021-10-20,65992.8370361176,34819.38974676519,-5552.969543170782,36726.416832523195,62124.67866053924,2023.645509500248,1844.5128660781193,58538.18445985864,2053.2259709766254,5401.426605282344
2021-10-21,62210.17307563477,34823.133096603255,-5231.279848522994,32618.3198275545,62144.580574843734,-7.42370781396977,73.01620860500407,58663.09712141579,3336.10717514659,210.96877907238377
2021-10-22,60692.26443309548,34826.337904891705,-5277.011687763802,31142.93821596758,62156.963196906225,-822.003048874091,-642.6957149366572,58780.85574030036,1900.7813193053978,10.62737348972587
2021-10-23,61393.61719151695,34829.00472286618,-4763.796481038821,31328.408949689583,62162.58741917286,-819.6375755593353,50.667347903421614,58885.3821560206,1208.420522607957,1299.8145128883916
2021-10-24,60930.83644217956,34831.13445047057,-4526.050737970175,30625.752729679167,62171.51525278575,-1337.360525068601,96.68171446241467,58968.322733235815,1707.1973734247752,255.3163355189754
2021-10-25,63039.8255141733,34832.728337592474,-4131.054402607582,32338.151579188416,62201.639665782925,761.1819116280437,77.00393676233216,59020.96240206775,320.4661564239577,3698.3969556815937
2021-10-26,60363.79205035724,34833.787977370324,-3896.8915484706176,29426.89562145753,62253.78387678125,1113.1477060618536,-3003.1395324858677,59036.144415963296,1429.0825756683885,-101.43494127444865
2021-10-27,58482.387940045504,34834.31530837015,-4004.097998455336,27652.17063013069,62342.80242577025,1354.2503648927404,-5214.664850617482,59011.53784323521,-733.1609177962534,204.011014606549
2021-10-28,60622.13670884834,34834.31262306887,-3994.503535091386,29782.32762087085,62369.63197398493,-437.90464257397787,-1309.5906225626095,58951.62313848907,699.9884548424402,970.5251155168298
2021-10-29,62227.96459381882,34833.78256797735,-3860.1334465680684,31254.315472409537,62388.58450848943,-1343.1715119333917,1182.5515972627763,58866.556120922214,1664.781809499652,1696.6266633969499
2021-10-30,61888.8312190326,34832.728133036944,-3934.519202168651,30990.622288164304,62406.22618933598,-682.0973684790898,164.70239817570837,58768.54171174078,1830.4267879666486,1289.862719325174
2021-10-31,61318.95776660599,34831.15263822139,-3910.0861723462867,30397.891300730887,62402.652180294135,-1060.4064231833383,-23.28799050480302,58667.986144717615,2048.9818913996455,601.9897304887345
2021-11-01,61004.40802134929,34829.05974103728,-3839.00423821617,30014.352518528183,62393.2339154459,1823.7040463077078,-3212.5299404043108,58571.42202160256,2254.5828474889513,178.40315225778613
2021-11-02,63226.40109708796,34826.453447466854,-4083.297795582279,32483.245445203393,62383.282614041214,875.0898617405165,-31.97137869377184,58481.380150807374,2706.889614303522,2038.1313319770634
2021-11-03,62970.047426018544,34823.33811147254,-3958.1964395631203,32104.905754109124,62372.86693730282,624.5508261184756,-27.370337402746372,58396.87431459082,824.3748540646316,3748.798257363087
2021-11-04,61452.2305873208,34819.71843241961,-3608.0392287175437,30240.55138361873,62361.81062634503,-893.5106684519835,-16.069370572244225,58315.39514491912,-4302.526248113437,7439.361690515114
2021-11-05,61125.67426890355,34815.599469926456,-3112.1645664785246,29422.23936545562,62352.516063479576,-1268.6964019366385,41.854607360612135,58233.854684791055,-297.99840934542334,3189.817993457924
2021-11-06,61527.481793398685,34810.9866475567,-3287.69885399569,30004.19399983767,62348.984398240376,-779.4647170993265,-42.037887742364546,58149.48351333464,-2213.5998016224153,5591.598081686461
2021-11-07,63326.98902809924,34805.88572961884,-3754.4031245762935,32275.506423056686,62348.06996273958,-738.234845290207,1717.1539106498676,58060.229740286646,-2249.0804761771265,7515.839763989723
2021-11-08,67566.8300878775,34800.30281100645,-4317.173859506844,37083.7011363779,62346.56497840315,2671.631957840458,2548.633151633898,57964.739452314716,-1988.7446607055454,11590.835296268335
2021-11-09,66971.82809746113,34794.24431793893,-5271.32331666186,37448.907096184055,62278.456559572835,471.9262160355567,4221.445321852734,57861.71939407818,-3456.9590138884705,12567.067717271413
2021-11-10,64995.22939074326,34787.71698174242,-4788.177551435943,34995.689960436786,61293.511234553065,521.765117301112,3179.9530388890853,57750.886569075534,-609.161247159741,7853.504068827475
2021-11-11,64949.96191476004,34780.72778571145,-4879.861599133967,35049.095728182554,61089.4167768423,-688.2003088587182,4548.745446776455,57632.80740443071,-2074.290022000174,9391.4445323295
2021-11-12,64155.94183643273,34773.28394060926,-5216.179261485156,34598.837157308626,60087.63569285748,-1398.850548192981,5467.156691768221,57509.05635323094,-575.4537392088514,7222.339222410643
2021-11-13,64469.52902338505,34765.39287961615,-5328.470489620567,35032.60663338947,59980.035225708634,-1371.0277078028098,5860.521505479221,57381.73037286135,-194.86994226471774,7282.668592788417
2021-11-14,65466.8410240344,34757.06226248152,-5458.536178264253,36168.31493981713,59937.29528296873,-516.9272091769835,6046.4729502426635,57252.440389677795,2150.4354263847717,6063.965207971836
2021-11-15,63557.87151837094,34748.29998518829,-4717.0138277567585,33526.58536093941,59883.67365872382,3489.5231621625744,184.67469748455187,57121.79981216044,-1857.2642928775324,8293.335999088034
2021-11-16,60161.2470371667,34739.11415398494,-4996.334744694181,30418.467627875936,59805.48726996767,124.79926445189372,230.96050274713343,56990.47244967814,-2594.6535078643765,5765.428095352938
2021-11-17,60368.01181676493,34729.5130716547,-4573.882249469407,30212.38099457964,59710.47983302706,568.8633447347106,88.66863900316093,56859.28902693886,2841.0088006645674,667.7139891615006
2021-11-18,56942.136244057234,34719.50522171145,-4515.879985104534,26738.511007450317,59577.31018980758,-369.14922287892625,-2266.0247228714143,56727.6619675442,-3007.303602490682,3221.777879003719
2021-11-19,58119.57619379246,34709.099234102665,-4430.194095641235,27840.671055331033,59393.235591534896,-1411.2236104966614,137.56421275423054,56594.286206170844,1262.2403250290226,263.04966259259527
2021-11-20,59697.19713425886,34698.30387063685,-4305.680820228517,29304.574083850523,59110.420446532,-1686.5729066718704,2273.349594398729,56458.10225480293,2404.581096194302,834.513783261631
2021-11-21,58730.47663865068,34687.12800886932,-4777.7592573348775,28821.107887116246,58737.32959365764,-106.44369840537405,99.59074339841754,56316.63960819001,1393.6183242599209,1020.2187062007506
2021-11-22,56289.28732263856,34675.58061502871,-4472.453471615371,26086.160179225226,58294.02688878298,2389.085164617492,-4393.824730761909,56164.62336464946,856.4152560919313,-731.7512981028267
2021-11-23,57569.07487572713,34663.67070703519,-4452.738294219218,27358.142462911157,57970.18257130065,180.78592622858275,-581.8936218021045,55995.36674624047,1410.440621872448,163.26750761421135
2021-11-24,56280.42710822074,34651.40733257094,-4150.725365858722,25779.745141508523,57461.45878600557,804.8434487933156,-1985.8751265781466,55802.12822063529,322.86824961060125,155.430637974845
2021-11-25,57274.67944716527,34638.79954512303,-4345.725921543817,26981.605823586055,57131.897579298886,105.59070501376972,37.19116285261407,55582.6974170555,1544.9514200708675,147.03061003890616
2021-11-26,53569.76396309677,34625.8563858094,-4997.676895396775,23941.584472684146,56900.11997202373,-1551.9820636475247,-1778.3739452794325,55338.904198759585,-1907.2395813123605,138.09934564954165
2021-11-27,54815.07930492795,34612.58687308018,-5188.835440347742,25391.327872195514,56749.20274409199,-1945.2464166187533,11.12297745471733,55075.13670225924,-388.7613339398634,128.703936608581
2021-11-28,57248.45837582401,34598.99998483582,-4904.19422573564,27553.652616723833,56667.992548762675,512.0938872544514,68.37193980688608,54797.28031322296,2227.845340842723,223.33272175832826
2021-11-29,57806.56621525592,34585.10464333911,-4720.48167829204,27941.943250208853,56612.840505427026,1344.249113585644,-150.52340375674976,54511.52070778239,2130.182302542165,1164.8632049313746
2021-11-30,57005.42547359979,34570.909715450056,-4026.7837804555484,26461.29953860528,56500.064960388474,512.7627032501048,-7.402190038788831,54222.66412163119,2158.996223075626,623.7651288929701
2021-12-01,57229.82989944917,34556.42404937824,-4331.864712763419,27005.270562834346,56090.358978571974,975.9022362609848,163.56868461621343,53933.23785234617,2472.8798644628064,823.7121826401999
2021-12-02,56477.8174777821,34541.65650034513,-4035.523476715557,25971.68445415252,54291.31997720986,27.469093614626065,2159.0284069576082,53643.87577614409,3067.8136094537863,-233.87190781577374
2021-12-03,53598.24647029791,34526.61593459799,-3987.9825621114146,23059.613097811336,53477.360026708186,-1682.133306538654,1803.0197501283837,53354.51272931981,176.84176823449172,66.89197274360777
2021-12-04,49200.70461743719,34511.311230822204,-4129.671156686171,18819.06454330116,52698.8088777252,-1591.6388706466798,-1906.465389641322,53064.88273333218,-4069.306385082623,205.12826918763312
2021-12-05,49368.84709922548,34495.75124390147,-3870.0571679585846,18743.153023282597,51890.17369833478,997.1203042029562,-3518.4469033122587,52774.762063221686,499.05651663690026,-3904.971480633103
2021-12-06,50582.62539664405,34479.94477407758,-3648.6092135250738,19751.289836091542,50236.83529436109,450.1894474477318,-104.39934516476933,52484.26464120675,-1648.6049807400777,-253.03426382262114
2021-12-07,50700.08433648292,34463.90057106983,-3687.050047043437,19923.23381245652,49706.762549822204,831.2473953908207,162.0743912698963,52193.61753423238,-1536.0827935115124,42.54959576205874
2021-12-08,50504.795538708415,34447.627313671284,-3855.0795706760923,19912.24779571322,49541.41297056397,1043.0749493946923,-79.69238125025004,51903.20434376218,-1280.0033858866266,-118.40541916713846
2021-12-09,47672.12239108743,34431.1336174096,-3721.181100532305,16962.169874210136,49448.22849244261,-66.89447970536818,-1709.2116216498107,51613.511982184886,-2987.961479921611,-953.4281111758391
2021-12-10,47243.30568491641,34414.42807153361,-3869.7297738776915,16698.60738726049,49287.903238537125,-1980.6224996822625,-63.97505393844767,51324.8975383763,-1072.0143938007575,-3009.577459659129
2021-12-11,49362.50833645898,34397.51929733528,-4527.484078388441,19492.47311751214,48927.21991698732,-1237.6142880380905,1672.9027075097547,51037.41344639898,-1587.361787488315,-87.54332245168916
2021-12-12,50098.33513638934,34380.4158866763,-4214.284500374561,19932.203750087596,48715.845867899414,1453.9935672931504,-71.50429880322918,50751.166348109065,-503.0947209123287,-149.73649080740142
2021-12-13,46737.482243749975,34363.126174583434,-3680.7527218385862,16055.108791005128,48512.98489102729,-217.62304491249768,-1557.8796023648174,50466.33469882492,437.465139849801,-4166.317594924745
2021-12-14,46612.63350690285,34345.65817476792,-3693.152927830628,15960.128259965553,48190.16893299197,992.9234877118731,-2570.4589138009906,50183.12925848845,1377.0470178648802,-4947.542769450483
2021-12-15,48896.72082911439,34328.019572529156,-3991.5920258801975,18560.293282465434,48040.715712115176,821.7976189777397,34.20749802147475,49901.75482364107,-911.9424588855504,-93.09153564113512
2021-12-16,47665.42607788397,34310.21771235327,-3512.774694722162,16867.98306025286,47925.97170271767,-174.9145734078607,-85.63105142583663,49622.270233197116,-1756.9116984735945,-199.9324568395532
2021-12-17,46202.14337914699,34292.259587035216,-2847.76241454681,14757.646206658581,47866.16947631702,-1535.6687143749077,-128.3573827951259,49344.596865328065,1899.877683979229,-5042.331170160302
2021-12-18,46848.7767655561,34274.15186920475,-2613.4155551904078,15188.040451541754,47840.91194697376,-909.2539682069953,-82.88121321066865,49068.784479459886,-2151.727150588876,-68.28056331491098
2021-12-19,46707.01487699963,34255.90092508751,-2484.357374542526,14935.471326454644,47837.27218637995,1108.0112471383716,-2238.268556518691,48794.99388576496,715.3015337225295,-2803.2805424878607
2021-12-20,46880.27896372307,34237.51281115536,-2208.004558996448,14850.77071156416,47837.5401285149,-438.6558005492073,-518.6053642426268,48523.24771625647,1331.3188591354558,-2974.2876116688567
2021-12-21,48936.61415144679,34218.9933619873,-2677.9442457737223,17395.565035233216,47839.50560084939,981.7153308731184,115.3932197242757,48253.761401409974,739.1631984632434,-56.310448426425864
2021-12-22,48628.50992513397,34200.34833157305,-2342.671854341803,16770.833447902725,47840.853476118435,364.8217730187999,422.83467599673895,47986.874446172675,460.2344237702281,181.40105519106874
2021-12-23,50784.5381788605,34181.583569348004,-2611.017008987741,19213.97161850024,47773.970272020255,33.88281960248718,2976.6850872377618,47722.703472279405,-300.4642325886591,3362.2989391697556
2021-12-24,50822.19652323034,34162.70511277925,-2661.205776289181,19320.697186740268,47506.57419454918,-1098.23008004981,4413.852408730971,47461.19864143486,-431.9041281952099,3792.902009990692
2021-12-25,50429.8577970562,34143.719160292494,-2306.353364153955,18592.492000917657,47416.03302240752,-88.06854428669561,3101.89331893537,47202.323087201235,-212.20605601997582,3439.740765874936
2021-12-26,50809.515012889526,34124.631965158354,-2032.9888893964564,18717.87193712763,47327.342452942255,746.4304129938034,2735.7421469534675,46946.10586939483,-1757.5076938609468,5620.916837355646
2021-12-27,50640.41880437812,34105.44964832909,-1896.8547836484768,18431.823939697504,46970.841904150606,-723.0051777202831,4392.5820779477945,46692.58309663815,-404.5946521870006,4352.43035992697
2021-12-28,47588.85477745916,34086.17810213708,13560.407778037596,-57.73110271551559,46930.95954353071,794.8328871653582,-136.93765323691332,46441.700571237365,1250.2669700968745,-103.11276387508406
2021-12-29,46444.71049053977,34066.823099155714,12624.37953356581,-246.49214218174893,46945.88884085173,-296.3569329822843,-204.82141732967284,46193.28966949461,720.7424447560014,-469.3216237108427
2021-12-30,47178.125843439775,34047.39035376236,13628.555903691475,-497.82041401406605,46963.975763284725,138.19062035008318,75.95945980496617,45947.19320488146,2240.571760205443,-1009.6391216471311
2021-12-31,46306.44612269956,34027.885433690906,12896.830221469887,-618.2695324612287,46978.62220600771,-572.9938961898832,-99.18218711826921,45703.35879196366,3066.6160053645112,-2463.5286746286147
2022-01-01,47686.81150917818,34008.31370286006,14192.48624940037,-513.9884430822494,46994.84546492645,326.54558764631247,365.4204566054177,45461.90648881515,2873.0032365207953,-648.0982161577631
2022-01-02,47345.22056425304,33988.68031108262,14510.78793100551,-1154.2476778350901,47017.20138044537,382.5905541079131,-54.57137030024023,45222.98619068942,1498.8635441172146,623.3708294464013
2022-01-03,46458.11695889139,33968.99020613593,13888.238366946653,-1399.1116141911916,47044.331382934426,-650.2860525463716,64.07162850333407,44986.91338404836,-3353.1870466781143,4824.390621521139
2022-01-04,45897.57582677831,33949.24812163823,13210.906398290539,-1262.578693150459,47003.78101539112,432.5595524319931,-1538.7647410448044,44754.2029141087,1312.5591307769141,-169.1862181073011
2022-01-05,43569.00334764984,33929.45856361463,11550.283716837095,-1910.7389328018835,46590.47357442429,-453.49520722894727,-2567.9750195455053,44525.15262290548,-817.454394494938,-138.69488076069683
2022-01-06,43160.928419605385,33909.62582212015,11636.788584182324,-2385.4859866970874,44979.684845942946,99.70584580869357,-1918.462272146251,44300.04062623176,-726.6709117637059,-412.4412948626705
2022-01-07,41557.90116097088,33889.75404386646,10051.933386126339,-2383.7862690219117,44518.90109399458,-92.17532790238211,-2868.8246051213137,44079.49402841153,-353.3291948476615,-2168.263672592984
2022-01-08,41733.94309889255,33869.84719474351,9019.92160834243,-1155.8257041933903,44016.85360152885,630.6236540119505,-2913.5341566482457,43865.22280265186,-2000.7956890559385,-130.4840147033683
2022-01-09,41911.60153633568,33849.909037644895,9772.580997787425,-1710.8884990966399,42652.97120644191,424.19583923513363,-1165.5655093413661,43660.31761564194,-1579.3145690980596,-169.40151020820485
2022-01-10,41821.26313900311,33829.94311193127,8933.344832312454,-942.0248052406168,42603.64118440643,-554.698296564164,-227.67974883915304,43469.14162035898,-1562.2054843237836,-85.67299703208846
2022-01-11,42735.85411950772,33809.95270658483,10535.577765105525,-1609.676352182636,42624.91944545919,124.2580801142142,-13.323406065690506,43295.62928974203,-680.0945926703496,120.31942243604135
2022-01-12,43949.10068678188,33789.94078305537,11866.331335973162,-1707.1714322466505,42633.8459720738,-680.7560046100859,1996.0107193181611,43141.56906987926,1005.7891079857661,-198.2574910831463
2022-01-13,42591.57225803064,33769.91003038396,11192.284924298165,-2370.622696651484,42634.64441714351,-75.43705823106077,32.364899118190806,43005.93324924333,171.558448995195,-585.9194402078865
2022-01-14,43099.69982832971,33749.862888874086,11849.409353433937,-2499.572413978316,42632.081375419744,174.26660476108253,293.35184814887907,42886.18405734822,18.142716122783128,195.37305485870456
2022-01-15,43177.39679008028,33729.80156010872,11691.650454269326,-2244.055224297761,42630.037801575294,585.6447722939058,-38.28578378891689,42780.69206842592,-73.53056702309223,470.23528867746063
2022-01-16,43113.88011377783,33709.72795461302,11512.134289384157,-2107.9821302193523,42626.172248795236,413.05116446660753,74.65670051598863,42688.57286324457,1135.938602160379,-710.6313516271184
2022-01-17,42250.54937324005,33689.64369531033,10662.136672381039,-2101.2309944513217,42616.05529042577,-301.51017765659526,-63.995739529127604,42609.13651526383,-646.2560398067227,287.6688977829399
2022-01-18,42375.63284306859,33669.55021247936,10947.22257029144,-2241.139939702207,42599.59177787724,-128.01180188995806,-95.94713291869266,42540.99938595865,330.5952152110425,-495.9617581010971
2022-01-19,41744.3298424627,33649.4488061432,10287.02745942058,-2192.1464231010796,42576.550767909925,-738.7428804763739,-93.47804497084871,42481.27654461384,348.159591248645,-1085.1062933997819
2022-01-20,40680.41991360026,33629.34060538903,9223.944592873208,-2172.8652846619807,42482.59332760739,-302.5130241674625,-1499.6603898396716,42427.017070040325,164.64210015130072,-1911.2392565913688
2022-01-21,36457.318100136144,33609.226594911204,1511.5059382987254,1336.5855669262164,42016.1629224007,337.5043822699913,-5896.349204534541,42375.855993387275,929.3279046226116,-6847.865797873739
2022-01-22,35030.25176759585,33589.107638992165,1334.1208973521784,107.02323125150724,40355.86002077016,439.4696904353596,-5765.077943609671,42325.76172744889,-1792.204008639541,-5503.305951213493
2022-01-23,36276.80469436993,33568.98446209555,1798.784978273105,909.0352540012755,39903.86352091791,267.2971160515283,-3894.3559425995118,42275.00179987821,-1330.2443401107714,-4667.952765397509
2022-01-24,36654.329182687645,33548.85770708096,1826.9137797225026,1278.5576958841775,38294.51423076866,-84.30984933483246,-1555.8751987461874,42222.35375408814,-1567.8940761981562,-4000.1304952023347
2022-01-25,36954.00201362759,33528.7279485719,2156.3084255916297,1268.9656394640624,37864.22046324117,731.4058583722457,-1641.6243079858177,42167.408299096904,-2015.9489634534234,-3197.4573220158854
2022-01-26,36852.12259458596,33508.59568899121,1962.1396372198121,1381.387268374936,37837.07792967194,-924.1167683377671,-60.83856674821436,42110.172543958,-912.4626855384088,-4345.587263833622
2022-01-27,37138.23431595358,33488.46135582645,1746.1848523771582,1903.5881077499798,37877.06279611305,-685.2172503283391,-53.61122983113455,42050.71672034664,-30.594898995014262,-4881.887505398045
2022-01-28,37784.33326406649,33468.325298524935,2747.0441733625667,1568.9637921789908,37906.857563379395,214.03629098538434,-336.5605902982934,41989.269319877785,-1048.4227905906102,-3156.5132652206885
2022-01-29,38138.17856577545,33448.187784775655,3615.2078522462016,1074.7829287535933,37945.40823868165,202.49306712731297,-9.72274003351049,41926.282290514515,2315.7962296012165,-6103.899954340282
2022-01-30,37917.60273361001,33428.04899884196,2483.20158100037,2006.3521537676788,38075.02614070702,22.26669940509205,-179.69010650210112,41862.26084534265,3368.9194467641864,-7313.577558496829
2022-01-31,38483.12630927304,33407.90903995522,2574.7798389177965,2500.4374304000157,38380.641615068234,-13.464965539251178,115.94965974405204,41797.692919012006,3198.647005624264,-6513.213615363231
2022-02-01,38743.272569369816,33387.76791733533,2822.028671304315,2533.475980730167,38832.99070759361,1165.4116300781818,-1255.1297683019802,41733.160603149365,2078.969649139022,-5068.8576829185695
2022-02-02,36952.98493275946,33367.62554576739,2314.1717207043084,1271.1876662877548,39904.378479757725,-116.53317228854281,-2834.8603747097222,41669.52150754756,-2580.1391565290046,-2136.3974182590973
2022-02-03,37154.60024460736,33347.48174341492,2224.9846543256176,1582.1338468668182,40374.93737915098,-1232.700835158995,-1987.6362993846196,41607.24619643684,2715.4067353468718,-7168.05268717635
2022-02-04,41500.87538231141,33327.33623218252,3819.4237708556984,4354.115379273193,40857.85476623385,23.9534929252844,619.067123152272,41546.7100302032,4.733155037346876,-50.56780292913754
2022-02-05,41441.1648206042,33307.188633579455,3611.472953132141,4522.503233892603,41463.793620636534,-112.27813625568892,89.64933622335957,41488.693363544415,169.89993782878014,-217.428480768991
2022-02-06,42412.43423591741,33287.038459764306,3563.361529542029,5562.034246611074,41849.65698761861,-279.7762109586892,842.5534592574913,41434.27646876756,687.583983721653,290.5737834281972
2022-02-07,43840.28657610548,33266.88510876758,4416.348221738761,6157.0532455991415,42019.99086607857,-61.87738137292045,1882.1730913998254,41384.076647032205,-535.9320561659031,2992.1419852391773
2022-02-08,44118.44625972839,33246.72786042527,2483.893374860434,8387.825024442689,42090.3270153114,1929.0038312310785,99.1154131859148,41338.37546296038,-975.644058082659,3755.714854850674
2022-02-09,44338.79775741671,33226.565873428786,2150.9992314998735,8961.232652488048,42217.34135435861,432.39463658371807,1689.061766474384,41297.04833964332,-1674.943580150024,4716.692997923412
2022-02-10,43565.112172844536,33206.398182816265,2631.2469487602366,7727.467041268035,42443.96682634833,-1574.7047501084005,2695.850096604605,41259.35321996452,-1011.3220616890678,3317.081014569085
2022-02-11,42407.93793801922,33186.223697321926,2792.2004991248673,6429.513741572424,42533.297013786774,-24.19369591606457,-101.16537985148898,41224.17378525252,920.0930698359921,263.67108293070487
2022-02-12,42244.4699868886,33166.041191760676,3078.43594068224,5999.992854445685,42581.01007224188,-225.35304365752884,-111.1870416957463,41189.98173255992,222.49461675838424,831.9936375702964
2022-02-13,42197.51534052756,33145.8492908113,3024.565606369679,6027.100443346586,42613.19467041886,-553.0695711647495,137.39024127345328,41155.04932876834,-36.74251110192847,1079.2085228611468
2022-02-14,42586.91968609005,33125.64647727583,3564.3417525627856,5896.931456251426,42637.9892339521,-114.07784028147307,63.008292419421196,41118.62107949521,520.0935743456691,948.2050322491632
2022-02-15,44575.20333414411,33105.43109313581,4285.604105216093,7184.168135792206,42654.699302534806,1875.1166608640067,45.38737074530218,41081.15065078089,399.1407071469264,3094.9119762162954
2022-02-16,43961.85938827947,33085.201336593615,4003.4143041536245,6873.2437475322295,42671.47938149054,1264.2713428234547,26.108663965467713,41043.25184064173,-38.66319540071112,2957.270743038447
2022-02-17,40538.0128343685,33064.95525889636,3389.076052139268,4083.98152333287,42688.98866865771,-2158.615158966735,7.6393246775260195,41005.78115922719,312.5963326768272,-780.364657535516
2022-02-18,40030.97559908853,33044.690762264625,3143.056487462302,3843.228349361605,42663.11285519657,32.776894185246306,-2664.9141502932835,40969.5127489549,-296.3922906743244,-642.1448591920416
2022-02-19,40122.15476569747,33024.40560016016,3029.920300523454,4067.828865013864,42405.482525644074,-93.98509081302612,-2189.342669133577,40935.00397961538,-293.49614675869907,-519.3530671592089
2022-02-20,38431.3781154647,33004.09737573136,2596.8344825132554,2830.4462572200864,41202.07822016117,-706.3109557549664,-2064.3891489415037,40902.73443288733,1162.940343946317,-3634.2966613689496
2022-02-21,37075.279353375714,32983.763539625346,1888.9795843047696,2202.536229445599,40861.5339562475,-427.2509644811377,-3359.003638390648,40873.28585700548,-3542.4692210976846,-255.537282532081
2022-02-22,38286.02708796957,32963.40139040482,2304.08984302063,3018.5358545441195,39652.96739039101,1006.1728883549783,-2373.113190776421,40847.229663613696,-2309.3676247847106,-251.8349508594183
2022-02-23,37296.5720003887,32943.008074240905,1717.4420387702448,2636.1218873775506,39244.12310640559,1740.0110768131356,-3687.562182830021,40824.89993645269,-3281.058213194648,-247.26972286933596
2022-02-24,38332.60983070036,32922.5805818832,1932.3553281676573,3477.673920649504,39151.50000922585,-1175.4348000134662,356.54462148797757,40806.219139342356,-2231.781587686526,-241.82772095546534
2022-02-25,39214.22062504251,32902.115747107695,2123.947659578117,4188.157218356697,39134.60896744057,17.142327738257677,62.469329863684834,40790.82648422279,-1341.0998484062798,-235.50601077399915
2022-02-26,39105.14781555144,32881.610243528005,2618.65995367711,3604.877618346327,39122.28978595755,18.67630059772886,-35.81827100383816,40778.3013113748,410.40781768891895,-2083.5613135122767
2022-02-27,37709.78375343292,32861.06058220881,2321.8549661106204,2526.8682051134892,39104.45446911696,-914.8251358454349,-479.8455798385985,40768.34141286322,-2838.280559800942,-220.27709962935478
2022-02-28,43193.2340330233,32840.46311251724,8867.25162147296,1485.519299033098,39071.40744403358,-724.8787528512142,4846.705341840927,40760.872099006985,2249.5470417642296,182.81489225208497
2022-03-01,44354.63750736122,32819.81402484164,7598.3363335149415,3936.4871490046426,39081.151730715144,279.5065745592665,4993.979202086812,40756.047197734224,3604.6413955252315,-6.051085898230667
2022-03-02,43924.11643805577,32799.109352013256,8216.936618390726,2908.0704676517853,39079.31036553372,2188.1770215168435,2656.629051005206,40754.19196871216,3429.697636422569,-259.77316707896534
2022-03-03,42451.7895866188,32778.34496525761,7683.846924836378,1989.597696524812,39149.77609735043,-685.61883630988,3987.632325578248,40755.779737618075,2405.5475727837807,-709.5377237830617
2022-03-04,39137.60363875836,32757.516575726673,4507.177659852905,1872.9094031787827,39208.55659696056,80.87063641762033,-151.82359461981832,40761.49451769489,-1749.1724901431237,125.28161120659206
2022-03-05,39400.584138040096,32736.619737914894,4631.23774709036,2032.7266530348425,39259.65730701412,209.02633464435561,-68.099503618374,40772.010732966126,3654.3902644874875,-5025.81685941352
2022-03-06,38419.98337739256,32715.64985109032,4632.33469275219,1071.9988335500457,39293.33779535272,-922.0849405395543,48.7305225793898,40787.783790227324,387.5297315381366,-2755.330144372907
2022-03-07,38062.040205582,32694.602160810355,957.2784809605786,4410.159563811067,39319.04796530069,-1178.2864623944706,-78.72129732422036,40809.07380944771,719.835104944391,-3466.8687088100996
2022-03-08,38737.2684954927,32673.47176010596,1604.0251895698877,4459.771545816853,39354.596406753255,-555.4660254439419,-61.861885816608265,40836.00766527215,1238.8541000563964,-3337.5932698358374
2022-03-09,41982.92635480721,32652.253584808328,2508.6999448413944,6821.9728251574925,39431.29954363089,2601.3021758217315,-49.67536464540899,40868.57992579557,317.9903640935115,796.3560649181309
2022-03-10,39437.45977362875,32630.9424137731,1215.5158359066832,5591.001523948962,39544.33823294287,-384.00209007684043,277.1236307627187,40906.54752188611,-184.24348754539324,-1284.8442607119723
2022-03-11,38794.97313747885,32609.5328694186,819.6168354731951,5365.823432587062,39694.43119227567,67.35221893955018,-966.8102737363661,40949.23071543,-2084.6814572463963,-69.57612070474715
2022-03-12,38904.013398030336,32588.01942145877,888.6299489000385,5427.3640276715305,40220.18931069374,373.8817871555182,-1690.0576998189208,40995.37006514917,-1562.15452004729,-529.2021470715408
2022-03-13,37849.66279952727,32566.396391881935,1285.3692812323336,3997.8971264130014,40448.20485996821,-765.090488450195,-1833.451571990743,41043.194740986306,-108.69296051571934,-3084.838980943314
2022-03-14,39666.75581897766,32544.6579604939,2043.5140426003168,5078.583815883441,40677.62342851841,-1046.3033985918348,35.43578905108734,41091.024784759225,32.71312682215402,-1456.982092603721
2022-03-15,39338.78549203242,32522.798173301097,1921.2703638836426,4894.716954847681,41213.34609836301,-183.05597273379843,-1691.5046335967927,41137.296166876484,-631.1639211059176,-1167.3467537381512
2022-03-16,41143.92804034744,32500.810948788865,4019.9183589854397,4623.198732573139,41412.59631715441,1581.8892962964976,-1850.5575731034696,41180.77550087409,299.887322093702,-336.73478262035496
2022-03-17,40951.37987550552,32478.690086154405,4445.934201561721,4026.75558778939,41530.80819170466,-414.78468096764067,-164.6436352314995,41220.56341231665,-159.07628078234004,-110.10725602879393
2022-03-18,41801.15449609347,32456.42927461703,5042.027751580095,4302.697469896342,41643.0157005218,105.65364847441043,52.48514709725714,41256.26069901893,-68.66886490471319,613.5626619792529
2022-03-19,42190.65346170694,32434.022104173167,5368.561086479445,4388.07027105433,41748.75509814067,512.0529913452754,-70.15462777900393,41287.853048451885,-25.14770021188918,927.9481134669477
2022-03-20,41247.82344683423,32411.46207532976,4454.981961910147,4381.379409594319,41842.4849922868,-683.9117497056166,89.25020425303956,41315.639123796725,-280.15957942663545,212.34390246413386
2022-03-21,41077.99799180382,32388.74260873517,4937.501938817266,3751.753444251386,41941.06914150788,-369.5399772138264,-493.5311724902349,41339.98905999321,-812.7623115029788,550.7712433135894
2022-03-22,42358.808425408446,32365.857056167835,5226.84998374518,4766.101385495429,42063.230058484514,110.45420500318032,185.12416192075034,41361.73304782075,1235.8333343010536,-238.757956713358
2022-03-23,42892.95748224282,32342.798713648597,5411.221838172831,5138.936930421391,42213.34008168892,567.9573465389101,111.66005401498842,41381.79438473149,-2089.051006406233,3600.214103917562
2022-03-24,43960.93305895402,32319.5608325617,5949.605838430107,5691.766387962212,42376.1386055456,-539.88167915208,2124.6761325604966,41400.8435076268,-1610.2320860650634,4170.321637392284
2022-03-25,44348.73090483442,32296.13662912824,7234.167523464486,4818.426752241692,42605.393717909836,234.97389397050023,1508.3632929540836,41418.97680122664,-2114.782398491014,5044.536502098788
2022-03-26,44500.82841551288,32272.51929059521,7830.009716063669,4398.299408854004,43127.073952778395,426.4989451120258,947.255517622456,41436.09531300078,-1683.8629050538927,4748.596007565997
2022-03-27,46820.4934636771,32248.701996829608,11145.124594521445,3426.6668723260445,44287.00430748165,-787.4443777722329,3320.9335339676836,41452.091016440354,-861.7158390354105,6230.118286272154
2022-03-28,47128.00516225025,32224.677939932935,11077.854673941503,3825.472548375812,44681.81929111383,416.26952516695866,2029.916345969461,41466.8933273063,-365.06835846655883,6026.18019341051
2022-03-29,47465.72988771132,32200.440341246707,5037.726309942992,10227.563236521622,45548.438057662745,424.08731796700397,1493.2045120815746,41480.24548966997,-1996.344900746823,7981.829298788172
2022-03-30,47062.66416692724,32175.982466219088,6092.2611882899855,8794.420512418168,45744.03463783571,-40.40254938928227,1359.0320784808137,41491.435563703264,1899.0882026056975,3672.1404006182784
2022-03-31,45538.6769223388,32151.297639483462,6692.092458106921,6695.286824748415,45770.458594335745,-589.3724365837707,357.590764586821,41499.95772275521,2641.4545819278424,1397.2646176557464
2022-04-01,46281.64398145087,32126.379259127214,6146.147401277537,8009.11732104612,45679.11838301324,112.54508012281266,489.9805183148128,41505.673510017165,3246.5682154742008,1529.4022559595032
2022-04-02,45868.94915592036,32101.220814009557,8348.2119083947,5419.516433516099,45493.15168853613,145.96262637189,229.83484101234353,41507.92513935697,2184.3957063665057,2176.62831019688
2022-04-03,46453.56707631718,32075.815904966697,6556.3972209384565,7821.353950412024,45293.38729140741,-826.352401288376,1986.5321861981502,41505.45044406806,-110.8139866243064,5058.930618873426
2022-04-04,46622.674413745226,32050.15826768733,6841.309336738375,7731.206809319519,45046.98740629965,876.3499585131539,699.3370489324225,41496.754473322566,5037.362103975045,88.55783644761686
2022-04-05,45555.99340419705,32024.241791376186,7551.939725258633,5979.811887562228,44733.27560123613,668.6151373181364,154.10266564278572,41480.32658909176,627.5502810113313,3448.116534093955
2022-04-06,43206.737672573465,31998.060539626513,6256.355942023314,4952.321190923638,44414.00935169087,-382.9349199545612,-824.3367591628412,41454.737096194716,1008.2046791894052,743.7958971893459
2022-04-07,43503.84916613646,31971.6087707645,5674.490438598233,5857.749956773732,44127.71202402317,-420.23314412236857,-203.62971376434143,41418.7400722421,1241.6167289793555,843.4923649150078
2022-04-08,42287.66351168077,31944.880958862235,5450.4647424425775,4892.317810375953,43828.10782206589,79.22691183845556,-1619.6712222235801,41371.48716899054,453.719768542657,462.45657414756715
2022-04-09,42782.13531729363,31917.871815171817,4812.866548324143,6051.39695379767,43472.725372457,-126.91033576263564,-563.6797194007304,41312.28328328948,1327.8913191230963,141.96071488105372
2022-04-10,42207.67096373395,31890.576311080924,5919.552671893501,4397.541980759528,42979.2774572613,-883.2471002294326,111.6406067020871,41239.8029337642,-2583.0978810712786,3550.9659110410284
2022-04-11,39521.90132656629,31862.989698442812,4719.031030487874,2939.8805976356016,42453.63492688923,1000.8465497596053,-3932.5801500825473,41151.51340543018,-1807.4921058723703,177.88002700847574
2022-04-12,40127.18208492876,31835.10753430894,5183.121003359196,3108.9535472606294,42110.94602876438,931.3931441943719,-2915.1570880299914,41043.52100846106,-1548.9741168024943,632.6351932701946
2022-04-13,41166.73181224617,31806.925705705147,5512.926022564942,3846.8800839760843,41482.86487934487,-564.317416496971,248.1843493982742,40912.55123995454,214.92344564033277,39.25712665129686
2022-04-14,39935.51699921352,31778.440449680973,4664.070603571519,3493.0059459610275,41140.549416289934,-103.74643359018222,-1101.285983486232,40757.2853480128,-1517.853764903829,696.0854161045427
2022-04-15,40553.46327188841,31749.648371307278,5021.2273437887125,3782.5875567924195,40876.373137832976,-195.12714411316097,-127.78272183140507,40578.67203869635,-450.0616728744633,424.85290606652416
2022-04-16,40424.48329332248,31720.546461673086,4796.973892305673,3906.9629393437244,40693.316949421875,-452.9037981033343,184.07014200394042,40379.478763561296,-802.8462905237946,847.8508202849844
2022-04-17,39716.95422583571,31691.1321131639,4331.852136417287,3693.969976254524,40581.48200643712,-702.1803565250613,-162.3474240763535,40163.2743040607,-539.6335384169514,93.31346019195917
2022-04-18,40826.21438560206,31661.40313661738,4726.878624025365,4437.932624959321,40481.000424699596,674.7407557808154,-329.5267948783512,39933.93035065993,-860.7783404059979,1753.0623753481268
2022-04-19,41502.7504194207,31631.357777311852,4771.252121487403,5100.140520621448,40383.04668852707,1118.2843493936264,1.4193815000035102,39695.11557347952,-367.682362601799,2175.3172085429833
2022-04-20,41374.37820120313,31600.994728815178,4575.61446565074,5197.769006737213,40305.94800841505,-299.49669322536045,1367.9268860134398,39449.53415913187,-1257.0113858293814,3181.855427900642
2022-04-21,40527.36408353853,31570.313147452664,4335.772551806992,4621.278384278874,40236.77763330937,219.21512686409605,71.37132336506329,39198.67363831273,193.71821091562015,1134.972234310182
2022-04-22,39740.3198538771,31539.312664161826,4144.317434241724,4056.6897554735515,40159.1924434985,-421.71095662890275,2.8383670075054397,38942.74897786554,-988.5789406426333,1786.1498166541933
2022-04-23,39486.7287113245,31507.993396104153,4511.508321812973,3467.22699340737,40062.64284259021,-678.6604091614298,102.74627789571241,38681.78248673045,-1194.889738499816,1999.8359630938576
2022-04-24,39469.29355583397,31476.355957314197,4425.614339243491,3567.3232592762797,39941.44269559385,-516.6602067698458,44.51106700996752,38415.93184300893,-1254.0286067277636,2307.3903195527964
2022-04-25,40458.308964552205,31444.401466642823,4493.8414316852295,4520.0660662241535,39795.981517635664,342.72479975581945,319.60264716071833,38145.5415149314,-1122.498962949219,3435.266412570025
2022-04-26,38117.46250783485,31412.13155304663,3607.385934867919,3097.9450199202984,39624.85913838921,1116.7175240248282,-2624.1141545791907,37871.06541181284,-409.750860732703,656.147956754714
2022-04-27,39241.12275076347,31379.54835961241,4219.445332436931,3642.1290587141266,39425.150336488,-184.75467376520214,0.7270880406722426,37593.044668143964,220.3393513170216,1427.738731302481
2022-04-28,39773.82836756587,31346.654548340157,4328.491250320715,4098.682568904995,39230.43129043925,545.9539030942892,-2.5568259676729213,37312.033007328115,-1197.7375291842204,3659.532889421971
2022-04-29,38609.82319333789,31313.453303985752,4029.5537410155266,3266.8161483366093,39065.11286825062,-601.1305116696203,145.84083675689908,37028.53321737579,1358.01158863133,223.27838733077078
2022-04-30,37714.87554529895,31279.948334197376,3718.732886109225,2716.1943249923497,38926.717163036075,-723.0440535401485,-488.79756419697515,36742.97886129744,1226.4955900524374,-254.5989060509237
2022-05-01,38469.09390254249,31246.143867568924,3370.6446279063452,3852.3054070672188,38769.143564104605,-81.68173674389635,-218.36792481821612,36455.47873125757,3258.143009967904,-1244.5278386829887
2022-05-02,38529.327800897685,31212.044632341927,3313.8313150846807,4003.451853471077,38540.56647398282,217.43901341555755,-228.67768650069047,36165.710326885965,2324.502431540428,39.11504247129051
2022-05-03,37750.45391529953,31177.655797344534,3191.1168075411383,3381.6813104138528,38239.58355351317,858.3563824071067,-1347.4860206207522,35873.21958666899,1615.8578949219018,261.3764337086395
2022-05-04,39698.37061967424,31142.982827366406,4274.943136198333,4280.4446561095065,37911.72914741806,-453.92865196455347,2240.570124220736,35577.8613300996,3873.0802398710557,247.4290497035836
2022-05-05,36575.142132703,31108.03152329615,3354.6560058160785,2112.4546035907697,37577.85178012181,558.6721475653385,-1561.381794984154,35279.323615704714,1038.3008648440175,257.5176521542671
2022-05-06,36040.92235015236,31072.80794604161,3039.048353934568,1929.066050176185,37208.2257741527,-649.52941574036,-517.7740082599776,34977.75897412214,755.6191307005543,307.5442453296637
2022-05-07,35501.9541442019,31037.318367695738,2745.2146990365763,1719.4210774695894,36536.54334614032,-580.9125133710221,-453.67668856740056,34673.60606177893,817.484420618136,10.8636618048331
2022-05-08,34059.26425058788,31001.569226793905,1812.3208799486547,1245.3741438453253,35104.96842838452,323.73514056693074,-1369.4393183635693,34367.46631177608,113.53164287437971,-421.7337040625789
2022-05-09,30296.95340005305,30965.567199193247,19.091928808489,-687.7057279486835,34100.064808618336,45.1449780308878,-3848.256386596171,34060.01739649041,564.3383711329225,-4327.402367570281
2022-05-10,31022.905412225315,30929.3192042807,279.49306976793144,-185.9068618233141,33295.95402733531,834.5268342042078,-3107.575449314205,33752.01359730365,-2140.5839701779705,-588.524214900368
2022-05-11,28936.35503111219,30892.8324102143,-1006.3789676258585,-950.0984114762505,32511.726399016097,-625.3495833444624,-2950.021784559445,33444.58934977305,-1486.1632522424857,-3022.0710664183753
2022-05-12,29047.75100385385,30856.11418788702,-978.1906917843321,-830.1724922488356,30510.444989793614,548.3080384547103,-2011.0020243944746,33138.87531414479,-1860.522979029061,-2230.601331261878
2022-05-13,29283.103811543,30819.172011124403,-736.6026884461979,-799.4655111352076,30142.125959738816,-667.2275658248941,-191.7945823709233,32835.82631192857,1047.5071497837453,-4600.229650169316
2022-05-14,30101.26644598481,30782.013403298817,-133.49980273579877,-547.24715457821,30035.619851148625,-371.43549208809577,437.082086924278,32536.059794120687,-1832.8772401697806,-601.9161079660989
2022-05-15,31305.1125686764,30744.64593398595,302.19165695947544,258.27497773097275,29988.715728728155,603.2703057671848,713.1265341810577,32239.95285028889,-997.7909453591477,62.95066374665839
2022-05-16,29862.918241291864,30707.077243764335,26.016557678168397,-870.1755601506411,29944.992110705833,-97.1660733237719,15.092203909804084,31947.77208153112,-1138.7982233663924,-946.0556168728617
2022-05-17,30425.85727679598,30669.315041475045,1681.216881426271,-1924.6746461053335,29893.9434581399,605.3190515192173,-73.40523286313692,31659.582673821114,-987.2642735506018,-246.46112347453163
2022-05-18,28720.271399745423,30631.367127494133,1225.075873974455,-3136.1716017231665,29827.512747431043,-925.1773241525474,-182.06402353307203,31375.127601255903,-1485.610872742296,-1169.2453287681856
2022-05-19,30314.33495349838,30593.241424674896,2087.0636343385363,-2365.9701055150545,29748.08932338369,519.9837847861029,46.26184532858679,31094.003955529974,-164.63036992374168,-615.0386321078513
2022-05-20,29200.74008778331,30554.945921495444,1919.9515268254718,-3274.157360537607,29672.998855866503,-603.0596045600493,130.8008364768575,30815.610136659525,-1293.034009004944,-321.8360398712721
2022-05-21,29432.22596348109,30516.488627099818,1982.5518517378905,-3066.8145153566184,29603.7229780531,-180.14375847387498,8.646743901863374,30539.0964894971,-571.5981988367704,-535.2723271792383
2022-05-22,30323.721895269387,30477.87753945689,2386.612155928763,-2540.7678001162676,29532.3582378332,772.6875527228233,18.67610471336593,30263.68455799881,-16.33863222269433,76.37596949327053
2022-05-23,29098.90974573401,30439.120591172956,1314.536214167927,-2654.7470596068742,29457.973447590713,-335.84076834516713,-23.22293351153712,29988.666239711372,-664.9149012019753,-224.84159277538492
2022-05-24,29655.58613284005,30400.225648489297,1908.8299506685762,-2653.4694663178234,29385.66182123315,549.2402911159506,-279.3159795090505,29713.389687143313,-177.49765656461074,119.69410226134642
2022-05-25,29562.361265546424,30361.200575670962,1971.986617332504,-2770.825927457041,29321.52957032234,-401.11025271267863,641.9419479367643,29437.302545458428,-201.71434595190016,326.77306603989564
2022-05-26,29267.224671230382,30322.05324755906,2059.4522461429306,-3114.2808224716064,29274.320612811152,421.8520228334176,-428.9479644141866,29159.95025820425,-142.45573154122246,249.73014456735473
2022-05-27,28627.574853158603,30282.79155393741,1709.8695401041482,-3365.086240882956,29260.234316708367,-481.20208264547875,-151.45738090428495,28881.1126964197,76.71668366679064,-330.2545269278853
2022-05-28,29023.48803926532,30243.423392061097,1690.7581401521704,-2910.6934929479467,29299.41108969022,-195.6073497563985,-80.31570066849963,28600.92853395648,44.30542485466215,378.2540804541786
2022-05-29,29445.95762392081,30203.956748290442,1374.8459525645317,-2132.8450769341616,29394.44174832803,203.3869092548223,-151.87103366204246,28320.016226558,940.9584055883676,184.98299177444278
2022-05-30,31726.390685865343,30164.39973599045,2331.996667003547,-770.0057171286535,29517.82382487594,-619.3233611929184,2827.890222182319,28039.359334136647,186.53762787343663,3500.4937238552593
2022-05-31,31792.30994327541,30124.760578392412,2690.0919921927166,-1022.5426273097182,29634.726987181257,815.8585405474422,1341.7244155467124,27759.95871259505,2693.0170539256324,1339.334176754728
2022-06-01,29799.07971351946,30085.047552128326,1730.813158179803,-2016.7809967886715,29801.586130911106,63.12811477200791,-65.63453216365451,27482.527006105338,2009.18349592645,307.36921148767215
2022-06-02,30467.48774143424,30045.268951914004,2120.9600416957646,-1698.7412521755286,29930.763670624485,370.0035176697574,166.72055313999954,27207.523247405683,2092.0963497320827,1167.8681442964735
2022-06-03,29704.39135706927,30005.433039993244,1876.4556959365848,-2177.4973788605566,30031.21196071555,-425.4184979525841,98.59789430630553,26935.044803412406,2747.1805445018754,22.166009154989297
2022-06-04,29832.91422532441,29965.548018816473,1448.177088953658,-1580.8108824457195,30079.62345326181,-256.41726673528484,9.708038797882182,26664.827569875844,422.39633262081014,2745.690322827755
2022-06-05,29906.66174779145,29925.62199481686,325.72111628368907,-344.6813633090969,30078.89841020908,-244.08534895895406,71.84868654132515,26396.404281852167,164.80842409792996,3345.449041841355
2022-06-06,31370.67194769253,29885.662900098356,1237.8330681141172,247.1759794800564,30045.308245562574,-224.4761795161771,1549.8398816461304,26129.34305987045,325.7696582768766,4915.559229545201
2022-06-07,31155.478701849763,29845.678477544774,324.2456448723534,985.5545794326354,29955.233846694726,645.5206634516965,554.7241917033389,25863.655505082956,86.03175379362774,5205.791442973179
2022-06-08,30214.356242025027,29805.676292250002,519.2869025815069,-110.60695280647997,29820.93747223656,22.01040487576737,371.40836491269874,25599.841931257102,710.3026728378087,3904.211637930115
2022-06-09,30111.99792242348,29765.66372539974,1336.4067119233098,-990.0725148995698,29670.74168058348,277.3001381373831,163.95610370261784,25338.89312933146,-1366.7230221685145,6139.827815260534
2022-06-10,29083.80472095406,29725.647937695187,319.81739137409147,-961.6606081152167,29489.227323124043,-337.93037805485017,-67.49222411513256,25082.385614632658,-912.609383447306,4914.028489768709
2022-06-11,28360.81135854195,29685.635881488513,138.5768116442104,-1463.4013345907733,29090.296923638743,54.92778581793474,-784.4133509147287,24832.098770885,-1567.2122297969056,5095.924817453855
2022-06-12,26762.649037903917,29645.634327050124,-299.09274087560834,-2583.8925482706,28180.217940944607,-374.6580203790425,-1042.9108826616466,24589.603556164944,1651.4242870882356,521.6211946507356
2022-06-13,22487.387925845906,29605.64987265254,-1365.664964141501,-5752.596982665131,25414.649936676225,-79.39614866750951,-2847.865862162809,24355.75605016937,-1584.1164774551796,-284.2516468682843
2022-06-14,22206.79279005828,29565.68896705615,-1865.9449599924671,-5492.951217005404,24536.359128365297,569.9972518679832,-2899.5635901749993,24130.09403904103,-1025.5074636100376,-897.7937853727126
2022-06-15,22572.839823190214,29525.757903932416,-1462.322265856962,-5490.5958148852405,23660.464397310414,-271.0639241893657,-816.5606499308342,23910.64639633275,-1149.6905288419953,-188.11604430054285
2022-06-16,20381.651212902376,29485.862799556446,-912.7522695062546,-8191.459317147815,21487.35076470624,200.9662065276997,-1306.6657583315646,23695.422576778918,-775.1579899024292,-2538.6133739741126
2022-06-17,20471.48189249138,29446.009589901892,-930.2736538910951,-8044.254043519417,20944.464815962452,-130.8341002876954,-342.1488231833755,23483.092543350358,-1905.2209503093663,-1106.389700549611
2022-06-18,19017.64235502154,29406.20404126451,-1375.1851905542237,-9013.376495688746,20721.497180384733,318.98484958140125,-2022.8396749445928,23273.2215680257,121.91653463669752,-4377.495747640856
2022-06-19,20553.27182174724,29366.451757649163,-1464.6984138278326,-7348.481522074093,20693.672537623293,-268.5907787198673,128.19006284381248,23066.350290458045,-723.5665379614629,-1789.5119307493442
2022-06-20,20599.53796479557,29326.758172064645,-789.5272308519584,-7937.692976417115,20721.305008404015,-54.22583226035218,-67.54121134809247,22864.07801409453,-685.4509889057055,-1579.0890603932567
2022-06-21,20710.59710173896,29287.12854798756,-1465.7720666679552,-7110.759379580642,20757.10793181474,-3.790014231269681,-42.72081584451007,22668.859651963787,47.97086071504992,-2006.2334109398762
2022-06-22,19987.02904937973,29247.567969755928,-1297.3963402938844,-7963.142580082316,20794.21128434154,-491.8642993130323,-315.3179356487817,22483.82665779435,-479.83034868546605,-2016.9672597291537
2022-06-23,21085.877161242155,29208.081338541462,-607.9835437930342,-7514.220633506273,20821.748516653806,260.64839038480375,3.4802542035467923,22312.242117461323,-250.48238444356195,-975.8825717756044
2022-06-24,21231.65577144455,29168.67339434257,-564.7586783899843,-7372.258944508034,20839.844078176957,196.64207426541253,195.16961900218303,22157.159299843825,-129.65298799138955,-795.8505404078824
2022-06-25,21502.338688026244,29129.34873240561,-1973.5516930851254,-5653.458351294241,20856.639736967092,620.6738486416489,25.025102417504968,22020.925421608674,-310.7506088772488,-207.83612470517983
2022-06-26,21027.29530880669,29090.1118087588,-1773.1816923550239,-6289.6348075970855,20874.63545622568,-30.30255799516157,182.96241057617226,21904.7815032642,-452.7468324484928,-424.73936200901517
2022-06-27,20735.4779474249,29050.966918368376,-1014.8521086894145,-7300.636862254061,20890.590241973227,-296.03425167742944,140.92195712910325,21808.66055565751,-83.63564745760058,-989.5469607750056
2022-06-28,20280.635650145767,29011.918187272066,-1240.142529070738,-7491.140008055561,20897.74552515053,-466.1534198991774,-150.95645510558825,21731.70605003453,680.283006464725,-2131.353406353486
2022-06-29,20104.02317778173,28972.969581820264,-905.3415987143932,-7963.604805324139,20886.876392696835,-650.4558744651284,-132.39734044997385,21672.591758821673,-350.3537763491443,-1218.2148046907969
2022-06-30,19784.72649462487,28934.12490364544,-1116.3139772689246,-8033.084431751646,20855.752276742696,430.7115042741795,-1501.7372863920064,21628.349389843435,2023.3804350246764,-3867.003330243242
2022-07-01,19269.366685909758,28895.387778783745,-1318.0896702217287,-8307.931422652258,20868.07007241137,452.69576916541735,-2051.39915566703,21595.429290661476,1329.645749852349,-3655.7083546040667
2022-07-02,19242.25558024096,28856.761666115763,-1207.4259518260114,-8407.080134048792,20873.354895981527,701.5890975790954,-2332.6884133196654,21570.76259403219,1540.1297679556662,-3868.6367817468963
2022-07-03,19297.07608279282,28818.24985768483,-908.4904468304668,-8612.683328061543,20880.76831178674,90.73421535126143,-1674.4264443451793,21552.2770001666,1655.9511078112125,-3911.1520251849906
2022-07-04,20231.26151180262,28779.855470206676,-1237.1460409964695,-7311.447917407586,20952.34899331756,-521.8766994126026,-199.21078210233827,21539.3759597498,27.862961708998128,-1335.9774096561778
2022-07-05,20190.11466952338,28741.581446039818,-2340.762848898385,-6210.703927618051,20958.269269747598,-851.4878402523394,83.33324002812151,21532.059260195045,-253.0721880942864,-1088.8724025773772
2022-07-06,20548.245871969462,28703.430575420713,-2359.626951059596,-5795.5577523916545,20942.121638599823,-469.4918291413353,75.61606251097328,21530.61183527491,32.07193669017435,-1014.4378999956243
2022-07-07,21637.58775024365,28665.405512938738,-1975.640179929895,-5052.1775827651945,20913.56539228753,641.0042188657856,83.0181390903308,21535.683060901687,99.60099508369701,2.3036942582657502
2022-07-08,21731.116583397277,28627.508802944754,-2579.661753298698,-4316.73046624878,20876.979626101507,606.3208454688836,247.8161118268872,21548.199085568318,475.74687988796546,-292.8293820590079
2022-07-09,21592.206074330286,28589.742906951316,-2317.8064819290994,-4679.730350691931,20831.28998970766,679.5519665243073,81.3641180983177,21569.08484842456,-227.3971858987788,250.51841180450356
2022-07-10,20860.449393062256,28552.110237675835,-2346.4783323430765,-5345.182512270505,20770.753342928117,119.17682026826209,-29.480770134123304,21598.7929180281,-375.9820719477208,-362.3614530181221
2022-07-11,19970.55659323297,28514.613192795878,-2270.250952593169,-6273.80564696974,20701.861320042124,-736.8095995184874,5.50487270933445,21636.725682453503,-1179.6988008585329,-486.47028836200116
2022-07-12,19323.914856106,28477.254178983178,-2854.9441986871216,-6298.395124190058,20640.17118086167,-1159.7223263767191,-156.53399837895267,21681.042514620563,1969.584424229581,-4326.712082744147
2022-07-13,20212.073498093006,28440.035623609212,-2561.7585040772774,-5666.20362143893,20591.493744519128,-302.89110117203944,-76.5291452540805,21729.926249050215,-583.99555532289,-933.8571956343185
2022-07-14,20569.920061528435,28402.95998523635,-2612.798581561404,-5220.24134214651,20554.78930640433,786.0204706625311,-770.8897155384257,21782.01203826563,-291.0538800338107,-921.0380967033852
2022-07-15,20836.32864452433,28366.029769152843,-2732.507460403106,-4797.193664225408,20542.08831757018,586.7467989632895,-292.50647200913954,21836.336061647085,-598.0077877921561,-401.9996293305994
2022-07-16,21190.315667621857,28329.247523581536,-2355.310134883162,-4783.621721076517,20608.38249793725,529.0026735183021,52.93049616630378,21892.737057021943,-335.3419558148467,-367.0794335852406
2022-07-17,20779.344539850917,28292.61582146203,-2438.741823245186,-5074.529458365927,20803.943318524434,53.96860052222293,-78.56737919574152,21951.227984006808,-1381.485703604058,209.6022594481692
2022-07-18,22485.68925217611,28256.137252041208,-2220.359198544077,-3550.0888013210206,21199.54535463109,-440.67671609699585,1726.8206136420195,22012.080818037728,484.2739882583865,-10.665554120005254
2022-07-19,23389.43284647952,28219.81441504502,-2286.323490711108,-2544.0580778543917,21426.643363962317,-1045.1399378285137,3007.9294203457175,22075.45265409164,176.83669803987615,1137.1434943480053
2022-07-20,23231.731965117207,28183.649930186286,-2411.656732460603,-2540.2612326084745,21679.0819884946,-268.022635744162,1820.6726123667686,22141.31265364866,-750.8190703326972,1841.2383818012459
2022-07-21,23164.62875470473,28147.646448905358,-1732.0585641466257,-3250.959130054005,22038.31108010618,787.3000908574415,339.0175837411043,22209.29185856383,-61.1856028693972,1016.5224990102979
2022-07-22,22714.979148228704,28111.806669249032,-1751.231132970534,-3645.5963880497948,22292.942878643767,440.66328473507326,-18.627015150137595,22278.477613092793,-353.62864311817003,790.1301782540795
2022-07-23,22465.47762742484,28076.13334223181,-1446.649378776408,-4164.006336030561,22476.84691788734,280.4086850742242,-291.7779755367228,22347.320269310327,-320.572753360514,438.7301114750262
2022-07-24,22609.16477066905,28040.629271665584,-1684.4199243416056,-3747.044576654931,22605.212728000093,-3.000020273305214,6.952062942262273,22413.924793439244,-77.80944369327047,273.04942092307465
2022-07-25,21361.700521904,28005.297309728652,-1763.4092295571986,-4880.187558267455,22735.869617442848,-227.28508686057063,-1146.8840086782766,22476.403670459564,-374.1722806707373,-740.5308678848269
2022-07-26,21239.754379825084,27970.140355904867,-1304.0728154128346,-5426.3131606669485,22885.013924308838,-878.52470643834,-766.7348380454132,22533.201092518106,-532.7920942410607,-760.6546184519611
2022-07-27,22930.54844570004,27935.161356501503,-364.5018533993964,-4640.111057402068,23043.4129919183,-199.57216905792066,86.70762283965814,22583.21118786705,-353.5466293025651,700.883887135551
2022-07-28,23843.88620773817,27900.36330293049,-102.31541368319188,-3954.1616815091293,23184.43785343064,731.2623521733583,-71.81399786582915,22625.791658546113,182.45975494655463,1035.6347942455031
2022-07-29,23804.633234567213,27865.749221130973,-55.03903946759874,-4006.0769470961604,23276.701889357413,355.2346400420172,172.69670516778206,22660.67670481408,-795.0537136924379,1939.010243445573
2022-07-30,23656.20702558417,27831.322166859052,-381.024184201573,-3794.0909570733093,23322.375495091306,-9.382049187460382,343.2135796803268,22687.657458365673,1145.1700229310038,-176.62045571250565
2022-07-31,23336.895604984285,27797.08522287087,-425.9984607375703,-4034.1911571490164,23338.81774872032,-85.9272230989567,84.00507936291979,22706.54444327824,600.8493499475586,29.501811758487747
2022-08-01,23314.19943253709,27763.041498136437,-393.9106292374406,-4054.931436361905,23342.97860082625,-39.363151268798575,10.583982979638677,22717.186373097153,804.9419518481365,-207.92889240819932
2022-08-02,22978.116592947503,27729.194128472456,-767.7746955437173,-3983.3028399812356,23338.23882561628,-684.1755952212941,324.0533625525168,22719.508361828364,617.1293286763944,-358.5210975572554
2022-08-03,22846.50705797548,27695.546269054958,-1359.0918140310043,-3489.9473970484723,23331.665113812258,-52.771152187084525,-432.38690364969443,22713.60009661441,-431.2113457631119,564.118307124183
2022-08-04,22630.956732133352,27662.101075861072,-1324.1748130840224,-3706.969530643699,23329.781746570487,592.1389570710937,-1290.9639715082267,22699.619085384536,-575.3870623327052,506.7247090815217
2022-08-05,23289.314277414134,27628.861697152104,-1324.4141146765537,-3015.1333050614157,23343.758439074358,322.50096294180844,-376.9451246020326,22677.75171369287,-122.74683184561327,734.3093955668774
2022-08-06,22961.27896712913,27595.83126856415,-1994.0231865201263,-2640.5291149148943,23372.998385421753,-310.0538306911196,-101.66558760150656,22648.248944448056,135.30244489810306,177.7275777829709
2022-08-07,23175.89084908056,27563.01290619427,-2414.398080415747,-1972.7239766979656,23414.532319759837,-196.0793350881702,-42.562135591109836,22611.47104836193,133.89513559988728,430.5246651187408
2022-08-08,23809.487114518823,27530.409693478745,-1589.0740606901272,-2131.848518269795,23461.902318046035,185.47136723878282,162.11342923400298,22567.84782241759,243.36548691357663,998.2738051876586
2022-08-09,23164.317986281327,27498.02467164111,-2766.4082345448974,-1567.2984508148838,23513.736816184173,-310.6258656308836,-38.79296427196459,22517.867749711913,-233.08976413193164,879.540000701345
2022-08-10,23947.64342534997,27465.860833063052,-2001.3784044711624,-1516.839003241923,23568.422840534495,134.22741344812712,244.9931713673468,22461.909994445465,58.0344624095201,1427.698968494984
2022-08-11,23957.530194268213,27433.921119945753,-2199.9125144854215,-1276.478411192118,23623.58496349709,514.5428776894454,-180.59764691832243,22400.164040167667,1600.5265946664708,-43.160440565923636
2022-08-12,24402.818505755808,27402.20842218933,-1642.8687148169524,-1356.5212016165715,23644.76660966493,92.26239374833204,665.7895023425444,22333.117526296395,73.41456176811313,1996.286417691299
2022-08-13,24424.06783115068,27370.725577693785,-2977.2485681243556,30.590821581252385,23559.665700077945,-506.6157481893151,1371.01787926205,22261.60382417799,144.87676316566137,2017.5872438070292
2022-08-14,24319.333922599963,27339.475365171893,-2774.863993736305,-245.27744883562627,23448.864090478284,-285.77791754223756,1156.2477496639149,22186.61878039758,-198.05145132916553,2330.766593531549
2022-08-15,24136.972424664084,27308.46048525306,-3077.767492200184,-93.72056838879507,23305.958915983963,184.49035100841326,646.5231576717051,22109.173666344086,18.73979636728029,2009.0589619527163
2022-08-16,23883.290546734555,27277.683553421004,-3134.617809969138,-259.7751967173099,22960.494683913814,-152.71385919921835,1075.5097220199605,22030.078292799815,-810.2003438031928,2663.4125977379335
2022-08-17,23335.99822236052,27247.147097805908,-3356.282121066236,-554.8667543791526,22631.953051335255,283.4987356808176,420.5464353444477,21949.836351432004,605.6340255612067,780.5278453673054
2022-08-18,23212.739077042832,27216.853564095192,-3664.964639490398,-339.1498475619628,22365.753762554374,523.4176925376914,323.5676219507659,21868.577129048146,713.4028008746523,630.7591471200321
2022-08-19,20877.553692219357,27186.805320432446,-5638.647746457102,-670.6038817559893,22147.978584991222,14.444668862998142,-1284.8695616348632,21786.251176553815,-468.82842334700496,-439.86906098745385
2022-08-20,21166.060396104986,27157.004663953383,-5417.464427097694,-573.4798407507042,21935.558746446695,-575.1957927543745,-194.3025575873362,21702.853573050754,-67.88402777192753,-468.90914917384
2022-08-21,21534.121230814173,27127.453820280592,-5402.463174410479,-190.8694150559386,21712.122650157213,-291.6512293272517,113.64980998421015,21618.499131150948,-240.5335805862362,156.15568024946333
2022-08-22,21398.9083503016,27098.15495606801,-5344.403055857681,-354.84354990872816,21489.127268196833,185.0872467329097,-275.30616462814214,21533.443259526844,-412.25164832452407,277.71673909927995
2022-08-23,21528.08737168398,27069.110183509627,-5262.067623291581,-278.9551885340625,21271.460688557494,-108.32309691727812,364.9497800437639,21447.98812324099,-80.95843887994867,161.05768732294018
2022-08-24,21395.02007149252,27040.321566535902,-5102.130587867539,-543.1709071758451,21075.028358417214,269.1710424915683,50.8206705837365,21362.34018412408,-374.05508067082815,406.73496803926537
2022-08-25,21600.905141669937,27011.791127884502,-5154.373988206937,-256.5119980076306,20890.431694249142,459.953966307509,250.51948111328602,21276.45932112302,-500.49102776181826,824.9368483087346
2022-08-26,20260.01864942408,26983.520850630073,-5733.474113160967,-990.0280880450264,20693.60979848001,-51.91402127269232,-381.67712778323767,21190.095264541054,-409.22038224100396,-520.856232875969
2022-08-27,20041.73845305508,26955.512674420967,-5994.543605673143,-919.2306156927407,20498.608618918643,-408.4123427870377,-48.45782307652553,21103.022246127344,-14.142284272059861,-1047.1415088002032
2022-08-28,19616.814984443863,26927.768483465818,-6408.614116367636,-902.3393826543179,20326.485998906508,-147.56636850812632,-562.1046459545178,21015.28966434591,-530.4935589125562,-867.9811209894906
2022-08-29,20297.99463530648,26900.290101259678,-5692.358310278197,-909.9371556750011,20182.46079144803,118.75114563825746,-3.217301779804984,20927.384992893145,238.68929657381355,-868.0796541604795
2022-08-30,19796.80940241047,26873.079288901503,-6003.10585556878,-1073.164030922253,20077.636135930024,-218.64926189036746,-62.177471629187494,20839.98347773047,52.31056779191857,-1095.4846431119222
2022-08-31,20049.76318937261,26846.13774779124,-6356.0253957727655,-440.34916264586354,20004.639027803198,162.62242565658494,-117.49826408717126,20753.837381435023,74.24694316881158,-778.3211352312246
2022-09-01,20127.140269430896,26819.467118524433,-6341.132132945943,-351.1947161475946,19943.798047661425,292.77620027696855,-109.43397850749534,20669.628903712397,-29.953492605362804,-512.5351416761368
2022-09-02,19969.771177460185,26793.06897696247,-6624.345122830628,-198.95267667165535,19876.118201000372,-73.80801796354116,167.46099442335253,20587.87030573276,-248.95982841498144,-369.13929985759387
2022-09-03,19832.08772933853,26766.944836321727,-6824.520885367508,-110.33622161568928,19801.913834257866,-47.60004114694628,77.77393622761156,20508.946229050212,-162.94798571456508,-513.910513997118
2022-09-04,19986.713839219963,26741.09614591542,-6852.4412231945735,98.05891649911791,19728.927760437007,-85.0631000278881,342.849178810844,20433.095408009256,323.62538728310716,-770.0069560724005
2022-09-05,19812.37147875423,26715.524284382154,-7023.921844268056,120.76903864013002,19665.54808579454,118.94246264167613,27.88093031801327,20360.432708597662,305.6681546559322,-853.7293844993656
2022-09-06,18837.66771237502,26690.23056056964,-7525.0506577392935,-327.51219045532343,19606.07453167915,-376.94254942827916,-391.46426987585073,20290.969653392047,124.56988236036956,-1577.871823377398
2022-09-07,19290.32387359376,26665.21621481901,-7095.527682253029,-279.36465897222297,19538.72002537748,148.60980148123318,-397.00595326495386,20224.700181985598,147.01821876026577,-1081.3945271521043
2022-09-08,19329.834933426577,26640.48241311402,-7301.225113614836,-9.422366072605655,19469.409161098858,103.97982981741873,-243.5540574896986,20161.674309886468,-104.09608828038319,-727.7432881795066
2022-09-09,21381.15285528657,26616.030250291067,-6404.922047801094,1170.0446527965978,19438.759585818283,39.370939358817964,1903.0223301094702,20102.032230067733,488.55597090937295,790.5646543094663
2022-09-10,21680.53941342801,26591.8607441628,-6055.670596528034,1144.3492657932438,19554.19942886533,91.5072877702936,2034.8326967923858,20045.95579177829,903.0840636977191,731.499557952
2022-09-11,21769.256339556683,26567.97483292574,-6356.791762378326,1558.0732690092664,19572.40602556773,-71.01022805891937,2267.8605420478743,19993.560924964637,407.027306586834,1368.6681080052113
2022-09-12,22370.448649932,26544.37336612286,-6035.919448523679,1861.9947323328197,19629.929340375314,101.62732642180461,2638.891983134883,19944.89227215111,341.22518291616467,2084.3311948647242
2022-09-13,20296.70781387527,26521.057108682347,-6815.4409072516655,591.0916124445866,19794.07832498113,-426.72981727974025,929.3593061738829,19899.957352066758,9.086876463273747,387.66358534523897
2022-09-14,20241.08980183065,26498.026747198808,-6633.653972659916,376.7170272917574,19793.96894537367,170.47663498831486,276.64422146866855,19858.683033614256,61.28507812222935,321.1216900941654
2022-09-15,19701.20996256605,26475.282892662653,-6900.628186392255,126.5552562956509,19753.848549478298,49.27957075091773,-101.91815766316722,19820.95289860016,-457.21795929303175,337.4750232589213
2022-09-16,19772.58420556779,26452.826094682558,-6938.151601088402,257.9097119736325,19707.63894958609,87.70865743136427,-22.763401449665253,19786.520700577414,205.54579702756382,-219.48229203718802
2022-09-17,20127.576657178884,26430.656853726996,-6904.801453744314,601.7212571962045,19655.69050527904,111.20513945722344,360.6810124426229,19755.138773714374,473.8716271757294,-101.433743711219
2022-09-18,19419.506190766973,26408.775619658434,-7088.294179175608,99.02475028414847,19592.348764277758,-158.30073347707994,-14.54184003370392,19726.606315226676,-450.297226136729,143.19710167702578
2022-09-19,19544.12924967429,26387.18278303784,-6931.963518872353,88.90998550880613,19512.93272572582,59.69048601335989,-28.493962064887455,19700.598347118314,-298.08063769083503,141.6115402468131
2022-09-20,18890.78909636913,26365.878675765278,-6199.602383258664,-1275.487196137481,19423.754508122664,-351.562483669036,-181.40292808449522,19676.622118795858,-412.8415627491946,-372.99145967753066
2022-09-21,18547.39975982615,26344.863577924814,-5393.016004251259,-2404.447813847408,19339.12695381386,254.83279357356793,-1046.5599875612788,19654.13301813498,-536.752282918645,-569.9809753901864
2022-09-22,19413.55162082187,26324.137719539118,-6515.050841760454,-395.5352569567949,19268.98274025538,121.92557690387878,22.643303662611288,19632.601482645332,-240.85489626639577,21.805034442932083
2022-09-23,19297.63784000869,26303.701285957755,-7224.289237851654,218.22579190259057,19220.33629507624,67.59528773053479,9.706257201916742,19611.569571426026,-260.0658024393124,-53.865928978022566
2022-09-24,18937.01117567154,26283.55441732108,-6637.503259336199,-709.0399823133412,19198.70286348889,52.04039368968584,-313.7320815070343,19590.757106503726,-321.1688695891784,-332.577061243006
2022-09-25,18802.097975676545,26263.69721471961,-6652.4316997541,-809.1675392889665,19198.883041970985,-294.8645336639936,-101.92053263044727,19570.1481094428,-319.8158807507938,-448.23425301546376
2022-09-26,19222.67218417039,26244.12974366915,-6796.935641012413,-224.52191848634538,19212.75824285348,21.278957482213926,-11.365016165302222,19549.88434271386,-32.40842394539068,-294.8037345980774
2022-09-27,19110.546550991752,26224.852036251832,-6046.760315144397,-1067.5451701156817,19234.06251095227,-245.5870407202428,122.07108075972428,19530.15983382096,-313.6112912695152,-106.00199155969312
2022-09-28,19426.721331678917,26205.864087396396,-4993.033554561059,-1786.1092011564215,19265.121089087326,288.06346764025534,-126.46322504866475,19511.251544695635,157.49392297158556,-242.0241359883039
2022-09-29,19573.05031400065,26187.165847810444,-5132.146627803179,-1481.968906006612,19306.08866610222,217.11968530287038,49.8419625955612,19493.500740154905,53.63163249377804,25.917941351966874
2022-09-30,19431.78944659943,26168.757218303213,-6629.956175949233,-107.01159575455313,19358.429494069518,43.47402885213643,29.88592367777528,19477.26151096266,111.93036333332569,-157.40242769655742
2022-10-01,19312.094732131416,26150.638055643758,-7033.837536562271,195.29421304992866,19417.224153564963,-84.64661707199056,-20.48280436155619,19462.888906671058,201.17689917959822,-351.97107371923994
2022-10-02,19044.107272371097,26132.80817843129,-7508.8800444411745,420.1791383809832,19474.7321117829,-228.63993565588981,-201.98490375591427,19450.767028309452,36.5156533534466,-443.17540929180177
2022-10-03,19623.580334556,26115.267362840856,-7341.036722949874,849.3496946650193,19524.488560491925,9.244355169446942,89.84741889462748,19441.34411471189,209.7989107142364,-27.562690870123333
2022-10-04,20336.842949206013,26098.01534765649,-6929.8798154628585,1168.7074170123815,19561.31783017375,-156.44866342092268,931.9737824531876,19435.10216084077,583.4107892806828,318.3299990845626
2022-10-05,20160.716171606804,26081.051840110053,-7024.988044404079,1104.6523759008305,19574.878145496103,192.1314477743016,393.70657833640144,19432.480422660108,544.6709600477285,183.56478889896607
2022-10-06,19955.4436723686,26064.376518787227,-7040.372721552913,931.4398751342887,19562.774844129606,211.08473120314454,181.5840970358513,19433.76964603586,177.90107491475814,343.7729514179846
2022-10-07,19546.849710149883,26047.98902759029,-7182.026141956116,680.88682451571,19526.20121526098,7.139543998749078,13.508950890154665,19438.99451367325,182.27223422927918,-74.41703775264614
2022-10-08,19416.567849523348,26031.88896751247,-7279.1227110824275,663.801593093307,19471.72299729591,-125.45673580308348,70.30158803052109,19447.91180767361,50.72828185762776,-82.07224000788847
2022-10-09,19446.42619413268,26016.07588806161,-7377.700257623449,808.05056369452,19408.775050965163,-121.73278933113316,159.38393249865112,19460.076157860924,574.9555552031667,-588.6055189314102
2022-10-10,19141.483505012173,26000.54928407819,-7677.135010887901,818.0692318218826,19347.233366088694,8.765906110864986,-214.5157671873858,19475.043950103438,212.75978204182474,-546.3202271330883
2022-10-11,19051.41826947727,25985.30860050762,-7904.068039764579,970.1777087342343,19293.036119649136,-41.136187247773925,-200.4816629240886,19492.39091397266,370.50505827286145,-811.4777027682503
2022-10-12,19157.446286852537,25970.353235913866,-7712.622437137517,899.7154880761882,19256.480056169392,73.22942346266545,-172.26319277951916,19511.485844761934,255.30640504923326,-609.3459629586287
2022-10-13,19382.904033633087,25955.682542097977,-7584.063145477386,1011.2846370124971,19238.271207353635,123.17815295626359,21.454673323187308,19531.45977470845,-75.23672662097732,-73.3190144543878
2022-10-14,19185.65670032703,25941.295823666038,-7738.76040474238,983.1212814033715,19232.79487386067,-9.75039920331144,-37.387774330327375,19551.11209234503,-155.8733266179342,-209.58206540006722
2022-10-15,19067.635082288427,25927.192342123984,-7442.731851393735,583.1745915581778,19234.23227556126,-84.92994766242337,-81.66724561040974,19568.928483461554,-349.58047600632585,-151.71292516680114
2022-10-16,19268.09280086193,25913.37130688364,-7009.510096977001,364.231590955289,19237.641319244405,11.545698675775133,18.905782941750658,19583.204004799492,-67.19404882043793,-247.9171551171239
2022-10-17,19550.75729991318,25899.83187503949,-6880.0323897739345,530.957814647627,19239.859093998013,-42.505062926274285,353.4032688414409,19592.185664470595,16.103882313076603,-57.53224687049078
2022-10-18,19334.41514998285,25886.57315704144,-7030.367619653522,478.2096125949356,19246.27995146882,17.557701988540632,70.57749652548955,19594.224951529868,-400.041378210691,140.2315766636748
2022-10-19,19139.53435138936,25873.594237663045,-6911.725153820109,177.66526754642473,19262.134362442383,-64.05008458328673,-58.54992646973551,19587.956795906863,-358.6394428399972,-89.78300167750422
2022-10-20,19053.740240536765,25860.89421045027,-6726.507042519108,-80.64692739439852,19292.4528673353,11.843911342957856,-250.55653814149628,19572.445140163236,-501.34452130685656,-17.360378319615847
2022-10-21,19172.46921726924,25848.47219540703,-6398.1862457104435,-277.8167324273454,19334.003475502635,37.59530193746822,-199.12956017086253,19547.251103227252,-578.9470044711692,204.16511851315954
2022-10-22,19208.190246004346,25836.327341583987,-6515.954537567528,-112.1825580121149,19400.512924219813,9.842466227263373,-202.1651444427298,19512.469183928468,-405.17542555558026,100.8964876314567
2022-10-23,19567.00739805294,25824.458826196224,-5567.377841166783,-690.0735869765012,19509.305550879482,74.10684856044705,-16.40500138698917,19468.747983842055,-225.1531133886899,323.4125275995757
2022-10-24,19345.57234828513,25812.8658483163,-5501.821552871159,-965.471947160011,19664.49821136252,-63.61840584934092,-255.30745722804568,19417.132952908112,-232.32321188507322,160.76260726209148
2022-10-25,20095.85645544717,25801.547634614642,-4943.225007903785,-762.466171263688,19849.65001552396,130.97028909311598,115.23615083009645,19358.849757303153,-169.41333489955923,906.4200330435779
2022-10-26,20770.441271629403,25790.50344184188,-4884.993361037425,-135.0688091750526,20039.175643121565,-180.25556204487367,911.5211905527103,19295.1216956185,20.908892361040145,1454.4106836498613
2022-10-27,20285.83677570168,25779.732559705542,-5061.290408244902,-432.6053757589616,20206.8831857887,-33.94248659070451,112.8960765036827,19227.09950434986,-86.21062888765933,1144.94790023948
2022-10-28,20595.35193660123,25769.234310920492,-4932.233938274673,-241.6484360445902,20335.719083176038,92.93502557785165,166.6978278473398,19155.799911618964,116.71330228435295,1322.838722697914
2022-10-29,20818.47616443884,25759.00805832272,-4572.752277900487,-367.77961598339243,20415.986225181114,21.7755996502595,380.714339607468,19082.05458238122,12.784622439174314,1723.636959618445
2022-10-30,20635.60374768428,25749.053201432584,-4466.157734246749,-647.2917195015543,20454.952458896874,-41.31757164944535,221.96886043684935,19006.523956257486,94.79667897214577,1534.2831124546465
2022-10-31,20495.774232032527,25739.369163118925,-4503.5935237822705,-740.0014073041275,20464.580037889882,-117.65645897692644,148.85065311957078,18929.689380086667,355.4524697475743,1210.6323821982842
2022-11-01,20485.27324309029,25729.95538544833,-4506.3699355816825,-738.3122067763579,20457.84327705961,244.3066991562465,-216.8767331255658,18851.821373617404,156.03991444048438,1477.411955032403
2022-11-02,20159.503067104524,25720.811329903405,-4815.742508789007,-745.5657540098728,20428.08704624427,-171.62990286105688,-96.95407627868917,18773.002138868676,382.82897962970515,1003.6719486061411
2022-11-03,20209.987415003863,25711.93646678938,-4798.09776992622,-703.8512818592972,20337.64039284284,47.34213859469679,-174.9951164336744,18693.22621320929,591.9936010843148,924.7676007102564
2022-11-04,21147.229732238487,25703.330280922484,-4467.351405927949,-88.74914275604897,20165.17958797662,117.37420595012674,864.6759383117387,18612.452223708515,578.9618006743864,1955.815707855585
2022-11-05,21282.69129591641,25694.992270003542,-4224.78028604193,-187.5206880452024,19335.52162538498,54.83271477800903,1892.3369557534243,18530.587917201876,202.65076011182367,2549.4526186027106
2022-11-06,20926.485973821505,25686.921945440114,-4292.815949841673,-467.6200217769365,18966.66755549427,-150.7143878903248,2110.5328062175613,18447.507465219387,182.5294282652361,2296.4490803368826
2022-11-07,20602.816725269902,25679.118836671445,-4110.074873407268,-966.227237994277,18627.286220516435,-194.06115235217715,2169.591657105644,18363.070077726297,36.3046597157568,2203.4419878278495
2022-11-08,18541.27185322381,25671.582504351132,-4849.607127884485,-2280.703523242835,17627.86068373809,218.92191046970686,694.4892590160125,18277.127783880445,242.6725367993967,21.47153254396835
2022-11-09,15880.779849172332,25664.312546126297,-5881.606849617661,-3901.9258473363043,17227.262600996753,-122.14128970697395,-1224.3414621174488,18189.483646449673,-212.32443993253645,-2096.3793573448056
2022-11-10,17586.77144954725,25657.308616435712,-5283.796667536258,-2786.740499352203,17070.450856714917,117.94159993597367,398.3789928963597,18099.911306140762,-120.83373571915364,-392.3061208743602
2022-11-11,17034.29313471333,25650.570459800056,-5061.005073905218,-3555.272251181508,16983.93368272068,148.48598167491028,-98.12652968225666,18008.226480967227,-319.82111882801485,-654.1122274258814
2022-11-12,16799.184738399876,25644.09792327895,-2048.188514356532,-6796.724670522544,16900.444418816125,72.25784760233806,-173.51752801858675,17914.33429967694,-306.0157204502609,-809.133840826802
2022-11-13,16353.3657171761,25637.890953623846,-2823.7974375629983,-6460.727798884745,16817.17549909075,-226.0068209278138,-237.8029609868354,17818.3569760617,-232.2015503049991,-1232.7897085805998
2022-11-14,16618.199228890797,25631.949597071627,-1778.7299750648467,-7235.020393115985,16746.28127371999,-267.59863125800644,139.51658642881375,17720.71659881908,-132.362855380893,-970.1545145473901
2022-11-15,16884.613907054605,25626.273994544074,-3628.350954830175,-5113.309132659295,16693.986197074675,150.56207567224425,40.06563430768438,17622.207199181288,32.16079673631897,-769.7540888630028
2022-11-16,16669.44014477405,25620.864373432913,-2896.357588656002,-6055.06664000286,16645.02135649166,32.89224257494453,-8.47345429255438,17524.004984266023,-112.34296031941757,-742.2218791725572
2022-11-17,16687.51795054106,25615.72103388051,-3019.992833757472,-5908.210249581978,16596.97383885186,190.63332292429826,-100.08921123509936,17427.69530059171,-148.28778314284682,-591.8895669078047
2022-11-18,16697.77766778654,25610.84433251262,-3473.443928967402,-5439.6227357586795,16549.14618162953,123.01043051713775,25.621055639872793,17335.188773974216,-191.7278033531331,-445.6833028345427
2022-11-19,16711.547793796504,25606.234684855026,-3254.321129992268,-5640.365761066252,16503.204456529413,31.71118932667672,176.63214794041414,17248.4395053555,-398.363925297729,-138.52778626126747
2022-11-20,16291.8324676929,25601.892580290416,-3941.065898702622,-5368.994213894894,16464.202302523605,-230.79499262050095,58.425157789795776,17169.18299791896,-350.02103609564637,-527.3294941304121
2022-11-21,15787.284094521752,25597.818585196317,-6603.865011720585,-3206.6694789539797,16437.37300259838,-336.3820136605833,-313.7068944160437,17098.745784425795,-219.88774430479026,-1091.5739455992534
2022-11-22,16189.769531934093,25594.0133377817,-5839.702043165698,-3564.541762681907,16421.030269503597,10.059405157767099,-241.32014272727065,17037.88815616729,-38.44308673398889,-809.6755374992081
2022-11-23,16610.7064149352,25590.47754026782,-5786.787621596367,-3192.9835037362536,16412.41350010576,169.05833379800694,29.23458103143639,16986.81143319193,-34.43069245747142,-341.67432579926026
2022-11-24,16604.46501795427,25587.211954770668,-5541.486834299196,-3441.2601025172044,16415.063476104766,174.7608353259682,14.64070652353621,16945.180750696403,143.28683609088023,-484.00256883301336
2022-11-25,16521.84101896077,25584.21738608542,-5685.247086206292,-3377.129280918358,16439.974592968676,116.49437060709079,-34.62794461499652,16912.273497675254,217.29599005064466,-607.7284687651281
2022-11-26,16464.281079365555,25581.49464804086,-5949.086605599287,-3168.126963076018,16488.72754619508,20.9827005967197,-45.42916742624584,16887.076768686886,168.17484768947384,-590.970537010804
2022-11-27,16444.626834548457,25579.044561352814,-4635.154971962284,-4499.262754842071,16552.954528341124,-95.21315990459989,-13.114533888066944,16868.440848644528,171.49528583033265,-595.3092999264045
2022-11-28,16217.322467641055,25576.86795681885,-6032.340844015871,-3327.204645161921,16621.828992925646,-300.95531920881103,-103.55120607577919,16855.19120270009,37.13126140966234,-674.9999964686976
2022-11-29,16444.98327002905,25574.965662927792,-5828.373946984706,-3301.6084459140366,16694.71724418377,-51.56244643086474,-198.17152772385452,16846.139875474568,117.49810845800596,-518.6547139035247
2022-11-30,17168.56554848644,25573.338456726775,-5600.061924105758,-2804.7109841345773,16773.13589973441,175.08832101240958,220.3413277396212,16840.162424861894,415.6455832306591,-87.2424596061137
2022-12-01,16967.13366710075,25571.986971304428,-5554.9845516119,-3049.8687525917812,16849.80710360138,147.9575324878274,-30.630968988458335,16836.299045513468,187.87389451384578,-57.0392729265659
2022-12-02,17088.660409402313,25570.911688335855,-5193.872141617993,-3288.3791373155473,16913.375376901186,42.94447942220413,132.34055307892413,16833.773916312857,323.0224825716384,-68.1359894821835
2022-12-03,16908.236795124038,25570.112953313477,-4526.473837111478,-4135.40232107796,16964.02928887041,-37.469115240416336,-18.323378505956498,16832.071613705553,357.4226950560081,-281.2575136375235
2022-12-04,17130.485947216774,25569.59102884834,-3597.4667890523624,-4841.638292579202,17005.35336005208,-59.09638010238524,184.22896726708132,16830.987208905615,412.58932843626866,-113.09059012510988
2022-12-05,16974.825665133598,25569.34607051375,-4605.406202871043,-3989.1142025091103,17038.974392469165,-231.8005967387383,167.6518694031729,16830.482516635962,115.88176763131527,28.461380866319814
2022-12-06,17089.503706009797,25569.37812662231,-4147.164496449438,-4332.709924163075,17066.953259750568,42.70628627329169,-20.15584001406387,16830.49827722934,146.2700376943617,112.73539108609475
2022-12-07,16848.127628900518,25569.68714992829,-4117.57226789303,-4603.987253134743,17095.51379306755,182.064777805482,-429.4509419725109,16830.94358233155,-46.79841061190595,63.98245718087492
2022-12-08,17233.474019915124,25570.273005522642,-3942.497511860787,-4394.301473746731,17126.79751555306,139.89562201006925,-33.21911764800461,16831.767850664346,-101.36629876890825,503.0724680196872
2022-12-09,17133.1520141413,25571.13549113132,-3675.555221717962,-4762.4282552720615,17163.40108627429,-57.13925504049622,26.890182907503913,16833.039874110735,-503.1646724231372,803.2768124536997
2022-12-10,17128.723710215563,25572.27437703557,-3064.941632921758,-5378.60903389825,17199.867316879874,-80.58309227412478,9.439485609815165,16834.784015889516,-391.83372397503433,685.7734183010798
2022-12-11,17104.192805716193,25573.68942400618,-4367.49974114123,-4101.996877148758,17225.239736196465,-49.05636906294248,-71.99056141732945,16837.060276043696,-720.9835256474016,988.1160553199006
2022-12-12,17206.438300671838,25575.38038674069,-4828.69318317708,-3540.24890289177,17230.41475786755,-148.5052523079886,124.5287951122773,16839.969956506382,-652.6863483458354,1019.1546925112925
2022-12-13,17781.318835459824,25577.34705217717,-3940.8986593135996,-3855.1295574037467,17209.253061912917,125.16740702622226,446.89836652068334,16843.650662370357,-414.2591068991063,1351.927279988573
2022-12-14,17652.09831268358,25579.589240463247,-3960.5644249830993,-3966.9265027965666,17161.441370107023,103.45776197516751,387.19918060139025,16848.35062535212,-90.40468627620957,894.1523736076706
2022-12-15,17364.864911262914,25582.10678486624,-4557.753896882122,-3659.487976721204,17096.407198859455,110.9282739417149,157.52943846174458,16854.505268188543,119.41215049134546,390.94749258302545
2022-12-16,16647.48347882862,25584.89949411373,-4328.814962026303,-4608.601053258808,17021.35228148596,-103.38343568045993,-270.4853669768818,16862.763639248613,-114.81954472567706,-100.46061569431549
2022-12-17,16795.09096721353,25587.967173051988,-4210.020452580908,-4582.855753257547,16942.08674742716,-70.66451093641157,-76.33126927721969,16873.963737514066,194.78695373901604,-273.6597240395495
2022-12-18,16757.977403246638,25591.30962313467,-3703.8472858062178,-5129.484934081818,16870.566170949285,-46.30128276793301,-66.28748493471358,16889.01693129464,62.73652374759143,-193.77605179559032
2022-12-19,16439.679646162964,25594.926638730627,-3797.142594230557,-5358.1043983371055,16819.384664266585,-76.45063900879106,-303.25437909482935,16908.855867024624,-89.29473224292454,-379.8814886187356
2022-12-20,16906.30521042145,25598.818019660263,-3022.813832773647,-5669.698976465166,16793.53320790433,145.69524277036365,-32.92324025324342,16934.40447929518,25.56652966128908,-53.66579853501753
2022-12-21,16817.53438655099,25602.983580533783,-3448.789250882552,-5336.65994310024,16790.712241392335,75.25576450882437,-48.433619350169465,16966.45164863147,223.16423355749617,-372.08149563797997
2022-12-22,16830.341423934446,25607.423118522085,-3070.378353950731,-5706.703340636908,16797.28458785763,82.85161551833376,-49.794779441519495,17005.447502106726,396.6937917024974,-571.7998698747797
2022-12-23,16796.952171216344,25612.136398871284,-2597.5864440353794,-6217.59778361956,16798.657141760516,-100.17514403124552,98.47017348707595,17051.553365210802,374.35764485097104,-628.9588388454285
2022-12-24,16847.755265154647,25617.123198543213,-3067.2120536762222,-5702.155879712343,16792.211079982877,-61.749950008003246,117.29413517977446,17104.824370277434,420.05307881194926,-677.1221839347381
2022-12-25,16841.98705228377,25622.383325699713,-3494.70039246318,-5285.695880952764,16777.556723215755,-38.44458833708262,102.87491740509722,17165.285165800637,283.37906808439436,-606.6771816012624
2022-12-26,16919.80517492847,25627.916630085474,-3757.0458995370136,-4951.065555619989,16754.868979927982,-57.630403961069064,222.56659896155907,17232.95294432889,230.7737738031451,-543.9215432035635
2022-12-27,16717.17398012714,25633.722997154207,-2958.093256322407,-5958.455760704663,16728.471941411794,51.67644514462479,-62.97440642927904,17307.852862775308,99.28648854399874,-689.9653711921674
2022-12-28,16552.571736514474,25639.802337696336,14068.94152797483,-23156.172129156694,16701.21357308907,33.46184226617039,-182.1036788407655,17390.024130158683,-29.180643034273245,-808.2717506099361
2022-12-29,16642.342671885614,25646.15455114017,13885.466574556815,-22889.27845381137,16678.061256283476,71.17874581216381,-106.89733021002758,17479.48970177268,28.131645377382682,-865.2786752644497
2022-12-30,16602.585155770088,25652.779491942638,13772.05788655013,-22822.25222272268,16666.224193848582,22.349074885260894,-85.98811296375425,17576.27668710297,295.1244074380679,-1268.815938770951
2022-12-31,16547.49536601617,25659.676979551296,12984.337011256493,-22096.51862479162,16667.254723209226,-75.9597525127131,-43.79960468034187,17680.475517650968,50.65153998361616,-1183.631691618415
2023-01-01,16625.08055070908,25666.84681688634,13977.315872266563,-23019.082138443824,16682.224956445272,-10.174452925298858,-46.96995281089403,17792.225643171067,114.72910563659663,-1281.8741980985833
2023-01-02,16688.47135739323,25674.288790660794,14514.149374215214,-23499.96680748278,16712.75201393991,-22.63754702339256,-1.6431095232837833,17911.653861367922,15.126953279433707,-1238.3094572541231
2023-01-03,16679.85707981374,25682.00266681172,15080.528753426976,-24082.674340424957,16754.549573977973,-98.61817775585504,23.925683591623965,18038.794125749642,-2.662513609108558,-1356.2745323267918
2023-01-04,16863.238258283258,25689.988189846452,15136.422108264469,-23963.172039827663,16807.31007075986,-45.40261282587683,101.3308003492748,18173.54733273007,-141.33948934119627,-1168.9695851056167
2023-01-05,16836.736645223573,25698.2450755591,14235.392303168197,-23096.900733503724,16880.629688686666,108.30599410635286,-152.19903756944404,18315.710196731747,-106.19647428022178,-1372.777077227951
2023-01-06,16951.969516629335,25706.773044368438,14338.45344833493,-23093.256976074033,16985.778198546406,160.48164365518588,-194.29032557225582,18465.000467536316,-373.17853266437885,-1139.8524182426008
2023-01-07,16955.077435158768,25715.571820675825,14649.929411749295,-23410.423797266354,17132.561981153864,-68.81023484011904,-108.67431115497675,18621.04866465564,-359.20953635219615,-1306.7616931446755
2023-01-08,17091.14445130325,25724.641132846253,11870.067413500683,-20503.564095043686,17309.526674062192,16.95413614861973,-235.33635890755977,18783.417046990482,-295.4415548168349,-1396.8310408703946
2023-01-09,17196.554059639464,25733.980717036924,11838.005283147419,-20375.431940544877,17498.06847930478,3.1437884195172447,-304.65820808483477,18951.59488548828,-404.8385186893184,-1350.2023071594995
2023-01-10,17446.292509299026,25743.590308452556,9939.308237162006,-18236.606036315534,17728.69904871436,-218.86619302402605,-63.54034639130623,19125.00247273539,-988.503636339205,-690.2063270971557
2023-01-11,17943.897629468323,25753.469624622303,12054.447100975347,-19864.019096129326,18071.640497328357,-24.473900956112843,-103.26896690392095,19303.038371493094,-1045.691434043871,-313.4493079808999
2023-01-12,18869.588055265584,25763.6183679536,12915.250955168418,-19809.281267856437,18539.611261730985,108.83814884012733,221.1386446944707,19485.03339719631,-518.473253221914,-96.9720887088115
2023-01-13,19909.574624750632,25774.036239726298,12553.270099832238,-18417.731714807902,19038.601756514312,188.57629110397755,682.3965771323419,19670.154794277594,-184.83927988412194,424.25911035716126
2023-01-14,20976.299796392123,25784.72293271556,12942.572525944426,-17750.995662267862,19540.779103582685,-58.316146399008844,1493.8368392084449,19857.548486395128,-112.14414690389552,1230.8954569008893
2023-01-15,20880.79920218209,25795.67810478046,13549.294543557857,-18464.17344615623,20135.969936054364,49.627320571269195,695.2019455564587,20046.302063807336,-210.80003290549928,1045.2971712802537
2023-01-16,21169.6327806964,25806.901283654075,14902.037133597478,-19539.305636555153,20889.084181731432,-49.34393269122309,329.89253165619084,20235.395001626257,666.3176669467852,267.9201121233564
2023-01-17,21161.51921991616,25818.39185133398,14127.428670321899,-18784.301301739717,21492.476253842717,-290.2566029914574,-40.700430935099575,20423.69385091433,367.23187189029755,370.5934971115348
2023-01-18,20688.780729864848,25830.149049787833,15888.557376882638,-21029.92569680562,21946.672368816366,39.890212626092975,-1297.7818515776125,20610.007600618104,436.21471090684463,-357.4415816601031
2023-01-19,21086.793304844312,25842.17199343396,15401.17866398468,-20156.557352574328,22223.405653574697,98.43507141306429,-1235.047420143448,20793.134724401432,549.9113930417456,-256.2528125988647
2023-01-20,22676.55175888814,25854.459686193597,13662.99133477151,-16840.899262076964,22430.214282533045,196.08591289132383,50.25156346377116,20971.985367561367,800.2492756731423,904.3171156536337
2023-01-21,22777.625809132605,25867.01103173267,-1962.9536505594538,-1126.4315720406084,22615.64413443282,-40.97149087365785,202.95316557344267,21145.652348003467,840.5784890583751,791.3949720707642
2023-01-22,22720.41562863912,25879.824839324578,-2747.161806888391,-412.2474037970678,22759.43475734745,98.73375149836193,-137.7528802066954,21313.373402411195,797.1416016062698,609.9006246216559
2023-01-23,22934.431464358637,25892.899825504268,-2074.7312679509328,-883.7370931946971,22845.96932629655,-112.36428577005009,200.82642383213897,21474.47782756488,617.9705858088057,841.9830509849526
2023-01-24,22636.469311191635,25906.234600018022,-2369.5223301798114,-900.2429586465769,22899.31535078196,-237.26383427223175,-25.582205318092747,21628.483928338566,392.30815692964455,615.677225923424
2023-01-25,23117.85968190475,25919.827663164717,-1932.7484612314688,-869.2195200284987,22949.779931291276,132.20467740563396,35.875073207840614,21775.066243053407,267.80246697208804,1074.990971879255
2023-01-26,23032.777598708428,25933.677423431076,-1787.019306121342,-1113.880518601305,23003.067428487764,79.88223324690283,-50.1720630262389,21914.08001411078,-7.010108384974707,1125.7076929826217
2023-01-27,23078.727879912283,25947.782216641997,-1662.3005226180067,-1206.7538141117075,23055.20633822786,62.91409046122204,-39.39254877679923,22045.51947942914,-19.129612073547435,1052.338012556691
2023-01-28,23031.08977562008,25962.14031666009,1213.7650000422434,-4144.815541082255,23108.765776918295,-8.299980176778476,-69.37602112143577,22169.421566811205,63.22033203511734,798.4478767737564
2023-01-29,23774.56592331162,25976.749945081214,5098.012491149386,-7300.196512918981,23165.577676394616,32.97951140628821,576.0087355107171,22285.85086028148,71.33571069792606,1417.3793523322129
2023-01-30,22840.13890737995,25991.609274437702,-1320.2807912725934,-1831.1895757851562,23223.99559334518,-175.98132995099996,-207.8753560142286,22394.912432065856,-51.80777364980533,497.0342489639006
2023-01-31,23139.283909912327,26006.71642393069,-1255.1655972446342,-1612.2669167737295,23267.569124663998,-33.912346614529554,-94.37286813714309,22496.722936397124,-72.9229158469929,715.4838893621964
2023-02-01,23723.769653484665,26022.069460635368,-762.1793390950432,-1536.1204680556584,23286.044926828297,284.50387041219955,153.22085624417014,22591.41031859972,-215.72332268612445,1348.0826575710707
2023-02-02,23471.870441279425,26037.666413300743,-1191.8156575154674,-1373.9803145058504,23278.127670550424,65.13190940517765,128.6108613238248,22679.12727133974,-381.7227297471008,1174.4658996867838
2023-02-03,23449.32162150656,26053.50527922409,-1225.4527921746298,-1378.7308655429006,23245.73030813354,-173.30067129999986,376.89198467301685,22760.05332380106,-335.7165797124668,1024.9848774179627
2023-02-04,23331.84713709607,26069.58402777944,-375.79951591974304,-2361.937374763631,23196.48217083036,-87.46549579935717,222.83046206506697,22834.34313993515,-346.0316688018546,843.5356659627723
2023-02-05,22955.66601629744,26085.900603073933,-433.89403806547216,-2696.3405487110213,23117.325240399685,-75.7310239173562,-85.92820018488783,22902.104419406896,-617.7644289923494,671.3260258828923
2023-02-06,22760.109263300423,26102.45292788158,-14.764441573785007,-3327.579223007371,22988.659505842857,-234.91694180870417,6.366699266269279,22963.376765841615,-525.8977150021507,322.6302124609574
2023-02-07,23264.291187691557,26119.238910118227,812.2383788498528,-3667.186101276522,22817.774672622643,189.20137088803747,257.3151441808768,23018.161237329365,-244.1292426058935,490.2591929680857
2023-02-08,22939.39870068405,26136.256451018464,1047.967879401915,-4244.82562973633,22631.57579381853,368.4469761602822,-60.624069294761284,23066.48795897733,-356.5788900144574,229.48963172117874
2023-02-09,21819.03991473652,26153.50346043574,1279.1318525706688,-5613.595398269888,22455.588195351836,152.22042512478694,-788.7687057401017,23108.452364097644,-821.001860671888,-468.41058868923574
2023-02-10,21651.183782936125,26170.977850174164,1477.448836618944,-5997.242903856983,22305.45789922346,-302.64767578550385,-351.6264405018301,23144.138340574507,-1895.7239718503097,402.76941421192896
2023-02-11,21870.874064054547,26188.677534024533,1468.5054500579095,-5786.3089200278955,22179.68480192286,-187.76615065292577,-121.04458721538685,23173.56197931197,-954.8295246254828,-347.85839063194
2023-02-12,21788.203986260596,26206.600428020705,2103.0722668322055,-6521.468708592314,22076.298239221884,-129.7330389857705,-158.36121397551688,23196.659076510557,-602.9088498325942,-805.5462404173668
2023-02-13,21808.10177360093,26224.74445302875,1951.2992061224095,-6367.94188555023,22003.047461222,-149.20832856672502,-45.73735905434296,23213.56927604094,-663.6140539245011,-741.8534485155069
2023-02-14,22220.80414369751,26243.107555989358,3081.8714311224567,-7104.174843414305,21966.683322016306,290.1595326688954,-36.03871098769014,23225.171310491412,-367.79009746683806,-636.5770693270642
2023-02-15,24307.841328484352,26261.687706828736,4019.8456331691964,-5973.69201151358,21974.802739520557,415.2148779013696,1917.823711062425,23233.204992034513,1130.2395543387759,-55.60321788893634
2023-02-16,23623.474480806268,26280.482884792607,3758.660066040192,-6415.668470026532,22103.347611152614,220.07046876441808,1300.056400889236,23240.02243063135,628.6664653051619,-245.21441513024547
2023-02-17,24565.601988946677,26299.491083540306,2680.2208722238793,-4414.109966817508,22831.278793120902,-423.33949921048475,2157.662695036259,23248.364749343255,1038.4067477965496,278.8304918068716
2023-02-18,24641.276948425817,26318.710339663434,2652.228749173128,-4329.662140410746,22976.536483733693,-281.25526368740987,1945.9957283795338,23261.07540158469,858.0894334651624,522.1121133759625
2023-02-19,24327.641672282654,26338.13873695697,2429.4377459785414,-4439.93481065286,23183.216451839595,-113.70620647290289,1258.131426915963,23280.755342951394,1083.1917441182939,-36.30541478703162
2023-02-20,24829.14756994915,26357.774437154152,2158.247027408919,-3686.8738946139238,23744.781880665498,-58.34745668044806,1142.7131459640987,23309.53547528804,889.4789565510943,630.1331381100135
2023-02-21,24436.35448457601,26377.615689347313,1398.7130232346735,-3339.9742280059763,23736.707399041843,205.7400148435062,493.9070706906641,23348.8136819806,961.2902998188086,126.25050277660557
2023-02-22,24188.842976694308,26397.660807072094,1513.229610437053,-3722.0474408148402,23702.742980938994,463.9266436059624,22.173352149351558,23399.10526644461,621.3343520749081,168.4033581747899
2023-02-23,23947.49252317601,26417.908168717167,874.1642851804183,-3344.579930721575,23660.6637396772,269.7268767549895,17.10190674382102,23460.137868179794,363.7087346618894,123.64592033432564
2023-02-24,23198.12748788315,26438.356237906344,1240.1802597972637,-4480.409009820458,23608.123013277487,-465.59408797592687,55.59856258158834,23531.067684265512,342.2710113286521,-675.2112077110141
2023-02-25,23175.375635842454,26459.00359464972,1550.3688737746866,-4833.99683258195,23540.755226061963,-348.43710833462654,-16.942481884882,23610.746488232267,-19.99611057134789,-415.3747418184648
2023-02-26,23561.212910916336,26479.84892775322,3077.4287565393643,-5996.064773376249,23455.566160473987,-64.14302185477322,169.7897722971211,23697.964218176934,128.17824720345678,-264.9295544640554
2023-02-27,23522.871914506,26500.89104243438,3281.7056772328788,-6259.724805161262,23354.73490528323,2.034461120371528,166.10254810239712,23791.57217640013,330.2420092175246,-598.9422711116531
2023-02-28,23147.35338990846,26522.128871176927,9811.894398176215,-13186.66987944468,23241.54970425006,21.911274132266584,-116.10758847386751,23890.441322314065,168.92374668434712,-912.0116790899519
2023-03-01,23646.549899144964,26543.561473612794,9283.295568851185,-12180.307143319014,23116.131415191467,369.3525107752863,161.0659731782107,23993.492198950662,176.44404462143902,-523.3863444271374
2023-03-02,23475.466737662264,26565.18803576032,10062.018550350402,-13151.739848448457,22985.061453513605,510.08609106432687,-19.680806915668654,24099.833479262405,-7.849109759937853,-616.5176318402046
2023-03-03,22362.6793319333,26587.00787447165,9796.217688033626,-14020.546230571974,22862.167264365737,-402.632073839841,-96.855858592593,24208.75298322923,-77.74891109733842,-1768.32474019859
2023-03-04,22353.35007393068,26609.020432988407,6491.27460357746,-10746.944962635187,22754.748769857477,-423.106744400459,21.70804847366162,24319.723007586614,-312.0214996254517,-1654.3514340304828
2023-03-05,22435.514196973487,26631.225275837416,6725.737339690198,-10921.448418554126,22663.43328677465,36.643067154525475,-264.5621569556861,24432.386533566736,-180.28377075922032,-1816.5885658340303
2023-03-06,22429.75753334634,26653.62208539977,7163.4111366861125,-11387.275688739543,22581.943335035092,36.94023895236095,-189.12604064111292,24546.459914123654,-134.26959871142185,-1982.4327820658946
2023-03-07,22219.76907094175,26676.21065798468,-3639.1617943947103,-817.2797926482199,22503.61557129361,-54.14000088863355,-229.70649946322374,24661.660461276497,-416.50374484087433,-2025.3876454938727
2023-03-08,21718.079830432067,26698.990895620642,1879.577762358876,-6860.488827547451,22430.369372212353,143.80615374750803,-856.0956955277943,24777.73605186637,-390.91028088586575,-2668.745940548437
2023-03-09,20363.021111725368,26721.96279966225,2333.59955344886,-8692.541241385745,22361.605590715328,564.3458190269951,-2562.930298016956,24894.465004229038,-217.60014558549688,-4313.843746918174
2023-03-10,20187.243647616287,26745.126476588153,1200.6081956230148,-7758.491024594881,22296.902371332202,-317.78907856446057,-1791.8696451514552,25011.725736109056,-246.39250771943415,-4578.089580773336
2023-03-11,20632.409629392565,26768.48213813989,394.21387428496604,-6530.286383032293,22533.34793845911,-422.4191061915376,-1478.5192028750062,25129.495902680213,-435.81602597605865,-4061.2702473115896
2023-03-12,22163.94995191503,26792.030097271614,1752.9597297928408,-6381.039875149425,24823.27630126476,147.94660599823152,-2807.272955347962,25247.83113400224,-1968.2143773734415,-1115.6668047137682
2023-03-13,24197.5329977753,26815.770746787904,2192.811711937287,-4811.049460949893,27062.048003879132,-43.5631542866437,-2820.95185181719,25367.125332597094,-1172.6330947139188,3.0407598921228782
2023-03-14,24746.07465884773,26839.70449848839,2603.6230454948095,-4697.252885135469,27557.384668734816,-56.16353999261759,-2755.146469894469,25488.19495301467,-933.7221547422796,191.60186057533792
2023-03-15,24375.96135783125,26863.831790569446,2915.980466592896,-5403.850899331093,27625.33192867005,-0.3313753651192499,-3249.0391954736806,25612.00026832229,-1075.115536230514,-160.92337426052472
2023-03-16,25052.78972174803,26888.15311059915,6162.246110854003,-7997.609499705122,27670.87265099408,558.5717245680643,-3176.654653814112,25739.409589867493,-509.9499996061885,-176.66986851327238
2023-03-17,27423.9306340492,26912.668987922385,6837.939929980515,-6326.6782838537,27699.56128442041,-200.71843062892162,-74.9122197422912,25871.042164326245,1185.2091743987032,367.67929532425114
2023-03-18,26965.87975702664,26937.380007251166,7567.733516139799,-7539.233766364327,27708.84164482082,-356.31257327399896,-386.6493145201821,26007.234795479853,656.7495529934605,301.895408553326
2023-03-19,28038.674946765103,26962.286789463466,7496.956182028334,-6420.568024726697,27703.95249128594,224.86478935081414,109.85766612834777,26147.88639235652,1246.1483946470462,644.6401597615368
2023-03-20,27767.2363318262,26987.389989257197,6638.978634432624,-5859.1322918636215,27698.754846460106,-171.29313568939745,239.77462105549057,26292.418058896135,801.9801153432934,672.8381575867716
2023-03-21,28175.816835424943,27012.690309823916,7243.042004346647,-6079.915478745621,27699.092409307148,-97.76133402084172,574.4857601386357,26439.77083584633,790.2998786869729,945.7461208916393
2023-03-22,27307.436768413278,27038.188506779596,7654.61523995097,-7385.366978317288,27697.711539146734,-239.13404030102623,-151.14073043243116,26588.383974629676,400.8670762256148,318.1857175579862
2023-03-23,28333.972711378767,27063.885359985405,7588.2038946065795,-6318.116543213218,27689.01072238897,646.6409581880351,-1.6789691982412478,26736.264716844216,618.2193553588793,979.48863917567
2023-03-24,27493.285143623496,27089.78163376031,8387.524988618117,-7984.02147875493,27679.750494402688,-13.069148249962165,-173.39620252923123,26881.07555726487,294.26448830332686,317.9450980552974
2023-03-25,27494.706878377543,27115.87809506569,10141.277068518764,-9762.448285206912,27677.9257089191,-203.2532251683197,20.03439462676033,27020.345577688196,11.13637897004736,463.22492171929844
2023-03-26,27994.32951422271,27142.17542031955,10826.991595906311,-9974.837502003149,27702.26186355032,227.91417407245834,64.15347659993131,27151.73645265759,149.3369566829116,693.2561048822063
2023-03-27,27139.88853052214,27168.674181794588,13982.195226594951,-14010.980877867398,27757.696497890516,-282.6995626438857,-335.1084047244876,27273.21251611604,-126.18856387168928,-7.1354217222105945
2023-03-28,27268.131482914527,27195.37484873052,14008.740809567413,-13935.984175383406,27831.011849723214,-68.8078579732853,-494.0725088354011,27383.343046388636,218.74656072063505,-333.9581241947453
2023-03-29,28348.442342812003,27222.27778801673,8197.746981324019,-7071.582426528748,27908.55797070773,-87.1095255890538,526.9938976933263,27481.559936971116,588.0006066264286,278.8817992144577
2023-03-30,28033.563150395665,27249.383272709485,8818.674426842168,-8034.494549155988,27986.442939526394,189.9006630620699,-142.78045219280102,27568.20273775027,335.67411761815333,129.6862950272407
2023-03-31,28478.48460568044,27276.69149610197,8915.506039841219,-7713.712930262747,28057.704336134713,152.4534955760993,268.32677396962754,27644.40735587705,481.13150607624755,352.9457437271449
2023-04-01,28411.03424309244,27304.202580957975,8241.258909290686,-7134.427247156222,28115.930252686583,34.401171623069075,260.70281878278547,27711.69957897139,40.98987699200102,658.3447871290482
2023-04-02,28199.308383774474,27331.916586879557,11088.116675676178,-10220.72487878126,28156.011488110395,149.78658115779837,-106.48968549371784,27771.718159240365,13.141773928805783,414.44845060530497
2023-04-03,27790.220854773645,27359.833527015733,9258.143823263632,-8827.75649550572,28174.51281800289,-408.27099108917474,23.979027859928465,27825.973176758303,-106.17588222315744,70.42356023849788
2023-04-04,28168.0898164027,27387.953432374696,9595.293962775082,-8815.15757874708,28191.663657484467,-69.46921455404237,45.895373472274514,27875.65370612014,13.199888879307053,279.23622140325097
2023-04-05,28177.9835569508,27416.27642221363,10146.188165084734,-9384.481030347564,28274.091352721145,-9.81215574087872,-86.2956400294679,27921.721388601287,173.4378394868794,82.82432886263268
2023-04-06,28044.139754944128,27444.802696309314,8472.395238088588,-7873.058179453772,28475.22348029424,29.621395801522844,-460.70512115163365,27964.913845730676,-186.80457070549846,266.03047991895073
2023-04-07,27925.859408412933,27473.532542387344,6916.114202776057,-6463.787336750469,28978.921339776964,276.44916307369,-1329.5110944377193,28005.65114198153,-88.52199194001248,8.730258371415403
2023-04-08,27947.79454969423,27502.466364979864,6837.0520626214875,-6391.723877907123,29200.979619569076,137.868241157039,-1391.0533110318866,28044.152199415184,-158.95808540056095,62.60043567960747
2023-04-09,28333.050047624925,27531.604662244055,4717.061002012985,-3915.615616632116,29417.897003742797,98.91472319524989,-1183.76167931312,28080.484422188234,-85.05588858401106,337.6215140207023
2023-04-10,29652.98009708406,27560.948043666944,8117.565774187453,-6025.533720770338,29932.395891467902,-555.9714528816544,276.55565849781124,28114.623369817156,-86.8660348670018,1625.2227621339043
2023-04-11,30235.058938955262,27590.497245163726,6171.99681949822,-3527.4351257066846,30123.07868718428,-6.649747298096742,118.62999906907862,28146.589249438188,-1796.5897124676412,3885.059401984716
2023-04-12,30139.052871052005,27620.2531324529,7454.670618238998,-4935.870879639893,30194.93954577029,-101.61316387347816,45.72648915519312,28176.307805182387,-1193.0250674511667,3155.770133320784
2023-04-13,30399.066385491835,27650.216690306115,7923.04111339985,-5174.19141821413,30209.031237221425,127.671973720019,62.363174550391705,28203.687990143622,-1047.804039901542,3243.1824352497533
2023-04-14,30485.700029255324,27680.389010119117,6545.239918496734,-3739.928899360526,30213.986836611348,342.88687881359317,-71.1736861696154,28228.808546101223,-1130.7381618411769,3387.629644995279
2023-04-15,30318.496953064558,27710.77129908418,7244.251158765471,-4636.5255047850915,30218.437806073136,187.7401468099124,-87.68099981849082,28251.76595996211,-429.07538556493,2495.8063786673774
2023-04-16,30315.35545612029,27741.364867588134,6532.573710162927,-3958.5831216307706,30220.934318991716,130.99753204703129,-36.57639491845839,28272.591570027744,807.109658598488,1235.6542274940584
2023-04-17,29445.044904962764,27772.171070755023,6128.525709769225,-4455.651875561482,30222.406844770885,-720.6391571841144,-56.72278262400505,28291.263680035456,444.113723212742,709.6675017145681
2023-04-18,30397.55273552258,27803.19131080315,6162.830657581615,-3568.4692328621895,30209.401667250448,-55.70544565133885,243.85651392347063,28307.607902469426,786.4822215432578,1303.4626115098945
2023-04-19,28822.680472900887,27834.427043207303,6544.813539163893,-5556.560109470309,30111.66082840402,-143.18575546193915,-1145.794600041194,28321.313156208773,320.0417886024894,181.32552808962646
2023-04-20,28245.98731049337,27865.879767991948,6491.3267611933825,-6111.21921869196,29536.013647739845,244.49411979322304,-1534.5204570397,28332.023657213227,262.18128104763343,-348.21762776749165
2023-04-21,27276.909687575568,27897.551089709188,6404.502932773478,-7025.144334907098,29375.319677789583,389.9976926579236,-2488.407682871937,28339.406962852267,-110.78909791269604,-951.708177364002
2023-04-22,27817.500917437257,27929.442748931808,6277.1145742132185,-6389.056405707768,29235.14711855552,216.1008270895432,-1633.7470282078066,28343.14648324791,319.666791568758,-845.312357379411
2023-04-23,27591.38463190681,27961.556617105867,7251.893610370048,-7622.065595569104,28751.250104388146,178.31396586392577,-1338.1794383452616,28343.07391487364,136.1572417995183,-887.846524766348
2023-04-24,27525.33949959111,27993.89467035447,7049.923972038834,-7518.479142802193,28689.447754298966,-819.5771199054883,-344.5311348023679,28339.047512520163,-264.13489017578496,-549.573122753267
2023-04-25,28307.59809066535,28026.458976449583,6594.061051254374,-6312.921937038609,28727.397587436186,-152.77639270279968,-267.02310406803736,28330.949776620877,61.67516213001319,-85.02684808554113
2023-04-26,28422.70087849232,28059.25165363424,5722.773914392543,-5359.324689534464,28770.100373966525,-135.15148539676386,-212.248010077441,28318.796947305134,-50.39672385682705,154.30065504401136
2023-04-27,29473.78618367284,28092.27485402813,6164.832499560652,-4783.321169915944,28805.806569395485,257.79541095997547,410.1842033173816,28302.561146528744,312.7509051738759,858.4741319702225
2023-04-28,29340.262498158005,28125.53073067805,6143.264845275506,-4928.53307779555,28843.77702533301,431.8949251028645,64.5905477221313,28282.05753991788,902.9379130360196,155.26704520410203
2023-04-29,29248.48837291757,28159.021507697984,5391.078982811828,-4301.612117592242,28881.765553530007,272.17257960496215,94.55023978260215,28257.06226300072,585.3016799369208,406.1244299799291
2023-04-30,29268.80704316256,28192.74947906026,5344.5257773133,-4268.468213210999,28914.34023522579,184.64863185820747,169.81817607856283,28227.392615204466,741.182764475014,300.2316634830786
2023-05-01,28091.56880389237,28226.7170280339,4070.1847593186535,-4205.332983460186,28924.15165521697,-712.1824675791163,-120.40038374548385,28193.077299577428,207.99788919534257,-309.50638488040204
2023-05-02,28680.53696791293,28260.9266437389,3112.2538517915727,-2692.643527617547,28896.300446039688,-222.22799149970677,6.464513372946385,28154.512305561504,188.67019152618266,337.35447082524115
2023-05-03,29006.30767090857,28295.38091159129,3252.472697010219,-2541.545937692943,28828.38356648502,-79.2673041477714,257.1914085713215,28112.42233833416,226.7649994360079,667.1203331384022
2023-05-04,28847.711590655163,28330.08251343529,5475.022659478635,-4957.393582258763,28725.08840338161,139.09365245314348,-16.470465179590974,28067.685065048252,298.76579039701096,481.2607352099003
2023-05-05,29534.384019704958,28365.034214046675,5085.51526686428,-3916.1654612059974,28587.701130937054,301.13057411987023,645.5523146480336,28021.207264326047,431.28687234618644,1081.8898830327234
2023-05-06,28904.623949070778,28400.238859055138,4763.3208009328055,-4258.935710917165,28424.43366956224,237.38862618332348,242.8016533252121,27973.8232438165,-52.668352061916394,983.4690573161934
2023-05-07,28454.978285513487,28435.699366774075,4019.1651609817914,-3999.886242242381,28245.17402136566,132.75931938450805,77.0449447633182,27926.216324732093,68.56971157967476,460.19224920171837
2023-05-08,27694.27289627312,28471.418737297197,2729.1568169342077,-3506.302657958284,28049.488851550184,-410.08340152859904,54.86744625153369,27878.813243343662,-319.7740199911395,135.2336729205963
2023-05-09,27658.77467251895,28507.400055868675,757.1976870828856,-1605.8230704326088,27843.873848423355,-120.48742469890922,-64.61175120549524,27831.738770955286,-176.914403348819,3.9503049124832614
2023-05-10,27621.756227331287,28543.64648956377,1564.2651547107246,-2486.1554169432056,27645.968166265928,48.17460141783147,-72.38654035247237,27784.975325040785,144.83071667393537,-308.04981438343384
2023-05-11,27000.788270733763,28580.16127581246,-112.04471929779857,-1467.328285780899,27465.432969567493,-108.06939178475565,-356.5753070489736,27738.460282322056,-1426.972259915901,689.3002483276068
2023-05-12,26804.99067068782,28616.94771677017,-177.2454713049566,-1634.7115747773933,27310.76729597365,121.6435964343149,-627.4202217201419,27692.076937533726,-1066.102246553928,179.01597970802322
2023-05-13,26784.078560882408,28654.009180485045,74.06107624794004,-1943.9916958505783,27190.489647861927,156.23640087445628,-562.6474878539739,27645.60981002298,-1006.0745604098053,144.54331126923353
2023-05-14,26930.63784556426,28691.349107909547,842.0428913603716,-2602.7541537056604,27107.499547780146,-23.553025621771653,-153.30867659411524,27598.75445288213,-892.9633895162286,224.8467821983577
2023-05-15,27192.69322116492,28728.97103050362,862.9359996180908,-2399.2138089567925,27061.889409909974,-59.662753350346094,190.46656460528902,27551.171304293952,-197.43076175808983,-161.0473213709447
2023-05-16,27036.65070994403,28766.878562069454,1858.199559369748,-3588.4274114951695,27042.469692452585,103.82407787880577,-109.64306038735958,27502.567073960145,438.07311450844963,-903.9894785245633
2023-05-17,27398.802027965245,28805.075388204008,2239.105096259265,-3645.378456498027,27031.903490191606,22.151357433772777,344.74718033986574,27452.72442842514,95.79534429204395,-149.71774475193888
2023-05-18,26832.20930048602,28843.565274842942,2160.545339404451,-4171.901313761373,27017.064531990378,-261.7395176993548,76.88428619499973,27401.528119086783,146.45239563844152,-715.7712142392011
2023-05-19,26890.12824240825,28882.352067539814,2822.1345223548105,-4814.3583474863735,26987.052740276846,-78.40324757845138,-18.521250290144962,27349.09462333933,-348.5798609064065,-110.38652002467279
2023-05-20,27129.58625503124,28921.43968396655,2309.3014871883815,-4101.154916123691,26942.982348786823,31.059515394705613,155.5443908497109,27295.789806365363,-339.24502896141587,173.04147762729554
2023-05-21,26753.82563905467,28960.83211429122,3686.595802220128,-5893.602277456677,26895.495805071252,-63.4144074740165,-78.25575854256385,27242.180752095617,-414.25717160276645,-74.09794143817999
2023-05-22,26851.277627891304,29000.533437167196,3815.2825921640356,-5964.538401439928,26854.405413764816,233.3179778860566,-236.44576375956967,27188.983767889396,157.93945408609318,-495.64559408418427
2023-05-23,27225.726590634808,29040.547842893924,2917.765707478582,-4732.586959737699,26824.484957516066,280.5288624964193,120.71277062232184,27137.115740354133,133.37005003614345,-44.759199755470036
2023-05-24,26334.81821443653,29080.879630899064,2694.774526263462,-5440.835942725997,26820.46894053018,-51.567215670236706,-434.0835104234102,27087.78950650886,-170.86317092466072,-582.1081211476667
2023-05-25,26476.20753197305,29121.533199922407,2888.932708602604,-5534.258376551959,26849.00338113515,-295.37610261990585,-77.41974654219302,27042.401377129638,16.76012411253808,-582.9539692691251
2023-05-26,26719.29098461734,29162.51304680649,3085.5544789527185,-5528.7765411418695,26908.127978215918,-79.70363637527733,-109.13335722330157,27002.446166626254,101.65225135470462,-384.8074333636214
2023-05-27,26868.35381843118,29203.82376708313,2576.78173685615,-4912.251685508098,26983.76763628687,-41.91482446634877,-73.4989933893412,26969.28584673956,430.4507251295212,-531.3827534379016
2023-05-28,28085.64736074923,29245.470037433508,3090.1426800358986,-4249.965356720175,27058.69128358323,-57.37985734804832,1084.3359345140489,26944.201300132656,952.2989326755998,189.14712794097431
2023-05-29,27745.884443552008,29287.456573626656,2663.224723134691,-4204.79685320934,27124.353977349765,230.27701974527628,391.2534464569653,26928.431219089598,648.4050782552381,169.04814620717298
2023-05-30,27702.348774779613,29329.788110731406,3111.770951154328,-4739.2102871061215,27179.166815833654,374.28840464500934,148.8935543009502,26923.161578312902,761.3709991036164,17.816197363095853
2023-05-31,27219.658608110934,29372.469392407267,3369.8597057140923,-5522.670490010427,27214.125774189677,-208.1269359700945,213.65976989135015,26929.373428974035,294.52855805145805,-4.243378914557979
2023-06-01,26819.97321970769,29415.505141201982,2275.39649849547,-4870.928419989763,27217.357478485897,-266.64521396200274,-130.73904481620775,26947.639108947405,316.62127375463024,-444.28716299434745
2023-06-02,27249.58894908836,29458.900049621676,2576.2030487082784,-4785.514149241593,27183.160345717028,30.22816023754637,36.200443133784574,26978.067900364444,511.60558777093934,-240.084539047024
2023-06-03,27075.12939844248,29502.658762694035,2000.9162592387297,-4428.445623490283,27119.63057680104,-68.84873974634611,24.34756138778903,27020.30934305368,509.2707519531757,-454.4506965643741
2023-06-04,27119.067193126317,29546.78590366853,1598.5119205536553,-4026.2306310958666,27031.026034945105,-28.326896784920066,116.36805496613306,27073.582100993364,576.116120017002,-530.6310278840501
2023-06-05,25760.096999536112,29591.286071918916,-1020.885961621486,-2810.303110761317,26917.287746050544,199.94027551125856,-1357.1310220256892,27136.766818417953,79.37744066735175,-1456.047259549192
2023-06-06,27238.7837262174,29636.163843841805,-768.9445680834726,-1628.4355495409327,26778.341061891464,411.35979847652385,49.082865849410155,27208.568555755723,79.90829135177535,-49.69312089009691
2023-06-07,26345.99885126687,29681.42375930532,-1408.420536970832,-1927.0043710676146,26618.454924131544,-398.4135648381493,125.95749197347686,27287.64225709054,-251.3909418866139,-690.2524639370567
2023-06-08,26508.215902156466,29727.07031288105,966.910674120669,-4185.765084845254,26447.42108147917,-278.34118650708075,339.1360071843774,27372.631179875174,-187.1051880294445,-677.3100896892647
2023-06-09,26480.37509359513,29773.107945176147,1049.1737883457645,-4341.906639926783,26287.42407656302,127.99769929825727,64.9533177338526,27462.165813160384,-138.72839360496448,-843.0623259602908
2023-06-10,25851.241003169685,29819.541071313422,-961.7983852426512,-3006.5016829010856,26153.971445074392,20.532084418925635,-323.2625263236332,27554.996830219898,-692.2648265204136,-1011.491000529797
2023-06-11,25940.16808034339,29866.37407554172,-1099.8394910523443,-2826.3665041459863,26051.24723743665,-17.82871366316126,-93.25044343010086,27650.067294997625,-680.6596052726874,-1029.2396093815478
2023-06-12,25902.499869783027,29913.611293940794,-97.01821321951411,-3914.093210938252,25976.38892809055,117.81798251655627,-191.70704082407974,27746.507705153646,-748.1492906116518,-1095.8585447589685
2023-06-13,25918.72840126816,29961.25700177613,-1431.0848673465234,-2611.44373316145,25945.43604365991,445.3444318394731,-472.0520742312219,27843.742873131676,-328.62675306563756,-1596.3877187978796
2023-06-14,25124.676679840817,30009.315400487045,-1778.6656714659296,-3105.9730491802984,25975.209498089855,-481.7116924969971,-368.82112575204155,27941.540887330226,31.51183240099313,-2848.3760398904014
2023-06-15,25576.394008263604,30057.790605793893,-1465.9789969159867,-3015.4176006143025,26066.908109198623,-234.0340554521669,-256.480045482851,28039.936589499386,243.17422547154908,-2706.7168067073326
2023-06-16,26327.46239421728,30106.686634551465,-1056.9436455179948,-2722.2805948161913,26187.735111874645,112.60620857530209,27.121073767331836,28139.055073686824,18.21888431847682,-1829.8115637880219
2023-06-17,26510.67644688794,30156.007397634636,-964.3289098465164,-2681.0020409001772,26314.139594887067,139.42093090872146,57.11592109215417,28238.925318579288,-221.3967702180716,-1506.852101473276
2023-06-18,26336.213003281027,30205.756695900855,-1281.186390141032,-2588.3573024787947,26471.946435874885,4.710154441604016,-140.44358703546095,28339.414167628605,-688.2431249700852,-1314.9580393774922
2023-06-19,26851.02854552132,30255.938231606153,-1499.2872371093397,-1905.6224489754932,26771.03388469926,14.663829066743675,65.33083175531647,28440.38732559209,-660.7802233626406,-928.578556708133
2023-06-20,28327.488264328196,30306.555621864423,-804.750774426207,-1174.3165831100196,27284.548716629677,408.30842147316054,634.6311262253585,28541.88705150075,-457.81799145978346,243.41920428722733
2023-06-21,30027.29645350096,30357.612400426955,-582.373418059893,252.0574711338959,28276.10855963596,-452.57758175248915,2203.765475617489,28644.183633253455,35.853617137682264,1347.259203109821
2023-06-22,29912.28171476797,30409.11201012354,-859.1875558249226,362.3572604693545,28701.766877326652,-264.3545866122389,1474.8694240535588,28747.618748171015,101.20713296100396,1063.4558336359514
2023-06-23,30695.46940748955,30461.057772598488,-327.15459741238226,561.5662323034448,29132.394550147892,46.43709405877264,1516.6377632828844,28852.506432907983,-116.16834019768302,1959.1313147792498
2023-06-24,30548.694824738708,30513.452829314687,-734.0860113247118,769.3280067487322,29955.397388650403,182.95127335699783,410.34616273130814,28958.95811969641,-179.76369216845376,1769.5003972107515
2023-06-25,30480.26160573749,30566.300104700706,-2279.096980445922,2193.058481482709,30274.589040441275,0.8012784248329314,204.87128687138465,29066.800267365124,-23.869635778394727,1437.330974150762
2023-06-26,30271.131016739702,30619.602300415674,-1807.0533652472268,1458.582081571254,30400.84206381839,104.80797107414661,-234.51901815283418,29175.550828793304,193.86378611756192,901.7164018288349
2023-06-27,30688.163854246024,30673.361940714738,-1804.1821743113283,1818.9840878426148,30437.226894776108,398.9986821275046,-148.0617226575887,29284.279426513953,577.4335804503569,826.4508472817142
2023-06-28,30086.24618852492,30727.581390957974,-1846.5406634999072,1205.2054610668565,30462.533249992248,-341.89744231908134,-34.3896191482454,29391.74588221958,369.4196747426457,325.0806315626942
2023-06-29,30445.3512260882,30782.26284128469,-2086.58389170026,1749.6722765037703,30492.895619735373,-322.9771546615667,275.4327610143955,29496.5094774571,469.39591870355787,479.44582992754295
2023-06-30,30477.251282244622,30837.408322470434,-2021.535765071627,1661.3787248458175,30525.51100580564,-19.694842938549037,-28.56488062247081,29596.996750914124,383.91473814436256,496.3397931861364
2023-07-01,30590.0790715004,30893.019749015977,-1524.7476555781504,1221.8069780625738,30548.376694517094,146.95662626734162,-105.25424928403663,29691.60152593581,309.5455010779869,588.9320444866025
2023-07-02,30620.77026344812,30949.098915551564,-1455.387717963989,1127.059065860547,30553.65790137738,3.7706145198381904,63.341747550901346,29778.724631587545,444.72014441652396,397.32548744404994
2023-07-03,31156.43949157535,31005.64753927299,-1495.011769667179,1645.8037219695398,30536.786265034643,120.90853199194949,498.74469454875725,29856.897120181475,358.5735711876274,940.9688002062503
2023-07-04,30777.58151116772,31062.66729502906,-2419.4220625450353,2134.336278683695,30502.18895564425,273.1288925070715,2.2636630163942755,29924.88598061161,362.64091835170393,490.054612204407
2023-07-05,30514.16639281996,31120.159817268875,-4092.43002336253,3486.436598913613,30461.832320063088,-131.05695076137798,183.3910235182484,29981.797133117263,-27.14385564211119,559.5131153448092
2023-07-06,29909.33776110073,31178.126682004076,-4368.848213284535,3100.059292381193,30426.61889996845,-289.99437257426445,-227.286766293455,30027.190632772938,3.9587986090910476,-121.81167028129857
2023-07-07,30342.264752095933,31236.569390179637,-3505.1610385555114,2610.85640047181,30394.914538435056,-30.2191019218291,-22.430684417293378,30061.203319663433,-165.43793680600842,446.4993692385069
2023-07-08,30292.541172641984,31295.489361997126,-4618.068459381747,3615.1202700266076,30365.907775111285,58.16962366721526,-131.53622613651532,30084.45187242152,-102.71822708972398,310.80752731018947
2023-07-09,30171.23357175826,31354.88793766979,-4314.04003762018,3130.385671708649,30342.31023590209,43.96068202926494,-215.03734617309237,30097.88197708311,26.984529522267852,46.36706515288097
2023-07-10,30414.471520592702,31414.766355901098,-3919.2873736137317,2918.992538305334,30325.79659290285,116.4193257583947,-27.74439806854207,30102.61971061288,-181.67560608020682,493.5274160600311
2023-07-11,30620.95093800409,31475.125738627037,-4042.6230873313666,3188.4482867084225,30313.425966037892,101.9920033866864,205.53296857951136,30099.83640718432,-146.20121068730356,667.3157415070746
2023-07-12,30391.646143934307,31535.967095571814,-4546.802351348016,3402.481399710512,30301.338429815998,-30.514999404267922,120.82271352257885,30090.59536907858,-236.23210632478242,537.282881180512
2023-07-13,31476.049385444207,31597.291327528375,-3987.045841080451,3865.8038989962843,30277.672860494185,-256.2389932705867,1454.6155182206094,30075.67048110206,100.43571177144703,1299.9431925706995
2023-07-14,30334.069007690672,31659.099217987925,-3798.4729168239946,2473.4427065267446,30239.38959208887,27.80112986704723,66.87828573475417,30055.569385723145,259.74386258396976,18.755759383555414
2023-07-15,30295.807483728026,31721.39143258889,-3320.2519610498475,1894.6680121889804,30187.888356617732,31.17049422711179,76.74863288318011,30030.934078880327,281.82381276384876,-16.95040791615247
2023-07-16,30249.132810296705,31784.16851078272,-1831.660659660119,296.6249591741034,30127.467676700115,98.90200220419722,22.763131392392097,30002.696328138492,131.10015339580073,115.33632876241245
2023-07-17,30145.889625508706,31847.430862279154,-1900.6513364525958,199.11009968214785,30068.280587704914,2.1790993014883586,75.42993850230414,29971.86903677626,-106.30221340160786,280.322802134051
2023-07-18,29856.56322312064,31911.17876352257,-2081.641172317619,27.02563191569061,30016.343152334335,43.65883525058022,-203.43876446427385,29939.370709768624,-767.8175494897143,685.0100628417313
2023-07-19,29913.92319985428,31975.412361235634,-2047.207588233976,-14.281573147382005,29957.48743064222,-4.780563520461413,-38.78366726748209,29905.86827579542,-790.5004251816391,798.5553492404979
2023-07-20,29792.01637805081,32040.131675352008,-1277.204100436626,-970.9111968645739,29880.548323327956,-192.40019042009172,103.86824514294494,29871.589551313282,-465.84550067956616,386.27232741709304
2023-07-21,29908.743898772045,32105.3366042365,-978.6516236835029,-1217.9410817809548,29793.206727303317,36.63844015889478,78.89873130983324,29836.240732683007,-25.365679368080762,97.86884545712019
2023-07-22,29771.80282777146,32171.026923728954,-815.2565420548032,-1583.967553902694,29705.23034307123,34.96611765237446,31.60636704785429,29799.21377165473,-20.17355737071052,-7.237386512559169
2023-07-23,30084.539240756265,32237.202278063072,-897.5594921658743,-1255.1035451409334,29622.243102110744,103.321272799545,358.9748658459757,29759.69765446855,-24.611864639683624,349.4534509273981
2023-07-24,29176.915484832643,32303.86215798727,-1781.7581126874356,-1345.1885604671916,29545.272853296792,-88.09989282045673,-280.2574756436916,29716.869471354446,-196.20738266155877,-343.74660386024334
2023-07-25,29227.390799951987,32371.005898693442,-2177.0006865314563,-966.6144122099977,29469.88318609454,82.6866695327109,-325.17905567526395,29670.00613913435,-147.75040441265728,-294.86493476970645
2023-07-26,29354.972883148803,32438.632683328593,-1941.5022759158678,-1142.1575242639228,29403.34284523641,-15.853458113312293,-32.5165039742933,29618.554598588315,-101.97866192750877,-161.6030535120044
2023-07-27,29210.68927733737,32506.7415333351,-927.5167686923861,-2368.535487305344,29355.56262293613,-87.04565855808798,-57.82768704067348,29562.148547684345,93.81618833735031,-445.2754586843257
2023-07-28,29319.24540303486,32575.331316859385,-791.7431925332008,-2464.342721291323,29325.454059028456,1.3675784336240808,-7.576234427218878,29500.579497957002,-31.401350234018317,-149.93274468812524
2023-07-29,29356.91853756984,32644.40076816496,-686.8658547705861,-2600.6163758245348,29309.20883924464,-0.318077149217181,48.027775474420196,29433.749846928804,89.38846120203772,-166.2197705610015
2023-07-30,29275.307946896966,32713.948485180674,-1322.1784004212816,-2116.462137862425,29298.726331814432,52.25617734045598,-75.67456225792193,29361.68190706071,520.8512031231351,-607.2251632868793
2023-07-31,29230.11087864901,32783.97292772105,-1613.5725792504868,-1940.2894698215532,29281.912774760407,-106.80208840843576,55.000192297040485,29284.526882946597,378.9077779190927,-433.3237822166775
2023-08-01,29675.732498060763,32854.4724183451,-2028.059513350564,-1150.6804069337777,29258.927123239606,165.28411897084095,251.52125585031536,29202.60516148806,226.61947582868004,246.50786074402276
2023-08-02,29151.95968913307,32925.445152684566,-2115.206693611495,-1658.2787699399996,29239.41749948431,6.519673856275787,-93.97748420751668,29116.474984703324,259.6842066411402,-224.19950221139516
2023-08-03,29178.678779687,32996.88920816445,-3632.114681667331,-186.09574681011873,29230.99265052423,-40.4317593589308,-11.882111478298611,29026.871051380338,162.00868572800894,-10.200957421344356
2023-08-04,29074.091727772346,33068.80256077499,-3971.1994376747257,-23.511395327914215,29235.63013942066,-38.92963135981508,-122.6087802885013,28934.515620138398,-6.2774824533347395,145.8535900872812
2023-08-05,29042.126150075645,33141.1830884462,-4788.775941597886,689.7190032273284,29249.800720497595,-25.573584636565393,-182.100985785386,28840.06147332398,-66.72572250737812,268.79039925904
2023-08-06,29041.85617094027,33214.028568102316,-6298.484483543848,2126.312086381804,29270.13623558005,-74.61152645213397,-153.66853818764503,28744.04621555296,-85.62448121542363,383.4344366027326
2023-08-07,29180.578921522465,33287.33667121281,-5714.173585261075,1607.415835570726,29298.155821980246,-56.13174753803721,-61.44515291974312,28646.95009293976,12.249371045396746,521.3794575373067
2023-08-08,29765.4926735622,33361.10496930391,-5588.701738443363,1993.0894427016538,29333.804142707042,220.06877002802406,211.61976082713227,28549.1801535701,229.6996207907394,986.6128992013582
2023-08-09,29561.49450732431,33435.33093525474,-4023.175909875259,149.33948194482946,29369.045626200448,50.32359970876378,142.12528141509756,28451.02694682946,104.67932028190712,1005.7882402129435
2023-08-10,29429.592488566137,33510.01194483512,-4019.626689169669,-60.79276709930855,29388.57057045833,-0.35584563363522825,41.37776374144232,28352.689967807644,103.18228081182241,973.7202399466696
2023-08-11,29397.715497007062,33585.14527283346,-4075.551050199629,-111.87872562676785,29378.579878792654,-51.97163780087756,71.10725601528611,28254.340126252402,-3.2089055102792763,1146.5842762649409
2023-08-12,29415.96451621951,33660.72809046737,-4614.951767129901,370.18819288204395,29346.784616216482,-42.835420710572755,112.01532071359907,28156.12369148471,159.63438226097094,1100.2064424738273
2023-08-13,29282.91437939815,33736.757464960225,-4761.359222103102,307.516136541024,29304.727032586055,-155.79549646414534,133.9828432762406,28058.25851683916,254.68750168410588,969.9683608748819
2023-08-14,29408.442550403204,33813.23035993358,-4362.492415806926,-42.2953937234488,29239.629480710937,-19.339226782261058,188.15229647452725,27960.908733991153,436.6696203481899,1010.8641960638597
2023-08-15,29170.347205994203,33890.14363992958,-5152.310223649352,432.51378971397935,29074.440449214446,115.61312500163118,-19.706368221872253,27864.068064590472,472.6456053118485,833.633536091882
2023-08-16,28701.77952453054,33967.494079121156,-5764.346559302837,498.6320047122208,28731.182762777364,141.20677266350222,-170.61001091032813,27767.63440943525,290.1164177261527,644.0286973691364
2023-08-17,26664.549993120152,34045.278364235055,-6185.981561260094,-1194.7468098548125,27953.240563162843,22.75019734690462,-1311.4407673895948,27671.459383894744,-502.88179673640724,-504.02759403818345
2023-08-18,26049.55690088067,34123.493094042315,-6304.902221131602,-1769.0339720300399,27602.262800938257,-51.99872383640321,-1500.7071762211817,27575.44003875854,-672.6717374099651,-853.2114004679061
2023-08-19,26096.20455068808,34202.13478002333,-7601.117845081367,-504.8123842538844,27254.61100325017,-34.165613508039414,-1124.2408390540513,27479.63686374357,-527.0847174602425,-856.347595595249
2023-08-20,26189.584668660435,34281.19984646504,-7201.18910301191,-890.4260747926965,26581.29959037365,-110.95910968934746,-280.75581202386456,27384.278757067535,-294.55986712695375,-900.1342212801464
2023-08-21,26124.14125313101,34360.68462723202,-7314.287728836821,-922.2556452641875,26287.306016908813,5.441304753570305,-168.60606853137506,27289.704796515405,-261.64052896680374,-903.9230144175926
2023-08-22,26031.65647944816,34440.58534169862,-6757.532195506557,-1651.3966667439017,26163.839913906337,-6.1598619654254545,-126.02357249275155,27196.337685817307,-152.44723304268666,-1012.2339733264598
2023-08-23,26431.63998269965,34520.898082276435,-6870.902107453135,-1218.355992123652,26136.907000879684,116.056736870685,178.67624494928168,27104.724905467243,-335.73162298400246,-337.35329978359005
2023-08-24,26162.37249495053,34601.61879540781,-5820.533389402625,-2618.7129110546557,26130.82275829265,64.94427129202366,-33.394534634142474,27015.463860667725,-168.1718298849644,-684.9195358322322
2023-08-25,26047.66885104809,34682.74326652808,-5810.434624342245,-2824.639791137746,26123.285643758874,-37.97557748625084,-37.6412152245357,26929.17984345544,-293.5266146856744,-587.9843777216774
2023-08-26,26008.46265966795,34764.26713278026,-6262.185552016893,-2493.6189210954144,26106.378838677058,-12.581705100454826,-85.33447390864967,26846.54266394461,-378.0604568087033,-460.0195474679531
2023-08-27,26089.69347166345,34846.1858951415,-6843.872924933992,-1912.6194985440598,26076.417406750672,-60.546162827672504,73.8222277404493,26768.16846629547,-230.56965930567048,-447.905335326348
2023-08-28,26106.1500439649,34928.49496130118,-8108.122935985214,-714.2219813510674,26036.61337247133,-33.74706448414942,103.2837359777186,26694.67772096068,-126.85936442849041,-461.66831256728983
2023-08-29,27727.393009042426,35011.189646278406,-7437.14381134212,153.34717410613666,25991.52308343341,-87.72029731689943,1823.5902229259154,26626.712482467585,582.755334791914,517.9251917829279
2023-08-30,27297.265348320638,35094.2651668947,-7709.0093790716,-87.99043950246414,25970.809784735655,82.39238662608666,1244.0631769588945,26564.787837607386,448.14132634830077,284.3361843649509
2023-08-31,25931.472893357368,35177.71662850718,-8308.444954137638,-937.7987810121776,25936.680296050086,134.51968520200558,-139.7270878947238,26509.250666879685,147.38954295778817,-725.1673164801068
2023-09-01,25800.72437260772,35261.53903384481,-8437.866920571032,-1022.947740666059,25907.745036135526,-19.89869540863965,-87.1219681191651,26460.34069498486,362.43622016770007,-1022.0525425448395
2023-09-02,25868.79814019321,35345.72729619007,-8997.944631587125,-478.9845244097305,25887.85293813057,-15.56747304707126,-3.4873248902913474,26418.153526411686,180.39297789874797,-729.7483641172257
2023-09-03,25969.56735263164,35430.27623042198,-8511.12642861512,-949.582449175221,25881.78946143842,-16.1489088518303,103.92680004505019,26382.704404611595,182.97365879692492,-596.1107107768803
2023-09-04,25812.41526867281,35515.18054700735,-9101.350723058875,-601.4145552756672,25884.997795668314,-81.35486285016216,8.772335854657285,26353.98374944843,165.3883778037806,-706.9568585794041
2023-09-05,25779.98179498475,35600.434854455154,-9056.951127315178,-763.5019321552245,25888.172357697746,-135.30777082185548,27.117208108858904,26331.9008310319,54.47946391055646,-606.3984999577078
2023-09-06,25753.236258310782,35686.033655659114,-9837.82275304467,-94.97464430366381,25886.45739920437,34.69229426785111,-167.91343516143752,26316.249390745106,191.45465219824487,-754.4677846325685
2023-09-07,26240.19489212002,35771.97136432851,-9276.841838914808,-254.9346332936766,25883.51871338725,186.70338935854454,169.97278937422743,26306.75378720399,402.5123599790288,-469.0712550629978
2023-09-08,25905.65375151327,35858.24230546211,-9844.117476583897,-108.47107736494218,25891.677035383218,49.698339714651375,-35.721623584599,26303.077477692106,247.1272154333539,-644.5509416121895
2023-09-09,25895.6782209584,35944.84069982361,-9609.233555752968,-439.9289231122384,25920.863800645635,15.061970039917753,-40.247549727151636,26304.860164799873,119.89991482838613,-529.0818586698588
2023-09-10,25832.2262469114,36031.76066416817,-9078.401305675616,-1121.1331115811554,25974.157431002215,-15.352370847560906,-126.57881324325353,26311.71194048328,-20.28555316170599,-459.20014041017566
2023-09-11,25162.65527224756,36118.99622293223,-9138.371929814019,-1817.9690208706452,26045.43055356308,-103.60408954733303,-779.171191768186,26323.20715680283,-158.34751701998104,-1002.204367535287
2023-09-12,25833.343060491483,36206.54132637942,-8894.646539873374,-1478.551726014557,26127.070602460648,-142.9807513778818,-150.74679059128175,26338.872771968472,-81.51325012095558,-424.0164613560337
2023-09-13,26228.32408751368,36294.38985106713,-9171.030929518212,-895.0348340352357,26215.848191224904,-38.996135727019016,51.47203201579396,26358.214488265723,175.97806646673743,-305.868467218781
2023-09-14,26539.674442452662,36382.53560791875,-8255.48545364987,-1587.3757118162175,26310.223061188048,211.94309519661797,17.508286067997687,26380.769309259693,388.1358722922844,-229.23073909931554
2023-09-15,26608.693364912444,36470.972344973925,-8639.316234659183,-1222.9627454022993,26397.63903361858,92.51604620772108,118.53828508614242,26406.207388584342,176.6731854958967,25.812790832205792
2023-09-16,26568.281287659884,36559.69373811896,-8984.6771324284,-1006.7353180306745,26465.558658468944,11.045432700180902,91.67719649075661,26434.414162698067,-259.7576383499849,393.62476331180005
2023-09-17,26534.187516849965,36648.6933950334,-9319.107924416503,-795.3979537669293,26510.7834424708,7.746900069869454,15.657174309293623,26465.408591062645,-661.0022852361277,729.7812110234481
2023-09-18,26543.263740906477,36737.96486618176,-8781.9512974036,-1412.7498278716812,26534.51489234661,-125.4932057158375,134.24205427570269,26499.254857126012,-624.2293873654053,668.2382711458704
2023-09-19,26552.33996496298,36827.501654754014,-8294.772316445768,-1980.3893733452715,26534.674027919962,-168.1027054391705,185.76864248218772,26536.06667131261,-555.7064946526713,571.9797883030406
2023-09-20,26561.41618901949,36917.29722278081,-7719.978718963764,-2635.9023147975604,26517.532926299747,-60.22805289012849,104.11131560986905,26575.98202672724,-373.45725742294354,358.89141971518984
2023-09-21,26570.492413075997,37007.34499694889,-7429.779063796629,-3007.0735200762574,26491.201443373135,152.46063004595592,-73.16966034309371,26619.075763131685,-340.88305551180906,292.29970545612014
2023-09-22,26579.568637132503,37097.638378545525,-7661.406457657238,-2856.6632837557845,26466.71121882477,110.17992383937337,2.677494468360237,26665.36863651112,-584.4983112621318,498.69831188351236
2023-09-23,26418.197211938525,37188.170750297424,-7887.1384506466175,-2882.8350877122793,26457.07412614758,11.597575980584256,-50.474490189641074,26715.001878718318,102.3310791254517,-399.13574590524513
2023-09-24,26256.825786744543,37278.93548336569,-7946.241285994871,-3075.8684106262735,26466.1119322445,137.5336102299686,-346.81975572992815,26768.26056701901,-199.61760103112556,-311.81717924334225
2023-09-25,26298.47955117476,37369.92595669903,-7648.648112304272,-3422.7982932199957,26498.310743263795,-64.22995035225159,-135.60124173678196,26825.713545003244,-375.7946696942421,-151.43932413424045
2023-09-26,26217.249335750654,37461.13559115441,-8119.697259326902,-3124.188996076853,26563.714603336208,-164.770703838972,-181.6945637465833,26888.123704578018,-81.96942540369818,-588.9049434236658
2023-09-27,26352.71761890885,37552.55785695599,-7150.44727822581,-4049.392959821329,26666.70120684682,-138.96373079940528,-175.0198571385663,26956.012760095327,-110.53741638963189,-492.75772479684747
2023-09-28,27021.54676473845,37644.18627103424,-6433.6549670910235,-4188.984539204765,26801.790945614084,-13.346423804469852,233.10224292883504,27029.543305681054,515.0365534096791,-523.0330943522822
2023-09-29,26911.72160276557,37736.014385288145,-6490.313321602503,-4333.979460920069,26958.06993265339,136.21004892560825,-182.55837881342813,27108.99726574619,472.1546140242254,-669.4302770048453
2023-09-30,26967.91630106372,37828.03578359577,-7147.241858060885,-3712.8776244711626,27119.675105758502,75.98193706543292,-227.74074176021531,27194.974902467577,55.60848267705474,-282.66708408090926
2023-10-01,27983.75038178473,37920.24409718682,-7941.407648627234,-1995.0860667748566,27272.705221889843,285.4187267424465,425.62643315243986,27288.359795017077,335.79025377609287,359.6003329915584
2023-10-02,27530.784889745028,38012.633052544275,-9143.714577987443,-1338.1335848118033,27407.49980066397,-28.02262585390539,151.30771493496286,27390.171024212665,147.68077987445525,-7.066914342092787
2023-10-03,27429.979016663237,38105.19648452039,-9151.156810403843,-1524.0606574533085,27514.115236855956,-196.9042457586048,112.76802556588518,27501.458280069703,336.6924845923245,-408.1717479987892
2023-10-04,27799.39409587958,38197.92833251005,-8842.895086922397,-1555.6391497080695,27590.755658545266,-318.74488821809524,527.3833255524078,27623.270542716993,391.82456733640885,-215.70101417382102
2023-10-05,27415.91198216774,38290.82263628681,-8575.051269220026,-2299.859384899042,27638.437158966593,-191.31550164746145,-31.209675151389092,27756.412025923113,191.80935578261222,-532.3093995379822
2023-10-06,27946.596779928917,38383.87353457125,-8515.36207580521,-1921.9146788371218,27650.20411650361,246.9362976662269,49.456365759080654,27901.706136404322,311.58874980893097,-266.698106284337
2023-10-07,27968.838870789838,38477.07527242823,-8400.218714297513,-2108.017687340878,27634.971955181103,254.0256706944957,79.8412449142379,28059.876982931844,444.9948160146148,-536.0329281566228
2023-10-08,27935.089580661173,38570.422203713926,-8712.122999293999,-1923.2096237587539,27610.790737293024,406.81284381709594,-82.51400044894763,28231.228690775875,270.76278055982584,-566.9018906745259
2023-10-09,27583.678594954847,38663.908797357115,-8905.214192576173,-2175.0160098260967,27583.24018370619,-19.77770105520537,20.216112303860427,28415.316679159278,52.65995322367252,-884.2980374281033
2023-10-10,27391.01951743658,38757.529644515,-9679.055404958364,-1687.4547221200555,27564.916900193763,-243.69434988803494,69.79696713085286,28610.812298430745,108.91778254077781,-1328.7105635349435
2023-10-11,26873.321120758894,38851.27945960963,-10037.803821760835,-1940.1545170898971,27594.551088303135,-471.63946326384587,-249.59050428039336,28815.650003940584,-228.35559555530054,-1713.973287626388
2023-10-12,26756.798638828568,38945.15307832534,-9268.654015627384,-2919.7004238693917,27699.666860356767,-335.5182451685715,-607.3499763596265,29027.285110595138,-285.71145063651295,-1984.7750211300554
2023-10-13,26862.375445622496,39039.145462883076,-8942.060088591492,-3234.7099286690864,27967.488017226457,315.5028828354034,-1420.6154544393648,29242.998467915517,-61.79527443647761,-2318.8277478565433
2023-10-14,26861.706202559675,39133.251705584946,-9185.553642649527,-3085.9918603757396,28100.343398066383,336.5109622528458,-1575.148157759555,29460.411994471495,160.53492319149382,-2759.240715103315
2023-10-15,27159.65291878015,39227.467026938204,-7920.205165336091,-4147.608942821964,28247.42153692746,384.1130242196689,-1471.8816423669814,29677.769286376217,-124.38730017882692,-2393.72906741724
2023-10-16,28519.46667944904,39321.78678155694,-7158.466137418722,-3643.8539646891804,28692.735622223558,-60.25330121952449,-113.01564155499364,29893.906932084497,98.69423227165439,-1473.1344849071102
2023-10-17,28415.74813970713,39416.20646342372,-6924.82810927214,-4075.630214444449,28904.153645719016,-240.87625790111122,-247.52924811077173,30108.21913460773,-511.7971515968665,-1180.6738433037317
2023-10-18,28328.34115199262,39510.72170544353,-7146.727386320648,-4035.6531671302655,29023.199678477802,-399.07369409202147,-295.7848323931612,30320.688019002784,-535.8172011056454,-1456.5296659045198
2023-10-19,28719.80613290645,39605.32827396384,-6735.665583582651,-4149.856557474734,29090.75951346387,-239.3807971049506,-131.57258345246737,30531.90490115183,-449.5210055111554,-1362.5777627342213
2023-10-20,29682.94927360356,39700.02206207461,-6570.108969344263,-3446.9638191267877,29150.28004062095,296.2836514934871,236.3855814891249,30742.643147598385,-193.53304065602833,-866.1608333387958
2023-10-21,29918.411667928853,39794.79908401398,-6239.880126934802,-3636.5072891503296,29264.042564232892,281.4508210653005,372.91828263066054,30953.73478039362,-180.50352720381346,-854.8195852609533
2023-10-22,29993.896524372045,39889.65547171022,-6893.46433240179,-3002.294614936385,29582.745074112572,247.96981432690094,163.18163593257123,31166.019997032505,-951.4153924983208,-220.70808016213778
2023-10-23,33086.23296857776,39984.58746947001,-5877.716780905199,-1020.6377199870549,30213.0849075886,-105.60320174377972,2978.7512627329415,31380.461394050293,317.13130630457175,1388.6402682228909
2023-10-24,33901.52656336352,40079.591420489385,-6058.542180169,-119.52267695686169,31493.05740492132,-216.3273604422687,2624.796518884472,31597.964286263526,-10.170149100774239,2313.7324262007714
2023-10-25,34502.820891545154,40174.66374635471,-5084.228097457354,-587.614757352203,32027.21391041737,-193.22766916648357,2668.834650294266,31819.24046770125,-223.94945295736295,2907.529876801269
2023-10-26,34156.64982838871,40269.80095236488,-5628.265300710886,-484.8858232652856,32581.618667399795,-100.65961708108904,1675.6907780700058,32044.89207547839,66.24548918284808,2045.5122637274762
2023-10-27,33909.799284311055,40364.99961400931,-5744.263444816795,-710.9368848814629,34012.32975759242,207.95496415896284,-310.4854374403294,32275.283257655286,-213.04998533930774,1847.5660119950735
2023-10-28,34089.575872222245,40460.2563394142,-5334.780472434993,-1035.899994756961,34402.124883391996,153.69537131698488,-466.24438248673687,32510.48910029524,-55.673294834103814,1634.7600667611077
2023-10-29,34538.48208811027,40555.56775892846,-4449.281934241936,-1567.8037365762502,34562.50350427204,114.39047444938036,-138.4118906111471,32750.137184856227,151.3280251059985,1637.016878148046
2023-10-30,34502.36466323515,40650.93052531789,-3511.1734462643335,-2637.392415818402,34668.502298115935,-133.06200729450038,-33.07562758628046,32993.24501190691,-222.22807827560004,1731.34772960384
2023-10-31,34667.779360546745,40746.34133938579,-3691.144676257713,-2387.417302581336,34773.43891092065,-175.00822139153533,69.34867101762939,33238.32234977073,37.47541125475214,1391.981599521263
2023-11-01,35437.25318108723,40841.796949418225,-4294.7381446445925,-1109.8056236863995,34883.16558554462,32.126019034538096,521.9615765080744,33483.627518440655,-104.91463045723088,2058.5402931038043
2023-11-02,35318.90119434234,40937.294151209964,-4754.6377831767995,-863.7551736908281,34991.059256358,64.40443456690906,263.43750341743,33727.32069593121,413.8182414262865,1177.7622569848463
2023-11-03,35200.54920759744,41032.82979562009,-4895.527351099131,-936.7532369235196,35074.548378390056,85.28965521634875,40.71117399103241,33967.57204489916,624.9766244621842,608.0005382360905
2023-11-04,35082.19722085255,41128.40078666828,-4933.971229904991,-1112.2323359107395,35128.18393338641,-26.335546500490107,-19.651166033370828,34202.78424633855,258.15842633136117,621.254548182631
2023-11-05,35049.355924023635,41224.004090183,-5261.71103237599,-912.9371337833727,35157.233850859404,12.298750014269487,-120.17667685003835,34431.69706936912,543.6466047337863,74.01224992072821
2023-11-06,35103.60976752379,41319.63675802406,-4826.8887939641545,-1389.1381965361143,35173.64205273051,-114.4582544845544,44.425969277835975,34653.519933075346,620.2803036029486,-170.190469154506
2023-11-07,35157.86361102395,41415.29593203535,-2600.7430779514857,-3656.689243059911,35192.564110585445,-146.061337353625,111.36083779213368,34867.95854903682,544.0981404697276,-254.19307848259632
2023-11-08,35212.11745452411,41510.9788463208,-3099.5504359090114,-3199.310955887682,35226.34037868522,165.19389767220878,-179.4168218333216,35075.09613591998,324.8580572840903,-187.83673867995822
2023-11-09,35266.37129802426,41606.68282962003,-3587.0439425615878,-2753.267589034185,35271.61521954602,84.52772281460531,-89.7716443363679,35275.200880670585,873.3440718512118,-882.1736544975356
2023-11-10,35320.625141524426,41702.40530022616,-3187.2397947325258,-3194.5403639692086,35321.69854786794,75.78787596021733,-76.86128230373288,35468.56299782309,430.3228588173874,-578.2607151160555
2023-11-11,35374.87898502458,41798.143752213655,-1838.8454851238087,-4584.419282065268,35390.84223951414,-50.26854571658476,34.30529122702865,35655.44540557172,-84.72720590405464,-195.83921464308514
2023-11-12,35429.13282852474,41893.89573967834,5645.797508102594,-12110.560419256195,35494.70473266269,16.845194861184027,-82.41709899913985,35836.16483301729,-11.06052596172021,-395.9714785308315
2023-11-13,35483.3866720249,41989.658888577265,4580.101175068337,-11086.373391620706,35636.717881302924,-91.25105709417244,-62.08015218385117,36011.318595028366,-66.06286932628255,-461.8690536771828
2023-11-14,35537.640515525054,42085.43089960576,5644.612058970755,-12192.402443051462,35808.9575567656,-126.65738592441795,-144.65965531612892,36181.98792410272,-394.80120288787475,-249.5462056897959
2023-11-15,37880.5831724307,42181.209556716225,2245.678226365565,-6546.304610651088,35994.05103202228,75.59242439354693,1810.9397160148728,36349.73076696512,-33.35936323351014,1564.2117686990896
2023-11-16,36154.76924136849,42276.99272977402,3872.453517691045,-9994.677006096572,36184.836292785774,-51.5639519604646,21.496900543184893,36516.299893091986,-473.38429876906855,111.85364704557287
2023-11-17,36596.6819231214,42372.778379884185,3254.62829654349,-9030.72475330627,36401.91176039133,144.36603656846003,50.404126161607564,36683.36203430178,-586.4021272486542,499.7220160682773
2023-11-18,36585.70292986443,42468.56455659979,2295.0665733779397,-8177.928200113303,36641.2158961592,74.90373005719974,-130.41669635197468,36852.406332097686,-434.6598680571176,167.95646582385962
2023-11-19,37386.547774872015,42564.34938989704,2681.093310984466,-7858.894926009489,36866.31202436347,18.11239487447531,502.1233556340667,37024.58421128731,-300.6991237910529,662.6626873757632
2023-11-20,37476.95585928785,42660.1310890859,1699.9839592362075,-6883.159189034253,37051.79152910002,-176.7246826162123,601.8890128040512,37200.529021000286,-380.95446587219067,657.3813041597605
2023-11-21,35813.811363629546,42755.90793840836,-2730.11942455925,-4211.977150219565,37205.1549495142,-73.52000903277668,-1317.823576851879,37380.38172206624,-1637.478769298434,70.90841086173896
2023-11-22,37432.33830672268,42851.678294142446,-2538.134596877059,-2881.205390542702,37345.23263020713,27.676412130672986,59.42926438488212,37563.91102774197,-278.0189961662916,146.4462751470055
2023-11-23,37289.62066062905,42947.440583090756,-2611.567534962844,-3046.252387498862,37455.64962835721,-150.78493232550724,-15.244035402654845,37750.77118562216,370.5987666895671,-831.7492916826741
2023-11-24,37720.28115213977,43043.1932961871,-1861.2317409729903,-3461.680403074344,37523.46396036464,243.2604162588925,-46.443224483766244,37940.56161195711,-7.964161625003792,-212.31629819234513
2023-11-25,37796.79234484804,43138.93499222451,-1512.9044690355972,-3829.238178340871,37562.03296110622,323.99887399622196,-89.23949025439651,38132.847363788314,398.26016776776544,-734.3151867080378
2023-11-26,37479.122293661945,43234.66432878742,-1634.6409216155598,-4120.901113509914,37601.91832298716,-59.03633413505124,-63.759695190165075,38327.13580568552,-252.08937024684414,-595.9241417767262
2023-11-27,37254.168854249416,43330.38007774403,1124.6770154723804,-7200.888238966989,37653.61370251966,-341.0010909823591,-58.44375728788145,38522.73794740513,-1306.2661719916507,37.697078835939465
2023-11-28,37831.08686845,43426.08112668601,-625.9504047415548,-4969.043853494455,37711.94343332167,-154.10389394723785,273.2473290755661,38718.82103164861,-138.61815181570918,-749.1160113828955
2023-11-29,37858.49405482494,43521.766482470855,-536.6138739209454,-5126.65855372497,37770.556130981306,186.93759883303275,-98.99967498939804,38914.573624871795,-508.132323362884,-547.9472466839652
2023-11-30,37712.74777163247,43617.43527289503,-618.3463818646085,-5286.3411193979555,37826.163849394325,60.85189659711813,-174.2679743589688,39109.320317301375,-793.3714655334632,-603.2010801354409
2023-12-01,38380.88533172125,43713.08670848711,-663.3358122353937,-4668.865564530468,37879.21121893448,171.10833549869966,330.56577728807315,39302.326457376344,-438.0405052991694,-483.40062035592564
2023-12-02,39049.022891810026,43808.720080655716,-1633.4210022835612,-3126.2761865621287,37933.28523540176,254.57523463846027,861.1624217698045,39492.74503271647,597.9449072004702,-1041.667048106916
2023-12-03,39717.16045189881,43904.33477862991,733.9345477000095,-4921.108874431113,37994.929480853694,-417.55161472755424,2139.782585772671,39679.92212689839,1004.0226810168949,-966.7843560164765
2023-12-04,40385.2980119876,43999.93030040955,2567.88749135092,-6182.519779772869,38077.16480033324,-345.65921281581404,2653.792424470179,39863.12676020234,207.19948595905208,314.97176582620887
2023-12-05,41053.43557207637,44095.50626854364,520.6721586354099,-3562.7428551026824,38302.433745177834,-185.20203598199373,2936.2038628805312,40041.63804679563,811.5245555292096,200.27296975152422
2023-12-06,41721.57313216516,44191.06243890355,206.75875421970494,-2676.248060958096,39883.22368323411,460.8791114901762,1377.4703374408782,40214.887262409386,895.0707895518165,611.6150802039629
2023-12-07,42389.71069225394,44286.59869679343,142.6032656878739,-2039.491270227365,40239.56475958903,398.5791808647442,1751.5667518001646,40382.4986526961,857.6210383685874,1149.5910011892483
2023-12-08,43057.84825234272,44382.11505072496,684.0528887226944,-2008.3196871049367,41710.194403247086,2.620861305222177,1345.032987790415,40544.32435527592,686.0133030050222,1827.5105940617796
2023-12-09,43725.9858124315,44477.611634358145,970.0468377677666,-1721.6726596944136,41861.46975146837,195.96771916550156,1668.5483417976284,40700.437084984485,2192.8179060306875,832.7308214163277
2023-12-10,43779.697287995696,44573.08868843101,2585.011897751148,-3378.4032981864584,41946.453311316174,-739.2314448629255,2572.4754215424473,40851.0640224562,1691.6514723979199,1236.9817931415746
2023-12-11,41243.83331462401,44668.54655715418,1345.9097964846255,-4770.62303901479,42009.47676325819,-202.80080818729886,-562.8426404468846,40996.56975821566,1006.9834064250458,-759.7198500166924
2023-12-12,41450.22219046648,44763.98566990178,554.6489385489392,-3868.41241798424,42061.378727493335,-303.7909351331412,-307.3656018937181,41137.44677258887,861.0428645826463,-548.2674467050383
2023-12-13,42890.74073359007,44859.40649130477,616.9547403529481,-2585.6204980676484,42113.748305625086,717.6268695886652,59.365558376317495,41274.288931614145,-241.72112230470546,1858.1729242806323
2023-12-14,43023.97197419326,44954.80950691483,612.8510585755321,-2543.688591297112,42174.98204884847,666.9203138705136,182.069611474275,41407.72747682898,-653.8949459820258,2270.1394433463065
2023-12-15,41929.75839290097,45050.19522843519,-464.3285352701197,-2656.1083002640953,42249.6311489395,-208.3242234872816,-111.54853255124908,41538.212372898335,-419.77766064962856,811.3236806522618
2023-12-16,42240.119082050114,45145.564203203154,-900.2400069737171,-2005.20511417932,42334.295710204016,10.875673900928927,-105.05230205482803,41666.0171018566,-541.8052814052664,1115.9072615987752
2023-12-17,41364.66591823696,45240.91699436281,-565.668416248457,-3310.5826598773856,42416.02524381088,-1019.7020789615475,-31.65724661236891,41791.196021079304,-605.9764141713578,179.4463113290185
2023-12-18,42623.5383250276,45336.254171601046,-629.8679171247511,-2082.847929448697,42483.99982096658,92.29758329273923,47.240920768279466,41913.515989312036,-536.9459720330713,1246.9683077486334
2023-12-19,42270.52613951101,45431.57630432605,-961.9386414139442,-2199.1115234011013,42543.88307970881,-322.5889799185116,49.23203972070769,42032.488932837085,-780.8644778387492,1018.901684512668
2023-12-20,43652.24866801767,45526.88395623353,504.4030569361485,-2379.038345152003,42615.28538374916,873.989774582884,162.97350968563114,42147.55449089771,-907.5851690218676,2412.2793461418332
2023-12-21,43869.15085699366,45622.17768328364,311.51231851816283,-2064.5391448081427,42697.36085566093,670.5035711690798,501.28643016365095,42258.166254630916,-2151.7200553168477,3762.704657679591
2023-12-22,43997.90140995493,45717.45804287386,731.3123497709616,-2450.8689826898917,42779.72782333981,-405.26111748108644,1623.4347040962093,42363.787500381964,-1226.5820583945433,2860.695967967513
2023-12-23,43739.542137223485,45812.72559600206,1631.4157871512018,-3704.5992459297777,42786.03046791524,-327.7010129004751,1281.212682208723,42463.94253056329,275.1886573878525,1000.4109492723437
2023-12-24,43016.11762118305,45907.98088632806,843.727249351554,-3735.5905144965654,42786.629200555624,-891.9506979976019,1121.4391186250286,42558.21251659702,375.58094386160633,82.3241607244272
2023-12-25,43613.14208466216,46003.22443490385,-121.1903416464719,-2268.8920085952195,42722.99555301866,603.2815197416613,286.8650119018348,42646.256776761715,646.4162720032874,320.4690358971566
2023-12-26,42520.40151126868,46098.4567338823,-643.0988286476277,-2934.956393965993,42699.9686670762,-170.456004671389,-9.111151136130502,42727.835605371205,-1121.9968922145952,914.5627981120706
2023-12-27,43442.8545582321,46193.67823992589,436.5377431480025,-3187.361424841787,42715.80831473469,771.5581465035453,-44.51190300613234,42802.795939925156,-2694.991776052856,3335.0503943598014
2023-12-28,42627.85353136838,46288.88937458765,13614.507277681481,-17275.543120900747,42747.106968151515,320.0010766968219,-439.25451347995113,42871.15875238284,-761.0481616247797,517.7429406103183
2023-12-29,42099.40280858003,46384.09053410408,13604.695927760813,-17889.383653284858,42783.73132232134,-378.84883460698586,-305.4796791343251,42933.15038168518,-642.4504273699159,-191.29714573523233
2023-12-30,42156.90114976386,46479.2820778552,13193.025303155633,-17515.406231246976,42862.63488136753,-460.20816229695095,-245.5255693067229,42989.286067884655,-2253.708751880446,1421.3238337596486
2023-12-31,42265.18565486596,46574.46430837235,12941.066381296325,-17250.34503480271,43024.85261796206,-748.1476134358942,-11.519349660200533,43040.222759736025,105.26970928771676,-880.3068141577751
2024-01-01,44167.33021407736,46669.63746382255,13408.581245319108,-15910.888495064304,43275.28940754793,645.182358692814,246.85844783661742,43086.7210004777,1370.543694322317,-289.9344807226589
2024-01-02,44957.970054141806,46764.8017139677,14200.217631609976,-16007.049291435873,43591.17680184622,192.7426800582785,1174.0505722373127,43129.84428401023,1667.031658288893,161.09411184268538
2024-01-03,42848.17564096547,46859.95715611733,15153.354229591228,-19165.135744743086,43821.790029150885,677.7250966032638,-1651.3394847886811,43170.62713713205,-330.0076923397962,7.556196173216449
2024-01-04,44179.92170082684,46955.10381101988,15474.376218697422,-18249.55832889046,44047.57806435592,-91.26098706262741,223.60462353354524,43210.025591158024,958.6026364928439,11.293473175966938
2024-01-05,44162.69163022688,47050.241640668595,15196.667582031287,-18084.217592473004,44234.43781345329,-299.34175415767385,227.59557093126205,43248.884200453394,1040.885724210029,-127.07829443654191
2024-01-06,43989.19409345742,47145.37063524592,15948.031772872897,-19104.208314661395,44355.26130755505,-451.36752399103625,85.30030989341321,43288.03451650932,949.534968321515,-248.37539137341082
2024-01-07,43943.0972289695,47240.49084114806,16499.074093784195,-19796.467705962754,44367.04812871862,-617.3442775266212,193.39337777750188,43328.47549081887,863.7719481892711,-249.1502100386424
2024-01-08,46970.502314490135,47335.60236163172,13674.621058677205,-14039.72110581879,44265.92646257504,491.7775609392606,2212.7982909758357,43371.42616969927,3799.885012288366,-200.80886749750061
2024-01-09,46139.73037485253,47430.705358635314,13294.664584534505,-14585.639568317289,43775.64530922776,529.115160404938,1834.969905219834,43418.12698610011,2987.4007996961323,-265.79741094371275
2024-01-10,46627.77911196135,47525.80006200248,11601.278403945042,-12499.299353986178,43537.23115148855,595.3790427780377,2495.168917694755,43469.64895813065,2832.629147145314,325.50100668537925
2024-01-11,46368.58538201935,47620.88678152489,13225.31201385037,-14477.613413355903,43317.167053864716,-484.03242362960924,3535.450751784243,43526.6501872651,2580.3220775494524,261.61311720479716
2024-01-12,42853.16665806203,47715.965898896706,13773.753967602455,-18636.55320843713,42623.826743526915,-248.3547828334452,477.69469736856263,43589.47108714333,-466.1768729812135,-270.12755610008753
2024-01-13,42842.382191236,47811.037814896634,13653.708546541337,-18622.36417020197,42420.75219510274,-352.58217789410764,774.2121740273724,43658.3077832712,-923.1035237178488,107.17793168265052
2024-01-14,41796.26960642449,47906.1029230702,14875.888689712585,-20985.722006358294,42338.926696457784,-536.1558746567614,-6.501215376534674,43733.22800394678,-1315.865839405177,-621.0925581171177
2024-01-15,42511.96772033114,48001.161655747506,15934.17427582349,-21423.36821123986,42273.97029019783,465.21724347243156,-227.21981333912845,43814.82357750839,-562.8303538324591,-740.0255033447902
2024-01-16,43154.94423438237,48096.214475811714,16964.37261876034,-21905.642860189684,42206.012793330396,897.5131237979306,51.41831725404336,43907.01264659803,-661.343861176158,-90.72455103950051
2024-01-17,42742.65283731412,48191.26187826091,16384.903626203708,-21833.512667150502,42143.94125761646,553.4714362141325,45.24014348352648,44018.884913964175,-668.250619652912,-607.9814569971422
2024-01-18,41262.05836418456,48286.30438553616,17804.326644615016,-24828.572665966618,42093.72528580089,-954.9876219642741,123.32070034794742,44164.033147721515,-1348.287788071977,-1553.686995464981
2024-01-19,41618.40736540423,48381.34253818155,16977.529995876022,-23740.46516865334,42059.10151616019,-149.47977188300416,-291.21437887295906,44356.506712371025,-1212.2227821777658,-1525.8765647890323
2024-01-20,41665.58483621092,48476.37689263092,15441.18531859307,-22251.977375013073,42026.619950097614,-199.63235461087274,-161.40275927582115,44603.93179102879,-2459.3041488652857,-479.04280595258024
2024-01-21,41545.78351439019,48571.40802107471,3673.2185581459075,-10698.843064830427,41987.23984579196,-439.2761977807135,-2.1801336210555746,44902.002044619876,-2090.6333729628655,-1265.585157266818
2024-01-22,39507.36882382201,48666.436518538896,5076.475184631479,-14235.542879348366,41959.247187545756,598.5978360483081,-3050.476199772049,45235.381303035734,-114.95492243068625,-5613.057556783038
2024-01-23,39845.55114679985,48761.463010330845,5594.030645005381,-14509.942508536376,41990.102814503975,758.0503806883819,-2902.602048392502,45584.598549081136,-47.81995621356233,-5691.227446067722
2024-01-24,40077.07326977895,48856.48813773256,5456.056432896416,-14235.471300850026,42030.95737644612,369.05729413426974,-2322.9414008014355,45932.70148815959,1267.1310966464348,-7122.759315027077
2024-01-25,39933.80775216996,48951.512537023475,5655.778073118602,-14673.482857972114,42071.58710477078,-1312.9474380934246,-824.831914507391,46267.992125194476,-2407.3889217290953,-3926.795451295424
2024-01-26,41816.87284400344,49046.536851372206,3033.3000607071817,-10262.964068075948,42203.8294658458,36.0382644826316,-422.9948863249956,46586.07970701915,-3988.0626683084656,-781.1441947072453
2024-01-27,42120.05635168487,49141.56171847412,4035.501519341558,-11057.00688613081,42244.79558413614,-137.14964843871888,12.410415987447777,46888.044384852736,-1296.1859835125979,-3471.8020496552635
2024-01-28,42035.59437217007,49236.58775280851,7060.701105514621,-14261.694486153065,42286.980722647626,-387.3128429202988,135.9264924427407,47177.3250248358,-297.78082933412304,-4843.949823331612
2024-01-29,43288.245336083455,49331.615535136196,9254.096145879832,-15297.466344932574,42352.384898942866,906.865305097011,28.99513204357936,47458.04526913142,-3792.150960579846,-377.64897246811597
2024-01-30,42952.60821024885,49426.64560887092,1990.121203440314,-8464.15860206238,42431.12837445585,724.3096801810141,-202.8298443880194,47733.99398976387,1398.0912099254701,-6179.476989440489
2024-01-31,42582.60638953673,49521.67848317381,2100.6692726947185,-9039.741366331793,42508.42138786454,135.970616121257,-61.78561444906518,48008.07415556194,2712.689641800756,-8138.157407825958
2024-02-01,43075.77459993694,49616.714637555044,-3.4326325349312583,-6537.507405083168,42578.11828387725,-1744.7174784550746,2242.373794514766,48282.304436474114,2539.5940055675123,-7746.12384210468
2024-02-02,43185.85943223562,49711.75452639246,-949.5987762847773,-5576.29631787206,42688.844237893245,510.9936977307097,-13.978503388330864,48558.58822018349,-422.41732632266616,-4950.311461625199
2024-02-03,42992.249629221566,49806.79859412988,-390.93939952698537,-6423.609565381332,42988.025888911965,-222.18848496627885,226.41222527588252,48838.55839129625,470.4134073179373,-6316.7221693926185
2024-02-04,42583.58292012941,49901.84730703864,-887.1038959585235,-6431.160490950708,43518.11897607248,-354.54146941069814,-579.9945865323753,49123.506685751614,1441.2275763510302,-7981.151341973236
2024-02-05,42658.66604833,49996.90117403931,-1945.3333936998247,-5392.901732009486,44799.43705923215,1121.418697867365,-3262.189708769518,49414.34352693393,1116.640175617965,-7872.3176542218935
2024-02-06,43084.67186353385,50091.96078213063,-4927.660906597999,-2079.6280119987787,45413.79164362359,644.1647476223486,-2973.284527712094,49711.81011729656,1431.0580099204408,-8058.196263683152
2024-02-07,44318.22445073532,50187.02680372201,-2014.781995205439,-3854.02035778125,46046.901858336336,16.993244370409954,-1745.670651971428,50016.52571104142,3283.2363029515022,-8981.537563257603
2024-02-08,45301.56662887088,50282.09998500114,-2538.7283059810925,-2441.805050149167,47531.45222517105,-2095.9126198779104,-133.9729764222575,50328.84461300364,3658.3358966029527,-8685.613880735713
2024-02-09,47147.20031261109,50377.18114449472,-1946.873029369398,-1283.1078025142415,48139.268201137435,1100.776319682931,-2092.8442082092806,50648.57916031699,2634.1217233983984,-6135.500571104305
2024-02-10,47771.27736709971,50472.271165688166,-1675.7975934175229,-1025.1962051709343,48413.99205318867,-505.21051114962245,-137.50417493933492,50975.15089941804,3020.1568850021504,-6224.030417320479
2024-02-11,48293.916750573015,50567.370982922155,-1846.6502255155376,-426.80400683360494,48589.03650675433,-360.7993472206756,65.67959103935573,51307.70849998431,1017.4786636584075,-4031.270413069702
2024-02-12,49958.22421902288,50662.48156772133,-1678.9191426564983,974.6617939580537,48770.50692922224,1205.4948081813618,-17.77751838072436,51645.020478015744,-736.9109772055659,-949.8852817872976
2024-02-13,49742.440989849856,50757.603897446184,-2018.2997752649621,1003.1368676686325,48963.4899110725,561.7511500575198,217.19992871983413,51985.98777512626,-2008.6496493233656,-234.89713595304056
2024-02-14,51826.695996087685,50852.738943756696,-326.6528832856944,1300.6099356166815,49186.23806905871,-269.5584088510495,2910.0163358800273,52329.5072586854,-640.7388237197999,137.92756112208735
2024-02-15,51938.5563164417,50947.88767192153,423.3032439082121,567.3654006119614,49548.80423197066,-1686.357694184798,4076.1097786558457,52674.58153085989,-1096.2244123690984,360.1991979509112
2024-02-16,52160.20282901989,51043.05104854833,51.60159850361339,1065.5501819679412,50460.76922568284,1621.8979943428874,77.53560899416334,53021.25832396614,-1182.5324296850458,321.4769347387919
2024-02-17,51662.99536965269,51138.230044065116,-483.3228970398291,1008.0882226274043,50821.78772642566,-1337.2824466703182,2178.49008989735,53370.33664438513,-1983.5783985106623,276.2371237782281
2024-02-18,52122.54545558932,51233.425618692185,-797.5571891707277,1686.6770260678677,51473.26070892582,-759.5288970589803,1408.813643722482,53722.34502840655,-1702.2171507775947,102.41757796036836
2024-02-19,51779.14406205069,51328.63873498139,-1293.2020028756924,1743.7073299449985,51778.5486477541,1955.3751345301835,-1954.7797202335933,54077.392499388705,-2496.7518986965847,198.503461358574
2024-02-20,52284.873557053805,51423.87041754919,-1176.974572309651,2037.9777118142665,51935.95728360772,127.42864800972069,221.48762543636258,54435.660765514134,-2296.1232752190153,145.3360667586894
2024-02-21,51839.180531431,51519.12171469483,-1363.8599535056353,1683.9187702417985,52072.002793683074,-461.61162364447927,228.7893613924025,54796.77055706871,-317.5299472074611,-2640.0600784302515
2024-02-22,51304.974356676415,51614.39367310011,-1425.058486893709,1115.6391704700145,52395.94092328972,-885.8157119631353,-205.15085465017182,55159.454102777054,-8.394099578961544,-3846.0856465216784
2024-02-23,50731.94919085718,51709.68734181408,-1953.8634696657364,976.1253187088369,53298.85051481341,1436.8677826662322,-4003.769106622465,55521.725741393944,1514.446597922475,-6304.223148459241
2024-02-24,51571.10311234394,51805.00378263135,-2553.847480490952,2319.946810203539,54605.55456532159,-850.4535071368612,-2183.9979458407906,55881.03226642271,-2395.491629411438,-1914.4375246673371
2024-02-25,51733.23660170074,51900.34407586697,-2533.1620940224507,2366.0546198562224,58459.441965575665,-1055.5505582775036,-5670.654805597427,56234.529430894545,-4073.348795020809,-427.94403417300055
2024-02-26,54522.401536787394,51995.70933160907,837.8679096126546,1688.8242955656679,59844.22746323116,2864.4711799901047,-8186.297106433871,56580.49063460581,-1844.0650536357573,-214.02404418266087
2024-02-27,57085.3723068546,52091.10069219682,1620.3055264926998,3373.966088165078,60900.00209893756,-273.58891297168657,-3541.0408791112714,56919.66630366514,218.9705220920944,-53.26451890262979
2024-02-28,62504.78925351582,52186.51932186867,5688.5570219866695,4629.712909660477,63678.068506339354,-1182.734746066337,9.455493242800003,57254.434386238885,-7449.142246330526,12699.497113607453
2024-02-29,61198.382897303,52281.966385737775,5491.289947794956,3425.1265637702745,64075.662708967335,442.3399543289943,-3319.619765993324,57587.16931701968,2774.4827091641164,836.7308711192018
2024-03-01,62440.63254180103,52377.44305134052,6188.457589900556,3874.7319005599566,64155.972020344445,1150.6647232107382,-2866.004201754149,57919.57724174897,4161.7900477129015,359.2652523391589
2024-03-02,62029.84605757175,52472.95048479705,5327.399189305049,4229.496383469646,64241.09219328646,-3470.0735665861107,1258.8274308714026,58252.393100511894,3293.1180865846263,484.33487047522794
2024-03-03,63167.37035753327,52568.48985617227,4448.313120219662,6150.567381141336,64330.60851562364,-1096.632291448738,-66.60586664162838,58585.203835075336,-722.9067048824865,5305.073227340421
2024-03-04,68330.41560809381,52664.062343651676,5128.254683348898,10538.09858109324,64416.374095603096,3973.0502591982636,-59.00874670755002,58917.177434458834,25.28095156739881,9387.957222067576
2024-03-05,63801.1975606416,52759.669128930094,6163.743659852528,4877.7847718589765,64481.580965975576,-631.4219919202764,-48.96141341370094,59246.74816051395,1407.6280904731032,3146.8213096545514
2024-03-06,66106.80278722926,52855.311389990544,-2957.863086406669,16209.35448364538,64513.2909638512,-918.6137978995714,2512.125621277628,59571.75996516426,552.7494117959988,5982.293410268998
2024-03-07,66925.48320221141,52950.99030332749,-496.6170667402147,14471.109965624142,64544.47615734428,1773.2644608560065,607.7425840111246,59890.17433495701,890.4863821995149,6144.822485054894
2024-03-08,68300.09569130713,53046.707038658424,-559.5846727657866,15812.973325414496,64686.7546230888,594.1164769418464,3019.224591276492,60200.669602265814,3035.8040140681746,5063.6220749731365
2024-03-09,68498.8813040087,53142.46274809204,-666.6057405883997,16023.024296505064,66367.92878422001,-3487.325134618837,5618.277654407517,60502.92646511291,4233.67031682027,3762.2845220755116
2024-03-10,69019.78636380575,53238.258562546645,-1188.7209498618495,16970.248751120947,66765.4063436129,-761.8201330905235,3016.2001532833674,60797.576914406316,2698.9829689292537,5523.226480470177
2024-03-11,72123.90354650209,53334.09558992799,452.2843099879188,18337.523646586174,67165.99713963535,2778.7231706839916,2179.18323618274,61085.91668793299,3544.6016359130836,7493.385222656005
2024-03-12,71481.29159395555,53429.97491640791,944.3579752572554,17106.958702290387,68642.62847092876,-290.8857192599161,3129.5488422867056,61369.608574500715,1989.2727410392317,8122.410278415613
2024-03-13,73083.5013282129,53525.89761633462,898.9525587862822,18658.65115309198,68831.69802538845,-882.8891648993771,5134.692467723813,61650.54439053052,-400.28313158685165,11833.240069269224
2024-03-14,71396.58989198315,53621.86474881026,1607.6002774764936,16167.124865696402,68858.56022901785,2285.1748887056524,252.85477425965655,61930.390102396894,-2729.7968505849226,12195.996640171186
2024-03-15,69403.77183216462,53717.87735851154,4304.794908324014,11381.099565329067,68849.36427261423,601.84825806505,-47.44069851464883,62210.458590686096,-863.5365696487245,8056.8498111272565
2024-03-16,65315.11747411937,53813.936471461886,5106.514596895026,6394.666405762458,68840.76054136896,-3468.8775913019954,-56.76547594759904,62491.95929195827,-1552.059135585611,4375.217317746712
2024-03-17,68390.62280322092,53910.04304543024,5600.263259774546,8880.316498016131,68830.4337342971,-373.60472913571823,-66.20620194045478,62776.268285755614,-1825.0858231706552,7439.440340635956
2024-03-18,67548.59156640709,54006.197944669024,4803.069261795604,8739.324359942468,68816.98724117495,1784.7709199602532,-3053.1665947281144,63065.258088535404,-1317.839203818097,5801.172681689779
2024-03-19,61912.77315244712,54102.40193628232,4763.189102634318,3047.182113530478,68810.74618085445,112.52276080435095,-7010.49578921168,63361.754804587246,-1848.2384894554848,399.25683731535537
2024-03-20,67913.67302504343,54198.65570916181,4835.2642073185625,8879.753108563062,68861.26112234809,-868.2246707585654,-79.36342654610053,63669.59917191654,-2451.3282915318664,6695.402144658765
2024-03-21,65491.38992535785,54294.95990815766,4868.203789652724,6328.226227547464,69046.43186963406,1634.7285230077512,-5189.770467283968,63992.49123933793,-2056.101332846853,3555.000018866769
2024-03-22,63778.76255754781,54391.31511065139,4590.224438372773,4797.223008523644,69115.42175317522,511.7132064793053,-5848.372402106717,64330.38917362277,-1441.9731878538353,890.3465717788786
2024-03-23,64062.202327084415,54487.7218240972,6009.452065830647,3565.028437156565,69378.01380113943,-2372.00229759331,-2943.809176461713,64676.218528118945,-931.8558247021542,317.83962366762717
2024-03-24,67234.17235298763,54584.18052916988,7499.594501927726,5150.397321890028,69482.73034101489,-117.4283256447884,-2131.1296623824746,65014.842192927434,1559.80892771539,659.5212323448068
2024-03-25,69958.81358201512,54680.691696250215,8045.909287056273,7232.212598708633,69552.91773918542,451.46948897651953,-45.573646146818646,65327.336686099654,-3497.1778432291535,8128.654739144615
2024-03-26,69987.83890251114,54777.255801247855,9660.686398613036,5549.8967026502505,69591.75207460894,431.8311001733306,-35.74427227112756,65597.48361883762,-3094.4517986557935,7484.807082329309
2024-03-27,69455.3409809589,54873.87330407587,9317.291222013731,5264.17645486931,69592.25179472205,-109.26108361752718,-27.6497301456111,65816.600909856,-1756.4971204226233,5395.237191525521
2024-03-28,70744.95206404004,54970.5445914734,4661.917337608977,11112.490134957668,69582.91508560893,716.5355568032926,445.5014216278214,65984.03022843167,610.0342306408588,4150.887604967516
2024-03-29,69892.82906768043,55067.26996160325,4659.824428264667,10165.734677812514,69573.87969254273,467.0305664117504,-148.08119127404643,66105.52236367334,-1707.5441782619207,5494.8508822690055
2024-03-30,69645.30579154269,55164.04964716498,4747.506418471515,9733.749725906193,69553.5313660653,-1334.8166695572925,1426.5910950346733,66194.87234457677,2641.5630052206047,808.8704417453118
2024-03-31,71333.64792586438,55260.88382184176,4465.589811242659,11607.174292779957,69513.32291382551,-0.8210429767556882,1821.146055015619,66265.49707187926,3715.1537266970367,1352.9971272880794
2024-04-01,69702.14611343828,55357.7725807474,7208.763363332917,7135.610169357969,69414.16405102506,305.5019122811407,-17.519849867909215,66325.1553075186,2645.311760699419,731.6790452202695
2024-04-02,65446.97423293791,55454.71595451563,5324.933851877159,4667.324426545114,69360.09431622023,-341.5929107468839,-3571.5271725354396,66376.20650316564,-1343.3203796761782,414.08810944845027
2024-04-03,65980.80865039252,55551.713868046245,5686.9345445550625,4742.160237791206,69274.84871570133,673.0268312457091,-3967.0668965545265,66419.82014431227,-860.7406022579087,421.72910833815695
2024-04-04,68508.8418444563,55648.76610196739,6236.207532007615,6623.868210481298,69238.61153973854,-733.6582835046765,3.888588222427643,66456.96889307612,1624.2322287252427,427.6407226549345
2024-04-05,67837.64253199386,55745.872293616565,5385.712175912879,6706.0580624644135,69218.92498115794,507.19932325169646,-1888.4817724157765,66488.35348035027,917.527781690829,431.7612699527526
2024-04-06,68896.10998427868,55843.03195323159,3042.9091698954603,10010.16886115163,69169.46746642746,-289.9962213766933,16.638739227913902,66514.37030992567,1947.6797500639611,434.05992428904574
2024-04-07,69362.55127760154,55940.244494086066,3830.064926003771,9592.241857511704,69016.88939627554,238.41202721958894,107.24985410641239,66535.07506679565,2392.9427023394705,434.5335084664257
2024-04-08,71631.35694645872,56037.50921563648,1487.106107738768,14106.741623083471,68762.32601174804,1016.0020700030933,1853.028864707594,66550.24647666852,4647.907685880245,433.202783909961
2024-04-09,69139.01583169759,56134.825312060326,5468.266625855942,7535.923893781321,68015.61645065763,-1108.206010047975,2231.6053910879273,66559.58041281796,2149.3258475151906,430.10957136443176
2024-04-10,70587.87943914336,56232.191891199014,3759.7750081161403,10595.912539828212,67626.4869467262,-152.54210331732727,3113.934595734492,66562.85099014726,3599.7134875962633,425.3149613998394
2024-04-11,70060.60706073901,56329.60797857174,5495.081472560069,8235.917609607204,67244.63119065764,-187.46173678292195,3003.4376068642887,66559.98187666024,3081.7274373884907,418.897746690287
2024-04-12,67195.86417899924,56427.07252088323,5804.005094968337,4964.786563147674,66478.91750131242,392.89582713592114,324.05085055090603,66551.07813502189,-48.55362446700286,693.3396684443578
2024-04-13,63821.47388469183,56524.584381925735,5093.092828878794,2203.7966738873074,66114.0717081116,-63.05113722341427,-2229.5466861963505,66536.44951217994,-3466.856763116706,751.8811356286024
2024-04-14,65738.72388687795,56622.142342984764,5749.30320904408,3367.2783348491066,65991.01040185965,8.644948335951359,-260.93146331764,66516.62992488855,-1168.8559243962989,390.94988638570067
2024-04-15,63426.21001840606,56719.74512433151,5055.608718619818,1650.8561754547336,65857.03414360009,1603.8063199406154,-4034.630445134644,66492.47571056164,-1720.0998032078191,-1346.1658889477621
2024-04-16,63811.8639407202,56817.391402964146,4988.348895629205,2006.1236421268477,65660.53401405693,-1818.4085036485706,-30.26156968815485,66465.4293053045,-2037.2555087896717,-616.3098557946214
2024-04-17,61276.693258627725,56915.07979747239,5168.518888945904,-806.905427790567,65463.53493053857,-146.77919287953088,-4040.0624790313086,66437.34891726765,-721.4988788236797,-4439.156779816243
2024-04-18,63512.75349494311,57012.80883969958,5265.131596542048,1234.8130587014748,65295.72000404646,-151.52951844514232,-1631.4369906582142,66410.65292018723,-1326.6764192830192,-1571.2230059611102
2024-04-19,63843.568502442,57110.5769802375,5084.761992548095,1648.2295296564043,65066.03924335726,206.71863827294652,-1429.1893791882103,66387.83972893804,-2055.6558304250043,-488.61539607103623
2024-04-20,64994.44006809921,57208.3825883769,5509.433268780166,2276.6242109421437,64892.75047658793,161.60553058739524,-59.91593907611241,66371.25585390058,-1527.7160791039141,150.90029330254765
2024-04-21,64926.64321172796,57306.22394657152,5952.503157932242,1667.916107224206,64736.199965599066,-422.59298874099693,613.0362348698909,66362.46361539075,-1193.7349988074534,-242.08540485533013
2024-04-22,66837.676090911,57404.0992600495,7851.994232706426,1581.5825981550734,64617.72275586357,2171.504591314859,48.44874373257335,66361.6846540308,-88.54020994025251,564.5316468204546
2024-04-23,66407.27179941391,57502.00667396649,7666.903540810798,1238.3615846366229,64529.341965413754,-1465.8300998841703,3343.7599338843283,66367.40498629057,777.3012044173929,-737.4343912940531
2024-04-24,64276.89741539647,57599.944259537166,6697.877825167456,-20.92466930815135,64447.84708430354,-202.02591562782203,31.076246720745985,66377.4560053624,-2535.5977227822623,435.0391328163241
2024-04-25,64481.70664447665,57697.90999061177,6234.540694373716,549.2559594911654,64360.32398450071,107.27800617656503,14.104653799375228,66390.38064708079,-1231.0400845767872,-677.6339180273499
2024-04-26,63755.32133168477,57795.90173412744,6688.713988989938,-729.2943914326097,64267.91377948222,-128.2220745824596,-384.3703732149952,66405.33541834379,-519.8501410589719,-2130.1639456000485
2024-04-27,63419.14119643295,57893.917247842764,6245.493069950484,-720.2691213602957,64167.89551804424,529.8360482042152,-1278.5903698155016,66421.60659483256,1531.2423036924195,-4533.707702092026
2024-04-28,63113.23168256257,57991.95419245074,5077.620905348775,43.65658476304816,64017.500961486934,-732.6932762895233,-171.57600263484346,66439.13407133732,1273.634689707076,-4599.53707848183
2024-04-29,63841.1201641904,58090.010123683955,5205.999541480271,545.1104990261738,63676.686985303364,1281.9166490438147,-1117.4834701567816,66458.09845033493,1822.152960118335,-4439.13124626287
2024-04-30,60636.85678001473,58188.08250191497,3796.8793560832505,-1348.1050779834914,63547.94924148388,-921.7213111356342,-1989.3711503335217,66478.3683163568,2874.108410573479,-8715.619946915554
2024-05-01,58254.009853143245,58286.16871209111,2904.363909680593,-2936.522768628456,63421.36068279783,-210.75808674611068,-4956.592742908477,66499.50815398694,1775.5737328983246,-10021.07203374202
2024-05-02,59123.43224667501,58384.266045782926,3289.917609052425,-2550.751408160344,63167.177445393776,241.15150051698598,-4284.896699235753,66520.92874220954,-62.86448191131787,-7334.63201362321
2024-05-03,62889.836744085405,58482.37169733988,5596.911938086155,-1189.4468913406236,63044.5119793794,-123.10388275787925,-31.57135253611341,66542.05185307337,-159.24446565810234,-3492.9706433298634
2024-05-04,63891.472918470885,58580.48276161926,6454.8319446791775,-1143.8417878275577,62966.00809115922,627.1110809776335,298.35374633402535,66562.47935295061,-254.48977724411083,-2416.5166572356175
2024-05-05,64031.1328085695,58678.596221549335,6570.43110968574,-1217.8945226655778,62936.50163614434,-708.4803206201748,1803.1114930453332,66582.14574155968,-2641.646367413315,90.63343442312907
2024-05-06,63161.95025763039,58776.7089490784,5853.3960201805785,-1468.1547116285801,62921.46082087644,370.8483357368108,-130.35889898285677,66601.5929566885,-3518.9082174919713,79.26551843386551
2024-05-07,62334.8183461472,58874.81771496074,4183.815974235857,-723.8153430493985,62901.8469972811,-434.63943984270156,-132.3892112911999,66621.65866625833,270.1844110169308,-4557.024731128062
2024-05-08,61187.94140072091,58972.91919687903,2528.4291934401335,-313.40698959825386,62872.913061596366,-27.98653377496865,-1656.9851271004882,66643.15846953474,992.5197280945797,-6447.736796908408
2024-05-09,63049.95925722752,59071.00997280733,3337.03162349591,641.9176609242786,62899.89241502563,219.66993532957838,-69.60309312768368,66666.65204201637,-353.73898658057954,-3262.9537982082693
2024-05-10,60792.77679056924,59169.086547407765,2509.8341359590827,-886.1438927976124,63182.992542207525,64.90967602772979,-2455.1254276660184,66692.31030259797,3803.4677212979295,-9703.001233326657
2024-05-11,60793.70959939656,59267.14540531247,2334.0818297164233,-807.5176356323282,64391.84085057176,503.74882240260064,-4101.880073577799,66719.8838650229,3532.958245721031,-9459.132511347372
2024-05-12,61448.39467179746,59365.18303751095,2199.6454528828694,-116.43381859635701,64787.645483123386,-786.7515908045843,-2552.499220521342,66748.74199921616,1076.5816039909562,-6376.928931409653
2024-05-13,62901.44745522263,59463.19596011089,2470.995265251951,967.2562298597913,65168.67163381314,639.9464851125452,-2907.170663703051,66778.08209024905,-3635.5863767841515,-241.0482582422701
2024-05-14,61552.79013533723,59561.180715410235,2750.8358815576257,-759.2264616306347,66498.78992468292,-262.8271158500054,-4683.172673495683,66807.45487283795,-1591.843739854632,-3662.8209976460857
2024-05-15,66267.49146747417,59659.1338585039,3374.472762336346,3233.884846633933,66847.44427978699,-424.17160603388595,-155.78120627893077,66836.98268403845,-1176.8814778351102,607.3902612708334
2024-05-16,65231.58031330925,59757.051961518206,3102.2460920288927,2372.282259762149,66946.4065495873,167.1960488027344,-1882.0222850807768,66866.7199885395,-1143.1398559963186,-491.99981923392625
2024-05-17,67051.87491272173,59854.9316251832,2975.9885389147703,4220.954748623764,67020.33147552062,71.51822445859746,-39.974787257495336,66896.22977068987,144.67560678638543,10.969535245472798
2024-05-18,66940.80440997487,59952.76947913186,3165.1462003414645,3822.888730501545,67145.99796335587,32.62366039839522,-237.81721377940266,66924.44858473194,-145.72864909484178,162.08447433776746
2024-05-19,66278.37008205023,60050.562188902644,2763.0167057967383,3464.791187350842,67301.39762507328,-922.8275082613347,-100.20003476171405,66949.41688161179,-971.110692265013,300.06389270344516
2024-05-20,71448.19519137863,60148.306473311095,3866.9903515782676,7432.898366489273,67458.0364440742,655.0471896182064,3335.111557686221,66968.75163578226,-592.3832142053998,5071.8267698017735
2024-05-21,70136.53144288927,60245.99911182664,4054.5577320699244,5835.9745989927105,67624.45369299107,-290.9969381855534,2803.074688083754,66980.49094606632,-475.86700056642326,3631.907497389373
2024-05-22,69122.33900568419,60343.63691739225,2812.067251348314,5966.634836943624,67823.41591153403,1243.1524944400217,55.77059971014387,66983.45071198024,285.04999727838964,1853.838296425558
2024-05-23,67929.56303900517,60441.21668219494,3027.2767320318007,4461.069624778422,68052.5845761155,-91.36247518749164,-31.659061922851834,66977.53792459858,443.47080751175145,508.5543068948318
2024-05-24,68526.09777359462,60538.7351701609,3271.3928367340145,4715.969766699709,68239.82633114727,-289.87821385364305,576.1496563010005,66963.2008496897,-1586.1713396857306,3149.068263590656
2024-05-25,69265.94273815972,60636.18915430851,3519.9139351765352,5109.839648674679,68347.89606579432,-469.9457982456023,1387.9924706110032,66941.19058243436,712.0761120663642,1612.6760436589975
2024-05-26,68518.08996507595,60733.57543524286,2723.1254403704393,5061.389089462653,68390.55515531646,-770.3647080926035,897.8995178521,66912.00878319165,861.7394181599756,744.3417637243256
2024-05-27,69394.55337386676,60830.89083930323,2598.0713983087794,5965.591136254749,68407.21503282875,878.5986814642346,108.7396595737664,66875.93074724791,2545.300210969297,-26.677584350458346
2024-05-28,68296.22198842763,60928.13222255176,2064.4909688113153,5303.598797064558,68402.7756408007,-217.90061989653393,111.34696752346645,66833.51658820793,1491.5295017967658,-28.824101577076362
2024-05-29,67578.09292022653,61025.296465191124,2280.3685383406087,4272.427916694789,68370.60437018574,1047.5611659453089,-1840.0726159045298,66785.44864315157,823.6562782652502,-31.012001190290903
2024-05-30,68364.9895474297,61122.38046857091,2566.7285426192116,4675.880536239572,68330.41079342195,-101.07942816166724,135.6581821694126,66732.29121777668,1665.9794373848756,-33.281107731861994
2024-05-31,67491.41701083753,61219.381154981784,1795.529504813009,4476.506351042735,68296.35010854765,-480.46908053006405,-324.46401718005654,66674.44104846932,731.9020130543968,85.07394931380986
2024-06-01,67706.93731358687,61316.295464856834,1272.5341389832279,5118.1077097468005,68262.78034175317,-489.0520022928385,-66.79102587346279,66612.22098402398,1136.457147270502,-41.74081770761404
2024-06-02,67751.60257546179,61413.120355191524,-689.5780728519901,7028.060293122253,68230.91037946113,-550.6529134404595,71.34510944111389,66545.96462201398,-94.60215125769182,1300.2401047055027
2024-06-03,68804.78008518812,61509.85280233487,-2167.715876066802,9462.643158920044,68207.76423822262,680.8438520795886,-83.82800511409005,66475.97524374645,-1674.1423460832539,4002.947187524929
2024-06-04,70567.76890441465,61606.489808163795,-3960.807658185094,12922.08675443595,68195.21769717294,-104.4340588884357,2476.9852661301557,66402.54938845905,-1252.2747851213114,5417.494301076906
2024-06-05,71082.82270400989,61703.02841261269,-4841.547105651427,14221.341397048614,68183.52979335251,1097.0187306648459,1802.274179992528,66325.4753416204,-2485.4971720110484,7242.84453440053
2024-06-06,70757.16585186339,61799.46570066401,-5322.932408076268,14280.632559275655,68113.78860358553,-64.51069678053132,2707.887945058392,66244.07081585655,-2078.991851563036,6592.08688756988
2024-06-07,69342.58673611461,61895.79880507362,-3036.8936688533936,10483.681599894378,67656.98237396278,-604.5896262707229,2290.1939884225576,66157.78033082669,-2086.1492977957446,5270.955703083659
2024-06-08,69305.77431876527,61992.02490767974,-2881.8906809888817,10195.640092074413,67523.07808767595,-432.2633367212728,2214.9595678105834,66066.2028179586,-2743.0948530909254,5982.6663538975845
2024-06-09,69647.99300287476,62088.141241089594,-4725.661164671544,12285.512926456715,66979.5800088882,-691.1625277155227,3359.5755217020924,65968.94046336492,3236.1471104684456,442.90542904139147
2024-06-10,69512.28027800027,62184.14508373815,-4878.278005741409,12206.413200003524,66885.46568930133,682.1075431217404,1944.70704557719,65865.75563090047,2926.943961543163,719.5806855566334
2024-06-11,67332.03046417648,62280.03376092807,-3216.2852119114855,8268.281915159896,66820.00723742283,-110.54057096645671,622.5637977201113,65756.85562761738,1201.6122680801873,373.562568478912
2024-06-12,68241.1840753497,62375.804639495,-4247.1024597853475,10112.481895640049,66699.85269929748,1363.4132822072263,177.9180938449863,65642.9915068937,-3499.677354300167,6097.869922756159
2024-06-13,66756.3970935791,62471.45512448767,-3891.073174568355,8176.015143659788,66513.89356936827,-70.91094490629763,313.4144691171241,65524.98924061036,-1914.9369246826627,3146.3447776514076
2024-06-14,66011.09372732633,62566.982656888715,-3082.940823669939,6527.05189410755,66285.4175165963,-665.8062025348672,391.4824132648937,65403.881192907684,-503.7733388185647,1110.9858732372013
2024-06-15,66191.00047037876,62662.38470699797,-2571.6249688140038,6100.240732194798,66036.93070204322,-245.15005017638236,399.2198185119196,65280.65275082237,816.5327217046928,93.81499785168853
2024-06-16,66639.04653569942,62757.65877162361,-2757.611578631496,6638.999342707306,65771.54550668625,-709.7099671659048,1577.2109961790848,65156.12679939282,1630.5170320707116,-147.5972957641061
2024-06-17,66490.29417526737,62852.802377085216,-3375.123699998785,7012.615498180938,65480.39458011661,988.5530067025302,21.346588448221155,65030.88593204227,653.8964355014452,805.5118077236475
2024-06-18,65140.744589459726,62947.81308418189,-3960.501900318863,6153.43340559669,65187.41601530224,174.50860231537808,-221.18002815789077,64905.434419422054,112.74006780081552,122.57010223685938
2024-06-19,64960.2953009057,63042.688495885675,-3181.664973069856,5099.271778089889,64947.74410214132,63.54573499683789,-50.99453623245063,64780.29843781401,-388.94686894762697,568.943732039319
2024-06-20,64828.65581157016,63137.426256277184,-2702.913560931457,4394.1431162244335,64755.39497629362,0.5837451594657921,72.67709011708212,64656.065877173605,-182.87960262449084,355.46953702104656
2024-06-21,64096.1981877808,63232.02404880179,-3194.784944416623,4058.9590833956318,64533.05541458892,-643.5658629482277,206.70863614010887,64533.171660421714,107.04428239312142,-544.0177550340377
2024-06-22,64252.57874674413,63326.47960135007,-2628.484456764218,3554.5836021582872,64225.18454381289,-23.736805198088803,51.13100812933408,64411.485790332146,623.9381825738453,-782.8452261618586
2024-06-23,63180.79820640023,63420.79068521766,-3347.913991292583,3107.921512475157,63812.01691672904,-578.2621887601869,-52.95652156862343,64290.427101261776,-854.6634408825726,-254.96545397897717
2024-06-24,60277.41465637685,63514.95511429088,-4993.264563502053,1755.7241055880222,63337.0469994272,1507.261545588919,-4566.893888639264,64169.56413239503,2427.296753016185,-6319.446229034365
2024-06-25,61804.641168070666,63608.970748002306,-4981.960280952048,3177.6307010204036,62847.0292105541,726.8187647833746,-1769.2068072668117,64048.962860913554,2706.40877947823,-4950.73047232112
2024-06-26,60811.27845018744,63702.83549563443,-4955.234766900952,2063.6777214539616,62327.07199094388,-636.3354422894732,-879.4580984669665,63929.18314628464,3731.8535177041563,-6849.758213801353
2024-06-27,61604.80176407296,63796.54731599298,-4963.970808456894,2772.225256536869,61824.26949101109,9.709740398111762,-229.1774673362379,63811.29398134851,2108.6816666965733,-4315.173883972129
2024-06-28,60320.13552647825,63890.104209926496,-5325.2669950964855,1755.2983116482428,61449.722289955236,-1587.0314243385585,457.444660861569,63696.56417597634,540.0047858345346,-3916.4334353326267
2024-06-29,60887.380834742224,63983.50421079977,-5051.33135502469,1955.2079789671407,61249.15858416397,-74.44050293670531,-287.33724648503994,63585.88191278716,941.3180952126456,-3639.8191732575797
2024-06-30,62678.29207945703,64076.745372157755,-5062.900436944389,3664.4471442436698,61155.76843194613,-948.4695372390246,2470.9931847499247,63479.421330784644,-63.44583701538636,-737.6834143122251
2024-07-01,62851.980067927616,64169.82576246236,-4577.636876837333,3259.791182302586,61073.80597533537,1855.2151553814529,-77.04106278920517,63376.81524120939,2437.2929935124444,-2962.1281667942167
2024-07-02,62029.01681018313,64262.74346026888,-4214.18713537513,1980.4604852893754,60969.744949161985,1247.6848952214307,-188.4130342002827,63277.456791333454,-108.123770110995,-1140.3162110393314
2024-07-03,60173.923581498166,64355.49655177882,-4708.175286953667,526.6023166730083,60855.85047382283,-241.86107966817778,-440.06581265648856,63180.97949633977,-2607.75902573643,-399.2968891051787
2024-07-04,56977.70145909115,64448.083125470715,-5890.546150177468,-1579.8355162020962,60757.39075545942,326.47546050760997,-4106.164756875878,63087.554604738994,-1096.7035448259094,-5013.149600821933
2024-07-05,56662.37327447946,64540.501271723035,-5991.65725170431,-1886.4707455392636,60686.8513903218,-3088.2245070478484,-936.25360879449,62997.330508772444,-2871.0511161893082,-3463.906118103674
2024-07-06,58303.538580916575,64632.74908499805,-5174.922395321365,-1154.2881087601127,60685.07725329255,1260.0166137692984,-3641.5552861452743,62910.45352901702,-4290.006692386465,-316.90825571397727
2024-07-07,55849.11063860938,64724.82466658569,-6265.619079414738,-2610.094948561571,61418.779223942896,-1516.1867030211408,-4053.4818823123715,62827.03435984989,-6448.5189222052295,-529.4047990352774
2024-07-08,56705.09842707021,64816.72612467496,-6332.335059125781,-1779.292638478968,61523.41081663205,2002.6984469999104,-6821.010836561749,62746.94758882329,-5712.750755867971,-329.09840588510997
2024-07-09,58009.22631622933,64908.451578828994,-5686.967531689196,-1212.2577309104672,62503.836393448095,1586.2008308522759,-6080.810908071042,62669.761427954945,2607.830452375299,-7268.36556410091
2024-07-10,57742.4946206796,64999.99915638928,-5524.905262129354,-1732.5992735803302,62745.42449956272,158.4304585752523,-5161.360337458376,62595.074826864424,2214.805635163992,-7067.385841348812
2024-07-11,57344.91478508699,65091.36698240797,-5953.283694609382,-1793.1685027115964,62886.63955548623,531.2289435006586,-6072.9537138999,62522.42088470234,1248.743169339802,-6426.249268955151
2024-07-12,57899.46551711132,65182.55317780402,-5540.684066890643,-1742.4035938020534,62991.61664946234,-4811.967913929401,-280.1832184216182,62451.56493412434,-3092.1924629632185,-1459.9069540498022
2024-07-13,59231.95324056479,65273.55585999218,-5778.183822725499,-263.4187967018879,63068.39211121635,2004.7186332780611,-5841.157503929622,62382.33950480997,-2824.08501640505,-326.3012478401288
2024-07-14,60787.792370136944,65364.37314598464,-4552.6612805977975,-23.91949524989468,63129.7097445493,-2037.3429135077358,-304.574460904616,62314.60404270389,-404.08104178251955,-1122.7306307844265
2024-07-15,64870.15281513105,65455.003153489284,-3378.205702678917,2793.355364320676,63198.84723077833,1870.041919445043,-198.73633509232604,62248.70239254601,3045.3428602984145,-423.8924377133735
2024-07-16,65097.14683084429,65545.4440042558,-3690.5970546428152,3242.2998812313162,63272.87276454505,1506.184788199699,318.08927809954184,62185.04221454499,1407.9382454203756,1504.1663708789274
2024-07-17,64118.79266942549,65635.6938199075,-3874.587668695504,2357.686518213508,63364.374872845554,529.9775934568152,224.44020312312205,62124.04588243571,656.7646746481389,1337.9821123416405
2024-07-18,63974.06668410818,65725.75073164824,-3599.874044545074,1848.1899970050144,63516.02373959455,718.5529112211351,-260.5099667075119,62065.80430382688,515.4841031316332,1392.778277149664
2024-07-19,66710.15431304576,65815.61288853004,-3005.0266728729694,3899.568097388692,63752.83386134397,-4895.593632402712,7852.914084104501,62009.89277467283,-373.90483277814496,5074.166371151077
2024-07-20,67163.64492371288,65905.2784679573,-2649.608726608591,3907.9751823641855,64151.312051362256,3125.944364452026,-113.61149210140138,61955.49810949316,97.50843739264445,5110.638376827075
2024-07-21,68154.52290586598,65994.7456855634,-2123.2000592345294,4282.97727953711,64399.03588593101,-2266.9005731358156,6022.387593070787,61901.87298436453,39.34457097452531,6213.30535052692
2024-07-22,67585.24997209052,66084.01279587118,-2306.514027229826,3807.7512034491665,64686.693496066226,1462.386843678339,1436.1696323459546,61848.39238339854,859.325109305963,4877.532479386013
2024-07-23,65927.67236140305,66173.07809244166,-3309.43708385583,3064.031352817212,64962.78379698159,1107.5945882838844,-142.70602386242535,61794.56372956755,-152.19491829723626,4285.303550132732
2024-07-24,65372.1332336736,66261.93989709698,-3863.1303568951944,2973.323693471815,65196.09898561644,-39.431337510959466,215.46558556811942,61740.13655727518,3687.5074547021263,-55.51077830370923
2024-07-25,65777.22394002022,66350.59655787013,-3633.8196050850406,3060.446987235133,65366.852324518724,147.57629039060453,262.7953251108993,61685.05972663749,3547.4333226008466,544.7308907818879
2024-07-26,67912.06309622004,66439.04645127527,-2619.1152927179983,4092.1319376627653,65485.422605098734,-2142.592561890298,4569.233053011601,61629.37877772136,3996.8601661573753,2285.8241523413017
2024-07-27,67813.33941633134,66527.28798699335,-3048.0163832320545,4334.067812570036,65555.29383257443,2228.1720837820963,29.873499974812148,61573.258140642014,2155.835481886595,4084.245793802729
2024-07-28,68255.86576902054,66615.31960785354,-2923.5413910823618,4564.087552249359,65608.60333848574,-1859.4295869335906,4506.692017468391,61516.844666543606,488.0656086674245,6250.95549380951
2024-07-29,66819.91618636361,66703.13978907438,-3344.676271825167,3461.4526691143983,65653.12896779916,840.233812062022,326.5534065024258,61460.141140937994,612.27403536679,4747.501010058826
2024-07-30,66201.0162264011,66790.74704308498,-3338.621157691891,2748.8903410080093,65676.30555661095,479.4436964996882,45.266973290461465,61403.09607353797,406.6959661161252,4391.2241867470075
2024-07-31,64619.24964921848,66878.13992143821,-4278.028649593804,2019.1383773740672,65684.26260423397,-644.6446714625986,-420.3682835528889,61345.51492844229,2723.7514237246787,549.9832970515126
2024-08-01,65357.5015625505,66965.31700563461,-4305.780723137576,2697.965280053453,65683.06260704374,-434.3407270090902,108.77968251584389,61287.20753773742,-642.2132819323411,4712.507306745414
2024-08-02,61415.0645726852,67052.27690554725,-5374.862505097238,-262.3498277648032,65673.84311728069,736.0834705508754,-4994.862015146362,61227.63498518526,-2719.5896875182066,2907.0192750181523
2024-08-03,60680.09469877956,67139.01826852479,-5685.834399890309,-773.0891698549094,65534.473184326926,1421.4504992838065,-6275.828984831169,61166.017167085694,78.5434306137305,-564.4658989198651
2024-08-04,58116.97696104029,67225.53978632204,-6260.305858858421,-2848.2569664233306,63390.55214053707,-1621.9231976416004,-3651.6519818551824,61101.832969147814,-2653.597367876163,-331.2586402313609
2024-08-05,53991.45779650419,67311.84019830755,-7109.4822581892,-6210.900143614155,62872.16868432262,398.9964549496092,-9279.707342768037,61035.100172402614,-3471.414697307063,-3572.2276785913637
2024-08-06,56034.31659146047,67397.91829433922,-6889.013413342617,-4474.588289536136,62357.23467350091,198.7275723774433,-6521.645654417887,60966.09547040755,-5162.490610057057,230.71173110997916
2024-08-07,55027.46069178669,67483.77292048394,-6559.572690363404,-5896.739538333844,60136.143956734835,-956.9262068432827,-4151.757058104864,60895.080847828154,-5080.2108234244315,-787.4093326170332
2024-08-08,61710.13756445015,67569.40297297672,-5122.570475717564,-736.6949328089977,59980.890298008366,137.47094130015518,1591.7763251416327,60822.46858625053,1239.0824594146418,-351.41348121501505
2024-08-09,60880.11220321532,67654.80739644275,-5315.775742723078,-1458.9194505043415,59945.41749809368,826.6952036298939,107.99950149174401,60749.36294181423,488.4240839957704,-357.6748225946794
2024-08-10,60945.81313610534,67739.98518087635,-5608.55064944819,-1185.6213953228144,59916.73879168028,819.1164912957577,209.95785312929365,60677.660563630154,632.3152688503419,-364.16269637515506
2024-08-11,58719.48316932698,67824.93536818732,-6303.02438158787,-2802.427817272466,59889.239737054,-1243.3851494983671,73.62858177135058,60609.60319460659,-2807.1834432371434,917.0634179575281
2024-08-12,59354.51372127969,67909.65706401983,-6332.9913660630045,-2222.151976677138,59839.545936245566,123.08035516329264,-608.1125701291676,60546.83976486349,-816.9780242526379,-375.3480193311625
2024-08-13,60609.566984536745,67994.1494492688,-5959.571681268514,-1425.0107834635419,59761.918299344674,9.150671232348145,838.4980139597246,60490.15472474073,-1337.12446525022,1456.5367250462368
2024-08-14,58737.27062700192,68078.41177938262,-6773.02868361772,-2568.112468762978,59635.09742631775,-872.1613538473305,-25.665445468497637,60439.378354336295,4713.782948884567,-6415.890676218944
2024-08-15,57560.0976318307,68162.443378498,-7268.644569858433,-3333.7011768088705,59567.96275606901,454.49633939185384,-2462.3614636301645,60393.69557467315,539.9710448550336,-3373.5689876974793
2024-08-16,58894.10416021727,68246.24364191454,-7564.465589535206,-1787.6738921620563,59475.329202756606,804.5499208295442,-1385.77496336888,60352.39922757259,-651.3493028490196,-806.9457645063012
2024-08-17,59478.971047195286,68329.8120411294,-7122.963693194107,-1727.8773007400014,59425.94614630803,538.5787508452931,-485.55384995803615,60315.13481392422,35.75723581013159,-871.9210025390639
2024-08-18,58483.96498190154,68413.14812108537,-7832.627623471636,-2096.5555157121853,59397.59922433469,-1076.6139925129146,162.97975007976493,60282.01730005125,-950.5374993549317,-847.514818794778
2024-08-19,59493.45248218813,68496.2515018885,-6191.39541243783,-2811.403607262546,59378.72722500808,-5.218777294514627,119.94403447456716,60253.19307291488,-127.05602535311868,-632.6845653736309
2024-08-20,59012.79115265765,68579.12188148497,-5184.50917073018,-4381.821558097145,59373.68932135946,-241.43644114823113,-119.46172755357838,60228.752980419886,161.94376083014816,-1377.9055885923808
2024-08-21,61175.19200991796,68661.75904240586,-3113.244948435841,-4373.322084052052,59380.601166795,-717.7739411554768,2512.364784278441,60209.03744240721,1097.8804798679498,-131.725912357193
2024-08-22,60381.91246067756,68744.16285557051,-3578.308446885513,-4783.941948007436,59389.87752907704,964.626366026184,27.408565574332897,60194.6907443226,585.9345118887354,-398.71279553377826
2024-08-23,64094.35720662687,68826.33328188499,-2501.544220663,-2230.4318545951246,59377.479278421015,693.4387188161014,4023.439209389755,60186.500099442776,3264.7135909570766,643.1435162270136
2024-08-24,64178.99065006225,68908.27036955864,-2159.8873603587444,-2569.392359137637,59119.57169810032,405.4655388453164,4653.953413116615,60185.40793283267,2896.6220333920533,1096.960683837533
2024-08-25,64333.5441834656,68989.9742456301,-2493.5672793888366,-2162.862782775672,59019.88065919735,-1092.8288996541505,6406.492423922406,60192.339986594765,4407.329292932604,-266.125096061769
2024-08-26,62880.65865426983,69071.44511172763,-2842.6234540664595,-3348.163003391339,58947.74978601378,343.17038219664414,3589.738486059403,60207.87116645631,3104.604287755253,-431.81679994173464
2024-08-27,59504.132682713374,69152.68324609644,-3230.8922858842643,-6417.658277498798,58606.7429365096,-711.9383702094133,1609.328116413184,60232.35824934266,-294.04903642092575,-434.1765302083586
2024-08-28,59027.62658703009,69233.68900933028,-3482.6273002124117,-6723.4351220877725,58526.31842642323,-548.0309192203213,1049.3390798271794,60265.85042830208,-801.8789683971195,-436.3448728748699
2024-08-29,59388.18085241217,69314.46284590298,-3576.981850326286,-6349.300143164517,58504.78325116603,877.3805327790918,6.017068467052013,60307.88432989978,996.1766677380828,-1915.8801452256885
2024-08-30,59119.47477701244,69395.00528645456,-4257.390980956523,-6018.139528485597,58495.35842733339,625.1520641454247,-1.0357144663794315,60357.61530246503,2619.668418960879,-3857.8089444134675
2024-08-31,58969.89836604308,69475.3169495995,-4011.5919427268086,-6493.826640829604,58485.95697729068,491.47992836780014,-7.5385396154015325,60414.25325709972,-906.0950184445492,-538.2598726120923
2024-09-01,57325.48768919063,69555.39854230655,-4528.875816300675,-7701.035036815243,58476.828075904035,-1137.2692994970953,-14.071087216310843,60477.137909145145,-2914.6678971511938,-236.98232280332013
2024-09-02,59112.47950553887,69635.25085629223,-4497.190160679102,-6025.581190074263,58467.73966559394,666.0565887211435,-21.31674877621117,60545.8587549451,-1594.793822009352,161.41457260312018
2024-09-03,57431.0229886572,69714.8747637505,-2760.3675699578857,-9523.484205135414,58459.068199188514,-1109.6865872552132,81.64137672389916,60620.257180093766,-2742.838719865241,-446.3954715713262
2024-09-04,57971.540816685294,69794.27121307344,-3714.84411109164,-8107.88628529651,58457.447041638065,-352.8487845930544,-133.05744035971293,60700.30067094093,-2869.310035945279,140.55018168964307
2024-09-05,56160.487264456766,69873.44122618942,-3452.829730788953,-10260.1242309437,58479.2937901282,826.851054037468,-3145.6575797089026,60785.65929034367,-4052.2576077211584,-572.9144181657466
2024-09-06,53948.752242637376,69952.38589890284,-1503.8482103552587,-14499.785445910202,58528.60353964228,505.3275113380195,-5085.178808342927,60875.82089189375,-3990.369854738725,-2936.6987945176515
2024-09-07,54139.68944922965,70031.10639719713,-2495.080092410571,-13396.33685555691,58807.120111164586,654.669491133276,-5322.1001530682115,60970.42260436669,393.9444694629963,-7224.677624600037
2024-09-08,54841.566354228846,70109.60394933111,-2650.9433306802002,-12617.094264422063,58977.60394029903,-1093.8598584695956,-3042.1777276005887,61069.1521312778,-176.77053663849574,-6050.815240410455
2024-09-09,57019.53475757055,70187.87984487093,-3722.8415365293545,-9445.50355077102,59116.26366214739,673.9497063032001,-2770.678610880037,61171.5299879527,-25.56839108684312,-4126.426839295302
2024-09-10,57648.71240947666,70265.93543724896,-4941.713574785574,-7675.509452986727,59524.88353270094,-1428.2130308420894,-447.958092382185,61276.707130138195,-2412.627856857811,-1215.3668638037198
2024-09-11,57343.170536416845,70343.772146723,-4252.8904868062855,-8747.711123499874,59677.70521163016,-321.68017633532975,-2012.8544988779831,61383.878928014776,-165.19766859288285,-3875.510723005049
2024-09-12,58127.010836944006,70421.39146145376,-11997.351744876496,-297.02887963326066,59984.610677064135,982.9130837577628,-2840.51292387789,61492.58817719432,-2538.807207892203,-826.7701323581059
2024-09-13,60571.29915859448,70498.794934758,-10144.682035859474,217.1862596959545,60440.79175458491,494.7980146337863,-364.2906106242226,61603.02226647291,5546.422807346535,-6578.145915224966
2024-09-14,60005.11915575714,70575.98417766076,-10630.68399941224,59.81897750860662,60549.96885909484,799.3815192224032,-1344.2312225601127,61715.745658646556,-707.1207639116399,-1003.5057389777794
2024-09-15,59182.8353338828,70652.96086085556,-11354.152984856493,-115.97254211625841,61380.24179332191,-1069.605151262303,-1127.8013081768077,61831.53571413211,2145.688613719538,-4794.388993968845
2024-09-16,58192.506871442085,70729.72671742419,-12187.160254819773,-350.05959116232407,61743.885251173684,659.6352748062628,-4211.013654537863,61951.2271082577,3698.084436360431,-7456.804673176048
2024-09-17,60308.53759476551,70806.28354197131,-10689.949411659047,192.20346445325413,61995.5046430051,-1643.4373317656266,-43.529716473960434,62075.82284103796,-1472.2686836872326,-295.0165625852169
2024-09-18,61649.67872665136,70882.6331885637,-9783.58586810104,550.6314061886951,62204.13385937599,-168.14486651376902,-386.31026621085766,62206.19835933048,-489.76546982484246,-66.75416285428219
2024-09-19,62940.45676571399,70958.77756569434,-9270.849117819298,1252.528317838951,62360.90177426804,612.2429912926518,-32.687999846697494,62343.16075125118,1025.1184781485786,-427.82246368576307
2024-09-20,63192.97508287596,71034.71863390635,-9549.695454448998,1707.9519034186087,62461.65089870174,116.86348625483588,614.460697919385,62487.43781346063,1128.0972544771403,-422.5599850618164
2024-09-21,63394.838742556014,71110.45840220153,-8876.577098029647,1160.9574383841245,62565.267900289335,793.1397463812534,36.43109588542575,62639.75665053075,1179.0170263274626,-423.9349343021968
2024-09-22,63648.70989025194,71185.99892571694,-8586.908035301925,1049.6189998369373,62680.53983850261,-303.3630510752162,1271.5331028245491,62800.600296287164,1705.7434475387367,-857.633853573956
2024-09-23,63329.802386615,71261.34230483872,-9297.694442571805,1366.1545243480941,62793.06084850749,440.52528196390074,96.21625614361255,62970.453450554334,-258.2680115380065,617.6169475986753
2024-09-24,64301.96726594291,71336.49068509521,-8627.67292805555,1593.1495089032542,62880.31567072583,-1833.336430139729,3254.9880253568117,63149.88531241801,827.228422655433,324.85353086947
2024-09-25,63143.14597387205,71411.44625351105,-9534.008161452874,1265.7078818138689,62925.56012473799,86.01523929739994,131.57060983666452,63339.46021555835,222.00668824925012,-418.320929935544
2024-09-26,65181.02069724431,71486.21123332203,-8267.450754511512,1962.2602184337884,62926.53965374734,2118.452582342113,136.0284611548559,63539.987041475324,2058.4972205396357,-417.46356477064546
2024-09-27,65790.66164973442,71560.78788138843,-7963.741094058765,2193.614862404749,62907.88455467481,-445.6033686110535,3328.38046367067,63752.30513115964,2455.1395712223202,-416.78305264753726
2024-09-28,65887.64878212822,71635.17848502462,-7930.84322423267,2183.3135213362693,62876.97786159628,-112.61333298044636,3123.2842535123855,63976.55448697122,2327.3256842285937,-416.23138907158864
2024-09-29,65635.30814614859,71709.38535830277,-7645.9648596792995,1571.8876475251163,62843.38064976153,-318.801230453123,3110.728726840185,64211.72923862788,1223.3858002195523,200.19310730115103
2024-09-30,63329.49812947661,71783.41084104322,-8997.45118531128,543.538473744673,62824.55726263144,499.6098068799366,5.331059965232271,64455.89695386779,-1141.0026859102318,14.603861519048223
2024-10-01,60837.00970073598,71857.25729895853,-11091.10255294884,70.854954726281,62807.65949840707,-1629.5501612643122,-341.09963640677597,64707.00352555411,-3478.724671597788,-391.2691532203389
2024-10-02,60632.78627379448,71930.92712511773,-11366.236931786842,68.0960804635979,62822.41243370222,723.211983263627,-2912.838143171364,64963.796471120186,-3558.087138539437,-772.9230587862694
2024-10-03,60759.40132687676,72004.42274047913,-11245.913049429142,0.8916358267742908,62862.587039158956,1653.62611718341,-3756.8118294656088,65226.39901634697,982.2438128692654,-5449.241502339479
2024-10-04,62067.4774474519,72077.74659374844,-10482.80021145597,472.53106515943364,62911.60089345373,-869.3201956138773,25.196749612048734,65495.73203075938,-3014.214662700057,-414.03992060742894
2024-10-05,62089.94845914431,72150.90116015653,-10356.756158028564,295.8034570163436,62968.216662433275,-772.6390125251147,-105.62919076385151,65772.30348255098,-3343.255565351082,-339.09945805559255
2024-10-06,62818.95447613739,72223.88894135061,-9885.413477584829,480.4790123716084,63048.13252437249,-206.49780704189578,-22.68024119320762,66055.67510402222,-2835.9947067115586,-400.72592117325985
2024-10-07,62236.65936840091,72296.71246956832,-10434.595188001329,374.5420868339279,63157.108072172654,551.4367151466002,-1471.8854189183403,66344.76765242362,-576.58082781477,-3531.5274562079358
2024-10-08,62131.967854414805,72369.37430873312,-10724.692947593208,487.28649327489256,63290.286851729135,-1249.2411559336276,90.92215861929435,66638.33170323723,-958.2784685950301,-3548.0853802273923
2024-10-09,60582.10096953885,72441.87705114992,-12047.20974805559,187.43366644451453,63498.45457806773,1323.6952077196,-4240.048816248476,66935.55477579046,-792.6656902197878,-5560.788116031821
2024-10-10,60274.49806378606,72514.22331461517,-12541.17183973314,301.44658890402934,63929.83278924525,1532.4354288448176,-5187.770154304009,67237.03673565898,-2311.41210150664,-4651.126570366287
2024-10-11,62445.08860709735,72586.41573949496,-11038.90706089976,897.5799285021494,64214.843125192885,-1208.302216732378,-561.4523013631551,67544.24807152926,711.8951936960198,-5811.054658127934
2024-10-12,63193.02307028749,72658.45698431619,-10504.51276449469,1039.0788504659868,64675.147207957125,-1117.302912895137,-364.82122477449593,67858.8425452408,-4460.607242647217,-205.2122323060903
2024-10-13,62851.37491696019,72730.34971974445,-10847.041892753587,968.0670899693214,65017.76386225273,-174.04416004859917,-1992.3447852439422,68182.26056757335,9261.498747781232,-14592.384398394395
2024-10-14,66046.12806875478,72802.09662348867,-8385.932662320067,1629.9641075861728,65261.25958936733,410.59865396311125,374.26982542434416,68514.87267518538,-2061.385480527401,-407.3591259031964
2024-10-15,67041.10716533381,72873.70037873772,-7281.776250253872,1449.183036849965,65452.626992683654,-758.554622678205,2347.0347953283635,68855.53292352275,3858.3222394048707,-5672.747997593811
2024-10-16,67612.72077760416,72945.16367364787,-6945.22376623445,1612.7808701907488,65734.61609468261,1808.593896946751,69.510785974795,69202.93317120025,6315.565611154716,-7905.778004750799
2024-10-17,67399.83349243981,73016.489200021,-7228.890836868094,1612.2351292869134,66116.47504682609,1221.4978480281554,61.860597585560754,69555.26901701388,-1707.784782045011,-447.650742529062
2024-10-18,68418.78904890522,73087.67965033054,-6431.592410413101,1762.701808987782,66463.23705999795,-1100.438852310546,3055.9908412178193,69911.43867554943,-959.2247898112315,-533.4248368329863
2024-10-19,68362.73310984847,73158.73771467782,-6286.19006662822,1490.185461798872,66760.8185082009,-1059.9832341586168,2661.897835806187,70270.76983814398,2215.770235264634,-4123.806963560142
2024-10-20,69001.7066212849,73229.66607815474,-5886.698757818464,1658.739300948626,66991.94720036222,-28.55173568178371,2038.3111566044681,70632.35155506122,1465.3611841291504,-3096.0061179054755
2024-10-21,67367.85255614088,73300.46741721252,-7195.837110765499,1263.2222496938484,67201.70535827862,202.1898659228439,-36.04266806058877,70995.51784802621,1377.5650092064511,-5005.230301091782
2024-10-22,67361.40266452722,73371.14439455344,-6229.2032033052965,219.46147327907966,67579.72767766788,-1055.4472181249898,837.1222049843345,71360.12803129014,1649.822560173856,-5648.547926936764
2024-10-23,66432.19824717593,73441.69965894842,-6721.854309572598,-287.64710219988774,67696.87397910353,1924.7479228545467,-3189.4236547821565,71726.37404913429,-4717.509791269379,-576.6660106889904
2024-10-24,68161.053337619,73512.13584739977,-5312.645561216912,-38.436948563859914,67734.68895841207,427.020605961291,-0.6562267543631606,72095.01787308545,-3326.458530512256,-607.5060049541935
2024-10-25,66642.41073042627,73582.45558506818,-6656.226486711007,-283.8183679309004,67755.07891015206,-817.7495785332734,-294.9186011925194,72467.45383843403,1178.1616218476054,-7003.204729855359
2024-10-26,67014.69772830943,73652.66148579499,-6587.840919453771,-50.122838031791616,67793.06877750909,-931.3056121153164,152.93456291565963,72845.2769154658,1780.5083700123955,-7611.087557168765
2024-10-27,67929.298795622,73722.75615957346,-5899.9276997929,106.47033584144083,67917.90128395085,106.78919961442054,-95.39168794326542,73229.84489970189,504.07664589484875,-5804.622749974733
2024-10-28,69907.75467389214,73792.74220851784,-4367.960848677562,482.9733140518656,68146.7400897598,657.2653485601037,1103.7492355722352,73621.93764561013,5084.730004576229,-8798.912976294225
2024-10-29,72720.49357487491,73862.6222209264,-2363.4331137971494,1221.3044677456637,68679.62293020904,-1152.8422484230173,5193.712893088887,74021.6215948579,-172.4354905472083,-1128.6925294357789
2024-10-30,72339.54218084493,73932.39875902601,-2695.274120132573,1102.417541951494,68959.8625140763,1796.0899149993022,1583.589751769323,74428.6342158956,-2018.9844037444807,-70.10763130617852
2024-10-31,70215.1856325839,74002.07435584436,-4090.5716307713296,303.682907510869,69257.57092331616,-473.06295845668046,1430.6776677244197,74842.7077901433,-4244.8604925824,-382.6616649769858
2024-11-01,69482.46985079674,74071.65151164931,-4737.72687672896,148.54521587639465,69806.40202218953,-132.20844418373213,-191.72372720905696,75263.59907162283,-4384.01467807461,-1397.1145427514712
2024-11-02,69289.27666562302,74141.13269192338,-5037.578219752987,185.72219345263147,70586.03115897985,-552.5562280399713,-744.1982653168525,75690.90901236082,3658.0084701304227,-10059.640816868225
2024-11-03,68741.11549197351,74210.5203252021,-5591.88140568227,122.47657245368464,71257.73841676749,-2.4455999174125083,-2514.1773248765676,76123.69851248109,-2430.817495355394,-4951.765525152179
2024-11-04,67811.50914184513,74279.81680038525,-6492.11226007616,23.804601536045084,71813.36270184763,840.1206901629424,-4841.97425016544,76561.36870668632,-2401.9695969803706,-6347.889967860814
2024-11-05,69359.56616617786,74349.0244649962,-5403.69574426788,414.2374454495439,72633.20617898415,-1540.1950242218645,-1733.444988584437,77004.17380318846,-2130.9708223781604,-5513.6368146324385
2024-11-06,75639.07794648844,74418.14562409936,-695.3133543859919,1916.24567677507,74709.05455373629,1637.3910887705279,-707.3676960183802,77452.86455730273,-1731.0412807992664,-82.74533001502277
2024-11-07,75904.8584618969,74487.18253694361,-664.5881615700373,2082.264086523326,77549.4626728851,-1449.9207441911346,-194.68346679706883,77907.89145127329,-1943.6698982141818,-59.36309116220218
2024-11-08,76545.4766431325,74556.13741142182,-274.0567244021529,2263.3959561128286,79345.55185674525,605.5466812053853,-3405.621894818134,78369.03842957832,-1784.529762443222,-39.03202400259033
2024-11-09,76583.52154442579,74625.01240144129,-276.08608834793574,2234.595231332438,84100.36065315476,-30.902990528777025,-7485.9361182001885,78835.31217040811,-2734.1663824564434,482.3757564741245
2024-11-10,80474.185602194,74693.80960556203,2503.2473618180297,3277.1286348139547,85876.98546371673,-74.37908508402496,-5328.420776438696,79305.18166003413,1164.92183570962,4.082106450252468
2024-11-11,88701.48808420602,74762.53106565555,14052.023530272912,-113.06651172244165,87319.0420355264,980.2394395756028,402.20660910401784,79777.15504280805,-5872.677302028687,14797.010343426664
2024-11-12,87955.80982163973,74831.1787659096,12857.027036878113,267.60401885202737,88282.73474821483,-686.0970862317781,359.17215965667856,80249.80431840269,7662.050353211145,43.95515002589673
2024-11-13,90584.16667337868,74899.75463995212,13365.018456751686,2319.3935766748764,88844.28991696726,1442.7727796631577,297.10397674827254,80722.04929272212,-3153.3700529420466,13015.48743359861
2024-11-14,87250.43127459324,74968.26057065288,9056.48630040901,3225.6844035313406,89079.10314279767,-1900.1505647964484,71.47869659202115,81192.81398385057,5977.486544253076,80.13074648959446
2024-11-15,91066.00695527584,75036.6983843606,10886.861071426527,5142.447499488713,89319.87732823094,-62.11882603526482,1808.2484530801594,81661.4055698002,9308.025081676187,96.57630379944749
2024-11-16,90558.47523581985,75105.06984692324,9890.881887112679,5562.523501783915,89651.51281976775,843.6273348209979,63.33508123109641,82128.18918235731,-783.3633245783232,9213.649378040864
2024-11-17,89845.85120882805,75173.376660327,8453.595112804707,6218.879435696348,90090.11893053616,67.40066254170641,-311.6683842498169,82594.00904400028,-579.2261116025309,7831.068276430306
2024-11-18,90542.64399626656,75241.62046189023,9068.025500857624,6232.998033518714,90784.77282179536,203.74342323487525,-445.87224876366963,83059.41616202617,3122.467886449239,4360.759947791143
2024-11-19,92343.79205490072,75309.80282422417,7737.136945656202,9296.852285020344,91790.52880029232,-1217.1696323408928,1770.4328869493038,83524.83419585686,1252.8915393268858,7566.066319716978
2024-11-20,94339.49502700852,75377.92525568357,1973.4779085519679,16988.091862772984,92866.72566762927,1405.6367842903558,67.13257508889365,83989.98125106767,1279.7177564988272,9069.79601944203
2024-11-21,98504.7275898154,75445.98920431887,1579.8557264723795,21478.88265902415,93853.05097832826,-1714.385257896596,6366.061869383731,84451.86519717504,930.2714701406137,13122.59092249976
2024-11-22,98997.66208043598,75513.99607013683,1335.215647401008,22148.450362898147,94829.51150225052,215.93035706929274,3952.2202211161784,84905.75074636994,125.11701309332173,13966.794320972724
2024-11-23,97777.279763055,75581.94720895325,2669.439969620884,19525.89258448087,95696.40139123674,1418.7344421261903,662.1439296920726,85347.03132365145,-4.57997577184949,12434.828415175405
2024-11-24,98013.82090787888,75649.84393511362,3506.7574842691984,18857.219488496063,96281.74364903307,354.77496786225686,1377.3022909835418,85774.43359595747,840.0179163755467,11399.369395545858
2024-11-25,93102.29521358517,75717.68752473564,3325.761048282635,14058.846640566888,96616.22125031069,-588.7006880583064,-2925.2253486672125,86192.41176518568,1717.2291273519074,5192.654321047579
2024-11-26,91985.31683041027,75785.47921789876,7153.818619422441,9046.018993089077,97011.59882015287,-1180.0595041572842,-3846.222485585313,86606.03563255334,-624.8138158661902,6004.095013723127
2024-11-27,95962.5284193169,75853.22021593602,5484.91294458611,14624.395258794786,97097.04496379588,1350.3980069013664,-2484.914551380338,87016.95571799202,2931.6267111003917,6013.945990224485
2024-11-28,95652.46515870912,75920.91167664406,5415.735466355052,14315.818015710014,97132.68232751875,-1406.782620240675,-73.4345485689555,87425.33874664588,-1910.4305021632415,10137.556914226487
2024-11-29,97461.52371298426,75988.55458919337,5074.073301443995,16398.895822346894,97168.10449739207,276.4437923139625,16.975423278228845,87831.92264420133,-3495.1605794088737,13124.761648191794
2024-11-30,96449.05581277318,76056.14923332179,4981.370584730692,15411.535994720689,97195.53346686375,1615.0488547681991,-2361.5265088587767,88239.14285600382,-5227.968728665839,13437.881685435204
2024-12-01,97279.79292235582,76123.69502720043,2723.6157051643663,18432.482189991017,97231.89147918999,415.7406931915029,-367.8392500256741,88649.09139444793,-5213.665936265819,13844.367464173716
2024-12-02,95865.30163237524,76191.1904564653,6650.732971191402,13023.378204718538,97289.95549580781,-1428.8945906213578,4.240727188793244,89063.80880324912,6552.28054195789,249.21228716822225
2024-12-03,96002.162144032,76258.63304781965,9173.835318290388,10569.693777921973,97376.02707993759,-1389.684447902292,15.819511996713118,89486.16761083543,-2408.731243982996,8924.72577717957
2024-12-04,98768.52755534554,76326.01933451652,6564.94062212747,15877.567598701557,97512.71624623048,1360.8111243066746,-104.99981519162247,89920.08661246652,-1794.4914453561473,10642.932388235175
2024-12-05,96593.57227220976,76393.34484198576,5388.83749905142,14811.389931172569,97688.75947241997,-890.3329739208973,-204.854226289317,90369.54705766498,-1588.0596426491877,7812.084857193957
2024-12-06,99920.71473032852,76460.60409215333,5279.108828690103,18181.001809485082,97935.3029570729,645.2693306394738,1340.1424426161393,90837.43935731224,-1363.2534133737727,10446.52878639006
2024-12-07,99923.33661926458,76527.79060611856,6155.511669365037,17240.03434378098,98274.64334786608,1609.430124148739,39.26314724975964,91324.06254146053,-1791.4611651353919,10390.735242939438
2024-12-08,101236.0131403532,76594.89693451273,6469.553806967165,18171.562398873313,98772.44368904315,-521.3632093160666,2984.9326606261166,91824.35082443191,-2103.287146558343,11514.949462479635
2024-12-09,97432.72126036788,76661.91475033248,8872.084151880868,11898.722358154526,99094.11985477542,-1779.4710073515312,118.07241294399137,92325.4500944657,-3380.0046247352666,8487.275790637446
2024-12-10,96675.43353993689,76728.8348515102,7634.956309515857,12311.642378910838,99430.87481762157,-383.88376477632164,-2371.557512908359,92807.70135950312,428.4274371635069,3439.3047432702588
2024-12-11,101173.03264511091,76795.64714517903,6805.714804380704,17571.670695551176,99657.37959328583,1374.4862100779287,141.16684174715192,93250.71311836167,-2543.1346296167776,10465.454156366017
2024-12-12,100042.9979150116,76862.34062507015,6007.990426892189,17172.666863049264,99808.08574599776,-351.1315003664611,586.0436693803058,93648.40444157444,5583.889555204327,810.7039182328299
2024-12-13,101459.25440126852,76928.90336199418,6029.427274513363,18500.923764760984,99903.66302300652,775.5968809969032,779.9944972650992,94005.51117561446,-3487.007655336431,10940.750880990498
2024-12-14,101372.9660786534,76995.3224468821,4443.572158923567,19934.071472847732,99796.60701886447,1457.5452407733696,118.81381901555869,94337.74837068754,4525.084467414749,2510.1332405511057
2024-12-15,104298.69579792189,77061.58392644321,3437.7193899628805,23799.392481515795,99111.5032144581,-1262.4702885864747,6449.662872050249,94657.58556338219,6288.903632712111,3352.20660182758
2024-12-16,106029.72058609631,77127.67287450065,4008.9377296450843,24893.109981950576,98735.83625748522,-2222.618156038155,9516.502484649245,94968.49717422381,-122.09922438709913,11183.322636259603
2024-12-17,106140.59823843016,77193.57341014758,3402.7696048443886,25544.255223438187,98395.09599201808,729.904879259949,7015.597367152135,95270.90173525941,-183.09088828930362,11052.78739146005
2024-12-18,100041.54270290484,77259.26871717353,2865.153353114974,19917.120632616337,98022.63166376004,243.84055483697625,1775.0704843078274,95564.92408232768,4164.1657010615345,312.4529195156356
2024-12-19,97490.94998277504,77324.74102504618,4956.950469813657,15209.258487915198,97255.65338836882,146.71717346171704,88.57942094450118,95850.98831699508,1315.8821391366523,324.0795266433124
2024-12-20,97755.93016037508,77389.9715702623,5057.561334409463,15308.397255703312,97051.96373682284,1091.5559787240477,-387.5895551718131,96128.80387023304,1443.7198292121702,183.40646092986572
2024-12-21,97224.7263442974,77454.940541953,5529.462509513448,14240.323292830959,97001.666449503,1721.704801377631,-1498.6449065832276,96396.75425752785,722.6463840588569,105.3257027107029
2024-12-22,95104.93437105967,77519.6270501506,6566.149199869985,11019.158121039101,96985.64863911815,-1917.9358769262744,37.22160886779602,96652.89103513681,2191.9930861054218,-3739.9497501825535
2024-12-23,94686.23943843246,77584.00920260028,5508.455845687016,11593.774390145161,96952.5653599615,-2711.219523662809,444.89360213375767,96895.59601016383,957.1810705458977,-3166.537642277268
2024-12-24,98676.09739682807,77648.06409339933,4401.2126841957515,16626.820619232996,96846.92429345941,1811.1678619791342,18.005241389531875,97123.42287233552,1195.1543419179932,357.52018257456075
2024-12-25,99299.19274921237,77711.76781840617,3845.7268435743226,17741.69808723188,96555.13926052566,-386.3514863866898,3130.4049750733975,97335.17918617258,1597.8093836248745,366.2041794149118
2024-12-26,95795.51659759833,77775.0954845596,4945.702135168445,13074.718977870274,96411.55146237643,552.1187366994513,-1168.153601477563,97529.72802024652,-2109.6225542677544,375.4111316195631
2024-12-27,94164.86034835257,77838.02119544058,13547.832066711338,2779.0070862006396,96272.61238022185,1518.1282519927522,-3625.8802838620322,97706.4982859378,3871.4892734746977,-7413.127211059938
2024-12-28,95163.93192640484,77900.51800373504,13776.522806357256,3486.891116312545,96133.04920904404,2010.8543392769755,-2979.9716219161783,97866.17585246147,-3097.5625152001626,395.3185891435278
2024-12-29,93530.2284378695,77962.55795317845,12947.57234818733,2620.0981365037296,95896.44048258616,-2313.983498013738,-52.22854670291417,98010.59785136554,-4886.285806208422,405.9163927123882
2024-12-30,92643.21460401456,78024.11217786156,13077.70020464803,1541.4022215049627,95876.67766962602,-2935.533511781222,-297.92955383023946,98141.97896073887,-5915.802132933431,417.03777620912297
2024-12-31,93429.20281139915,78085.15092350017,13119.739219241159,2224.312668657818,95896.91922572714,1455.2659641897717,-3922.9823785177578,98262.85231547222,-5440.225081846529,606.5755777734594
2025-01-01,94419.75750549028,78145.64357484445,14083.41580143859,2190.698129207245,95920.50061196399,-1435.1589437264772,-65.58416274722549,98375.66527138145,5215.228013501333,-9171.135779392498
2025-01-02,96886.8782682304,78205.55868780715,15488.227780466234,3193.091799957023,95945.67098772577,975.3602681125809,-34.15298760794394,98481.58530263313,-2044.7431999508863,450.0361655481538
2025-01-03,98107.42876199368,78264.86402633139,16143.229654812369,3699.3350808499235,95976.31707386523,1730.8767006935432,400.23498743491655,98581.17198759857,-690.0081340605416,216.26490845564695
2025-01-04,98236.22909166572,78323.5266374948,16320.63269044328,3592.069763727646,96009.47517574613,2243.209170370548,-16.455254450964276,98674.10922182689,-909.1726502732888,471.2925201121252
2025-01-05,98314.95944363724,78381.51291463674,17521.226132633976,2412.2203963665233,96034.98581155928,-2141.4127313833314,4421.3863634612935,98760.03655076156,-901.3113292735352,456.2342221492145
2025-01-06,102078.08557287647,78438.78863249093,18493.38850858974,5145.908431795804,96047.49485567014,-2415.0379678014724,8445.628685007803,98838.60543883296,-1799.6514677639072,5039.131601807414
2025-01-07,96922.7052796726,78495.31899635372,15155.391176238585,3271.995107080307,96051.2445646659,859.5777582846202,11.882956722081872,98909.52584896387,-2353.248317006206,366.4277477149444
2025-01-08,95043.52345594057,78551.06869357971,14500.668857605446,1991.7859047554084,96041.69960383688,-934.4357908112099,-63.740357085102005,98971.74561706718,-5134.102866128499,1205.8807050018804
2025-01-09,92484.0369715298,78606.00194284307,12701.238173900489,1176.7968547862401,96023.65477452072,833.7727097679912,-4373.39051275891,99023.69458434409,-232.0719323206518,-6307.585680493634
2025-01-10,94701.45646266866,78660.08255339491,14136.127395411779,1905.2465138619737,96016.53808585624,1824.9479325254329,-3140.0295557130157,99064.74541369118,5282.454574643316,-9645.743525665835
2025-01-11,94566.59367524584,78713.27403249507,14606.261870343533,1247.0577724072355,96257.3542171238,1839.4314126845875,-3530.1919545625424,99095.1265246134,3121.485566890408,-7650.018416257968
2025-01-12,94488.44106162684,78765.53973636961,14627.7896099588,1095.111715298437,99111.93515789669,-2024.9890217678226,-2598.505074502027,99114.29128050164,-5160.779071425309,534.9288525505108
2025-01-13,94516.52562684276,78816.8429866182,16556.785346466986,-857.1027062424255,99716.29500914385,-1907.426222316355,-3292.343159984739,99121.3163854135,2352.497431536339,-6957.28819010708
2025-01-14,96534.04421464764,78867.14715044035,18081.634095516598,-414.7370313092979,102689.35730671359,-48.68332947276916,-6106.629762593177,99115.51100921044,3294.9485405813934,-5876.415335144193
2025-01-15,100504.49344119498,78916.41567279227,19020.990376427184,2567.087391975525,102940.57092547067,-340.19476807397865,-2095.8827162017114,99096.84856329145,862.7904989949078,544.8543789086252
2025-01-16,99756.90909819468,78964.61218741986,18594.223380401934,2198.073530372887,102973.82916477395,783.2724285617733,-4000.1924951410474,99066.22634662484,144.86785532882072,545.8148962410196
2025-01-17,104462.04262221782,79011.70064900699,19998.972978703547,5451.368994507284,103016.19460959063,1612.9683014606303,-167.12028883343737,99025.28978908634,2407.9885892974416,3028.764243834041
2025-01-18,104408.0673030506,79057.64547747753,18982.994776934658,6367.427048638405,103062.4064929395,1546.7588341662306,-201.09802405512892,98976.05367746961,872.8590780645393,4559.154547516446
2025-01-19,101089.60649832134,79102.4116793614,17383.580334760878,4603.614484199075,103105.82717064803,-2010.2839377622242,-5.936734564456856,98920.60498334042,1158.8571172045445,1010.1443977763702
2025-01-20,102016.6622807587,79145.9649813908,6613.681256476696,16257.016042891191,103147.36172278284,-1131.5621352354024,0.8626932112674695,98860.6457707944,1570.0973142427583,1585.919195721537
2025-01-21,106146.26300673433,79188.27196236167,8448.32706764122,18509.663976731434,103192.93022721096,-784.0642420446931,3737.39702156806,98796.87935509578,7158.601034029609,190.78261760894384
2025-01-22,103653.06924222906,79229.30021393583,8787.182502525595,15636.586525767634,103241.25362867219,170.5309733068939,241.28464024997083,98729.31531780679,4466.554299811767,457.1996246105118
2025-01-23,103960.17163722675,79269.01848692395,8659.857106983507,16031.296043319308,103281.72793651493,676.1675692593948,2.276131452425034,98658.14123905107,1723.223731357968,3578.80666681772
2025-01-24,104819.48448549642,79307.39683500913,8647.093275713523,16864.994374773756,103299.48178079905,1525.6063311899402,-5.603626492564217,98583.57241699961,2022.0491955698378,4213.862872926969
2025-01-25,104714.64536631762,79344.40674734983,5436.731211353789,19933.507407614,103296.85333385506,1434.1521954444443,-16.360162981887697,98504.93146106819,-1673.501359911626,7883.215265161052
2025-01-26,102682.49703317732,79380.02128995182,6884.82362884909,16417.65211437641,103284.65769977254,-1276.29722708077,674.1365604855528,98420.74821601177,3770.9173239797515,490.831493185804
2025-01-27,102087.69133501766,79414.2152627515,9924.17251804445,12749.303554221711,103269.66302346125,-1144.907019148401,-37.06466929518501,98329.94041405195,-2636.735084518651,6394.486005484359
2025-01-28,101332.47622080588,79446.96537371191,11873.82968864051,10011.681158453459,103253.5726190111,-1775.996464861187,-145.0999333440268,98231.56779910244,-4407.400563256054,7508.308984959498
2025-01-29,103703.21119241689,79478.25031682602,3748.729172170259,20476.231703420606,103194.29741675813,616.6578012788439,-107.7440256200789,98124.83054073017,-5212.931307728742,10791.311959415456
2025-01-30,104735.30283914848,79508.05088925084,3650.91305101329,21576.33889888435,102962.36043247687,456.87542202048326,1316.06698465113,98008.74533569986,-5134.0601798777625,11860.617683326389
2025-01-31,102405.0270844454,79536.35014828114,-62.80358524526541,22931.480521409525,102555.1271408865,1287.6710995733988,-1437.7711560144962,97882.32064357212,4160.74762381239,361.9588170608913
2025-02-01,100655.90565121452,79563.13359868505,-1208.1488043066684,22300.920856836135,101024.57432908224,1265.1530343732024,-1633.821712240926,97746.1276272361,-3204.486973557834,6114.264997536258
2025-02-02,97688.97930488893,79588.38926032535,-122.98802333933192,18223.578067902912,100461.85021546435,-873.4180633057107,-1899.452847269713,97601.5146222034,-1656.6384941795409,1744.1031768650719
2025-02-03,101405.42306569024,79612.10765995111,-2010.5661926334935,23803.88159837261,99922.3137530898,-981.1864334070835,2464.2957460075268,97449.80492542377,-288.9220694449526,4244.540209711413
2025-02-04,97871.81783389286,79634.28189098283,-3717.438509954379,21954.974452864393,98910.53347161309,-1376.3735373116895,337.6578995914606,97291.81752495359,-207.22500641025889,787.2253153495258
2025-02-05,96615.44454015358,79654.90767671478,-9701.234814333864,26661.77167777266,98304.6290747278,628.4419789372982,-2317.62651351151,97127.69236207024,-852.7103792025729,340.4625572859077
2025-02-06,96593.30032856249,79673.98343573978,-4758.315368474943,21677.63226129765,97925.18113799322,151.0226629918337,-1482.903472422564,96957.83251992731,-2439.956353789475,2075.4241624246497
2025-02-07,96529.08249453203,79691.51039035448,-5267.002934313557,22104.575038491108,97602.8752583279,968.2195783915101,-2042.0123421873723,96781.86366971838,-6441.974430946859,6189.193255760503
2025-02-08,96482.44987444291,79707.49282153437,-4277.680930132425,21052.63798304097,97312.81940150376,1064.1738385726462,-1894.5433656334935,96598.46821802072,-402.1055656952182,286.08722211742133
2025-02-09,96500.09479026984,79721.93805099363,-4176.946973407533,20955.103712683747,97069.47789130648,-528.606865338595,-40.776235698052915,96406.07544856812,-173.22093733538304,267.24027903709793
2025-02-10,97437.55726208676,79734.8564226635,-4776.013465595207,22478.714305018468,96911.22693740447,-879.2252331139417,1405.5555577962368,96203.38380061269,986.1322095549574,248.0412519191159
2025-02-11,95747.4311295895,79746.26128123896,-5275.266978313557,21276.43682666411,96838.19885429603,-1080.210922555396,-10.556802151128068,95989.65105574444,-470.7283181890542,228.50839203411306
2025-02-12,97885.86305519009,79756.1689493335,-5809.71317097022,23939.40727682681,96783.65240580287,602.9764371129343,499.2342122742848,95763.86570490831,1537.542472243867,584.4548780379118
2025-02-13,96623.8690084382,79764.59878947647,-3582.5147315422178,20441.78495050395,96725.78036831885,-128.60232860731946,26.690968726659776,95525.75566726814,909.5668088676871,188.54653230236727
2025-02-14,97508.96990331751,79771.57310953722,-2881.7412673441886,20619.138061124482,96665.19965876994,822.9878647517215,20.782379795855377,95276.23781454313,2064.5427895029247,168.18929927145655
2025-02-15,97580.3493821008,79777.11689052409,-3447.014361121068,21250.246852697775,96605.9583108827,962.7753818735617,11.615689344529528,95016.32270535546,2416.3904295135167,147.63624723182875
2025-02-16,96175.03204026086,79781.25764368639,-3607.363495920465,20001.13789249494,96542.19783827839,-253.49796337449288,-113.66783464302716,94746.78596067292,1305.0866279195861,123.15945166835445
2025-02-17,95773.38418660432,79784.02556522144,-4269.127129082901,20258.485750465785,96463.91991951418,-676.0512859987347,-14.484446911126724,94468.98610886076,946.9451896155434,357.45288812802755
2025-02-18,95539.54360318284,79785.4534996558,-5035.918904933548,20790.00900846059,96380.5648221906,-845.6274711161806,4.606252108424087,94184.91643158738,1413.0654629521403,-58.438291356680566
2025-02-19,96635.61321235246,79785.57676373268,-4586.612999662855,21436.64944828264,96307.88905002753,369.57354493170254,-41.84938260677154,93896.49253481269,2905.0460946584158,-165.9254171186476
2025-02-20,98333.93782934498,79784.43296680659,-4198.428161492526,22747.93302403092,96248.01454425779,-58.153304425166674,2144.0765895123623,93605.31163660588,3105.3348278802832,1623.2913648588146
2025-02-21,96125.54405496531,79782.06186511555,-4379.0052222171535,20722.487412066912,96197.50187633294,-17.449100765553702,-54.508720602068934,93312.26575189845,2824.6655038710205,-11.38720080415078
2025-02-22,96577.76154714968,79778.50521190403,-4810.531078414069,21609.787413659724,96150.39338664906,768.6881849484325,-341.32002444780665,93017.6545678422,2445.196005787296,1114.9109735201928
2025-02-23,96273.91974655744,79773.80654543666,-6400.156235008349,22900.269436129136,96102.12602399664,183.7414898539742,-11.947767293167999,92721.76694844282,2700.4261095909637,851.7266885236604
2025-02-24,91418.17366744149,79768.01093082502,-6659.706649535571,18309.86938615203,96059.81086843362,-277.0782439834598,-4364.558957008674,92424.96303984645,-368.0457127711985,-638.7436596337648
2025-02-25,88736.1734415255,79761.16480916835,-1950.9220081625201,10925.930640519684,95799.4895533062,-900.9601559183166,-6162.355955862367,92127.62428624246,2991.617046505604,-6383.067891222556
2025-02-26,84347.01972198201,79753.31576997673,-890.453425248087,5484.157377253359,91973.88656858078,286.08435962392247,-7912.9512062227,91830.26843274299,-1645.0147385982484,-5838.233972162736
2025-02-27,84704.22458228334,79744.51231882023,746.1630470233324,4213.549216439773,90843.74553987336,-75.69588775437701,-6063.825069835642,91534.36980489829,-3207.4852970570823,-3622.6599255578767
2025-02-28,84373.01032958015,79734.80368757507,692.0115640380453,3946.195077967044,89752.7810944315,199.0650051755439,-5578.835770026897,91242.15918933685,-3792.584094816727,-3076.5647649399616
2025-03-01,86031.91239771536,79724.23966406069,1108.7011549016188,5198.971578753059,86592.90666454515,758.0284068721443,-1319.0226737019257,90956.1098198827,-4064.084685895185,-860.1127362721454
2025-03-02,94248.3505251674,79712.87038416682,739.2301051922205,13796.250035808363,86057.51097539895,-343.4527159095328,8534.292265677985,90678.44423499682,3411.967705029678,157.93858514091698
2025-03-03,86065.6683289207,79700.74617208331,1516.4810583150452,4848.441098522351,86028.1390463341,0.33665646263066673,37.19262612397142,90410.73970765622,-3067.9661312714898,-1277.105247464031
2025-03-04,87222.19220667671,79687.91742938262,3249.671278045278,4284.603499248813,85991.93923662367,-938.3120998827413,2168.5650699357793,90153.37669950341,-1577.024093397121,-1354.1603994295729
2025-03-05,90623.56184280872,79674.4344566703,4098.220967757612,6850.906418380808,85868.48966629457,40.18070172442775,4714.8914747897215,89904.78664081555,-127.5164759070841,846.2916779002553
2025-03-06,89961.72724371402,79660.34730669705,-5322.166784128445,15623.546721145423,85402.31780371968,612.7225269258029,3946.6869130685373,89662.89473009999,-136.49847541401672,435.3309890280507
2025-03-07,86742.6756244441,79645.70565698776,-3154.833418569723,10251.803386026062,85122.18842587686,153.43459775461457,1467.0526008126326,89425.35855329716,-1291.4060758538228,-1391.2768529992318
2025-03-08,86154.5932099702,79630.55869023634,-4050.7376362540253,10574.772155987885,84882.58905013285,667.8895249636729,604.1146348736802,89190.01312699297,-1832.4417389728958,-1202.9781780498743
2025-03-09,80601.04131141985,79614.95493965852,-2926.1040017093346,3912.1903734706575,84049.67017630237,-649.3572395354136,-2799.2716253471153,88955.51013216632,-8084.636860740995,-269.83196000548196
2025-03-10,78532.00180846766,79598.94214763434,-3001.8578951927657,1934.9175560260774,83922.52098433085,266.9954658370991,-5657.514641700298,88721.39535913154,162.75033588816507,-10352.143886552047
2025-03-11,82862.20818098089,79582.5671749118,-1271.0103092874754,4550.651315356561,83850.39038664225,-1008.4486607233146,20.266455061952,88487.92785013883,-5336.066167855737,-289.6535013022076
2025-03-12,83722.36195174961,79565.87591814132,-721.5118586852282,4877.997892293526,83794.38179784798,-80.45936445392229,8.439518355560722,88255.8793774875,2503.5254434092876,-7037.042869147175
2025-03-13,81066.70136914577,79548.91318285077,-1095.850036475841,2613.638222770838,83744.53098324244,638.5276497513149,-3316.357263847982,88026.34636157598,555.1180793608455,-7514.763071791065
2025-03-14,83969.0997189857,79531.7225758465,-116.75850946288264,4554.135652602083,83702.75222784822,279.73890457240685,-13.391413434932474,87800.56976507303,-3523.30178461886,-308.1682614684687
2025-03-15,84343.1084583416,79514.3464192888,2216.6283390622834,2612.1336999905034,83667.75274645389,742.3714531959627,-67.01574130824883,87579.83902824724,1923.5576008177366,-5160.2881707233755
2025-03-16,82579.6908921864,79496.82562228519,3170.5226618419583,-87.65739194075286,83630.98547460482,-1025.2247212671493,-26.06986115127802,87365.29806225027,2558.757273406217,-7344.364443470084
2025-03-17,84075.68869687966,79479.19963562577,3368.6271158445684,1227.8619454093132,83596.19717760665,41.79009354547097,437.7014257275441,87157.75273054978,2426.234920436557,-5508.298954106678
2025-03-18,82718.50231764314,79461.50643441975,1770.4401526791682,1486.5557305442344,83572.73898568728,-330.6591832255036,-523.5774848186265,86957.54767435444,1736.3417709734335,-5975.387127684735
2025-03-19,86854.22596043906,79443.78246900182,1993.822124253342,5416.621367183892,83555.39159539473,-352.2759968772868,3651.1103619216155,86764.53308559273,2145.164295690472,-2055.4714208441437
2025-03-20,84167.19340433639,79426.0626308922,1944.998292803222,2796.1324806409684,83536.81869349175,658.7826439051711,-28.407933060530922,86578.15113145692,2461.788673480384,-4872.746400600925
2025-03-21,84043.24518209897,79408.3802177505,1321.1213800614582,3313.7435842870036,83517.72193356235,499.206465310137,26.31678322647349,86397.53575432394,3597.02435040507,-5951.314922630045
2025-03-22,83832.4875518333,79390.76691203649,745.409840740149,3696.310799056664,83507.14498226297,323.22950797257306,2.113061597759952,86221.66026455848,-1192.8270043089683,-1196.3457084162073
2025-03-23,86054.37186301082,79373.25276647533,2816.034031967311,3865.0850645681785,83524.99509426413,-1127.784996445784,3657.1617651924753,86049.62639662232,1491.5496621109157,-1486.8041957224195
2025-03-24,87498.91241027668,79355.86626278484,3883.075732637747,4259.970414854091,83568.73747265451,-250.33506704304173,4180.510004665208,85881.36548589326,3080.341586992801,-1462.7946626093762
2025-03-25,87471.70304794039,79338.63439296978,4482.463364387376,3650.605290583233,83630.6441472946,556.9501394584677,3284.1087611873227,85720.83769260686,3300.103904030303,-1549.2385486967687
2025-03-26,86900.88554328846,79321.58259466947,4258.719371707435,3320.583576911551,83630.54686048582,-535.2555682753261,3805.5942510779714,85581.23220045157,505.2672158891941,814.3861269476911
2025-03-27,87177.10210551348,79304.73477450172,3334.7078666149823,4537.659464396784,83642.88857387593,104.45886313778274,3429.754668499765,85478.90277918107,1767.4898394015165,-69.29051306910696
2025-03-28,84353.15101258164,79288.11337058399,46.55369626848764,5018.483945729167,83621.22110378773,547.0978285502714,184.83208024365013,85432.84834043913,-822.5234977607063,-257.1738300967845
2025-03-29,82597.58433886131,79271.73941923362,-330.2141598928455,3656.0590795205353,83589.50194197624,1274.6475495937193,-2266.5651527086447,85472.12833454991,-2624.2475554120065,-250.29644027659378
2025-03-30,82334.52269692018,79255.63254889427,7.405199184172957,3071.4849488417385,83553.45008653584,-1273.8295459363558,54.902156320691574,85627.21148896504,-3050.970987241655,-241.7178048032074
2025-03-31,82548.91096086935,79239.81101550945,260.6666114634888,3048.4333338964207,83520.01189918288,-1010.784160002556,39.68322168903251,85905.2905473019,-3232.443710017027,-123.93587641551858
2025-04-01,85169.1695887702,79224.29176986023,2453.4441122943067,3491.4337066156586,83490.00776114619,1658.7552911109988,20.406536513008177,86271.41979678282,1990.3775874976434,-3092.6277955102705
2025-04-02,82485.70837130435,79209.09047681653,414.13223324350713,2862.485661244311,83461.60301604004,-978.7755330231071,2.880888287414564,86673.12704874897,-2787.8162580847024,-1399.602419359915
2025-04-03,83102.82820654023,79194.22155068371,745.3785972376307,3163.2280586188863,83425.12819226144,-313.9195334638598,-8.380452257348225,87070.60581960029,-1761.8608373156746,-2205.9167757443793
2025-04-04,83843.80487310472,79179.69822236114,1442.2171932612243,3221.88945748235,83357.80307351466,762.4735914561935,-276.4717918661336,87447.14845122593,-657.3194343081914,-2946.0241438130324
2025-04-05,83504.80017205456,79165.53256533743,1631.759379860237,2707.508226856895,83245.65850379498,2041.3113510575772,-1782.169682798005,87802.9099011917,-952.3284978074464,-3345.781231329689
2025-04-06,78214.4808171041,79151.73552407826,-876.084726147389,-61.16998082678765,82943.28925412158,-2760.7812564027004,-1968.027180614794,88144.53292167759,-1890.1912359194307,-8039.860868654068
2025-04-07,79235.33313217395,79138.31694153938,867.8217926698784,-770.8056020353106,82840.88592796243,-1854.3106101692983,-1751.2421856191795,88477.61158686898,-1999.480212897012,-7242.798241798009
2025-04-08,76271.95017471343,79125.28561418041,-1595.0573733020344,-1258.278066164945,82727.21029678313,1849.5280713836205,-8304.788193453322,88805.68292434223,-5809.133726331002,-6724.599023297793
2025-04-09,82573.9511277008,79112.64933740922,2458.775656543272,1002.5261337483098,82526.78763998977,66.30243572496457,-19.13894801393326,89131.73827658784,-515.3184348959937,-6042.468713991053
2025-04-10,79626.14143605047,79100.41494750144,1365.1754242279292,-839.4489356788981,82471.13085690513,622.5684334322524,-3467.557854286919,89457.03348834287,-1436.4390323632297,-8394.453019929177
2025-04-11,83404.83980637716,79088.58835510377,3198.5062017700266,1117.745249503365,82459.73055355015,911.2610902935272,33.84816253348254,89782.38004738202,3033.250621682743,-9410.790862687601
2025-04-12,85287.1132768994,79077.17458275035,2921.8072707137503,3288.131423435305,82456.78034984926,2907.174736122082,-76.84180907193513,90107.5876159133,1517.7232448858338,-6338.197583899731
2025-04-13,83684.97902810505,79066.17779481136,3300.563721631605,1318.2375116620824,82451.10307690321,-4226.713450896279,5460.589402098121,90431.13997513789,-2163.4817701637,-4582.679176869147
2025-04-14,84542.39128267372,79055.60132722624,3798.458055811563,1688.3318996359303,82637.01165916212,-2587.1221419443614,4492.501765455963,90752.9293044666,2258.406076779025,-8468.944098571897
2025-04-15,83668.9893302616,79045.44772417752,3318.320662848792,1305.220943235283,85712.26879212869,2238.8655420116206,-4282.145003878715,91073.37199666176,2566.403129421805,-9970.785795821968
2025-04-16,84033.86541648101,79035.71877193882,3561.849810046858,1436.2968344953406,86541.33083877273,-256.5578068802726,-2250.9076154114446,91392.74820786007,2303.9988727419777,-9662.881664121043
2025-04-17,84895.75143926751,79026.41553830418,4149.925199589777,1719.4107013735484,87378.95737297993,1518.425613245002,-4001.6315469574183,91711.21688585471,1527.8636559455347,-8343.329102532734
2025-04-18,84450.80707734117,79017.5384117088,3833.6339095450435,1599.63475608734,90624.74070319468,1247.6639999500578,-7421.597625803566,92028.9201732095,3033.0675315238045,-10611.180627392125
2025-04-19,85063.41305684106,79009.08713692671,3290.4472819268094,2763.8786379875382,90851.06745473434,2699.013200605835,-8486.667598499116,92346.89509696547,2724.7601439976174,-10008.24218412202
2025-04-20,85174.30162916107,79001.06082602718,4329.567467872017,1843.6733352618758,90898.87266727672,-5545.434929289337,-179.13610882632202,92667.01440225821,3785.28235152643,-11277.995124623572
2025-04-21,87518.90503469988,78993.45798494646,5175.382346556705,3350.064703196709,90975.42929688272,-3300.416505641151,-156.1077565416781,92991.66255257616,-3101.217328620739,-2371.5401892555383
2025-04-22,93441.89334755747,78986.27653890273,7719.537917886581,6736.078890768156,91055.30196174649,2507.7545070653014,-121.16312125431432,93325.08127777299,-31.590199084478883,148.40226886895834
2025-04-23,93699.11317603666,78979.5138474293,7583.579811520369,7136.019517086985,91127.18830762296,-462.8433213962286,3034.7681898099254,93672.59330172694,3134.093268673722,-3107.573394364008
2025-04-24,93943.79341612494,78973.16673849286,6267.052590279421,8703.574087352667,91248.51782021255,2750.3397618214412,-55.064165909047006,94036.63656217237,3404.4772891253187,-3497.3204351727472
2025-04-25,94720.4980175858,78967.23157640075,6173.789336228119,9579.477104956939,91613.30854184036,1234.2087255418799,1872.9807502035692,94412.65921281422,773.2866703255183,-465.44786555392784
2025-04-26,94646.92811168196,78961.70431206109,6724.386278821111,8960.83752079976,92648.25981912644,2342.3432871761484,-343.6749946206255,94792.65721263067,145.21484566780344,-290.94394661650585
2025-04-27,93754.84673812396,78956.58052742857,5864.2087742661015,8934.057436429299,93126.64573451065,-3858.6662819644885,4486.867285577799,95169.21915778035,-1553.0961266606944,138.72370700430474
2025-04-28,94978.75250363749,78951.85537328455,4407.490808471116,11619.40632188182,93632.31603784977,-2938.5621910439722,4284.998656831682,95538.0955633571,-2497.196456540924,1937.853396821316
2025-04-29,94284.79162811562,78947.52358535578,4558.247563269976,10779.02047948986,94658.14942523635,1907.2557008785477,-2280.6134979992785,95898.54244316701,-2559.5584688304816,945.8076537790912
2025-04-30,94207.31129752305,78943.57948368165,3346.068243434533,11917.663570406861,95228.97440790269,-867.4128362083152,-154.25027417132515,96251.84311486866,-2449.030343274584,404.49852592896787
2025-05-01,96492.33904923624,78940.0169649537,2844.0741515362297,14708.247932746308,95605.42179262705,1039.321734879548,-152.40447827035678,96599.95190375803,231.13287828871972,-338.74573281050834
2025-05-02,96910.06857772858,78936.82956837193,3410.7474272230265,14562.491582133618,95828.76914167106,1227.2795353853107,-145.9800993277895,96944.78946006231,-1318.3812758926424,1283.6603935589083
2025-05-03,95891.79803431532,78934.01049796345,5518.913809903962,11438.873726447913,96005.92151692824,2187.549375709165,-2301.672858322083,97287.46270529121,-1789.944122272165,394.2794512962719
2025-05-04,94315.97488904891,78931.552653377,7308.318052502454,8076.10418316946,96460.33187295523,-2060.3631510906957,-83.99383281561313,97628.30942867341,-1484.383235604523,-1827.9513040199818
2025-05-05,94748.05147537326,78929.44867755071,7890.265590968477,7928.337206854063,97318.19991065653,-2301.5178315708386,-268.630603712445,97967.28484274856,-1944.286308444312,-1274.947058930993
2025-05-06,96802.47756375965,78927.69097350644,7342.807370348821,10531.979219904388,98728.46832872453,1341.8814957780269,-3267.872260742908,98304.29728379782,-2688.0174355500135,1186.1977155118511
2025-05-07,97032.31896658134,78926.27169216858,5431.905870661102,12674.141403751666,99329.82831109337,-597.7605629518135,-1699.7487815602217,98639.35705251653,-2158.3358234636494,551.2977375284681
2025-05-08,103241.46082980144,78925.18270707213,4244.522343478063,20071.755779251238,100365.04021953857,-722.9309370730527,3599.351547335915,98972.43621404993,-3983.532092843995,8252.556708595497
2025-05-09,102970.84974403249,78924.41563115308,5048.6470991484,18997.78701373101,101464.20540988518,1193.8482927677594,312.79604137955175,99303.20262250231,-1254.9422551436655,4922.58937667383
2025-05-10,104696.3272911721,78923.96182138928,5103.963832467964,20668.401637314848,102407.31759193834,1909.930786279255,379.07891295451554,99630.9655738118,151.9421714580161,4913.4195459022885
2025-05-11,104106.35552626466,78923.81236988073,4823.266001182405,20359.27715520152,102910.70253389541,-840.4264683226269,2036.0794606918644,99954.87344407967,3967.1969374889336,184.2851446960558
2025-05-12,102812.95325154896,78923.95812406477,4279.599978770998,19609.395148713185,103090.60530651803,-1800.7028338817242,1523.0507789126423,100274.03453963577,2111.78124277173,427.13746914145304
2025-05-13,104169.8128818504,78924.38969720267,4026.966874783118,21218.456309864618,103292.12771541541,642.5319896107258,235.1531768242712,100587.64858253134,-2539.600587081251,6121.764886400313
2025-05-14,103539.4170891327,78925.097460563,4660.638988990905,19953.680639578786,103780.21150832187,-488.9363382823737,248.14191909320652,100895.08113968882,2597.0652329130467,47.27071653082385
2025-05-15,103744.6435805224,78926.07155381935,4800.259850261901,20018.312176441148,104585.89489885516,287.34516003738054,-1128.5964783701347,101195.99112375153,2494.566118930008,54.08633784085396
2025-05-16,103489.29171156995,78927.30189342475,3990.6495089110354,20571.34030923416,105015.04192346816,787.863238118191,-2313.6134500164044,101490.4894344466,1937.9740054079728,60.82827171537792
2025-05-17,103191.08547769875,78928.77820383971,3884.0908256058506,20378.216448253195,105451.98533428586,1517.699949775335,-3778.599806362443,101779.35955638831,1344.2422933922378,67.48362791820546
2025-05-18,106446.01055442636,78930.49006297719,3631.985574979552,23883.534916469624,105831.99307118818,-973.5375468523121,1587.5550300905015,102063.62091239465,3892.9109636823214,489.478678349391
2025-05-19,105606.18146754084,78932.42700143662,3314.4358369409397,23359.318629163274,106430.98759454335,-1035.7516594552858,210.94553245278075,102344.14733374666,3181.586267979889,80.44786581429071
2025-05-20,106791.08966171175,78934.57861064887,4504.937498440688,23351.573552622198,106676.94311881709,230.4689004215182,-116.32235752684937,102621.53816651771,4082.8498889613425,86.70160623270203
2025-05-21,109678.07630953676,78936.93456609205,4597.120755675548,26144.020987769152,106727.28701348559,-545.8764693974134,3496.6657654485753,102896.17640187273,-5077.636449226938,11859.536356890967
2025-05-22,111673.28401874512,78939.48458974173,3059.735090063369,29674.06433894002,106734.8940691646,-158.8613594660493,5097.25130904658,103168.17089650773,996.718140043436,7508.3949821939605
2025-05-23,107287.79670682205,78942.21841641678,3527.4058999958024,24818.172390409454,106731.86857288002,311.9274815219193,244.0006524201017,103437.19094231013,3713.844604035863,136.76116047604592
2025-05-24,107791.15754123592,78945.1258147953,3842.931485069705,25003.100241370907,106683.61006770088,1054.042486417991,53.504987117048586,103702.56289678763,3531.314009393348,557.2806350549508
2025-05-25,109035.38703273084,78948.1966537488,4172.351860371912,25914.838518610122,106596.33028708941,61.49793873388586,2377.5588069075457,103963.96626886426,1485.1558883363348,3586.2648755302507
2025-05-26,109440.36835822814,78951.42095066722,3087.675121115948,27401.272286444975,106471.70521099376,-304.29729922030947,3272.9604464546865,104221.14033507282,-1430.5494333931254,6649.777456548443
2025-05-27,108994.64215081916,78954.7888807275,2464.045914436568,27575.80735565508,106209.37028773625,32.99765923934211,2752.274203843568,104473.70059368953,-2473.991819922347,6994.933377051973
2025-05-28,107802.32453606464,78958.2908074035,1760.715155449305,27083.318573211844,106065.280074821,-630.0817189226971,2367.126180166335,104721.10154212394,-2852.853773080763,5934.076767021455
2025-05-29,105641.76069837948,78961.91728239098,1628.228525414934,25051.614890573575,105710.74125294501,-127.9545908746218,58.974036309096846,104962.61843318827,-2835.8020117012397,3514.944276892449
2025-05-30,103998.57224063044,78965.65902060622,1968.9890924339884,23063.92412759023,105574.26371078998,-268.38417227865034,-1307.3072978808923,105197.5831071295,-2122.601262890925,923.5903963918681
2025-05-31,104638.0912550028,78969.50689020463,1498.7197731710971,24169.864591627076,105533.17357095545,691.8939274828919,-1586.9762434355362,105425.32438545545,-1704.4056498890166,917.172519436368
2025-06-01,105652.09856252489,78973.4519313929,218.80110660098114,26459.845524531003,105502.99237939702,184.7596821689922,-35.653499041131,105645.22101605679,-432.60699121506036,439.48453768315085
2025-06-02,105881.53390203086,78977.48538390668,-2904.793253760622,29808.841771884807,105461.46701464942,395.1016313878941,24.965255993549363,105857.14792922355,-1777.5462771630496,1801.9322499703703
2025-06-03,105432.47006660716,78981.5986557335,-5040.566563998463,31491.437974872126,105419.23668795287,-75.71367481268916,88.94705346698174,106061.78915463493,-2277.7007180120268,1648.3816299842583
2025-06-04,104731.98325514748,78985.78330196816,-6605.28916707743,32351.489120256752,105387.80264607313,-650.8919305280656,-4.927460397579125,106260.64341808451,-2792.485997602203,1263.825834665171
2025-06-05,101575.95230618656,78990.03100438355,-8570.107791717302,31156.02909352031,105369.07858504565,355.29630145259466,-4148.4225803116715,106455.34369546379,-3159.5194248774574,-1719.871964399761
2025-06-06,104390.34693847536,78994.33356805267,-8845.862748926174,34241.87611934886,105351.49118951721,-926.4921091657127,-34.65214187614038,106647.53350503228,-2288.1406492385204,30.954082681593718
2025-06-07,105615.62630946375,78998.68291307008,-5931.953610676957,32548.897007070627,105328.83481626972,517.0594346629965,-230.26794146896282,106838.14384858742,-1701.4084559536332,478.89091682995786
2025-06-08,105793.65022752753,79003.0710518515,-5945.413188224389,32735.992363900412,105303.75063560784,427.4175572952047,62.48203462448146,107027.34875424606,-1387.1914496201168,153.49292290158337
2025-06-09,110294.09910557327,79007.49006806963,-7884.762098269335,39171.37113577298,105277.46755377592,-41.72817633943327,5058.359728136784,107214.74322804793,2925.7111119023134,153.64476562303025
2025-06-10,110257.23771236572,79011.93213947493,-8021.607935825693,39266.91350871649,105244.26499883307,-180.43443863274962,5193.407152165397,107399.57476785217,3069.8367202217714,-212.1737757082301
2025-06-11,108686.6276821388,79016.38953572321,-5619.01261322152,35289.250759637114,105218.37080309169,-359.78642327185565,3828.043302318969,107580.77997903702,2571.8580138407588,-1466.0103107389732
2025-06-12,105929.05126272964,79020.85462718814,-6245.285049753704,33153.481685295206,105197.76198793483,593.3547587178031,137.93451607700263,107757.31673582448,-1980.6029296897827,152.33745659493434
2025-06-13,106090.96639466035,79025.31986842514,-5479.200017469229,32544.84654370445,105135.5785079603,-644.1824044582308,1599.570291158292,107929.2134722905,3649.3900960621,-5487.637173692245
2025-06-14,105472.40865288586,79029.77780805265,-4416.757633625411,30859.388478458626,105099.5805792962,319.18514357773824,53.642930011919816,108097.24896442732,2400.890980045697,-5025.731291587159
2025-06-15,105552.02695467696,79034.22113165537,-3866.5536903812012,30384.359513402786,105076.20574758452,588.7297370279123,-112.90852993547742,108262.44023865038,2625.65656665492,-5336.069850628337
2025-06-16,106796.75719868862,79038.64266415687,-4255.230966212964,32013.34550074472,105055.05179903103,-407.7535338433579,2149.458933500937,108426.05775199922,1621.582556909428,-3250.8831102200347
2025-06-17,104601.11682926257,79043.03533826084,-5107.648836538212,30665.73032753993,105050.68688377888,-437.6412917671492,-11.928762749157613,108589.2880229329,4195.4708415704645,-8183.642035240802
2025-06-18,104883.3269261613,79047.39214934949,-6107.448662273471,31943.383439085286,105135.02734878729,-17.76912607987832,-233.93129654611403,108753.34660252409,3202.237757109919,-7072.2574334727105
2025-06-19,104684.28595245376,79051.70611257914,-5401.76439032116,31034.344230195784,105519.57335992552,616.5486680345804,-1451.8360755063331,108919.06996382344,3506.99624362458,-7741.780254994257
2025-06-20,103309.60412452232,79055.97024533407,-4690.34359373051,28943.97747291875,105716.78077245342,-420.47587577193724,-1986.7007721591654,109087.07448534052,-5470.555706767165,-306.914654051041
2025-06-21,102257.4086896794,79060.17756136207,-5481.764078859209,28678.995207176544,105916.43842883466,181.75271854623867,-3840.782457701498,109258.02296631545,1239.2498556421654,-8239.864132278206
2025-06-22,100987.13951905466,79064.32106206147,-4910.486813003288,26833.305269996476,106147.09961412933,690.3055752488158,-5850.2656703234825,109432.46135704842,1694.9485311378417,-10140.270369131598
2025-06-23,105577.77203154765,79068.39375095288,-5977.871856600089,32487.25013719486,106715.50013697837,-1011.2774142560975,-126.45069117462845,109610.37020188736,3705.43720264338,-7738.035372983097
2025-06-24,106045.6320954752,79072.38863887268,-7757.236415762085,34730.47987236461,106934.38534212255,-522.6695932747512,-366.083653372596,109791.41596932053,1800.2865162321577,-5546.070390077482
2025-06-25,107361.260804055,79076.29872849466,-8125.094716472961,36410.0567920333,107058.95647741511,316.5235349453525,-14.219208305468783,109975.18938760484,-1785.7698953823015,-828.1586881675466
2025-06-26,106960.0032689962,79080.11698810972,-8198.475594200005,36078.361875086484,107158.50935096532,650.9009946777297,-849.4070766468649,110161.427496088,-3349.849464057318,148.42523696551507
2025-06-27,107088.43022883116,79083.83634830413,-8134.524597867667,36139.118478394696,107276.22680119956,-150.43282548792567,-37.3637468804809,110350.02402689474,-2977.3742684701506,-284.2195295934216
2025-06-28,107327.7031808139,79087.44972478115,-8703.343269615485,36943.59672564824,107423.61361394204,-91.07411586545908,-4.836317262685043,110540.9763451461,-2962.7292895510045,-250.54387478120043
2025-06-29,108385.57008844725,79090.9500378152,-8209.683794549423,37504.303845181465,107605.84473534473,706.5954782128451,73.12987488968065,110734.29448986333,-1952.8026690335728,-395.92173238251416
2025-06-30,107135.33451056012,79094.33027427077,-8639.622769717234,36680.62700600657,107797.77298004452,-749.5202569173025,87.08178743289318,110930.18532154213,-3705.4837382350242,-89.3670727469871
2025-07-01,105698.27814400056,79097.58351689056,-7767.541015389377,34368.23564249938,107979.11034380023,-556.5803657028565,-1724.251834096809,111129.12463683821,-11.926435770313333,-5418.920057067342
2025-07-02,108859.32386823594,79100.7029206729,-7081.408668040171,36840.0296156032,108158.95908653112,437.9191248506137,262.4456568542082,111331.74288944926,-2373.6049521164446,-98.81406909688667
2025-07-03,109647.97877390998,79103.68171044148,-7120.989863699099,37665.2869271676,108344.57368933238,562.4881870733735,740.9168975042267,111538.5639791343,-2412.239076480891,521.6538712565816
2025-07-04,108034.3390499008,79106.51324674273,-7850.395188191644,36778.220991349706,108506.38223062687,-350.1588644617137,-121.88431626436068,111749.48943441545,-2532.896019072831,-1182.254365441826
2025-07-05,108231.18199019408,79109.19105497844,-7777.509717322666,36899.50065253831,108623.09386358873,-296.3304871253042,-95.5813862693467,111963.56832446947,-3176.621062715403,-555.7652715599834
2025-07-06,109232.06973455714,79111.70884549637,-6985.662781316219,37106.02367037699,108693.19911423278,844.6654366832184,-305.79481635885895,112178.22744917043,-2431.636898895583,-514.5208157177112
2025-07-07,108299.85108759298,79114.06050657578,-8130.460018731778,37316.25059974898,108814.24827215758,-691.0234084000317,176.62622383542475,112390.27138456247,-2067.6743064089196,-2022.7459905605647
2025-07-08,108950.27554318984,79116.24008595772,-8520.78004742013,38354.81550465226,109237.45489997246,-573.5160966152868,286.33673983266635,112597.12576499331,208.61797996429667,-3855.4682017677696
2025-07-09,111326.5512690552,79118.2417903184,-7600.342856856908,39808.65233559371,110083.61359088028,449.8782950237286,793.0593831511942,112797.16083146798,1825.405522709799,-3296.015085122577
2025-07-10,115987.20619684496,79120.06000679798,-7163.315625241205,44030.461815288174,113132.25845531827,775.9113893426952,2079.03635218399,112989.79370459612,1931.9048232320802,1065.5076690167625
2025-07-11,117516.9936684245,79121.68935500647,-7523.452818193732,45918.75713161177,114032.53385790922,-447.36468668101713,3931.8244971962995,113174.55383182626,3152.6180371529954,1189.821799445257
2025-07-12,117435.23005315111,79123.12472380155,-7266.939384453709,45579.044713803276,115030.68180659901,-380.54443597405225,2785.092682526156,113351.04009417749,-1092.5881117557915,5176.778070729415
2025-07-13,119116.11754924672,79124.36128995006,-7872.408696657422,47864.16495595408,117777.43745706893,985.878091524998,352.80200065279496,113518.96097511778,4084.7366570387544,1512.4199170901848
2025-07-14,119849.70572031474,79125.39448660791,-5884.108650200791,46608.41988390763,118294.98050009785,-661.0881669953671,2215.813387212256,113678.40499049159,2715.4033978480843,3455.8973319750658
2025-07-15,117777.18899477556,79126.21997759957,-4869.606975119938,43520.575992295926,118372.59661845792,-662.1684362404364,66.76081255807367,113830.59691112791,2981.324919860189,965.2671637874591
2025-07-16,118738.50603894402,79126.83364153883,-5392.488657137198,45004.16105454239,118366.4741145817,387.6708475639168,-15.63892320159357,113976.89740430145,1859.1229262117408,2902.4857084308314
2025-07-17,119289.8421917949,79127.23157795174,-5628.517013384219,45791.12762722738,118359.58280581296,780.9338990058835,149.3254869760567,114118.8643885658,3651.170146886618,1519.8076563424838
2025-07-18,118003.22449552668,79127.41002932495,-5144.547803019162,44020.36226922089,118354.67363010757,-459.9713741111389,108.52223953024077,114257.10269970325,2962.5220238906722,783.599771932757
2025-07-19,117939.9787390508,79127.36533807834,-4540.216487597237,43352.8298885697,118335.54527136138,-346.8708445993219,-48.69568771125341,114391.60008693756,2609.0811411351124,939.2975109781255
2025-07-20,117300.78574028773,79127.09393219609,-4139.1086104546785,42312.80041854632,118289.03474689218,1210.84677012029,-2199.0957767247455,114522.17283739019,-4053.7280494700303,6832.3409523675655
2025-07-21,117439.53580042763,79126.59235824728,-3217.2885571788297,41530.231999359195,118201.88336119075,-622.7133822184283,-139.6341785446857,114648.4028180666,2550.222103875407,240.91087848562165
2025-07-22,119995.41555183372,79125.8572733067,-3562.343481831914,44431.90176035893,118159.07517722061,-1058.0809934518577,2894.42136806497,114769.65246466036,642.8237158436827,4582.939371329674
2025-07-23,118754.95719433148,79124.88546761112,-4748.985723374381,44379.05745009474,118112.69973562319,178.48095645786879,463.77650225041725,114885.08956224912,3231.831239992833,638.0363920895179
2025-07-24,118368.00324917762,79123.67385794663,-5482.677172859902,44727.00656409089,118099.10492819926,837.8143140731653,-568.9159930948081,114993.61478964097,2900.1800670191074,474.2083925175539
2025-07-25,117635.88107593764,79122.21946827411,-5269.177105949839,43782.83871361337,118100.62958257167,-220.3958161577239,-244.352690476313,115094.19735774252,-1911.6657146171449,4453.3494328122615
2025-07-26,117947.36624220364,79120.51942452177,-4178.561582633662,43005.40840031553,118103.78915202354,-147.6878471558653,-8.735062664040015,115185.66425399168,-1809.786094571242,4571.488082783209
2025-07-27,119448.49032953964,79118.57093253282,-5153.213981196273,45483.133378203085,118104.83023472485,1343.675171384964,-0.015076570183737203,115266.8981492141,-3047.6352282360226,7229.22740856155
2025-07-28,117924.47295271514,79116.37127060367,-4987.504046347137,43795.6057284586,118109.75500643841,-668.6847419258892,483.40268820260826,115337.0034916787,-3109.965023203245,5697.434484239682
2025-07-29,117922.14783690228,79113.91779118705,-5313.932069188553,44122.16211490378,118107.68871158457,-1439.4597265313614,1253.91885184907,115395.30685871441,-1938.2094748686886,4465.050453056567
2025-07-30,117831.1913846234,79111.20790499482,-5024.727281237009,43744.71076086558,118001.92855350448,-253.7278958017169,82.99072692063055,115440.81621241657,-1858.8450359109415,4249.2202081177675
2025-07-31,115758.20392879256,79108.23906977465,-6516.002943158338,43165.96780217625,117364.64160167976,1082.8634890859905,-2689.3011619731988,115472.41600576813,86.9400128156899,198.847910208744
2025-08-01,113320.0859723028,79105.00878658803,-6446.343242532815,40661.420428247584,117145.91838705727,131.66899281732844,-3957.5014075718063,115490.73178718792,-3646.611955076814,1475.9661401916965
2025-08-02,112526.91464251112,79101.51459154408,-7181.666276370206,40607.06632733725,116932.89272728591,162.65390877544468,-4568.63199355024,115497.59203114007,-3237.069490781034,266.3921021520946
2025-08-03,114217.67296910426,79097.75403592284,-7458.853491525003,42578.77242470642,116256.12160772103,1195.647044710209,-3234.095683326974,115495.49958856594,-2438.9649955058126,1161.138376044124
2025-08-04,115071.8843242656,79093.72467377134,-7868.838900635454,43846.99855112971,116087.3695920986,-567.6938597011545,-447.79140813184495,115487.00044270113,-2581.3734897046343,2166.2573712691083
2025-08-05,114141.4417283514,79089.42406444323,-8385.208799002405,43437.22646291058,116009.39919358543,-1852.8270849340165,-15.130380300004617,115473.89488984687,-2474.2768442868096,1141.8236827913497
2025-08-06,115027.99641336882,79084.84977089717,-8224.636908142753,44167.783550614404,116003.39402350479,-776.2711532049063,-199.12645693107333,115456.57801382738,-2357.1071401594086,1928.525539700844
2025-08-07,117496.89739677613,79079.99935326356,-7919.132373988308,46336.03041750088,116016.08319663585,1333.330985034059,147.48321510621463,115434.4507779369,1912.8173874714992,149.62923136772588
2025-08-08,116688.72541225972,79074.8703543585,-6314.200027290737,43928.055085191954,116040.99524765229,440.3037139902966,207.4264506171312,115406.97187891882,510.05271229834676,771.7008210425556
2025-08-09,116500.36205799448,79069.46028850606,-6643.448172725308,44074.34994221374,116109.64811643594,418.1690355401077,-27.455093981567188,115374.0464791044,744.1615329013365,382.1540459887474
2025-08-10,119306.7614218206,79063.76663600188,-7183.463922121135,47426.45870793986,116349.54666463657,917.6240815944956,2039.5906755895412,115335.29199911632,4149.367881467992,-177.89845876370964
2025-08-11,118731.44703271524,79057.78684599113,-8050.857977897116,47724.51816462123,116435.89445060884,-580.952062815617,2876.50464492201,115289.79975859374,206.48664754008297,3235.160626581419
2025-08-12,120172.90705994038,79051.51838429928,-7957.582599992586,49078.97127563368,116509.27673529845,-1606.4858728703077,5270.116197512238,115236.86450639552,4372.900524057914,563.1420294869458
2025-08-13,123344.05980564863,79044.95875145192,-7616.1769968171875,51915.2780510139,116579.8949044894,-1247.6273157037126,8011.792216862945,115175.99908942207,199.78722372907427,7968.273492497494
2025-08-14,118359.58057053133,79038.10546761181,-8441.424320681484,47762.899423601004,116717.83855166515,1519.498411467677,122.2436073985009,115107.26534596561,3369.940952451315,-117.62572788560647
2025-08-15,117398.34798296848,79030.95605949312,-8821.6794559235,47189.071379398854,116705.98689445494,563.6343647768657,128.72672373667592,115030.96904327958,2345.2205010432904,22.15843864560884
2025-08-16,117491.34838952529,79023.50808134432,-8914.848332899186,47382.68864108015,116658.70813265465,708.8637895184696,123.77646735217422,114948.16139798371,3399.3066765501767,-856.119685008598
2025-08-17,117453.06271004087,79015.7591517132,-7883.151755460108,46320.45531378778,116610.52622959261,735.9403318812803,106.59614856698317,114860.41455354673,2529.0245593553063,63.623597138837795
2025-08-18,116252.31193585282,79007.70694408646,-8067.371715856455,45311.976707622816,116528.99756266971,-355.67094401683704,78.98531719994207,114769.30444625771,1680.2943011807993,-197.2868115856836
2025-08-19,112831.17599435216,78999.34931203595,-5145.012599347394,38976.839281663604,116312.07404883897,-1257.248170008444,-2223.6498844783637,114676.23655956727,-2330.0313103571866,484.97074514206906
2025-08-20,114274.74078424778,78990.68429198452,-3063.70134210796,38347.75783437122,115912.42072470652,-1275.4545402189644,-362.2254002397676,114582.51932905079,-384.38376106472776,76.60521626172704
2025-08-21,112419.0275001688,78981.71027811182,554.2403754955501,32883.07684656144,114814.9970836681,1822.3479289094823,-4218.317512408787,114488.94133813684,-2112.6847328515537,42.77089488352067
2025-08-22,116874.08747167834,78972.42630267782,-317.09194250049836,38218.75311150102,114371.15829272194,-71.88161730201114,2574.810796258418,114396.0955556274,3055.677731815255,-577.6858157643146
2025-08-23,115374.33119301296,78962.83207892343,941.7503251604094,35469.74878892912,113893.57771079101,-206.9614581453804,1687.7149403673247,114304.2946924351,1827.1662315155104,-757.1297309376532
2025-08-24,113458.43223556846,78952.92793824497,1628.350565448207,32877.15373187527,113101.40172965868,449.4431813090848,-92.41267539930413,114213.71987681827,-815.7501741456888,60.46253289587912
2025-08-25,110124.35092751397,78942.7146290606,1396.2522616056856,29785.38403684768,112807.67670341172,-183.8415859436227,-2499.484189954135,114124.66994843194,-41.42827377950917,-3958.890747138459
2025-08-26,111802.655570345,78932.19319904088,1252.910766304114,31617.551605,112632.10845245176,-705.749577387907,-123.70330471885973,114037.42262284459,-2599.3983531864296,364.63130068684404
2025-08-27,111222.06071709516,78921.36499653556,1349.532099967339,30951.163620592255,112553.0501267585,-995.675574478964,-335.3138351843809,113952.23213050589,-2520.9664900129474,-209.20492339778866
2025-08-28,112544.80198550066,78910.23157536333,102.01622369738641,33532.55418643994,112453.70677948608,2265.676847410594,-2174.581641396013,113869.28429481585,-1693.260032369369,368.77772305416875
2025-08-29,108410.83814224058,78898.79467636383,269.018880002851,29243.024585873893,112253.5173853117,-661.8176677348512,-3180.8615753362683,113788.64787057522,-691.8962210192569,-4685.913507315388
2025-08-30,108808.07171289565,78887.05622241188,-423.32196291617214,30344.337453399945,112171.14000520809,-950.6996736818717,-2412.3686186305713,113710.20131317482,190.76230682505167,-5092.891907104233
2025-08-31,108236.70989599932,78875.01830402069,96.41109443732267,29265.280497541302,112107.71902471366,1048.88972861775,-4919.898857332097,113633.61136945024,-5178.93058217225,-217.97089127867366
2025-09-01,109250.59479697637,78862.68316820766,-709.5953444908,31097.5069732595,112004.05444963314,-199.5206788760844,-2553.9389737806923,113558.43964597992,-4383.832177384948,75.98732838139404
2025-09-02,111200.58721221588,78850.05323055803,-702.5464630073166,33053.08044466516,111989.56813759831,-761.5782788695915,-27.402646512840874,113484.20912671527,-2077.5926816838064,-206.02923281559197
2025-09-03,111723.21332532945,78837.13109233962,2184.808918231503,30701.27331475832,112011.0816527261,-256.69378548525964,-31.17454191140132,113410.53495494022,-1574.1066681904654,-113.2149614203081
2025-09-04,110723.60008051526,78823.91956775001,823.6244715309703,31076.056041234275,112055.69717507888,2967.4344242331413,-4299.531518796764,113337.1492321694,-2448.2713074278868,-165.27784422624973
2025-09-05,110650.98827940196,78810.42169969123,1276.6612906821742,30563.905289028567,112110.51048149233,-1323.2132071533865,-136.30899493697507,113263.90254583779,-1944.7907343909562,-668.1235320448613
2025-09-06,110224.6977364094,78796.64073894343,3144.26344096841,28283.793556497563,112179.5014087864,-1815.7189958971287,-139.08467647986254,113190.73087888393,2130.148444521105,-5096.181586995634
2025-09-07,111167.61951830324,78782.58013462283,1887.280309515422,30497.75907416499,112254.32365614861,1240.1001120980807,-2326.8042499434523,113117.59728933434,91.04854653939259,-2041.0263175704895
2025-09-08,112071.43108853843,78768.24354459978,1284.7820450221866,32018.405498916458,112344.10701412309,-168.57443634145247,-104.10148924319947,113044.54105007426,-1107.1309436364904,134.02098210067197
2025-09-09,111530.5499815784,78753.63484055651,155.97208271219893,32620.9430583097,112473.7706060399,-1231.675861820907,288.45523735940515,112971.69322499186,3184.433960511806,-4625.577203925262
2025-09-10,113955.3589546047,78738.7580994395,-1428.9192071199436,36645.520062285155,112627.39378561545,-843.1163337469701,2171.081502736226,112899.17385924072,1073.96777914208,-17.78268377810309
2025-09-11,115507.53752685408,78723.61762523634,-702.2062152447127,37486.12611686246,112789.581912695,2722.7173142208885,-4.761700061804731,112827.07297942216,2900.1352726559626,-219.67072522403032
2025-09-12,116101.58089647564,78708.21796306736,-15092.756803796437,52486.11973720473,112955.92175538554,-226.80792667367837,3372.467067763777,112755.52069108118,3219.2220575605697,126.83814783388516
2025-09-13,115950.50504922486,78692.56389243786,-12137.196675903233,49395.137832690234,113201.3324386683,-514.4726492152597,3263.645259771816,112684.37947435402,3057.7651826341144,208.36039223671833
2025-09-14,115407.65444742888,78676.66038910387,-12743.02849203589,49474.02255036091,113585.03092063569,1746.2577944632915,76.36573232989758,112612.98382537752,2199.9096607366932,594.7609613146633
2025-09-15,115444.87270833744,78660.51257013176,-13904.27319016747,50688.63332837315,113785.67102293418,-1182.4547132973241,2841.6563987005793,112540.59978574717,2661.6709870894915,242.6019355007884
2025-09-16,116843.1842506891,78644.12565867383,-15331.893887168442,53530.95247918372,114246.77609853802,-2028.9278224873417,4625.335974638423,112466.46582763817,1109.9184425443987,3266.7999805065338
2025-09-17,116468.50738952006,78627.50496850438,-12681.37537137364,50522.37779238932,114436.98085462674,-1225.514051893278,3257.040586786592,112389.81492281893,16.19933774045049,4062.4931289606902
2025-09-18,117137.20246008378,78610.6558946749,-11259.829421630655,49786.37598703953,114547.66943831115,2707.4430325564726,-117.91001078384579,112309.5218881127,-1176.1415527539898,6003.822124725077
2025-09-19,115688.8628180112,78593.58391612904,-10607.72784837783,47703.00675026,114629.21007223154,997.821735765119,61.83101001454634,112223.85358255418,-1350.0768724698455,4815.086107926865
2025-09-20,115721.95820758064,78576.29458407106,-11379.978083872269,48525.641707381845,114686.14257332911,993.5350150227737,42.280619228753494,112130.61470944493,3198.261648303479,393.0818498322333
2025-09-21,115306.097161289,78558.79351448448,-9931.062164660221,46678.36581146474,114712.78352500698,566.6284404162355,26.685195865793503,112028.41765718885,2421.109749683844,856.5697544162977
2025-09-22,112748.5056232456,78541.08637553087,-9155.608613636145,43363.02786135087,114730.90591092418,-1876.5558860288197,-105.84440164976695,111917.53296345274,1079.7201456756857,-248.74748588283546
2025-09-23,112014.49967651637,78523.17887624817,-10434.130437631982,43925.45123790017,114770.68537265317,-2793.9743029130586,37.78860677625926,111799.19325812763,-15.418369801435233,230.72478819017124
2025-09-24,113328.6304088566,78505.07674532215,-9327.635057587378,44151.18872112183,114888.33907693,-1629.7227871610407,70.01411908763112,111674.1021531879,1426.4459108284077,228.08234484029526
2025-09-25,109049.28795700168,78486.78572438301,-10781.195476329873,41343.697708948544,115077.74509596502,2937.7781280412355,-8966.235267004566,111542.93548201269,-2718.00445764113,224.35693263012217
2025-09-26,109712.831518274,78468.31158063277,-9045.752529918449,40290.272467559684,115352.38582554129,909.9234369309717,-6549.477744198259,111407.09369934481,-1913.8682834233634,219.60610235255444
2025-09-27,109681.9424831994,78449.66010661922,-9137.709710814404,40369.99208739458,116170.00046289194,858.9887795982241,-7347.046759290766,111268.01882243791,-2009.9042052483392,423.82786600982945
2025-09-28,112122.63915061476,78430.83711493757,-9016.812712806306,42708.614748483495,116455.9806113774,2028.7758965484588,-6362.117357311086,111126.62484234173,788.696598576061,207.3177096969739
2025-09-29,114400.3864282159,78406.35765001243,-7888.230450774763,43882.25922897823,116880.39694479035,-2671.5979897055454,191.58747313110507,110983.2220064932,-1253.0451334517184,4670.209555174413
2025-09-30,114056.08364749928,78381.89464760137,-10054.420689251927,45728.609689149846,117187.9102751285,-1168.679018786154,-1963.1476088430645,110837.77356470014,-4093.304679338037,7311.614762137178
2025-10-01,118648.92858787146,78357.44815159269,-13187.526060551358,53479.006496830116,117260.79342539226,-1113.6445593026676,2501.7797217818734,110690.08724595656,-3576.0622272112596,11534.903569126152
2025-10-02,120681.25972334214,78333.01822243744,-13772.996198184568,56121.23769908925,117277.32286187485,3246.770289771674,157.16657169560494,110539.97204322665,-3458.052920777949,13599.34060089344
2025-10-03,122266.53272819234,78308.6049478453,-13889.693264723363,57847.62104507038,117308.69470368078,-1519.7410539852171,6477.5790784967685,110387.2907814992,-1476.7374102523756,13355.979356945507
2025-10-04,122425.42872954252,78284.20845062762,-12498.760990534309,56639.981269449214,117357.47978376996,-1085.2983139386654,6153.247259711221,110231.95672520896,-1060.1397589584285,13253.611763291978
2025-10-05,123513.47371396708,78259.82889408148,-12337.289968456203,57590.934788341794,117412.8313357109,3115.283753127197,2985.3586251289817,110073.85893823457,-1258.3763733692836,14697.9911491018
2025-10-06,124752.52835209736,78235.46648528198,-11436.32574576193,57953.38761257731,116851.1573254655,-1299.9090526920056,9201.280079323871,109912.80261027916,2353.934599109747,12485.791142708447
2025-10-07,121451.37907032672,78211.12147663192,-12249.6433390168,55489.90093271159,114113.08715248539,-14.553892405331947,7352.845810246654,109748.3601864374,-322.29474319046415,12025.31362707977
2025-10-08,123354.87033539126,78186.79416590942,-12620.764353197594,57788.84052267943,111303.95542569488,-342.7509872661296,12393.665896962513,109578.36117446862,-651.3108371709635,14427.819998093604
2025-10-09,121705.5822667133,78162.48489516306,-14573.112421739346,58116.209793289585,110766.70255228077,2338.6733146650163,8600.206399767514,109399.07216665718,2466.5459531810734,9839.964146875049
2025-10-10,113214.36599312934,78138.19404861373,-15186.64007918649,50262.81202370209,110744.12711273169,-3872.453184367523,6342.692064765171,109207.07196756544,3068.787167126469,938.506858437424
2025-10-11,110807.87931986216,78113.92204982982,-12786.544390092558,45480.50166012489,110719.42053384971,-3067.8764136213335,3156.3351996337733,109000.44466854483,2114.0388057308223,-306.60415441349323
2025-10-12,115169.76392469808,78089.66935832797,-12017.478171401865,49097.572737771974,110675.33566203089,4378.079053298299,116.3492093688983,108777.54627758563,3573.9951099086984,2818.22253720375
2025-10-13,115271.07513679352,78065.4364657579,-12475.304687565946,49680.943358601566,110617.96000506893,-578.2197199228825,5231.334851647465,108539.06131235306,3082.9680801927484,3649.0457442477054
2025-10-14,113118.66715980553,78041.22389184429,-8607.683997197644,43685.12726515888,110559.926853766,2401.399931205244,157.34037483428256,108288.76957742858,1876.8021989335487,2953.0953834433894
2025-10-15,110783.16685486272,78017.0321801602,-7186.187576472257,39952.32225117477,110486.5611733275,157.6343612123307,138.97132032288937,108030.93090350517,1726.08762017908,1026.1483311784687
2025-10-16,108186.03847532927,77992.86189383564,-6720.368653732943,36913.545235226586,110395.84357734355,1224.8569959749025,-3434.662097989174,107769.42820194682,-106.3992217751141,523.0094951575593
2025-10-17,106467.78522769098,77968.71361132787,-7061.437170383834,35560.508786746956,110296.2886964063,-3866.308805268385,37.80533655307954,107507.62149948977,-1031.517701475058,-8.31857032373955
2025-10-18,107198.26685138312,77944.5879222401,-5810.548464876155,35064.227394019166,110187.1326020314,-2963.67542280673,-25.1903278415557,107247.06162424592,-1270.0558997051294,1221.2611268423207
2025-10-19,108666.71152632662,77920.48542332955,-5730.839093948729,36477.0651969458,110084.96211087813,4580.554541472508,-5998.805126024017,106984.99512640249,-2363.0717849208213,4044.788184844947
2025-10-20,110588.93015945522,77896.40671465867,-5201.488234387974,37894.01167918452,109990.56086323272,726.5168285296555,-128.14753230714996,106716.09201218383,1105.2925439934504,2767.5456032779475
2025-10-21,108476.88697879824,77872.35239600182,-7285.353549893344,37889.88813268977,109913.00149559393,-1279.1852013938988,-156.92931540179416,106434.60598799583,1815.837210719668,226.44378008274361
2025-10-22,107688.58812261626,77848.32306347054,-6585.707598688996,36425.97265783472,109850.16774811882,483.8520153090186,-2645.4316408115847,106136.56461573078,892.9629149608895,659.0605919245863
2025-10-23,110069.72291805924,77824.31930638687,-7498.525944978204,39743.929556650575,109786.59164126695,444.58055803967966,-161.4492812473909,105821.0482399304,-126.93279009123442,4375.607468220071
2025-10-24,111033.923080974,77800.34170442489,-5607.858543424913,38841.439919974015,109734.98037467501,-2438.656975815568,3737.5996821145527,105490.05969218048,667.359175032238,4876.504213761276
2025-10-25,111641.73000798358,77776.3908250328,-7878.433403253938,41743.77258620472,109701.66361455526,-2251.035007891748,4191.101401320077,105147.46743837117,-1906.5035959504053,8400.766165562818
2025-10-26,114472.443362309,77752.46722107551,-7534.103235469073,44254.07937670256,109667.24456869107,3014.279985321143,1790.9188082967885,104797.5599983728,-1681.111097850192,11355.994461786395
2025-10-27,114119.32479048047,77728.57142877874,-6544.889681948891,42935.64304365062,109636.44822626395,1847.2332544046387,2635.643309811887,104443.89813362167,-1930.0462425660237,11605.472899424829
2025-10-28,112956.1663764569,77704.70396589357,-4253.847025039351,39505.309435602685,107277.04170857975,-360.7409273931744,6039.865595270312,104088.65123670244,-29.296144887012446,8896.811284641473
2025-10-29,110055.30286229074,77680.86533011029,-960.2521981779993,33334.689730358456,106807.42157830318,428.8686970637168,2819.01258692384,103732.24377580537,-4045.798559221466,10368.857645706841
2025-10-30,108305.54876178248,77657.05599770039,-1466.6283309855144,32115.121095067618,104369.4132398645,-852.813923374292,4788.949445292281,103374.49385172308,-3185.3893507615826,8116.444260820994
2025-10-31,109556.16087014778,77633.27642237028,-3865.7756597556004,35788.6601075331,104164.28757050639,-1215.1773958757476,6607.0506955171295,103015.11588650501,-2702.452721345897,9243.497704988666
2025-11-01,110064.0174011764,77609.52703431853,-4741.121917044934,37195.61228390281,103960.43597927837,-1625.372660439686,7728.954082337717,102653.99212136018,-1449.0766971034584,8859.101976919686
2025-11-02,110639.62631101506,77585.80823948873,-5194.487160748949,38248.30523227528,103805.06380656183,1467.7716526315012,5366.79085182173,102291.25659772083,-877.2123719953438,9225.58208528957
2025-11-03,106547.51960408686,77562.12041897747,-6342.0503917011865,35327.44957681057,103698.65030154889,2088.198677235612,760.6706253023585,101927.23725358638,140.8967203414766,4479.3856301589985
2025-11-04,101590.52231689313,77538.46392862679,-7831.6178219036665,31883.67621017,103631.48192646443,-497.14475784942283,-1543.8148517218797,101562.24499335249,-106.83921697495414,135.11654051559162
2025-11-05,103891.83548171548,77514.83909873804,-5959.263932447131,32336.26031542456,103582.8100698495,476.2504439594177,-167.22503209343995,101196.5720843837,2811.6353268221314,-116.3719294903567
2025-11-06,101301.29047559638,77491.2462339391,1672.8217747866006,22137.222466870677,103532.14344508879,-2102.229363881774,-128.62360561062815,100830.39097150098,-466.9464731936737,937.8459772890783
2025-11-07,103372.40671821768,77467.68561317494,2404.4226639082576,23500.29844113448,103476.70210691447,-20.35595118867346,-83.93943750811741,100463.69177776761,-561.536405910227,3470.2513463602954
2025-11-08,102282.11404970972,77444.15748977197,3881.0238532794033,20956.93270665835,103420.55456570371,-1083.1594298660632,-55.281086127928575,100096.39928668678,2314.3303948056628,-128.61563178271172
2025-11-09,104719.6388959132,77420.66209165189,3358.8545283921226,23940.122275869187,103372.10053343297,1340.8416603119872,6.69670216825034,99728.8992745313,3931.4000368181387,1059.339584563757
2025-11-10,105996.59709213124,77397.19962159071,7905.906060985178,20693.491409555354,103334.80917195826,1446.7573466012748,1215.030573571712,99361.84260882142,2292.3172042275824,4342.437279082238
2025-11-11,102997.47104313906,77373.77025756898,23477.838022226566,2145.86276334351,103168.22490119073,-256.3666459525624,85.61278790088545,98995.27982705529,3839.86402054605,162.32719553771312
2025-11-12,101663.18673793318,77350.3741521292,22179.008144906504,2133.804440897482,102457.47256229537,313.6814805317803,-1107.967304893973,98629.35797772717,3621.1240813070945,-587.2953211010754
2025-11-13,99697.49064364484,77327.01142869162,21968.68116211087,401.79805284235044,98797.1336556613,-1072.8597496131204,1973.2167375966674,98264.68996639477,1463.6767056271292,-30.876028377067996
2025-11-14,94397.78783274571,77303.68218215778,16658.257336666404,435.84831392153865,97536.28416775996,-113.9721165426659,-3024.52421847159,97902.08005956109,462.0406850322023,-3966.3329118475813
2025-11-15,95549.14593724244,77280.38648302574,18732.210318883725,-463.4508646670147,96254.30845856313,-585.2349182303906,-119.92760309029836,97542.19857277218,-1473.279233167898,-519.7734023618395
2025-11-16,94177.07448088586,77257.12437926707,17368.70929015096,-448.75918853217445,93642.19761047384,877.0955212566131,-342.21865084460296,97185.5589170433,-1674.643749190888,-1333.8406869665487
2025-11-17,92093.87420869817,77233.89589869995,15407.816149789962,-547.8378397917404,92161.84764114876,-29.291051403032064,-38.68238104756165,96832.55123756878,-1521.9237621627133,-3216.7532667079067
2025-11-18,92948.87239203356,77210.70105004287,16267.148956196961,-528.9776142062765,91655.13096009547,88.77739013961947,1204.9640417984774,96483.95293434263,-3362.228410209816,-172.85213209924405
2025-11-19,91465.9890743479,77187.53982365661,14575.513361429772,-297.06411073847266,91306.84136921098,401.38290951089726,-242.23520437396655,96140.65311363134,634.2976333948486,-5308.961672678284
2025-11-20,86631.89856890481,77164.4121920671,7246.334230221893,2221.1521466158156,90826.94057969625,-24.635708532511373,-4170.406302258925,95803.28790462058,781.5669745498909,-9952.956310265654
2025-11-21,85090.68611401643,77141.31810901775,6171.819112882467,1777.5488921162032,90548.95867586246,-801.2779547268739,-4656.994607119166,95472.18125116544,565.8262025156789,-10947.32133966469
2025-11-22,84648.35672859022,77118.25750582265,5734.097366441257,1796.0018563263147,90314.38445205607,18.657165321690254,-5684.6848887875385,95147.58912265979,-46.92819600241876,-10452.30419806714
2025-11-23,86805.00807555199,77095.23029191252,7722.328292362106,1987.4494912773662,89886.8665763431,420.7615870403504,-3502.6200878314703,94829.52014216059,-219.84158414671535,-7804.670482461879
2025-11-24,88270.56197381225,77072.23635583374,9078.660910698636,2119.6647072798805,89834.25468239674,-838.7358970979856,-724.9568114865106,94517.66792606773,-1409.5075537043188,-4837.59839855117
2025-11-25,87341.8937506326,77049.27556580186,8814.944539894994,1477.6736449357559,89868.15536045855,397.77848484144795,-2924.040094667391,94211.45592575887,-1337.0871676341908,-5532.475007492074
2025-11-26,90518.36958272244,77026.34777060164,13900.755834394327,-408.734022273522,89945.57743491483,473.63604438785507,99.15610341976571,93910.11988573706,-1851.8433734548364,-1539.9069295597874
2025-11-27,91285.3723441706,77003.45280224502,12229.107910522936,2052.8116314026265,90043.021226149,1263.4473681311108,-21.09625010950549,93612.84025083779,-567.9036930669644,-1759.564213600228
2025-11-28,90919.26943415534,76980.5904791684,12004.666713470066,1934.0122415168735,90150.44353611638,-2007.0347170534274,2775.860615092388,93318.95442847398,-2170.0847357653565,-229.60025855328422
2025-11-29,90851.75406527554,76957.76060373097,11380.86650212102,2513.126959423549,90282.8393839405,535.8114598336307,33.10322150141292,93028.18134971225,-1940.1124077836353,-236.3148766530794
2025-11-30,90394.30894781704,76934.96296201221,11214.62731926941,2244.718666535424,90425.06767548561,-48.1255473471338,17.366819678572938,92740.85901098694,-2103.2511096884896,-243.29895348141144
2025-12-01,86321.56994630139,76912.19732396821,7552.276655376207,1857.095966956971,90538.92373721214,-912.2123797540419,-3305.1414111567137,92458.08160751067,-565.7302331428571,-5570.7814280664315
2025-12-02,91350.20542595384,76889.46344459652,13244.35686344977,1216.3851179075573,90640.02630731418,664.4456940080759,45.733424631587695,92181.60877185383,-559.6932840536543,-271.71006184633006
2025-12-03,93527.80380024506,76866.76106565815,16534.56189098226,126.48084360465873,90734.84868218582,585.2167066724938,2207.7384113867447,91913.34914083075,2052.4583054243335,-438.0036460100091
2025-12-04,92141.62228747756,76844.08991793754,13201.2991730004,2096.233196539615,90821.70115231065,1207.599274041651,112.32186112525233,91654.57368612375,1206.4086639377474,-719.3600625839463
2025-12-05,89387.75440990008,76821.44972308195,11088.629420079325,1477.6752667388064,90923.28181187798,-1612.9192179916056,77.39181601369637,91406.53676278744,3230.1012130512977,-5248.883565938653
2025-12-06,89272.37384596534,76798.8401919101,10899.053065879103,1574.4805881761422,91024.47648198262,325.73766420424215,-2077.84030022152,91171.01240699683,-733.0048080092221,-1165.6337530222663
2025-12-07,90405.63851087492,76776.26102520677,12086.727136303645,1542.650349364514,91108.32568680844,-236.66550352850737,-466.0216724050115,90950.30001776965,-245.45074595007935,-299.2107609446539
2025-12-08,90640.20558110252,76753.71191446821,12428.797101192305,1457.6965654420055,91174.17477446725,-630.3730314451655,96.40383808044135,90745.50111104465,330.75393225282426,-436.0494621949474
2025-12-09,92691.70747023897,76731.19254256749,15766.484476858399,194.03045081307937,91223.81325177001,170.01227932693706,1297.881939142011,90557.03608376598,4320.182668756701,-2185.511282283711
2025-12-10,92020.94573500572,76708.70258495412,14560.996207270095,751.246942781494,91269.62615004863,452.5198678824837,298.79971707460936,90384.80381153064,2864.2293016409135,-1228.0873781658302
2025-12-11,92511.33916341137,76686.24171180929,13632.47826723065,2192.619184371433,91313.76707876442,1177.8512786179112,19.72080602904316,90226.85518483652,4166.616578708088,-1882.1326001332345
2025-12-12,90270.41280218972,76663.80958769488,11871.918312668324,1734.6849018265202,91353.50236397788,-1099.2849123702174,16.195350582056562,90080.77542234653,4555.494591125168,-4365.857211281982
2025-12-13,90298.71011722588,76641.40587006281,11924.928863379248,1732.3753837838303,91347.10471295968,141.99207670956946,-1190.3866724433756,89944.43616977532,678.6370354660123,-324.3630880154524
2025-12-14,88175.17740990703,76619.03020993018,9812.711363417648,1743.4358365592052,91102.1127488548,-140.0689769743171,-2786.8663619734434,89816.28828132748,-1295.4850306672524,-345.6258407531859
2025-12-15,86419.78052359246,76596.68225255597,8256.087160191308,1567.011110845182,90150.61345462082,-319.00828737967316,-3411.8246436486806,89694.53245935484,-3054.6648252639416,-220.08711049843987
2025-12-16,87843.98630649646,76574.361637992,9174.703433358354,2094.921235146103,89858.82421340051,-66.25967409274946,-1948.5782328112982,89577.81305051435,-1691.5229352030824,-42.30380881480232
2025-12-17,86143.75766353737,76552.06800164348,7954.611726803004,1637.0779350908851,88877.36398191024,250.7366197685694,-2984.3429381414317,89465.15923935141,-2967.9255392508567,-353.47603656318097
2025-12-18,85462.50638053521,76529.8009742653,7235.884476589113,1696.8209296808054,88559.50422447755,1057.3156609973973,-4154.313504939739,89355.7185082561,-3279.691128314944,-613.5209994059551
2025-12-19,88103.3806268365,76507.56018282483,9986.74218022396,1609.0782637877128,88468.22728384956,-671.2581951250725,306.41153811202093,89249.4488794658,-792.3235938268567,-353.74465880243224
2025-12-20,88343.9985724906,76485.34525102492,10351.782599742139,1506.8707217235497,88420.61493603638,-14.610993813608246,-62.00536973217095,89146.68145579036,-450.26436779113664,-352.4185155086161
2025-12-21,88621.75041510115,76463.15579982744,10933.432946626617,1225.1616686470952,88365.031257884,108.81885781601787,147.9002994011389,89047.91055578276,-75.97644267833829,-350.18369800326764
2025-12-22,88490.01920050828,76440.99144808725,12180.789981915277,-131.76222949425573,88300.13415500913,-133.09198230761749,322.977027806759,88953.74027642139,-116.60165819983229,-347.11941771328566
2025-12-23,87414.00058157048,76418.85181370251,10837.548226655857,157.6005412121158,88221.59753944117,-734.5660761172051,-73.03088175348239,88864.77833512059,-1107.4479427430524,-343.3298108070594
2025-12-24,87611.96148879152,76396.73651556134,9499.489906810955,1715.7350664192345,88122.40655674442,39.01253007813111,-549.4575980310328,88781.46993938385,-830.565971986024,-338.94247860630276
2025-12-25,87234.73832648946,76374.64517338027,8955.186181319446,1904.906971789751,88006.69619503235,974.721489270449,-1746.6793578133365,88703.90088823339,-1135.059010848552,-334.10355089537916
2025-12-26,87301.43224029081,76352.57740594684,10133.846669219456,815.0081651245273,87898.75124421054,-579.534271410999,-17.78473250872048,88631.68265700639,-1001.2811487740353,-328.96926794153114
2025-12-27,87802.15521238666,76330.53283108526,13237.802601967764,-1766.1802206663706,87822.18491496563,-174.68230264266052,154.65260006368044,88564.04210049115,-943.367751051424,181.48086294693348
2025-12-28,87835.83351148131,76308.51106789138,13725.717701934744,-2198.3952583448117,87785.16905764848,51.22013234316037,-0.5556785103399307,88500.03152323088,-1173.0935707097042,508.89555896013917
2025-12-29,87138.14323922966,76286.51174029452,12481.828329931448,-1630.1968309963122,87776.18296524115,-194.72938384118476,-443.31034217031265,88438.80545546778,-1441.3988776861058,140.73666144798335
2025-12-30,88430.13611966866,76264.5344781381,13017.77686791458,-852.1752263840172,87774.28862282234,815.6598987420913,-159.81240189576056,88379.62665263424,-987.9149454227471,1038.4244124571705
2025-12-31,87508.82507954576,76242.57891647566,12611.505019053402,-1345.2588559833093,87799.3783098163,-265.3986771719217,-25.154553098618635,88321.74326363506,-509.1998549777164,-303.7183291115798
2026-01-01,88731.98665684077,76220.64469472818,13785.807665044957,-1274.465702932357,87990.58237986903,684.696580407502,56.70769656424818,88264.56862051025,571.6525450432057,-104.2345087126887
2026-01-02,89944.69385915893,76198.73145704615,15661.01253991527,-1915.0501378024928,88445.93306615345,-780.6556649186889,2279.4164579241624,88207.76589671541,1529.2579251596408,207.6700372838677
2026-01-03,90603.18914080271,76176.83885255463,16652.183733136717,-2225.8334448886308,89460.960341703,-638.2788553416495,1780.5076544413605,88149.16793688321,2171.1332620200797,282.88794189941837
2026-01-04,91413.4925215554,76154.96653608858,17334.8522714926,-2076.326286025782,89871.376888479,-355.09023415187653,1897.2058672282728,88075.8705195185,3023.140059082948,314.48194295394933
2026-01-05,93882.553031637,76133.1141685947,19019.252971636448,-1269.814108594146,90283.64796455172,-401.98276769703824,4000.8878347823193,87958.82826668484,-1279.9971598763555,7203.721924828511
2026-01-06,93729.0297195824,76111.28141681915,20397.574541665446,-2779.826238902213,91240.3203199668,2300.868998222027,187.84040139356512,87759.02333993302,-752.3205145149626,6722.326894164347
2026-01-07,91308.05471910894,76089.4679528047,16601.751508305653,-1383.164742001405,91505.0075239671,-174.69189591351372,-22.26090894464869,87449.06269022566,-1149.3188540954834,5008.310882978767
2026-01-08,91027.12672681989,76067.67345476619,15679.57501153721,-720.1217394835112,91570.52762657315,595.1218636845794,-1138.5227634378389,87023.6740498735,3061.3463766791406,942.1063002672454
2026-01-09,90513.09815121775,76045.89760593249,13945.94523450993,521.2553107753338,91592.39472311203,-1084.101189546014,4.804617651738226,86513.69851327193,2590.8013211230386,1408.598316822783
2026-01-10,90386.65112414268,76024.14009324618,15015.549014235132,-653.0379833386396,91612.32491263034,-1252.8057801687303,27.131991681060754,85964.9779865458,3354.963800809537,1066.7093367873458
2026-01-11,90827.45983339568,76002.40060630112,15330.022764280751,-504.9635371861805,91634.46897674259,-867.8535431548266,60.84439980791649,85419.70850300704,3737.1070128725746,1670.6443175160675
2026-01-12,91192.98949135577,75980.67883824072,15544.962926649556,-332.65227353452065,91659.92820792677,-571.0162064939555,104.07748992294364,84901.81619668049,1087.3554979501914,5203.817796725081
2026-01-13,95321.77950504515,75958.97448591611,18240.258205669877,1122.5468134591647,91684.22633351276,3586.1166811934236,51.436490338965086,84418.09941809617,-373.80495648901166,11277.485043437991
2026-01-14,96929.33087830324,75937.28724936186,20203.948262102676,788.0953668387083,91704.4184698044,-318.5029169564215,5543.415325455266,83965.74746488634,-548.1087106686601,13511.692124085559
2026-01-15,95551.18985531712,75915.61683051362,20996.82837000806,-1361.2553452045686,91721.66952212658,182.5064306601452,3647.0139025303943,83538.26988850145,802.3327057687662,11210.587261046894
2026-01-16,95525.11884117454,75893.96293379102,20732.97963362174,-1101.8237262382172,91735.51136697123,-1389.460725208236,5179.068199411544,83128.67713732252,-697.9651291058015,13094.406832957815
2026-01-17,95099.92254408402,75872.32526818868,22130.373368829172,-2902.7760929338256,91743.18455490808,-543.5404762036637,3900.2784653796116,82730.77660657778,-2270.163729595285,14639.309667101523
2026-01-18,93634.43195160896,75850.70354791163,20943.13462468129,-3159.4062209839612,91741.8163130577,-795.8884525621365,2688.5040911133983,82339.4925998233,-660.2011174998536,11955.140469285514
2026-01-19,92553.59713664628,75829.09749381218,19256.532985666792,-2532.0333428326994,91735.66282385173,49.65969029099546,768.2746225035517,81950.74936414867,-266.744463253811,10869.592235751421
2026-01-20,88310.90389549712,75807.50683372657,9699.97944146721,2803.417620303342,83843.85732782056,4467.0465676765625,0.0,81561.36465942005,-658.4522762417853,7407.991512318855
2026-01-21,89376.95832950319,75785.93130079584,11921.048085655057,1669.9789430522942,90898.30689630318,-1521.3485667999944,0.0,81169.20249054053,-1289.2936233081891,9497.04946227085
2026-01-22,89462.44931314791,75764.37062903403,12088.866790806074,1609.2118933078018,90361.1122549165,-898.6629417685974,0.0,80772.78292647652,-1080.5569508569445,9770.22333752834
2026-01-23,89503.8785126393,75742.82455323626,11978.443687336416,1782.610272066624,90911.32357561387,-1407.4450629745704,0.0,80371.40684769991,-1060.0634174844633,10192.535082423856
2026-01-24,89110.73765766309,75721.2928093542,11740.454756333735,1648.9900919751526,88602.38644345824,508.35121420486104,0.0,79966.10718609233,-648.0004371016526,9792.630908672421
2026-01-25,86572.21534027335,75699.77513450847,7993.297742604853,2879.1424631600385,76914.06636697127,-408.8904815736745,10067.039454875761,79557.94335398171,-1670.8927891968888,8685.164775488534
2026-01-26,88267.13675796885,75678.27126695012,9869.385640877443,2719.479850141288,76879.27882929423,779.4831335082458,10608.374795166383,79146.92084968202,-1029.2412486371095,10149.457156923934
2026-01-27,89102.56849659163,75656.78094532002,13046.970523582699,398.8170276889141,76836.01171917433,3402.303334583385,8864.253442833913,78731.2576501602,-1248.9391921290326,11620.250038560465
2026-01-28,89184.57044363786,75635.30390912663,14800.959636043232,-1251.6931015320006,76802.76334477567,-2873.196518988279,15255.003617850467,78307.93297743279,-1981.969460499256,12858.60692670432
2026-01-29,84561.58485914288,75613.8399010346,5712.270517126161,3235.474440982114,76731.29362338081,-2342.0782047614402,10172.3694405235,77874.18264175439,-1154.7099203641744,7842.112137752658
2026-01-30,84128.65876171994,75592.38866781745,5383.44593447959,3152.824159422904,76575.72787372486,551.815748603072,7001.115139392015,77429.69321051282,-1738.425919007174,8437.391470214294
2026-01-31,78621.11402755417,75570.94995727118,48.72115007218849,3001.4429202108004,76424.3187229576,1707.0476605829003,489.747644013667,76976.15632949847,948.3071799294448,696.6505181262619
2026-02-01,76974.4429081583,75549.52351755678,-1307.4722227593802,2732.3916133608873,76315.46379043044,229.07585348031733,429.90326424753584,76517.61422186192,643.2585634574737,-186.42987716110656
2026-02-02,78688.76433803354,75528.10909749816,320.6974107901127,2839.9578297452535,76149.70930251591,2021.8548910449808,517.2001444726484,76059.78424323583,3063.1445352548603,-434.16444045715616
2026-02-03,75633.54991975304,75506.70644688515,-2902.448855413589,3029.292328281488,75654.57723983342,-122.92299091141143,101.89567083102884,75610.57273077594,2624.9055405908402,-2601.9283516137366
2026-02-04,73019.6998019014,75485.31531653713,-5256.755697844511,2791.140183208772,74818.4075502,-1980.45483480146,181.74708650285902,75181.56470367496,-1737.563407435637,-424.30149433792394
2026-02-05,62702.09771246917,75463.935458318,-14346.40734670471,1584.569600855888,73268.95345030843,-3458.799775402601,-7108.055962436658,74784.3381086417,-1469.930093684345,-10612.310302488193
2026-02-06,70555.387263718,75442.56662556819,-7256.073002497812,2368.8936406476278,72380.02583963385,1237.8124291271313,-3062.4510050429817,74423.6867271689,-2136.58545908747,-1731.714004363428
2026-02-07,69281.97234466192,75421.20857391389,-7781.509407665788,1642.273178413816,71534.35886705387,1455.8179175470432,-3708.2044399389997,74095.39630966174,1591.5664992536188,-6404.990464253438
2026-02-08,70264.72471946538,75399.86106111633,-6404.1246948575135,1268.9883532065578,69831.88254340092,390.81513141088885,42.027044653572375,73792.41162528186,1754.8338458021517,-5282.520751618635
2026-02-09,70120.78098938552,75378.523847556,-6492.1092978253955,1234.3664396549138,69126.70132203685,1554.0804840973246,-560.0008167486667,73508.13530906879,2453.208114355046,-5840.562434038322
2026-02-10,68793.95990441568,75357.19669666365,-7580.840062817234,1017.6032705692633,68707.75651661138,-71.73961752113061,157.94300532543275,73238.17856108707,3369.6067069238898,-7813.825363595286
2026-02-11,66991.97090672859,75335.87937507621,-8825.412282530273,481.5038141826517,68505.77248330132,-1422.6260924298763,-91.17548414286284,72980.60841279419,656.7422631443374,-6645.379769209932
2026-02-12,66221.84484185326,75314.57165290235,-9559.591349583981,466.86453853489365,68326.8265349995,-1918.7560784937727,-186.22561465247418,72733.89963978597,330.5407146323942,-6842.595512565109
2026-02-13,68857.84251386527,75293.27330414538,-6805.110826556957,369.6800362768554,68118.46194056328,809.4781667520531,-70.09759345007478,72496.42619989009,377.4696217467109,-4016.053307771537
2026-02-14,69767.62342592316,75271.9841068106,-6118.920942734873,614.5602618474222,67936.76401104956,864.4869137163878,966.3725011572096,72266.55557104305,2067.672085948883,-4566.604231068777
2026-02-15,68788.1898191779,75250.70384291165,-6903.040054267498,440.5260305337579,67820.09192633492,-203.53374416429816,1171.6316370072745,72042.60510248241,909.0697885119687,-4163.485071816482
2026-02-16,68843.15353357999,75229.43229832781,-6749.347276711089,363.068511963269,67741.27626902233,1238.6283774809237,-136.75111292327347,71822.76541440561,-1163.3341452628722,-1816.2777355627622
2026-02-17,67494.21525060102,75208.16926287311,-7798.219689978133,84.26567770603287,67685.40778738998,-112.78893494184713,-78.40360184712335,71605.05336987483,-472.31218571438774,-3638.525933559431
2026-02-18,66425.32363552848,75186.91453040493,-8835.447918766566,73.85702389011567,67659.10546355924,-693.8327204737958,-539.9491075569676,71387.32711962817,-262.1729547306937,-4699.830529369006
2026-02-19,66957.52386140164,75165.6678989938,-8092.783684888222,-115.36035270392313,67656.90084587994,-951.2771486927344,251.90016421444307,71167.214037685,-866.7590006074606,-3342.931175675898
2026-02-20,68005.42064179093,75144.42917097422,-7124.508712834145,-14.499816349154571,67673.80305083851,504.4372966491483,-172.81970569673285,70942.17232011641,-2347.7051320947207,-589.046546230762
2026-02-21,68003.7645025963,75123.19815301416,-7381.577094273843,262.1434438559809,67696.3902354045,210.63616964683325,96.73809754496324,70709.76784699387,-554.7692198746962,-2151.2341245228745
2026-02-22,67659.39143030053,75101.97465598326,-7722.685898289108,280.1026726063865,67716.82965403152,-848.996147111224,791.5579233802273,70468.29978964562,-703.4856756921953,-2105.422683652898
2026-02-23,64616.73639746904,75080.7584947143,-10330.555600306458,-133.46649693881045,67715.94288456907,988.3721438139613,-4087.578630913995,70217.87534668292,-86.77381420868359,-5514.365135005202
2026-02-24,64080.04180359821,75059.54948797508,-10862.540412009435,-116.96727236743027,67691.78835000904,175.05258671831865,-3786.7991331291487,69962.07153422468,-1369.5863075965074,-4512.443423029967
2026-02-25,67960.12324189473,75038.34745869286,-4773.105605807993,-2305.118610990132,67676.2664576586,124.89626659660718,158.9605176395271,69709.890972771,98.66526229012898,-1848.432993166396
2026-02-26,67453.77004016005,75017.15223429403,-3586.3458545244616,-3977.03633960952,67634.94484164631,-142.4897010154194,-38.68510047084419,69476.87951675271,-622.5613793171667,-1400.548097275503
2026-02-27,65881.79512540475,74995.96364817169,-4713.356457437852,-4400.8120653290825,67620.43541952837,309.7945311975094,-2048.434825321121,69283.3340748369,-987.825125587636,-2413.713823844504
2026-02-28,66995.86132443201,74974.78154075806,-4532.540097614357,-3446.3801187116915,67614.30013544015,-349.7152782215576,-268.7235327865783,69147.38177559152,-1059.1227504376657,-1092.3977007218346
2026-03-01,65738.0982073395,74953.60575963714,-4513.517577236895,-4701.989975060744,67617.11900987309,-1454.789931714073,-424.2308708195196,69074.70184176548,-1966.447593198083,-1370.1560412278923
2026-03-02,68775.84773735623,74932.4361591575,-4240.6009276402065,-1915.9874941610615,67632.10778395507,851.9859736609106,291.7539797402569,69054.58988095743,1355.044874901691,-1633.7870185028878
2026-03-03,68293.64915366769,74911.27260035311,-1824.3767653188977,-4793.246681366523,67665.61706936774,566.9130020577552,61.119082242192235,69071.21171273386,-747.4647832579129,-30.09777580825903
2026-03-04,72710.58067790847,74890.11494997592,1135.1548865137243,-3314.6891585811827,67713.34081235735,524.7464400733954,4472.493425477718,69111.62105421931,3287.6255279734396,311.33409571571974
2026-03-05,70841.12807007451,74868.96308121008,1627.6954678608774,-5655.530478996443,67758.79223734744,-158.25884751400076,3240.5946802410763,69167.36940360625,1590.8301405329266,82.92852593533462
2026-03-06,68136.49227911503,74847.81687348278,-7648.459582627387,937.1349882596405,67795.57980436142,388.78570962268617,-47.873234869068256,69231.50765055034,-2373.129621683895,1278.114250248589
2026-03-07,67272.59729429509,74826.67621218051,-5673.523486739618,-1880.5554311457963,67816.51803603128,-624.5632806514008,80.64253891521366,69301.05447373618,-2026.8354281461427,-1.6217512949515367
2026-03-08,65969.78080155294,74805.54098598014,-7336.566027330548,-1499.1941570966446,67824.47084182198,-1814.9018539131632,-39.78818635587231,69374.30674707,-2859.6454395827773,-544.8805059342849
2026-03-09,68402.3866936191,74784.41108759763,-5037.491323126667,-1344.5330708518595,67830.84662867355,516.5706165436538,54.96944840189826,69450.90366012286,-451.2499694942074,-597.2669970095449
2026-03-10,69926.91815698774,74763.28641388605,-4654.884809091673,-181.4834478066332,67836.4202026595,764.7196959660981,1325.7782583621447,69530.99942635556,381.4303964883638,14.488334143825341
2026-03-11,70204.88413617083,74742.1668654618,-2868.837807406788,-1668.4449218841764,67842.47721793884,1019.2468602555255,1343.1600579764636,69614.9537251714,923.2904950098349,-333.36008401040453
2026-03-12,70493.45858127218,74721.0523461691,-2308.3664659255187,-1919.227298971411,67910.01219716905,-24.17424853438696,2607.6206326375104,69703.23570527486,1129.2768808587593,-339.0540048614348
2026-03-13,70968.2676726541,74699.9427637337,-3004.850617547044,-726.8244735325716,68767.90367492122,506.6831188606196,1693.6808788722556,69796.30270436732,1143.7066907940357,28.25827749274322
2026-03-14,71214.62820852925,74678.83802986694,-1742.2981982197125,-1721.9116231179796,68932.50325048117,-844.3729842194332,3126.4979422675096,69894.45498354611,1290.7645080554973,29.40871692764631
2026-03-15,72789.91726741185,74657.73805971653,17.404419297003756,-1885.2252116016898,69757.25180133797,-1881.2223138802624,4913.887779954137,69997.65757550272,2762.847608996216,29.412082912909682
2026-03-16,74861.08367372249,74636.64277221104,1016.1032136145903,-791.6623121031444,69800.16807062725,22.46362390355013,5038.451979191697,70105.35856974432,4727.395884677949,28.329219300227123
2026-03-17,73922.47401067735,74615.55209005994,915.7169615933376,-1608.7950409759214,69783.79220959886,852.2001907171806,3286.481610361312,70216.78728576044,3679.4375746026844,26.24915031423734
2026-03-18,71245.5785428252,74594.46593923712,-1495.0215113940458,-1853.8658850178763,69765.69887203319,1387.0961224253645,92.78354836664221,70331.09583109981,891.1987852858341,23.283926439558854
2026-03-19,69912.78777685696,74573.38424924585,-958.1256753654939,-3702.4707970234012,69739.0460014799,131.45884453480681,42.28293084225152,70447.40197998211,-554.1787873833273,19.564584258172545
2026-03-20,70522.5839539436,74552.30695349736,-1191.0640514650472,-2838.6589480887196,69703.00603400926,743.9199815798056,75.65793835453223,70564.88682265529,-57.541710002325416,15.238841290629352
2026-03-21,68711.52717356126,74531.2339900029,-2521.1374799717864,-3298.5693364698527,69646.75360254318,-1010.4340055023454,75.2075765204354,70682.90373847843,-1981.844490319517,10.467925402350374
2026-03-22,67845.21397986622,74510.16530117774,-3360.808598881653,-3304.142722429853,69579.75454566946,-1806.232318777275,71.69175297403126,70801.18485109623,-2961.393214462386,5.422343232377898
2026-03-23,70914.86299152786,74489.1008338576,-601.2584189760981,-2972.9794233536522,69487.26363989581,-402.0981041865181,1829.6974558185611,70919.90700920626,63.60071519277791,-68.64473287118017
2026-03-24,70517.85954822176,74468.04053922294,-96.55198676769453,-3853.6290042334876,69303.8695276119,1221.6785999195617,-7.688579309688066,71039.41035436673,-205.7328283953408,-315.81797774962615
2026-03-25,71309.88023249837,74446.98437265879,533.4729772444285,-3670.5771174048423,68863.30099143364,1077.715249118097,1368.8639919466223,71159.92867596816,91.37272028883159,58.57883624138776
2026-03-26,68791.62251021616,74425.93229396356,-1817.2778182548273,-3817.0319654925843,68621.52188695877,51.727925851796755,118.37269740558986,71281.84042843789,-2282.7721122296934,-207.44580599204346
2026-03-27,66338.3712323883,74404.8842672916,-3348.551810120835,-4717.961224782484,68375.14976670955,735.8540758982357,-2772.6326102195017,71405.5738739233,671.9295077279207,-5739.132149262936
2026-03-28,66319.69745111128,74383.84026117223,-4821.805083983008,-3242.337726077938,67928.15528084268,-538.8013038418942,-1069.6565258894989,71531.43003304413,-138.28060112044938,-5073.451980812402
2026-03-29,65954.91925741613,74362.80024859488,-5595.100437639471,-2812.7805535392836,67729.76374555667,-1726.3553180212514,-48.48917011929734,71659.6970646512,-1232.1572020019678,-4472.620605233111
2026-03-30,66691.4425240951,74341.76420643777,-4982.505011958574,-2667.816670384098,67573.44386164981,-822.4401229661365,-59.561214588582516,71790.58685781754,-835.5975350846118,-4263.546798637835
2026-03-31,68233.31556119065,74320.7321150674,-4072.1977310768557,-2015.218822799885,67472.0381896851,917.0650875019461,-155.7877159963973,71924.1534922105,-1619.9808082738386,-2070.857122746005
2026-04-01,68078.55315891042,74299.70395809026,-2720.3403846330198,-3500.810414546824,67463.74559390853,909.8062550485347,-294.9986900466465,72060.15500676475,1847.078023302979,-5828.6798711573065
2026-04-02,66888.5721018824,74278.67972213878,-4821.872371809431,-2568.2352484469593,67642.40694801835,219.4665385765845,-973.3013847125403,72197.95364693017,60.19775044002661,-5369.579295487798
2026-04-03,66931.099247444,74257.6593972724,-4532.000780247234,-2794.559369581155,67966.88333218513,656.7055197639148,-1692.489604505041,72336.75945146369,3591.832672379244,-8997.49287639893
2026-04-04,67290.51814887005,74236.64297671338,-3730.3016060993514,-3215.82322174398,69180.9663396659,-144.80664010056566,-1745.6415506952908,72475.8007878818,3346.8164987515243,-8532.099137763282
2026-04-05,68981.90079218811,74215.6304568303,-2417.5521254198097,-2816.177539222379,69665.0220390465,-1673.3330017295984,990.2117548712122,72614.41037098359,-3304.452654246836,-328.0569245486404
2026-04-06,68859.82639500768,74194.62183723133,-4945.098315156432,-389.697127067222,70158.02647679792,-535.0525021915228,-763.1475795987208,72752.08655232342,-3879.928453338516,-12.331703977222787
2026-04-07,71940.7012947185,74173.61712029907,-2245.226390344516,12.310564763945877,71657.0297240733,621.8947241586097,-338.2231535134197,72888.76704494208,-1110.963755656872,162.8980054332933
2026-04-08,71123.3584710525,74152.61630991829,-4624.346260093526,1595.0884212277451,71991.39406792534,657.2885596046788,-1525.3241564775235,73024.6828503775,-1897.6204329990135,-3.7039463259861805
2026-04-09,71767.82512780256,74131.61941077416,-796.3275956442862,-1567.4666873273236,72243.27338606707,261.0232853908826,-736.4715436553961,73160.18175336238,-1436.726861425229,44.37023586539726
2026-04-10,72979.05032706735,74110.62642791102,-1215.633070666548,84.05696982287918,72592.82638160427,481.3452680599053,-95.12132259682403,73295.73436587385,-322.76244795006824,6.078409143563476
2026-04-11,73054.2696888107,74089.63736787543,652.4193618647294,-1687.7870409294555,72997.06001372728,165.16691906989726,-107.95724398648599,73431.78983457098,-388.7744709991183,11.254325238842284
2026-04-12,70753.40833408691,74068.6522384886,-217.76886869434964,-3097.47503570735,73361.56149120262,-1686.1493495940863,-922.0038075216289,73568.6475234684,-1551.8720024555869,-1263.3671869259124
2026-04-13,74484.63775041384,74047.67104963308,1372.9435845165378,-935.9768837357842,73688.41545846098,-309.9711337753235,1106.1934257281828,73706.47002296371,756.0544868095462,22.113240640581353
2026-04-14,74181.61165100952,74026.6938137938,1669.53247907993,-1514.6146418642165,74016.2410300691,342.98686814531385,-177.61624720488908,73845.28650858323,524.4918511338481,-188.16670870756207
2026-04-15,74805.07543648196,74005.72054527422,1488.586547992667,-689.2316567849339,74394.42190479989,448.6260103540404,-37.972478671974386,73984.929787284,1810.820229233924,-990.674580035964
2026-04-16,75152.12937634182,73984.75126010628,2035.8126749125313,-868.4345586769923,74767.46433005792,393.95321452358706,-9.288168239683728,74125.0386695187,1561.7985669258558,-534.7078601027315
2026-04-17,77126.87855986014,73963.78597571791,3184.8631398933785,-21.770555751150823,75034.38430375535,540.6762041357124,1551.8180519690795,74265.1310429077,-409.0111238271391,3270.758640779575
2026-04-18,75726.20755616415,73942.82471079705,2382.5065286816484,-599.1236833145522,75224.48320466251,392.58060765646155,109.14374384518305,74404.6898163041,-684.1558766381543,2005.6736164981994
2026-04-19,73856.35478817236,73921.86748495669,1434.100110493426,-1499.61280727775,75451.1309738617,-1806.7848173973418,212.00863170801313,74543.25465827946,-1161.2405413281988,474.3406712210999
2026-04-20,75872.52478412843,73900.91431900334,3074.0175946459417,-1102.4071295208414,75746.40442455854,-97.6079446972614,223.7283042671479,74680.49465915191,471.29877495576,720.7313500207529
2026-04-21,76352.77694271023,73879.9652353627,4333.397691773759,-1860.5859844262304,76034.43507600125,292.9666313587171,25.37523535026412,74816.25621350706,-2897.825913336744,4434.346642539909
2026-04-22,78203.09985676418,73859.0202580662,7520.445294249676,-3176.3656955516926,76287.35459155099,609.7153603944239,1306.0299048187735,74950.52302667017,1966.7660883480871,1285.810741745925
2026-04-23,78268.95410801632,73838.07941315536,7461.536629356166,-3030.661934495205,76506.9854026333,86.41511372348572,1675.5535916595254,75083.32744435316,2277.0398557784047,908.5868078847561
2026-04-24,77455.31561794388,73817.14272926922,5896.594427160978,-2258.42153848632,76728.57395522021,401.66423782678885,325.077424896881,75213.99837993165,2344.266425125032,-102.94918711281207
2026-04-25,77612.01787472462,73796.21023759899,6132.72036311241,-2316.912725986782,76941.44329955502,469.4386073155722,201.13596785403206,75337.94105043345,1636.1761676206697,637.9006566705066
2026-04-26,78657.5394229309,73775.28197152932,6839.062446786527,-1956.8049953849404,77120.51803459384,-1747.3314569155746,3284.352845252637,75443.73514331633,2615.163160643305,598.6411189712671
2026-04-27,77366.62342550905,73754.35796651356,5565.064795358302,-1952.7993363628048,77280.52199454785,-151.80302267508725,237.9044536362926,75513.36784421644,1424.6870398439762,428.5685414486361
2026-04-28,76350.67385656755,73733.43825989183,3779.9940597200057,-1162.758463044287,77585.86174363898,405.3142170750722,-1640.5021041464934,75526.4631815903,557.8408851080557,266.36978986918984
2026-04-29,75776.13655438689,73712.52289073465,3916.1864690148523,-1852.572805362608,78415.7037750183,715.6057526546623,-3355.1729732860695,75469.68560213121,471.3240639687602,-164.87311171308102
2026-04-30,76304.31879680282,73691.61189953856,3020.6294138741027,-407.92251660984766,78733.63719528823,-139.97033394561254,-2289.348064539794,75346.3048100919,466.0194775172667,491.99450919365336
2026-05-01,78179.00372062408,73670.70532825886,2925.7733812375936,1582.5250111276255,79053.08267612444,235.74773846305874,-1109.8266939634195,75177.57948431584,2340.67695519962,660.7472811086191
2026-05-02,78657.24856610392,73649.80321947104,3646.3120813470077,1361.1332652858837,80056.7847490218,494.3031929730091,-1893.8393758908787,74992.41553376058,273.6359309438726,3391.197101399477
2026-05-03,78538.22338525036,73628.90561527992,5581.187939638546,-671.8701696681092,80238.60103239592,-1353.0678517403474,-347.30979540522094,74814.09848132682,3611.6563088720336,112.46859505151224
2026-05-04,79827.90609480675,73608.01255744224,8232.806410961195,-2012.9128735966806,80277.5876719817,-318.87728135436754,-130.8042958205915,74654.08853624422,-998.8369200551957,6172.6544786177255
2026-05-05,80927.05164940716,73587.12408848603,9296.69074355028,-1956.7631826291472,80279.43127133451,346.2373168681011,301.3830612045422,74513.92010629456,-3537.414989143374,9950.546532255976
2026-05-06,81427.53296903499,73566.24025255612,8948.137253697465,-1086.844537218596,80283.96838024646,1028.0585356309923,115.50605315754365,74390.31865245932,-3309.0544635707347,10346.268780146405
2026-05-07,80009.99377551692,73545.36109540926,6743.858356381011,-279.225676273345,80283.19585853815,-384.90582240687485,111.70373938564444,74277.62777664991,-1680.599644966967,7412.965643833973
2026-05-08,80186.76228443993,73524.48666390713,5912.408967920497,749.8666526123125,80247.36558737379,-112.59107089469784,51.98776796084712,74169.88011696766,-2179.4787841648126,8196.360951637078
2026-05-09,80664.36769147658,73503.61700539925,6701.254814949801,459.4958711275249,80172.4793807746,533.4253610895825,-41.53705038760381,74062.42432204638,-2465.637883622862,9067.581253053067
2026-05-10,82138.93139455045,73482.75216716743,7673.10033844665,983.0788889363757,80031.127074159,-805.5963116686139,2913.4006320600747,73952.15360360441,-1195.443258078122,9382.22104902417
2026-05-11,81728.30033269321,73461.89219637564,7291.105254626221,975.3028816913429,79363.51722765529,88.62759879433398,2276.15550624358,73837.2859201838,-847.355154722917,8738.369567232323
2026-05-12,80477.49603969125,73441.03713985576,6317.009097783946,719.4498020515457,79016.05875840086,341.8438649570206,1119.5934163333732,73717.06537828324,-2913.2140187909895,9673.644680198995
2026-05-13,79277.11435904496,73420.1870440809,5513.3214915532335,343.605823410835,78676.31751191488,375.775683852098,225.02116327798285,73591.7452381033,-362.62826437861,6047.997385320268
2026-05-14,81051.25048674886,73399.34195532823,6581.3846633599,1070.523868060729,77890.29345388325,-954.2522105137964,4115.209243379402,73462.16810244271,-1348.0110739161216,8937.093458222269
2026-05-15,79065.6831951815,73378.5019197974,6092.139923950152,-404.95864856605476,77538.83772562873,-345.4103993651793,1872.2558689179423,73329.1180255044,-371.26549512119976,6107.830664798297
2026-05-16,78131.43410962251,73357.66698348543,4817.355797492857,-43.5886713557702,77352.81610458504,654.9173302690442,123.70067476842087,73193.24871634746,125.95929890468383,4812.226094370373
2026-05-17,77429.35519853412,73336.83719275148,4684.578502101136,-592.0604963185033,77150.23471214095,218.32627211807903,60.794214275083505,73054.32789940653,-996.2267776690436,5371.2540767966275
2026-05-18,76954.17551219983,73316.01259437887,4039.679692257541,-401.5167744365899,76891.09675680603,614.0206731367365,-550.9419177429372,72912.6227664554,-1432.778532402997,5474.331278147423
2026-05-19,76750.90401037443,73295.1932357614,3800.307451863797,-344.59667725076724,76636.15781208828,191.69867151080595,-76.95247322465002,72769.63579398896,-2750.3437606553434,6731.611977040826
2026-05-20,77457.7734947166,73274.37916485983,5061.507117029036,-878.1127871722565,76434.01624946024,-448.3049041563307,1472.0621494126972,72627.34688131532,-615.6582601358414,5446.0848735371255
2026-05-21,77539.16918693176,73253.57043020855,5062.159388235409,-776.5606315121986,76315.4181591474,-1545.5221859583453,2769.2732137426938,72487.26920915848,-2719.9329128289933,7771.83289060228
2026-05-22,75488.24251898863,73232.76708114205,3192.5617254660356,-937.0862876194587,76063.63950391788,-562.7471295331341,-12.649855396113708,72350.11347907087,2055.0807517163944,1083.0482882013603
2026-05-23,76673.36511200857,73211.96916781239,3970.7337106439336,-509.33776644775935,75932.45258907715,789.5850537282147,-48.672530796786305,72214.10681891236,4542.894409636266,-83.63611654005945
2026-05-24,76981.12726529702,73191.17674119759,4354.621426570076,-564.6709024706506,75856.8107549383,1029.057905204451,95.25860515427485,72073.1947014844,4661.60035765908,246.33220615354367
2026-05-25,77279.92611112288,73170.38985291023,4757.29612232658,-647.7598641139193,75812.8396221382,1483.3521646704774,-16.265675685790484,71917.43574391185,5380.318995341895,-17.828628130853758
2026-05-26,75825.7348078344,73149.60855517647,3370.4626204491806,-694.3363677912566,75788.20800375177,58.31754231544479,-20.790738232826698,71738.7141105379,3918.448523174939,168.57217412155296
2026-05-27,74344.70121337207,73128.8329008752,2201.6815235668737,-985.8132110700099,75764.04050082334,-1126.3089897292912,-293.03029772196896,71535.86945761839,2646.727826236179,162.10392951749964
2026-05-28,73536.55825078522,73108.06294360184,1329.4968704688263,-901.0015632854338,75731.97338517418,-2164.6640518692543,-30.751082519695046,71314.09840740517,2068.2223768627505,154.237466517312
2026-05-29,73372.52701970768,73087.29873778428,879.2254454836169,-593.9971635602269,75698.05451279735,-381.5430708382245,-1943.9844222514512,71080.68086889642,2146.7594094158167,145.08674139544019
2026-05-30,73754.83868090664,73066.54033864386,1291.3845021972302,-603.0861599344353,75666.85909305299,795.5588742546344,-2707.5792864009854,70841.4172159033,2960.263308787263,-46.8418437839282
2026-05-31,73579.68785248669,73045.78780201646,1120.948581367762,-587.048530897533,75645.78245721098,1218.6240319930916,-3284.7186367173854,70599.91149893479,2856.3025134294758,123.47384012243128
2026-06-01,71319.77113041593,73025.04118432045,-938.5655155810169,-766.7045383234945,75611.57866638787,1825.419391271334,-6117.226927243275,70358.09628244913,850.3882336878082,111.28661427900079
2026-06-02,66703.6600051648,73004.30054255416,-5255.048158032411,-1045.5923793569527,75265.14070351633,-23.092245072936823,-8538.388453278589,70117.13666206643,3627.5236412580507,-7041.0002981596845
2026-06-03,64014.36706677971,72983.56593442008,-8042.746250630379,-926.4526170099853,67927.8685714833,-1793.4129458353102,-2120.0885588682722,69877.04717624978,-2427.888543974499,-3434.7915654955577
2026-06-04,63801.57423484784,72962.83741844658,-9310.021094101721,148.75791050298722,63210.434945367466,-1471.7810617748255,2062.9203512551976,69637.61816829817,-3575.120933921274,-2260.9229995290516
2026-06-05,60922.666333508816,72942.11505382298,-12386.33668188144,366.8879615672631,63448.7636692622,-227.7793631726594,-2298.3179725807277,69398.95541562639,-2933.830812608252,-5542.458269509327
2026-06-06,60867.41430919016,72921.39889983818,-12456.090673592897,402.10608294486883,63561.22876577793,803.7465379148196,-3497.5609945025935,69162.63852807501,-1616.75270458269,-6678.47151430216
2026-06-07,63239.51960014498,72900.68901561513,-8947.943683879637,-713.2257315905154,63617.379678275494,493.8868494426204,-871.7469275731346,68931.81532075924,-2363.0298177487434,-3329.265902865518
2026-06-08,63090.59017041845,72879.98546020724,-9109.401567026911,-679.9937227618793,63639.267020273466,2313.583841126964,-2862.2606909819806,68710.09988726239,-3135.6623641452265,-2483.8473526987073
2026-06-09,61643.78042523286,72859.28829313576,-11118.158471305633,-97.34939659727388,63645.09689240515,-263.3827342729968,-1737.9337328992915,68500.98346085726,-1888.5520641192604,-4968.650971505136
2026-06-10,61449.288433366,72838.59757443372,-11243.88208686128,-145.4270542064478,63642.18632442124,-2045.3910584463054,-147.50683260893857,68306.8342800656,-1379.9320200744542,-5477.613826625144
2026-06-11,63561.05340220524,72817.9133643503,-8165.0931361461535,-1091.766825998915,63637.75387706244,-909.91779021924,833.2173153620388,68127.96680357063,-3583.9358654191687,-982.9775359462219
2026-06-12,63543.19830571025,72797.23572341418,-8400.921824150717,-853.1155935532151,63632.57559301969,-91.24689554056297,1.8696082311216742,67963.56231743298,-1327.641839914769,-3092.7221718079672
2026-06-13,64421.32531378413,72776.56471287698,-7250.66116234166,-1104.5782367511856,63617.47579591407,802.7143812340183,1.1351366360395332,67812.0334810141,-2734.051008242365,-656.6571589876112
2026-06-14,65710.39994119978,72755.90039473459,-5938.494831814596,-1107.0056217202218,63593.839330661525,-72.00811826446206,2188.5687288027184,67670.75538594238,-1969.5498351731255,9.194390430522617
2026-06-15,66289.49709817079,72735.24283182068,-5366.52767902538,-1079.2180546245072,63562.245363456095,2731.4600395978064,-4.20830488311185,67536.82707200729,-613.810453495166,-633.5195203413314
2026-06-16,65600.64307031105,72714.59208783244,-5966.147096683377,-1147.8019208380138,63531.71544069613,-567.1112990672498,2636.038928682181,67406.87332536849,-1525.4313453278442,-280.798909729594
2026-06-17,64418.4461112965,72693.94822731326,-7075.565675863898,-1199.9364401528583,63480.43439786222,-2185.4242255893982,3123.4359390236787,67277.20363893632,-1811.7326736862615,-1047.0248539535532
2026-06-18,62896.473140210524,72673.31131568321,-8498.282945939303,-1278.5552295333764,63434.89881048933,-431.7024203365574,-106.72324994224618,67146.11786366085,-3708.1768434533533,-541.4678799969697
2026-06-19,63540.83551190768,72652.68141928848,-7894.433468119778,-1217.4124392610247,63384.017113160844,-23.587533698530933,180.40593244537013,67013.9386431609,-842.794041434109,-2630.309089819115
2026-06-20,64239.67608125665,72632.05860542708,-7014.902931534032,-1377.4795926364022,63340.31353788109,746.0269447295668,153.33559864599374,66882.49669153786,-2088.5988126547936,-554.2217976264219
2026-06-21,63237.53800397451,72611.44294234256,-8110.748677620467,-1263.1562607475935,63306.91511370664,-20.368958613230014,-49.00815111889824,66754.29440982905,1761.2085307578977,-5277.964936612436
2026-06-22,63952.10718838148,72590.83449928425,-7514.260077532268,-1124.4672333704948,63281.22626656006,2156.232758649191,-1485.3518368277655,66633.15382486576,4741.948032139387,-7422.994668623665
2026-06-23,62668.02127182165,72570.23334643799,-8916.041178729454,-986.170895886884,63250.74197722857,-526.8796548763756,-55.841050530543725,66523.16799324386,4042.548439704542,-7897.6951611267505
2026-06-24,60995.1331465521,72549.6395548368,-10830.820068058672,-723.6863402260351,63203.3576076067,-1864.7371366805708,-343.4873243740294,66427.3418079593,4239.115186449293,-9671.323847856489
2026-06-25,59721.67718353604,72529.05319621234,-11615.91746069182,-1191.4585519844695,63138.424384065045,-297.62568794814393,-3119.1215125808594,66346.90013287192,4458.089128646946,-11083.312077982824
2026-06-26,60016.42812551923,72508.47434292777,-11755.069494920974,-736.9767224875686,63073.40648383934,-151.58832907462724,-2905.390029245478,66281.19216413457,3333.4173457180987,-9598.181384333438
2026-06-27,59940.095723129656,72487.90306809006,-11623.893006989112,-923.9143379712914,63015.30780717377,583.7101187888976,-3658.9222028330114,66227.95644387744,2891.5664975458826,-9179.42721829367
2026-06-28,59532.34134872448,72467.33944542549,-12376.909072179053,-558.0890245219489,62894.7317078333,206.41186292559843,-3568.8022220344137,66183.9343717655,3118.413014078426,-9770.006037119441
2026-06-29,60138.37728117144,72446.78354924885,-11672.673926328076,-635.7323417493317,62861.110697658296,1545.802911245321,-4268.536327732181,66145.61676815384,2256.675058425867,-8263.914545408268
2026-06-30,58558.85849470885,72426.23545431053,-12602.558710546578,-1264.818249055097,62856.88828150405,-172.61952924076454,-4125.410257554431,66109.88570017296,2774.8039439639138,-10325.83114942802
2026-07-01,60003.75670005626,72405.69523586446,-11315.042934524326,-1086.8956012838753,62911.39760005755,-1536.0204059229688,-1371.620494078321,66074.69807019607,1145.6238353215604,-7216.565205461367
2026-07-02,61485.2991940841,72385.16296998826,-10263.22700578971,-636.6367701144482,62960.4777696846,-239.43245100980954,-1235.7461245906889,66039.43826816129,2731.192801991684,-7285.331876068871
2026-07-03,62544.200871125904,72364.63873350562,-9760.772755499294,-59.66510688042035,63004.24562675165,-279.7406091217475,-180.30414650400053,66003.89857575332,-3299.2622167472523,-160.43548788016778
2026-07-04,63088.306166519855,72344.12260365325,-9968.261870619288,712.4454334858892,63042.52650056406,423.7713558264202,-377.99168987062876,65967.98469714561,-2583.3679296240816,-296.31060100167815
2026-07-05,63547.88421082061,72323.61465758126,-9684.650605670404,908.9201589097502,63075.80881484296,296.41361151825043,175.66178445940022,65931.86213982003,-831.8776182770011,-1552.1003107224242
2026-07-06,63995.01590457115,72303.11497184815,-8942.541865895013,634.442798618009,63116.37158985788,893.6725863719151,-15.028271658651647,65896.09886678855,-784.5036844893574,-1116.5792777280512
2026-07-07,63297.396315570295,72282.6236222291,-10114.442588122103,1129.215281463301,63165.43887706062,150.2010660137688,-18.24362750408909,65861.89680229136,-1388.8372187151376,-1175.6632680059265
2026-07-08,62257.57570481748,72262.14068376047,-10846.391958214472,841.8269792714709,63217.46271880225,-957.2093167060359,-2.677697278733831,65831.35033653227,-1795.5704535729194,-1778.2041781418739
2026-07-09,63193.14767541663,72241.66623055292,-9669.827221853893,621.3086667176103,63267.70484595418,-193.12871551586343,118.57154497831652,65807.6527930291,-2015.1697909074242,-599.3353267050552
2026-07-10,64127.14200564058,72221.20033590043,-8933.027688680457,838.9693584205961,63312.48097628012,-422.0644971889534,1236.7255265494096,65794.91952999553,-1801.785104753101,134.00758039814536
2026-07-11,63802.02662627144,72200.74307240681,-9232.825408053033,834.1089619176637,63371.84437747007,266.8877601099588,163.29448869141197,65797.35779946171,-3488.2003327241855,1492.8691595339187
2026-07-12,63758.21852318039,72180.29451187783,-9160.389124979281,738.3131362818385,63490.47512076639,376.10063964678915,-108.35723723278352,65817.9435674486,-2593.4867416375705,533.7616973693512
2026-07-13,62239.12272912624,72159.85472532074,-10159.081019211892,238.34902301739203,63697.40150379893,646.4162531997878,-2104.695027872476,65855.94996059878,-3713.3319492114274,96.50471773889149
2026-07-14,64956.11422615808,72139.42378305359,-7394.832449502618,211.52289260711404,63810.91595624371,-12.339920032876737,1157.5381899472486,65906.73727908086,-3634.6964361251803,2684.073383202398
2026-07-15,64712.376491365714,72119.00175499302,-6607.656766389338,-798.9684972379619,64020.676920368,-721.1733040230544,1412.8728750207665,65963.63988557707,-1421.2173948064726,169.95400059511303
2026-07-16,63789.27945534556,72098.58871089011,-7355.993537762352,-953.3157177821995,64159.37106164625,29.489634747548436,-399.58124104823946,66021.65793458947,-2137.3373658552296,-95.04111338868097
2026-07-17,63899.45899791906,72078.18472092158,-7595.308135623528,-583.4175873789936,64279.39617991581,-467.587885941165,87.65070394441136,66080.01532137208,-2402.086678538361,221.5303550853423
2026-07-18,64796.60308902005,72057.78985587221,-6884.052411418808,-377.134355433358,64373.38647564115,228.53955732691173,194.67705605198717,66140.10356530991,-4907.847639477073,3564.347163187209
2026-07-19,64690.80495914814,72037.40418691619,-6309.597453767201,-1037.001774000848,64435.45329309663,527.769687419989,-272.4180213684813,66202.862249625,-1303.511411708403,-208.545878768462
2026-07-20,65230.02619403271,72017.02778553567,-5839.363199909053,-947.6383915939077,64479.09124579046,231.40460094630888,519.5303472959422,66269.26441885602,-1804.366084091422,765.1278592681047
2026-07-21,66505.12243620168,71996.66072385917,-4512.068460317191,-979.4698273402901,64519.36528383932,-119.3252261220467,2105.0823784844106,66341.41338169624,1380.426912441194,-1216.717857935757
2026-07-22,66100.79952459608,71976.30307472518,-5015.054833109876,-860.4487170192297,64516.11547112088,-443.1740959656707,2027.8581494408718,66420.26176507064,5517.503013950569,-5836.965254425129
2026-07-23,65044.81420944089,71955.95491163761,-6349.5443163640675,-561.5963858326577,64498.12761520684,217.16087437079617,329.52571986325347,66507.91687090078,4379.931748243097,-5843.034409702988
2026-07-24,64098.49783446598,71935.61630870402,-7273.576202154704,-563.5422720833303,64410.12005043995,-677.8707286194619,366.24851264549216,66607.67199826827,4656.897642361655,-7166.071806163942
2026-07-25,64311.811411853945,71915.28734040634,-7067.316350695151,-536.1595778572519,64347.3112376018,330.634657877781,-366.1344836256394,66722.12399511386,4910.4673159234135,-7320.779899183326
2026-07-26,65340.30111696009,71894.96808158017,-5878.708747225427,-675.9582173946546,64285.68236821089,676.4853582018608,378.1333905473366,66852.21582058536,3909.51862869026,-5421.433332315537
2026-07-27,63724.8976757818,71874.65860740196,-7405.763456330549,-743.9974752896087,64232.85220961418,-105.85153241581861,-402.103001416559,66997.20790321547,3691.231953223544,-6963.542180657212
2026-07-28,63871.36366108165,71854.35899349618,-7198.89005758169,-784.1052748328366,64177.27784318497,-252.66199232010518,-53.252189783219364,67155.35320782606,4194.542853772779,-7478.532400517193
2026-07-29,63908.16797586797,71834.06931599409,-7419.803776946103,-506.0975631800102,64116.64351881645,-102.33240278009913,-106.14314016838034,67324.16631932273,2391.3353735130795,-5807.333716967842
2026-07-30,64725.30694754697,71813.78965152777,-6821.002794726024,-267.47990925477643,64077.27620162281,264.7028174198684,383.32792850428814,67500.68443114724,2509.0746521716187,-5284.452135771891
2026-07-31,62813.74727922484,71793.52007703029,-8867.858746917307,-111.91405088815372,64074.37633983048,-892.0003908028375,-368.62866980280523,67681.7029616635,1154.8115571567178,-6022.767239595378
2026-08-01,62763.320664606166,71773.26066953814,-8706.466838376547,-303.4731665554282,64106.155392435714,520.6076601522093,-1863.442387981755,67863.80251362127,2147.9615225470707,-7248.443371562171
2026-08-02,63481.99891620785,71753.01150607482,-9033.716843953567,762.704254086595,64139.56615534949,850.5963256552116,-1508.1635647968506,68043.18420308466,-1708.9041338578186,-2852.281153018994
2026-08-03,63460.898508760445,71732.77266358562,-9253.170379073134,981.2962242479553,64154.47433787037,-285.1933092217307,-408.38251988819684,68215.97308811346,-1725.7694208706812,-3029.3051584823334
2026-08-04,64055.95346396064,71712.54421827702,-9437.009585064268,1780.4188307478908,64150.10331191061,-240.17843498235936,146.02858703239326,68378.60587849996,728.7573919151303,-5051.409806454452
2026-08-05,64597.4991894323,71692.3262451894,-9592.482948183104,2497.655892426017,64129.96121942456,-170.04168769825324,637.5796577060028,68527.48149574139,-246.9910252333338,-3682.9912810757523
2026-08-06,64262.11315986208,71672.11881757775,-9523.18950888142,2113.183851165755,64104.99553426383,-93.63675175221772,250.7543773504658,68659.10875595122,-723.6533356526459,-3673.342260436497
2026-08-07,64880.18992794641,71651.92200642709,-9216.541207784961,2444.8091293042817,64073.15123963301,-1046.8253533098164,1853.8640416232229,68770.44183453503,-1052.849697063664,-2837.402209524953
2026-08-08,64904.68659784082,71631.73588051625,-7578.452791180174,851.4035085047362,64043.49413193084,856.9416277433985,4.250838166575704,68858.4447033973,-2072.5094228891235,-1881.2486826673558
2026-08-09,64844.88526056732,71611.5605065078,-7987.999435781269,1221.3241898407869,64013.83184503227,1205.1831452091674,-374.1297296741177,68921.91521999436,-2308.0302899847325,-1768.999669442317
2026-08-10,63910.586753885575,71591.39594976822,-8788.399191548435,1107.5899956657813,63982.70272337028,-87.29110417107151,15.175134686360252,68966.13071692047,-3412.9883585913453,-1642.5556044435507
2026-08-11,63551.87333774477,71571.24227439288,-9766.356826185756,1746.987889537646,63960.58422295985,-286.7356121009939,-121.9752731140834,69006.18969794424,-4016.8634389934186,-1437.4529212060443
2026-08-12,63402.43362537117,71551.09954312486,-9599.022328895262,1450.3564111415762,63952.27870986138,-358.951465657928,-190.89361883227684,69070.30022080481,-4658.063741764229,-1009.8028536694037
2026-08-13,63402.17125005826,71530.96781699646,-9307.629355383684,1178.8327884454775,63957.246500761474,-930.5372100052144,375.4619593019961,69195.99041216882,-5447.052003337956,-346.7671587726072
2026-08-14,62975.59383765358,71510.84715546301,-10114.174335055935,1578.92101724651,64108.267866909635,-1082.676568222022,-49.99746103403595,69547.83222291041,-2286.035415323375,-4286.202969933453
2026-08-15,63024.31944618373,71490.73761654331,-10345.199378786754,1878.7812084271718,64821.42292105175,1166.9557938647147,-2964.059268732737,69924.15131260276,-2826.366164091079,-4073.465702327958
2026-08-16,62818.651078477385,71470.63925654598,-10213.731094519617,1561.742916451025,68558.00125708019,1519.8385893148486,-7259.188767917658,70322.86711991565,-3030.9562335036285,-4473.259807934635
2026-08-17,64506.25528743356,71450.55212987938,-8569.171937897483,1624.8750954516727,69736.31515150657,411.6109286977858,-5641.670792770798,70739.62509731665,-6213.493354871493,-19.876455011588405
2026-08-18,64680.712326016976,71430.47628918116,-8286.338841724306,1536.5748785601318,70864.91903373614,-146.24564667774177,-6037.9610610414165,71170.03270481143,-1921.7588701151794,-4567.561508679268
2026-08-19,69266.18565852672,71410.41178531123,-4034.073830077895,1889.847703293388,74204.54742960895,-270.7850632729058,-4667.5767078093195,71610.59573872661,-1648.729803597447,-695.6802766024339
2026-08-20,73032.76119017735,71390.35866736405,-820.4927023427615,2462.895225156055,75338.83671106555,-2186.814123211152,-119.26139767705172,72058.75772252785,812.8534973924725,161.14997025702905
2026-08-21,78335.18447127173,71370.31698233781,4377.889623042392,2586.977865891531,75573.64352690974,-1109.602621578178,3871.1435659401614,72512.70363531011,6163.030172378339,-340.5493364167196
2026-08-22,77083.41369629378,71350.28677473216,3092.073606925718,2641.053314635894,75586.49231522727,1387.4098302929376,109.51155077357544,72971.132834382,4582.037731386131,-469.75686947435315
2026-08-23,77755.26185892553,71330.26808633684,4502.793899049709,1922.1998735389789,75618.30216657928,1921.1323675242568,215.82732482199208,73433.11056836169,4918.744397912582,-596.5931073487445
2026-08-24,78964.48188718018,71310.2609563169,5558.556041904929,2095.6648889583594,75701.93401910666,738.7119313450204,2523.835936728501,73897.96122214214,5280.818481264854,-214.29781622681185
2026-08-25,78564.9770338259,71290.26542156147,5396.40557558684,1878.3060366775753,75861.58552907612,50.805623623479256,2652.585881126288,74365.19089070064,4410.053751119312,-210.26760799405747
2026-08-26,79027.42375214693,71270.28151672822,5483.490053300863,2273.6521821178467,76311.71042822678,-124.34286410196495,2840.056188022121,74834.4299421321,4416.928505479524,-223.93469546468987
2026-08-27,80257.54237127447,71250.30927426768,6087.222825629969,2920.0102713768138,76485.54591963842,-3652.804038464582,7424.800490100635,75305.39744320845,5196.2893806208895,-244.14445255487226
2026-08-28,77830.2884161716,71230.34872412168,3806.941731071226,2792.997960978697,76638.93863654573,-883.6645838770434,2075.0143635029235,75777.87780724348,2423.909760065811,-371.49915113768657
2026-08-29,78245.81183339408,71210.39989327491,4243.33980510758,2792.0721350115928,77134.89566844146,1646.9643583994139,-536.0481934467971,76251.70466738631,2187.2696437897566,-193.16247778198158
2026-08-30,77667.57335298105,71190.46280570753,3573.4097922736146,2903.7007549999107,77183.6003884843,2304.1342615442354,-1820.1612970474816,76726.74959720655,1115.3136029846398,-174.48984721013403
2026-08-31,78548.63425232602,71170.53748238881,4377.2552035749195,3000.8415663622873,77236.23420151975,1086.669586751528,225.7304640547518,77202.9119618477,1518.6469926183502,-172.92470214002242
2026-09-01,77403.62419920585,71150.62394119771,3263.4455733323066,2989.5546846758225,77317.13717708009,227.95949831347994,-141.47247618771507,77680.11223771902,-156.5250252703807,-119.96301324278465
2026-09-02,77300.47890614565,71130.72219681622,3256.065599323514,2913.6911100059224,77408.85587753948,20.940092190999337,-129.31706358482188,78158.28740940268,-798.6149786955633,-59.19352456145862
2026-09-03,81271.74521290051,71110.83226072937,7280.365157372963,2880.5477947981854,77504.55360567554,-5153.326933725741,8920.51854095071,78637.38707554538,2476.258768294826,158.09936906030634
2026-09-04,79671.96685975797,71090.95414125819,5529.645757076983,3051.3669614227983,77597.74075604802,-768.6583404658969,2842.8844441758556,79117.36981401246,442.01635364260267,112.58069210291433
2026-09-05,79823.86734808386,71071.0878435509,6123.197787272893,2629.58171726008,77646.50550225473,1928.8666354815264,248.49521034760983,79598.19923332815,101.07140546260084,124.5967092931096
2026-09-06,80350.04312037546,71051.23336951726,7845.727004398486,1453.0827464597096,77716.46351423065,2685.846207210409,-52.2666010656103,80079.84251254433,-54.9860608173679,325.1866686484864
2026-09-07,79115.84836277652,71031.39071827177,6337.719331858041,1746.7383126467175,77782.02583871759,1446.6369692481217,-112.81444518918579,80562.2687673643,-1963.70995462133,517.289550033558
2026-09-08,78438.58091615305,71011.55988688461,5329.559362288229,2097.4616669802053,77845.59858312909,427.5660773647252,165.4162556592346,81045.44540530216,-2840.2730740557013,233.40858490658866
2026-09-09,78259.51966638006,70991.7408703141,4222.464772573632,3045.314023492334,77907.97693329763,192.2970869753265,159.24564610709785,81529.33546528436,-3372.1509232633225,102.33512435902958
2026-09-10,76568.1241336471,70971.93366096853,2310.944473624908,3285.245999053659,77773.67950161526,-6668.088127829966,5462.532759861802,82013.90018271763,-5559.443512693151,113.66746362262347
2026-09-11,77173.79310139746,70952.13824799385,3055.513327206246,3166.14152619736,77782.67980880692,-645.0396754350047,36.152968025548034,82499.10120711279,-5581.5645500698565,256.25644435452705
